Report Number,Local Case Number,Agency Name,ACRS Report Type,Crash Date/Time,Route Type,Road Name,Cross-Street Name,Off-Road Description,Municipality,Related Non-Motorist,Collision Type,Weather,Surface Condition,Light,Traffic Control,Driver Substance Abuse,Non-Motorist Substance Abuse,Person ID,Pedestrian Type,Pedestrian Movement,Pedestrian Actions,Pedestrian Location,At Fault,Injury Severity,Safety Equipment,Latitude,Longitude,Location
MCP3063004V,240018963,MONTGOMERY,Property Damage Crash,04/23/2024 01:30:00 PM,US (State),GEORGIA AVE (SB/L),COLESVILLE RD COLESVILLE RD (WB/L) GEORGIA AVE (SB/L),,,Pedestrian,Single Vehicle,Clear,Dry,Daylight,Traffic Control Signal,"Not Suspect of Alcohol Use, Not Suspect of Drug Use","Not Suspect of Alcohol Use, Not Suspect of Drug Use",ADA002E2-A8CB-4501-8E4F-9B367E20ABEC,Pedestrian,Cross/Enter at Intersection,None (No Improper Action),Intersection Marked Crosswalk,No,No Apparent Injury,None,38.99593661,-77.02821263,"(38.99593661, -77.02821263)"
EJ7904000X,240024343,GAITHERSBURG,Injury Crash,05/23/2024 07:04:00 AM,Local Route,FELLOWSHIP CIR,,,,Wheelchair (electric),Single Vehicle,Cloudy,Dry,Daylight,Stop Sign,"Not Suspect of Alcohol Use, Not Suspect of Drug Use","Not Suspect of Alcohol Use, Not Suspect of Drug Use",5067F440-2868-4D65-8DC4-09C9DD471AA4,Wheelchair (electric),Cross/Enter at Intersection,Unknown,Intersection Marked Crosswalk,No,Suspected Serious Injury,None,39.14847788,-77.19880316,"(39.14847788, -77.19880316)"
MCP2761005W,240024195,MONTGOMERY,Injury Crash,05/22/2024 11:22:00 AM,Maryland (State) Route,CLOPPER RD,,,,Pedestrian,Single Vehicle,Clear,Dry,Daylight,No Controls,"Not Suspect of Alcohol Use, Not Suspect of Drug Use","Not Suspect of Alcohol Use, Not Suspect of Drug Use",9BD2A1A9-790E-4552-A858-F1AEEA8D7233,Pedestrian,Walking/Cycling on Sidewalk,None (No Improper Action),Sidewalk,No,Possible Injury,None,39.1616434,-77.28091018,"(39.1616434, -77.28091018)"
MCP304800C7,240016679,MONTGOMERY,Injury Crash,04/10/2024 01:00:00 PM,Maryland (State) Route,KNOWLES AVE,BEACH DR,,,"Other Pedestrian (person in a building, skater, personal conveyance, etc.)",Single Vehicle,Clear,Dry,Daylight,Traffic Control Signal,"Not Suspect of Alcohol Use, Not Suspect of Drug Use","Not Suspect of Alcohol Use, Not Suspect of Drug Use",D9ADE396-3FB5-4F50-BC5B-96B9594AD7D7,"Other Pedestrian (person in a building, skater, personal conveyance, etc.)",Cross/Enter Not at Intersection,Dart/Dash,Intersection Marked Crosswalk,No,Suspected Minor Injury,None,39.03098125,-77.08612198,"(39.03098125, -77.08612198)"
MCP3111007R,240004060,MONTGOMERY,Injury Crash,01/26/2024 07:33:00 AM,County Route,ARLINGTON RD,EDGEMOOR LA,,,Pedestrian,Single Vehicle,Cloudy,Wet,Dawn,Traffic Control Signal,"Not Suspect of Alcohol Use, Not Suspect of Drug Use","Not Suspect of Alcohol Use, Not Suspect of Drug Use",83E8317F-CB3D-4A03-9AA8-B4AD6BEE1F8B,Pedestrian,Cross/Enter at Intersection,None (No Improper Action),Intersection Marked Crosswalk,No,Possible Injury,None,38.98465601,-77.09870588,"(38.98465601, -77.09870588)"
MCP3319002D,240017529,MONTGOMERY,Injury Crash,04/15/2024 12:30:00 PM,County Route,COLUMBIA BLVD,,,,Pedestrian,Unknown,Clear,Dry,Daylight,Traffic Control Signal,"Unknown, Unknown","Not Suspect of Alcohol Use, Not Suspect of Drug Use",3220636C-981D-43E9-9219-6C9B03BA5F1E,Pedestrian,Unknown,Unknown,Unknown,No,Possible Injury,None,39.00871503,-77.04023594,"(39.00871503, -77.04023594)"
MCP3249005K,240011476,MONTGOMERY,Property Damage Crash,03/09/2024 07:50:00 PM,County Route,SCARLET SAGE DR,CEDAR TREE DR,,,Pedestrian,Single Vehicle,Rain,Wet,Dark - Not Lighted,No Controls,"Not Suspect of Alcohol Use, Not Suspect of Drug Use","Not Suspect of Alcohol Use, Not Suspect of Drug Use",C5539E09-07EB-4539-B756-EF202D7229D9,Pedestrian,Cross/Enter at Intersection,Unknown,Intersection Unmarked Crosswalk,No,No Apparent Injury,None,39.10359182,-76.92336952,"(39.10359182, -76.92336952)"
MCP27600058,240016560,MONTGOMERY,Injury Crash,04/09/2024 05:00:00 PM,County Route,MONTGOMERY VILLAGE AVE,ARROWHEAD RD,,,Cyclist (non-electric),Single Vehicle,Clear,Dry,Daylight,Traffic Control Signal,"Not Suspect of Alcohol Use, Not Suspect of Drug Use","Not Suspect of Alcohol Use, Not Suspect of Drug Use",CC6E55A4-55E3-42F4-8A80-618BE05618A0,Cyclist (non-electric),Cross/Enter at Intersection,"Failure to Obey Traffic Signs, Signals, or Officer",Intersection Marked Crosswalk,Yes,Possible Injury,None,39.18790352,-77.19726271,"(39.18790352, -77.19726271)"
MCP32590049,240011146,MONTGOMERY,Injury Crash,03/07/2024 08:29:00 PM,Bicycle Route,,,,,Cyclist (non-electric),Single Vehicle,Clear,Dry,Dark - Lighted,Traffic Control Signal,"Not Suspect of Alcohol Use, Not Suspect of Drug Use","Not Suspect of Alcohol Use, Not Suspect of Drug Use",B7ED0625-B8D0-4831-8836-4A0EA94E3AD1,Cyclist (non-electric),Walking/Cycling on Sidewalk,None (No Improper Action),Intersection Marked Crosswalk,No,Suspected Minor Injury,Reflectors,38.96456566,-77.13610046,"(38.96456566, -77.13610046)"
MCP2195006B,240015645,MONTGOMERY,Injury Crash,04/04/2024 07:49:00 AM,Maryland (State) Route,RIDGE RD (SB/L),OAK DR,,,Pedestrian,Single Vehicle,Clear,Wet,Daylight,Traffic Control Signal,"Not Suspect of Alcohol Use, Not Suspect of Drug Use","Not Suspect of Alcohol Use, Not Suspect of Drug Use",EC423D70-E527-4FFD-9FF5-E4E54A1FDE4D,Pedestrian,Cross/Enter at Intersection,None (No Improper Action),Intersection Marked Crosswalk,No,Suspected Serious Injury,None,39.27546833,-77.21441833,"(39.27546833, -77.21441833)"
MCP3094003Y,240008731,MONTGOMERY,Injury Crash,02/22/2024 04:56:00 PM,County Route,,FLOWER HILL WAY MINERAL SPRINGS DR,,,Pedestrian,Single Vehicle,Rain,Wet,Daylight,Stop Sign,"Not Suspect of Alcohol Use, Not Suspect of Drug Use","Not Suspect of Alcohol Use, Not Suspect of Drug Use",28DD01A1-0647-413C-95B6-99A9C289F4FD,Pedestrian,Cross/Enter at Intersection,None (No Improper Action),Intersection Marked Crosswalk,No,Suspected Minor Injury,None,39.15467038,-77.16380452,"(39.15467038, -77.16380452)"
MCP3341003M,240019891,MONTGOMERY,Injury Crash,04/29/2024 07:44:00 AM,County Route,,PARKER FARM WAY (SB/L),,,Pedestrian,Single Vehicle,Clear,Dry,Daylight,Traffic Control Signal,"Not Suspect of Alcohol Use, Not Suspect of Drug Use","Not Suspect of Alcohol Use, Not Suspect of Drug Use",6909B83D-4B99-499E-895B-64B5A9559584,Pedestrian,Cross/Enter at Intersection,None (No Improper Action),Intersection Marked Crosswalk,No,Suspected Minor Injury,None,39.09047817,-77.04794717,"(39.09047817, -77.04794717)"
MCP242500J5,240009833,MONTGOMERY,Injury Crash,02/29/2024 08:03:00 AM,County Route,DENNIS AVE,,,,Pedestrian,Single Vehicle,Clear,Dry,Daylight,No Controls,"Not Suspect of Alcohol Use, Not Suspect of Drug Use","Not Suspect of Alcohol Use, Not Suspect of Drug Use",FA5E9182-801D-4CCB-89A9-BCB6379FD686,Pedestrian,Cross/Enter Not at Intersection,None (No Improper Action),Intersection Marked Crosswalk,No,Suspected Serious Injury,None,39.02604876,-77.03444774,"(39.02604876, -77.03444774)"
MCP27980064,240019798,MONTGOMERY,Injury Crash,04/28/2024 02:16:00 PM,County Route,CENTURY BLVD,,,,Pedestrian,Single Vehicle,Clear,Dry,Daylight,No Controls,"Not Suspect of Alcohol Use, Not Suspect of Drug Use","Not Suspect of Alcohol Use, Not Suspect of Drug Use",3340937D-F1DE-4098-B1DB-C26743637862,Pedestrian,Cross/Enter Not at Intersection,"Dart/Dash, Failure to Yield Right-Of-Way",Other,Yes,Suspected Minor Injury,None,39.18273844,-77.26399388,"(39.18273844, -77.26399388)"
MCP3312004S,240012802,MONTGOMERY,Injury Crash,03/17/2024 01:40:00 PM,County Route,DEERHEAD CT,AUTUMN DR,,,Cyclist (non-electric),Single Vehicle,Clear,Dry,Daylight,Stop Sign,"Not Suspect of Alcohol Use, Not Suspect of Drug Use","Not Suspect of Alcohol Use, Not Suspect of Drug Use",29861CB0-19AD-477D-A7B3-4121998D3E33,Cyclist (non-electric),Walking/Cycling Along Roadway With Traffic (In or Adjacent to Travel Lane),"Failure to Obey Traffic Signs, Signals, or Officer",Intersection Other,Yes,Suspected Minor Injury,None,39.06750575,-76.99758036,"(39.06750575, -76.99758036)"
MCP3404000L,240011633,MONTGOMERY,Injury Crash,03/11/2024 06:43:00 AM,Maryland (State) Route,NEW HAMPSHIRE AVE,OAKVIEW DR,,,Pedestrian,Single Vehicle,Clear,Dry,Daylight,Traffic Control Signal,"Not Suspect of Alcohol Use, Not Suspect of Drug Use","Not Suspect of Alcohol Use, Not Suspect of Drug Use",BE68C93E-B552-4BA4-BD46-745D8085E37D,Pedestrian,Cross/Enter at Intersection,None (No Improper Action),Intersection Marked Crosswalk,No,Suspected Minor Injury,None,39.01535671,-76.97775138,"(39.01535671, -76.97775138)"
EJ7895005J,240017654,GAITHERSBURG,Injury Crash,04/16/2024 07:30:00 AM,Municipality Route,E DIAMOND AVE,,,,Pedestrian,Single Vehicle,Clear,Dry,Daylight,No Controls,"Not Suspect of Alcohol Use, Not Suspect of Drug Use","Suspect of Alcohol Use, Not Suspect of Drug Use",11E19EC0-0FD0-4944-AF06-4E9340059A7F,Pedestrian,Other,"In Roadway Improperly (Standing, Lying, Working, Playing)",Travel Lane Other Location,No,Suspected Serious Injury,None,39.14199308,-77.19535197,"(39.14199308, -77.19535197)"
DM84970023,240015508,TAKOMA,Injury Crash,04/03/2024 12:17:00 PM,Municipality Route,HOLTON LA,,,,Pedestrian,Single Vehicle,Rain,Wet,Daylight,No Controls,"Not Suspect of Alcohol Use, Not Suspect of Drug Use","Not Suspect of Alcohol Use, Not Suspect of Drug Use",C0A8FC10-E7F9-41A8-AD86-85EA97686E48,Pedestrian,Cross/Enter at Intersection,None (No Improper Action),Intersection Marked Crosswalk,No,Suspected Minor Injury,None,38.98579474,-76.98682494,"(38.98579474, -76.98682494)"
MCP3258003S,240020952,MONTGOMERY,Injury Crash,05/04/2024 02:47:00 PM,County Route,GRANDVIEW AVE,LINDELL ST,,,Cyclist (non-electric),Single Vehicle,Rain,Wet,Daylight,Traffic Control Signal,"Not Suspect of Alcohol Use, Not Suspect of Drug Use","Not Suspect of Alcohol Use, Not Suspect of Drug Use",3235A165-EC24-4BD4-B102-DFCC83B44C59,Cyclist (non-electric),Cross/Enter at Intersection,None (No Improper Action),Intersection Marked Crosswalk,No,Suspected Minor Injury,None,39.04116014,-77.05310545,"(39.04116014, -77.05310545)"
MCP3111007R,240004060,MONTGOMERY,Injury Crash,01/26/2024 07:33:00 AM,County Route,ARLINGTON RD,EDGEMOOR LA,,,Pedestrian,Single Vehicle,Cloudy,Wet,Dawn,Traffic Control Signal,"Not Suspect of Alcohol Use, Not Suspect of Drug Use","Not Suspect of Alcohol Use, Not Suspect of Drug Use",1B4F44DB-CF17-4D3F-A705-03F6742F9FD2,Pedestrian,Cross/Enter at Intersection,None (No Improper Action),Intersection Marked Crosswalk,No,Suspected Minor Injury,None,38.98465601,-77.09870588,"(38.98465601, -77.09870588)"
MCP292300C2,240020258,MONTGOMERY,Injury Crash,05/06/2024 06:50:00 AM,County Route,CAMDEN ST,DALEWOOD DR (EB/L),,,Pedestrian,Single Vehicle,Clear,Dry,Daylight,Stop Sign,"Not Suspect of Alcohol Use, Not Suspect of Drug Use","Not Suspect of Alcohol Use, Not Suspect of Drug Use",19A35136-C3FB-4B60-B88A-F0B747AF1496,Pedestrian,Cross/Enter at Intersection,None (No Improper Action),Intersection Unmarked Crosswalk,No,Suspected Minor Injury,None,39.05820469,-77.06888661,"(39.05820469, -77.06888661)"
MCP3126005H,240024640,MONTGOMERY,Injury Crash,05/24/2024 03:41:00 PM,County Route,NEWCUT RD,,,,Pedestrian,Single Vehicle,Clear,Dry,Daylight,No Controls,"Not Suspect of Alcohol Use, Not Suspect of Drug Use","Not Suspect of Alcohol Use, Not Suspect of Drug Use",7FC553C8-C415-4475-8F63-D6883523A3FD,Pedestrian,Cross/Enter Not at Intersection,"Dart/Dash, Failure to Yield Right-Of-Way",Travel Lane Other Location,Yes,Possible Injury,None,39.22681996,-77.25171045,"(39.22681996, -77.25171045)"
MCP31360071,240025357,MONTGOMERY,Injury Crash,05/29/2024 08:48:00 AM,Maryland (State) Route,NEW HAMPSHIRE AVE,,,,Pedestrian,Single Vehicle,Clear,Dry,Daylight,No Controls,"Not Suspect of Alcohol Use, Not Suspect of Drug Use, Not Suspect of Alcohol Use, Not Suspect of Drug Use","Not Suspect of Alcohol Use, Unknown",4E1A8C35-0E8B-410D-9905-C748AC0F6786,Pedestrian,Other,"In Roadway Improperly (Standing, Lying, Working, Playing)",Other,Yes,Possible Injury,None,39.02071117,-76.97671633,"(39.02071117, -76.97671633)"
DM8352000Y,240051851,TAKOMA,Injury Crash,10/29/2024 06:50:00 PM,Maryland (State) Route,EAST WEST HWY (WB/L),,,,Pedestrian,Single Vehicle,Clear,Dry,Daylight,No Controls,"Not Suspect of Alcohol Use, Not Suspect of Drug Use","Not Suspect of Alcohol Use, Not Suspect of Drug Use",E135009A-1F9F-48A2-B63E-0192942FF4B5,Pedestrian,Cross/Enter Not at Intersection,"Failure to Obey Traffic Signs, Signals, or Officer, Failure to Yield Right-Of-Way",Other,No,Suspected Minor Injury,None,38.97538836,-76.99333842,"(38.97538836, -76.99333842)"
MCP3165005M,240051926,MONTGOMERY,Injury Crash,10/30/2024 06:30:00 AM,County Route,GREENCASTLE RD,,,,Pedestrian,Unknown,Clear,Dry,Dark - Not Lighted,No Controls,"Unknown, Unknown","Not Suspect of Alcohol Use, Not Suspect of Drug Use",1C23D96A-CB5A-4C57-9A90-2164EA83AA2F,Pedestrian,None,None (No Improper Action),Intersection Other,No,Suspected Minor Injury,None,39.08832533,-76.93081733,"(39.08832533, -76.93081733)"
MCP3079006R,240051595,MONTGOMERY,Injury Crash,10/28/2024 07:30:00 AM,Local Route,THUNDERHEAD WAY,,,,Pedestrian,Rear To Side,Clear,Dry,Daylight,No Controls,"Not Suspect of Alcohol Use, Not Suspect of Drug Use, Not Suspect of Alcohol Use, Not Suspect of Drug Use","Not Suspect of Alcohol Use, Not Suspect of Drug Use",4F042247-B9BA-4542-918B-E27501C5ACAE,Pedestrian,Other Working,None (No Improper Action),Travel Lane Other Location,No,Possible Injury,Other,39.18915951,-77.27041344,"(39.18915951, -77.27041344)"
MCP2351005P,240027078,MONTGOMERY,Injury Crash,06/07/2024 10:10:00 AM,County Route,SHADY GROVE RD,,,,Occupant Of a Non-Motor Vehicle Transportation Device,Single Vehicle,Clear,Dry,Daylight,No Controls,"Not Suspect of Alcohol Use, Not Suspect of Drug Use","Not Suspect of Alcohol Use, Not Suspect of Drug Use",3ECBE1DD-346D-47F8-A07A-2742797BD468,Occupant Of a Non-Motor Vehicle Transportation Device,Other Working,None (No Improper Action),Other,No,Suspected Minor Injury,None,39.12839914,-77.16881396,"(39.12839914, -77.16881396)"
MCP3230005K,240027847,MONTGOMERY,Injury Crash,06/11/2024 06:30:00 PM,County Route,WELLER RD,,,,Cyclist (non-electric),Single Vehicle,Clear,Dry,Daylight,No Controls,"Not Suspect of Alcohol Use, Not Suspect of Drug Use","Not Suspect of Alcohol Use, Not Suspect of Drug Use",4A1C621E-A153-40D9-9812-16E70DD56523,Cyclist (non-electric),Cross/Enter at Intersection,Failure to Yield Right-Of-Way,Intersection Unmarked Crosswalk,No,Suspected Minor Injury,None,39.0640855,-77.06972183,"(39.0640855, -77.06972183)"
MCP3227005D,240027742,MONTGOMERY,Property Damage Crash,06/11/2024 09:22:00 AM,County Route,PRELUDE DR,COLUMBIA PIKE (SB/L),,,Pedestrian,Single Vehicle,Clear,Dry,Daylight,Traffic Control Signal,"Not Suspect of Alcohol Use, Not Suspect of Drug Use","Not Suspect of Alcohol Use, Not Suspect of Drug Use",FA7C1C5D-86B3-4B45-B7A3-E8D747BCA804,Pedestrian,Cross/Enter at Intersection,None (No Improper Action),Intersection Marked Crosswalk,No,No Apparent Injury,None,39.03945034,-76.99790002,"(39.03945034, -76.99790002)"
MCP2967005R,240027621,MONTGOMERY,Injury Crash,06/10/2024 03:20:00 PM,Maryland (State) Route,OLD GEORGETOWN RD,,,,Scooter (electric),Single Vehicle,Clear,Dry,Daylight,Bicycle Crossing Sign,"Not Suspect of Alcohol Use, Not Suspect of Drug Use","Not Suspect of Alcohol Use, Not Suspect of Drug Use",5705DC2D-5EB0-4313-A386-A0D44892D4C5,Scooter (electric),Walking/Cycling Along Roadway With Traffic (In or Adjacent to Travel Lane),None (No Improper Action),OnStreet Buffered Bike Lanes,No,Possible Injury,None,39.02312364,-77.12386055,"(39.02312364, -77.12386055)"
MCP23720066,240027904,MONTGOMERY,Injury Crash,06/12/2024 08:07:00 AM,County Route,,GREENTREE RD,,,Pedestrian,Single Vehicle,Clear,Dry,Daylight,No Controls,"Not Suspect of Alcohol Use, Not Suspect of Drug Use","Not Suspect of Alcohol Use, Not Suspect of Drug Use",4CD1DDAF-86A5-4667-BDAC-96369ADC5608,Pedestrian,Cross/Enter at Intersection,None (No Improper Action),Intersection Marked Crosswalk,No,Suspected Serious Injury,None,39.00126456,-77.12319671,"(39.00126456, -77.12319671)"
MCP3379000V,240022598,MONTGOMERY,Injury Crash,05/13/2024 03:40:00 PM,County Route,OLD BUCKLODGE LA,,,,Cyclist (non-electric),Single Vehicle,Clear,Dry,Daylight,No Controls,"Unknown, Unknown","Not Suspect of Alcohol Use, Not Suspect of Drug Use",14DD0C61-3C0A-4648-9202-F10F07BE3672,Cyclist (non-electric),Unknown,None (No Improper Action),Shoulder/Roadside,No,Suspected Minor Injury,"Helmet, Reflective Wear (backpack, triangles, etc.)",39.17655502,-77.33912817,"(39.17655502, -77.33912817)"
MCP292300CC,240028081,MONTGOMERY,Injury Crash,06/13/2024 08:08:00 AM,Maryland (State) Route,,,,,Occupant of Motor Vehicle Not in Transport,Unknown,Clear,Dry,Daylight,No Controls,"Not Suspect of Alcohol Use, Not Suspect of Drug Use, Not Suspect of Alcohol Use, Not Suspect of Drug Use","Not Suspect of Alcohol Use, Not Suspect of Drug Use",38516C5A-775B-473C-B88E-D40263DCC6D2,Occupant of Motor Vehicle Not in Transport,Other Working,None (No Improper Action),Other,No,Suspected Serious Injury,Reflectors,39.11804553,-76.97834633,"(39.11804553, -76.97834633)"
MCP3080004S,240026966,MONTGOMERY,Injury Crash,06/12/2024 04:21:00 PM,Maryland (State) Route,GREAT SENECA HWY (SB/L),,,,Cyclist (non-electric),Single Vehicle,Clear,Dry,Daylight,Pedestrian Crossing,"Unknown, Unknown","Not Suspect of Alcohol Use, Not Suspect of Drug Use",7462710D-10E2-42BD-8D3C-52C48F33C231,Cyclist (non-electric),Cross/Enter at Intersection,None (No Improper Action),Intersection Marked Crosswalk,No,Suspected Minor Injury,None,39.15708253,-77.27609527,"(39.15708253, -77.27609527)"
MCP3231001C,240028574,MONTGOMERY,Injury Crash,06/15/2024 10:45:00 PM,County Route,ELM ST,ARLINGTON RD,,,Pedestrian,Single Vehicle,Clear,Dry,Dark - Lighted,Traffic Control Signal,"Not Suspect of Alcohol Use, Not Suspect of Drug Use, Not Suspect of Alcohol Use, Not Suspect of Drug Use, Unknown, Unknown","Not Suspect of Alcohol Use, Not Suspect of Drug Use",23035987-73EC-4478-B2D5-00A48AC29C85,Pedestrian,Other,Entering/Exiting Parked/Standing Vehicle,Shoulder/Roadside,No,Suspected Minor Injury,None,38.98208602,-77.09833455,"(38.98208602, -77.09833455)"
MCP3231001C,240028574,MONTGOMERY,Injury Crash,06/15/2024 10:45:00 PM,County Route,ELM ST,ARLINGTON RD,,,Pedestrian,Single Vehicle,Clear,Dry,Dark - Lighted,No Controls,"Not Suspect of Alcohol Use, Not Suspect of Drug Use, Not Suspect of Alcohol Use, Not Suspect of Drug Use, Unknown, Unknown","Not Suspect of Alcohol Use, Not Suspect of Drug Use",23035987-73EC-4478-B2D5-00A48AC29C85,Pedestrian,Other,Entering/Exiting Parked/Standing Vehicle,Shoulder/Roadside,No,Suspected Minor Injury,None,38.98208602,-77.09833455,"(38.98208602, -77.09833455)"
MCP30040048,240053559,MONTGOMERY,Injury Crash,11/07/2024 07:13:00 PM,,,,"Parking Lot Way        IN FRONT OF 10500 ROCKVILLE PIKE ROCKVILLE, MD",,Pedestrian,Single Vehicle,Clear,,Dark - Lighted,,"Not Suspect of Alcohol Use, Not Suspect of Drug Use","Not Suspect of Alcohol Use, Not Suspect of Drug Use",E9C68A8A-7106-4A87-8CCE-7EF4D96A4FC6,Pedestrian,Standing,None (No Improper Action),Other,No,Possible Injury,None,39.02932082,-77.10532683,"(39.02932082, -77.10532683)"
MCP3386001W,240053168,MONTGOMERY,Injury Crash,11/05/2024 06:38:00 PM,County Route,,BRADLEY BLVD (SB/L),,,Pedestrian,Single Vehicle,Clear,Dry,Dark - Not Lighted,Traffic Control Signal,"Not Suspect of Alcohol Use, Not Suspect of Drug Use","Not Suspect of Alcohol Use, Not Suspect of Drug Use",F0193013-7A8C-48D4-9591-CBE49CE623BE,Pedestrian,Cross/Enter at Intersection,Dart/Dash,Intersection Marked Crosswalk,No,Suspected Minor Injury,None,38.97806979,-77.09877071,"(38.97806979, -77.09877071)"
MCP3068005W,240052696,MONTGOMERY,Injury Crash,11/01/2024 05:15:00 PM,Local Route,CAPITAL CRESCENT TR,CAPITAL CRESCENT TR,,,Cyclist (non-electric),Single Vehicle,Clear,Dry,Daylight,Stop Sign,"Not Suspect of Alcohol Use, Not Suspect of Drug Use","Not Suspect of Alcohol Use, Not Suspect of Drug Use",233471C6-5DBE-4720-85C8-5C2D9398FB98,Cyclist (non-electric),Cross/Enter at Intersection,None (No Improper Action),Intersection Marked Crosswalk,No,Suspected Minor Injury,Helmet,38.96877676,-77.10244938,"(38.96877676, -77.10244938)"
MCP1378019T,240053536,MONTGOMERY,Injury Crash,11/07/2024 05:17:00 PM,County Route,WALKERS CHOICE RD,MONTGOMERY VILLAGE AVE (SB/L),,,Cyclist (non-electric),Single Vehicle,Cloudy,Dry,Dark - Lighted,Traffic Control Signal,"Not Suspect of Alcohol Use, Not Suspect of Drug Use","Not Suspect of Alcohol Use, Not Suspect of Drug Use",42D5729C-ACE5-4AC0-8D8B-4EC70FEF7384,Cyclist (non-electric),Cross/Enter at Intersection,Unknown,Intersection Marked Crosswalk,Yes,Suspected Minor Injury,Reflectors,39.16144881,-77.20213473,"(39.16144881, -77.20213473)"
MCP3238002Y,240007101,MONTGOMERY,Injury Crash,02/13/2024 06:42:00 AM,Local Route,WMATA ENT,COLESVILLE RD,,,Pedestrian,Single Vehicle,Rain,Wet,Daylight,Pedestrian Crossing Sign,"Not Suspect of Alcohol Use, Not Suspect of Drug Use","Not Suspect of Alcohol Use, Not Suspect of Drug Use",601834F4-A4DA-4ECE-8448-44068B1FD1FD,Pedestrian,Cross/Enter at Intersection,None (No Improper Action),Intersection Marked Crosswalk,No,Suspected Serious Injury,None,38.99420124,-77.03096797,"(38.99420124, -77.03096797)"