Report Number,Local Case Number,Agency Name,ACRS Report Type,Crash Date/Time,Route Type,Road Name,Cross-Street Name,Off-Road Description,Municipality,Related Non-Motorist,Collision Type,Weather,Surface Condition,Light,Traffic Control,Driver Substance Abuse,Non-Motorist Substance Abuse,Person ID,Pedestrian Type,Pedestrian Movement,Pedestrian Actions,Pedestrian Location,At Fault,Injury Severity,Safety Equipment,Latitude,Longitude,Location
MCP3037006B,240032387,MONTGOMERY,Injury Crash,07/09/2024 08:02:00 PM,County Route,ARORA HILLS DR,,,,Cyclist (non-electric),Single Vehicle,Clear,Dry,Daylight,Other,"Not Suspect of Alcohol Use, Not Suspect of Drug Use","Not Suspect of Alcohol Use, Suspect of Drug Use",259B0A58-9A4C-4299-A381-695E4C3D462A,Cyclist (non-electric),Cross/Enter at Intersection,"Dart/Dash, Failure to Obey Traffic Signs, Signals, or Officer, Failure to Yield Right-Of-Way",Driveway Access,Yes,Possible Injury,None,39.23150167,-77.24889833,"(39.23150167, -77.24889833)"
MCP3402000B,240003404,MONTGOMERY,Injury Crash,01/22/2024 06:54:00 PM,US (State),COLUMBIA PIKE,,,,Pedestrian,Single Vehicle,Clear,Dry,Dark - Lighted,Stop Sign,"Not Suspect of Alcohol Use, Not Suspect of Drug Use","Not Suspect of Alcohol Use, Not Suspect of Drug Use",4A9DC317-29B3-4B06-B44A-6B592F107D9D,Pedestrian,Walking/Cycling on Sidewalk,None (No Improper Action),Sidewalk,No,Suspected Minor Injury,None,39.03182903,-77.00405563,"(39.03182903, -77.00405563)"
DD5666001B,240027631,ROCKVILLE,Injury Crash,06/10/2024 04:13:00 PM,,,,Parking Lot Way        PARKING LOT OF 1501 ROCKVILLE PIKE.,,Pedestrian,Single Vehicle,Clear,,Daylight,,"Not Suspect of Alcohol Use, Not Suspect of Drug Use","Not Suspect of Alcohol Use, Not Suspect of Drug Use",2C02C176-2DC5-4203-82B9-B3468B5194CF,Pedestrian,Other,None (No Improper Action),NonTrafficway Area,No,Suspected Minor Injury,None,39.06484179,-77.12803409,"(39.06484179, -77.12803409)"
MCP31230079,240030394,MONTGOMERY,Injury Crash,06/27/2024 01:42:00 PM,County Route,WALTON RD,,,,Pedestrian,Single Vehicle,Clear,Dry,Daylight,No Controls,"Not Suspect of Alcohol Use, Not Suspect of Drug Use","Not Suspect of Alcohol Use, Not Suspect of Drug Use",2D90E0AB-E9AB-426E-A4A5-DBFEDC786C79,Pedestrian,Standing,Unknown,Travel Lane Other Location,No,Suspected Minor Injury,None,39.00986683,-77.11743058,"(39.00986683, -77.11743058)"
MCP3320002G,240032948,MONTGOMERY,Injury Crash,07/12/2024 04:14:00 PM,Maryland (State) Route,COLESVILLE RD,WMATA ENT,,,Cyclist (non-electric),Single Vehicle,Cloudy,Wet,Daylight,Traffic Control Signal,"Not Suspect of Alcohol Use, Not Suspect of Drug Use","Not Suspect of Alcohol Use, Not Suspect of Drug Use",5ECBC44E-1DB9-421D-BA9A-37920570AFB6,Cyclist (non-electric),Cross/Enter at Intersection,None (No Improper Action),Intersection Marked Crosswalk,No,Possible Injury,None,38.99421812,-77.03097413,"(38.99421812, -77.03097413)"
MCP320000CH,240030019,MONTGOMERY,Injury Crash,06/25/2024 09:46:00 AM,Maryland (State) Route,,,,,Pedestrian,Single Vehicle,Clear,Dry,Daylight,No Controls,"Not Suspect of Alcohol Use, Not Suspect of Drug Use","Not Suspect of Alcohol Use, Not Suspect of Drug Use",82E2CBA9-DDF9-4897-AD4E-31F24D8CAE4A,Pedestrian,Cross/Enter Not at Intersection,Dart/Dash,Travel Lane Other Location,Yes,Suspected Minor Injury,None,38.96121317,-77.09816067,"(38.96121317, -77.09816067)"
MCP2563001T,240021608,MONTGOMERY,Fatal Crash,05/08/2024 05:37:00 AM,Maryland (State) Route,NORBECK RD (WB/L),MUNCASTER MILL RD,,,Pedestrian,Single Vehicle,Clear,Dry,Dawn,Traffic Control Signal,"Not Suspect of Alcohol Use, Not Suspect of Drug Use","Unknown, Unknown",6611208D-70EA-4952-98A6-E2640D17B6CF,Pedestrian,Standing,"In Roadway Improperly (Standing, Lying, Working, Playing), Inattentive (Talking, Eating, etc.), Not Visible (Dark Clothing, No Lighting, etc.)",Travel Lane Other Location,Yes,Fatal Injury,None,39.10906085,-77.08024981,"(39.10906085, -77.08024981)"
MCP30840076,240032727,MONTGOMERY,Injury Crash,07/11/2024 01:39:00 PM,County Route,BETHESDA AVE,,,,Cyclist (non-electric),Single Vehicle,Clear,Dry,Daylight,Lane Use Control Signal,"Not Suspect of Alcohol Use, Not Suspect of Drug Use","Not Suspect of Alcohol Use, Not Suspect of Drug Use",C4DC4C58-BFF7-4007-A6D6-F7B9FDFD5437,Cyclist (non-electric),Cross/Enter at Intersection,None (No Improper Action),Intersection Marked Crosswalk,No,Possible Injury,Unknown,38.98109123,-77.09277356,"(38.98109123, -77.09277356)"
DD5676000F,240034192,ROCKVILLE,Injury Crash,07/19/2024 09:15:00 PM,Municipality Route,THOMPSON AVE,CHAPMAN AVE,,,Pedestrian,Unknown,Clear,Dry,Dark - Lighted,No Controls,"Not Suspect of Alcohol Use, Not Suspect of Drug Use","Not Suspect of Alcohol Use, Not Suspect of Drug Use",F7AD4DE1-6D29-465D-9F61-18BBFF63764E,Pedestrian,Cross/Enter at Intersection,None (No Improper Action),Intersection Marked Crosswalk,No,Possible Injury,None,39.06002079,-77.1201543,"(39.06002079, -77.1201543)"
MCP9318003C,240026802,MONTGOMERY,Injury Crash,06/05/2024 03:36:00 PM,County Route,OAKVIEW DR,,,,Pedestrian,Single Vehicle,Rain,Wet,Daylight,Traffic Control Signal,"Not Suspect of Alcohol Use, Not Suspect of Drug Use","Unknown, Unknown",977BD45C-8D83-4709-9C38-ED7F2C2E5C22,Pedestrian,Cross/Enter at Intersection,None (No Improper Action),Intersection Marked Crosswalk,No,Suspected Serious Injury,Unknown,39.01534218,-76.97805876,"(39.01534218, -76.97805876)"
DD5649003N,240005047,ROCKVILLE,Injury Crash,01/31/2024 07:39:00 PM,Municipality Route,N STONESTREET AVE,PARK RD (WB/L),,,Pedestrian,Single Vehicle,Clear,Dry,Dark - Lighted,Flashing Traffic Control Signal,"Not Suspect of Alcohol Use, Not Suspect of Drug Use","Not Suspect of Alcohol Use, Not Suspect of Drug Use",6FF0A241-CC2E-4FCB-AD48-B1264082C438,Pedestrian,Cross/Enter at Intersection,Failure to Yield Right-Of-Way,Intersection Other,No,Suspected Minor Injury,None,39.0855119,-77.1466818,"(39.0855119, -77.1466818)"
MCP3377001N,240031248,MONTGOMERY,Injury Crash,07/02/2024 03:29:00 PM,,,,"Parking Lot Way        MEGAMART PARKING LOT 
11790 PARKLAWN DR ROCKVILLE, MD 20852",,Pedestrian,Single Vehicle,Clear,,Daylight,,"Not Suspect of Alcohol Use, Not Suspect of Drug Use","Not Suspect of Alcohol Use, Not Suspect of Drug Use",A47A2C3C-9FAE-46D0-A09A-88C92C900130,Pedestrian,Other,None (No Improper Action),Driveway Access,No,Suspected Minor Injury,None,39.04848233,-77.102242,"(39.04848233, -77.102242)"
MCP3208005L,240026690,MONTGOMERY,Injury Crash,06/05/2024 05:13:00 AM,Maryland (State) Route,,,,,Pedestrian,Single Vehicle,Clear,Dry,Dark - Lighted,Pedestrian Crossing,"Unknown, Unknown","Not Suspect of Alcohol Use, Not Suspect of Drug Use",B307A39E-4470-4B94-A934-850FECA691E2,Pedestrian,Cross/Enter at Intersection,None (No Improper Action),Intersection Marked Crosswalk,No,Suspected Minor Injury,None,38.99282056,-77.03154602,"(38.99282056, -77.03154602)"
MCP9429000R,240033247,MONTGOMERY,Injury Crash,07/14/2024 07:18:00 PM,US (State),GEORGIA AVE,,,,Scooter (electric),Single Vehicle,Clear,Dry,Daylight,Traffic Control Signal,"Not Suspect of Alcohol Use, Not Suspect of Drug Use","Not Suspect of Alcohol Use, Not Suspect of Drug Use",BD1C006E-592B-4ECB-84A7-081D00401A8C,Scooter (electric),Other,Unknown,Intersection Marked Crosswalk,Yes,Possible Injury,None,38.99031993,-77.02653908,"(38.99031993, -77.02653908)"
MCP3330001W,240004023,MONTGOMERY,Injury Crash,01/25/2024 09:27:00 PM,County Route,ASPEN HILL RD,IRIS ST,,,Pedestrian,Single Vehicle,Rain,Wet,Dark - Not Lighted,No Controls,"Not Suspect of Alcohol Use, Not Suspect of Drug Use, Not Suspect of Alcohol Use, Not Suspect of Drug Use","Suspect of Alcohol Use, Unknown",FEBFC173-B900-4490-9513-2EDA45128A18,Pedestrian,Cross/Enter Not at Intersection,"In Roadway Improperly (Standing, Lying, Working, Playing), Inattentive (Talking, Eating, etc.), Not Visible (Dark Clothing, No Lighting, etc.), Other, Wrong-Way Riding or Walking",Travel Lane Other Location,Yes,Suspected Minor Injury,None,39.0753445,-77.09380633,"(39.0753445, -77.09380633)"
MCP289200GD,240031111,MONTGOMERY,Injury Crash,07/01/2024 07:02:00 PM,County Route,,,,,Pedestrian,Single Vehicle,Clear,Dry,Daylight,No Controls,"Unknown, Unknown","Not Suspect of Alcohol Use, Not Suspect of Drug Use",3240E49F-E1EF-4E79-9380-5905C3E32FD9,Pedestrian,Walking/Cycling Along Roadway Against Traffic (In or Adjacent to Travel Lane),None (No Improper Action),OnStreet Bike Lanes,No,Possible Injury,None,39.01581641,-77.03994642,"(39.01581641, -77.03994642)"
MCP2667009D,240028452,MONTGOMERY,Injury Crash,07/08/2024 06:30:00 AM,County Route,BEGONIA WAY,FLOWER HILL WAY HALLMARK CT,,,Pedestrian,Single Vehicle,Clear,Dry,Daylight,Stop Sign,"Not Suspect of Alcohol Use, Not Suspect of Drug Use","Not Suspect of Alcohol Use, Not Suspect of Drug Use",76D1E33C-6CA5-42BB-B74B-4C6E7EA8F26F,Pedestrian,Cross/Enter at Intersection,None (No Improper Action),Intersection Unmarked Crosswalk,No,Suspected Minor Injury,None,39.15740393,-77.16958744,"(39.15740393, -77.16958744)"
MCP2351005T,240032286,MONTGOMERY,Injury Crash,07/09/2024 11:08:00 AM,County Route,ORCHARD BROOK DR,,,,Pedestrian,Single Vehicle,Clear,Dry,Daylight,"Person (including flagger, law enforcement, crossing guard, etc.",,"Not Suspect of Alcohol Use, Not Suspect of Drug Use",29703B2C-0BAE-49EB-9F31-3A7C5E312820,Pedestrian,Other,Other,Driveway Access,Yes,Suspected Minor Injury,None,39.06119767,-77.18940983,"(39.06119767, -77.18940983)"
MCP2678004L,240003850,MONTGOMERY,Injury Crash,01/25/2024 06:21:00 AM,County Route,REEDIE DR,GEORGIA AVE (SB/L),,,Pedestrian,Single Vehicle,Rain,Wet,Dark - Lighted,Pedestrian Crossing Sign,"Not Suspect of Alcohol Use, Not Suspect of Drug Use","Not Suspect of Alcohol Use, Not Suspect of Drug Use",DDEC71A5-7E60-4C0D-9AA6-C9FCD6CB9634,Pedestrian,Cross/Enter at Intersection,None (No Improper Action),Intersection Marked Crosswalk,No,Suspected Serious Injury,None,39.03861435,-77.05094,"(39.03861435, -77.05094)"
MCP2464003C,240032045,MONTGOMERY,Property Damage Crash,07/07/2024 09:40:00 PM,,,,Parking Lot Way        PARKING LOT OF 8555 PINEY BRANCH RD,,Pedestrian,Front to Front,Clear,,Dark - Lighted,,"Not Suspect of Alcohol Use, Not Suspect of Drug Use, Unknown, Unknown","Not Suspect of Alcohol Use, Not Suspect of Drug Use",CF20A2B8-2F18-4C55-9AED-0965292BD383,Pedestrian,Standing,None (No Improper Action),Other,No,No Apparent Injury,None,38.99824041,-77.00109701,"(38.99824041, -77.00109701)"
MCP3404001B,240030530,MONTGOMERY,Injury Crash,06/28/2024 09:02:00 AM,County Route,LOCKWOOD DR,OAK LEAF DR,,,Pedestrian,Rear To Side,Clear,Dry,Daylight,Stop Sign,"Not Suspect of Alcohol Use, Not Suspect of Drug Use, Not Suspect of Alcohol Use, Not Suspect of Drug Use","Not Suspect of Alcohol Use, Not Suspect of Drug Use",4686FF24-06CD-4E83-9818-46F6BABCF4BC,Pedestrian,Standing,None (No Improper Action),Shoulder/Roadside,No,Suspected Minor Injury,None,39.0379242,-76.99440642,"(39.0379242, -76.99440642)"
MCP2850002V,240032627,MONTGOMERY,Injury Crash,07/10/2024 11:35:00 PM,Maryland (State) Route,MONTGOMERY VILLAGE AVE,,,,Pedestrian,Single Vehicle,Clear,Dry,Dark - Lighted,No Controls,"Not Suspect of Alcohol Use, Not Suspect of Drug Use","Not Suspect of Alcohol Use, Not Suspect of Drug Use",D7F9DB38-5EFF-4FC5-92CF-5AC80968E94C,Pedestrian,Cross/Enter at Intersection,"Dart/Dash, Failure to Yield Right-Of-Way, Not Visible (Dark Clothing, No Lighting, etc.)",Travel Lane Other Location,No,Suspected Minor Injury,None,39.1584435,-77.20367813,"(39.1584435, -77.20367813)"
MCP33910011,240031033,MONTGOMERY,Injury Crash,07/01/2024 12:40:00 PM,,,,Parking Lot Way        SIDEWALK,,"Other Pedestrian (person in a building, skater, personal conveyance, etc.)",Single Vehicle,Clear,,Daylight,,"Not Suspect of Alcohol Use, Not Suspect of Drug Use","Not Suspect of Alcohol Use, Not Suspect of Drug Use",4737B2FF-5EF0-46DC-A847-D750AA15AE22,"Other Pedestrian (person in a building, skater, personal conveyance, etc.)",Standing,None (No Improper Action),Other,No,Suspected Minor Injury,None,39.04179573,-77.04923866,"(39.04179573, -77.04923866)"
MCP3227005P,240033105,MONTGOMERY,Injury Crash,07/13/2024 06:08:00 PM,County Route,DILSTON RD,NEW HAMPSHIRE AVE (SB/L),,,Cyclist (non-electric),Single Vehicle,Clear,Dry,Daylight,Traffic Control Signal,"Not Suspect of Alcohol Use, Not Suspect of Drug Use","Not Suspect of Alcohol Use, Not Suspect of Drug Use",E6FE780E-B350-4BD4-A8A8-56FD64CE089A,Cyclist (non-electric),Cross/Enter at Intersection,"Failure to Obey Traffic Signs, Signals, or Officer",Intersection Marked Crosswalk,Yes,Suspected Minor Injury,None,39.01143909,-76.97903835,"(39.01143909, -76.97903835)"
MCP3050005L,240003997,MONTGOMERY,Injury Crash,01/25/2024 06:44:00 PM,County Route,RIPPLING BROOK DR,,,,Pedestrian,Single Vehicle,Rain,Wet,Dark - Not Lighted,Stop Sign,"Not Suspect of Alcohol Use, Not Suspect of Drug Use","Not Suspect of Alcohol Use, Not Suspect of Drug Use",EF9F526A-6F23-4F33-9377-50A0E74A0E23,Pedestrian,Cross/Enter at Intersection,"Not Visible (Dark Clothing, No Lighting, etc.)",Intersection Marked Crosswalk,No,Possible Injury,None,39.09014707,-77.05357651,"(39.09014707, -77.05357651)"
MCP2286006C,240032219,MONTGOMERY,Injury Crash,07/06/2024 11:45:00 AM,Maryland (State) Route,MONTROSE PKWY,,,,Cyclist (non-electric),Single Vehicle,Clear,Dry,Daylight,Traffic Control Signal,"Not Suspect of Alcohol Use, Not Suspect of Drug Use","Not Suspect of Alcohol Use, Not Suspect of Drug Use",50126DA3-10AC-4F38-AD84-8893E616FC41,Cyclist (non-electric),Cross/Enter at Intersection,None (No Improper Action),Intersection Marked Crosswalk,No,Suspected Minor Injury,Helmet,39.05275733,-77.11540621,"(39.05275733, -77.11540621)"
MCP3126005N,240032218,MONTGOMERY,Injury Crash,07/08/2024 08:13:00 PM,,,,Alley        ALLEY WAY OF SOJOURN COURT,,Pedestrian,Single Vehicle,Clear,,Daylight,,"Not Suspect of Alcohol Use, Not Suspect of Drug Use","Not Suspect of Alcohol Use, Not Suspect of Drug Use",EBB44C09-25A6-4924-AD49-928511D11CFE,Pedestrian,Standing,None (No Improper Action),Driveway Access,No,Possible Injury,None,39.20313147,-77.2645931,"(39.20313147, -77.2645931)"
MCP9406003C,240029888,MONTGOMERY,Injury Crash,06/24/2024 02:10:00 PM,,,,"Driveway        OCCURRED AT 11200 BLOCK OF GRANDVIEW AVE, FROM EXIT FROM THE GARAGE OF 2425 REEDIE DRIVE",,Cyclist (non-electric),Single Vehicle,Clear,,Daylight,,"Not Suspect of Alcohol Use, Not Suspect of Drug Use","Not Suspect of Alcohol Use, Not Suspect of Drug Use",36B5CDD5-01A8-4F96-B238-7E4FC90598ED,Cyclist (non-electric),Walking/Cycling on Sidewalk,None (No Improper Action),Driveway Access,No,Possible Injury,Unknown,39.03926731,-77.05235801,"(39.03926731, -77.05235801)"
MCP31970046,240033854,MONTGOMERY,Injury Crash,07/17/2024 05:47:00 PM,,,,Driveway        13515 GEORGIA AVENUE SILVER SPRING MD,,Pedestrian,Single Vehicle,Clear,,Daylight,,"Unknown, Unknown","Suspect of Alcohol Use, Not Suspect of Drug Use",7AA92D84-C775-4E06-AE27-F7D9B7D7EC99,Pedestrian,Walking/Cycling on Sidewalk,None (No Improper Action),Driveway Access,No,Suspected Minor Injury,None,39.07844182,-77.071745,"(39.07844182, -77.071745)"
MCP3391000R,240020036,MONTGOMERY,Injury Crash,04/29/2024 06:39:00 PM,,,,Parking Lot Way        PARKING LOT AISLE,,Pedestrian,Single Vehicle,Clear,,Daylight,,"Not Suspect of Alcohol Use, Not Suspect of Drug Use","Not Suspect of Alcohol Use, Not Suspect of Drug Use",E6CEFF13-6667-44B6-AB1F-CC2BD9B41E55,Pedestrian,Cross/Enter Not at Intersection,"Inattentive (Talking, Eating, etc.)",Other,No,Suspected Minor Injury,None,39.03626105,-77.05683106,"(39.03626105, -77.05683106)"
MCP9365002B,240001656,MONTGOMERY,Injury Crash,01/11/2024 06:40:00 AM,County Route,ASTON MANOR DR,GATESHEAD MANOR WAY,,,Pedestrian,Single Vehicle,Clear,Dry,Dawn,No Controls,"Not Suspect of Alcohol Use, Not Suspect of Drug Use","Not Suspect of Alcohol Use, Not Suspect of Drug Use",DD7030F7-ADC5-440F-89ED-F7DA403576E9,Pedestrian,Cross/Enter at Intersection,None (No Improper Action),Intersection Marked Crosswalk,No,Possible Injury,None,39.07887473,-76.93770202,"(39.07887473, -76.93770202)"
MCP3232004L,240001987,MONTGOMERY,Injury Crash,01/12/2024 05:41:00 PM,,,,Parking Aisle        13490 NEW HAMPSHIRE AVE SILVER SPRING MD 20904,,Pedestrian,Single Vehicle,Clear,,Dark - Lighted,,"Not Suspect of Alcohol Use, Not Suspect of Drug Use","Not Suspect of Alcohol Use, Not Suspect of Drug Use",86F6D8E4-43C1-445D-AC38-2722AE0F18B7,Pedestrian,Other,Unknown,Other,No,Suspected Minor Injury,None,39.07701012,-77.00368684,"(39.07701012, -77.00368684)"
MCP2726008M,240003654,MONTGOMERY,Injury Crash,01/24/2024 06:25:00 AM,County Route,CRABBS BRANCH WAY,,,,Pedestrian,Single Vehicle,Rain,Wet,Dark - Lighted,No Controls,"Not Suspect of Alcohol Use, Not Suspect of Drug Use","Not Suspect of Alcohol Use, Not Suspect of Drug Use",68887B60-20AE-44C2-AFF6-D332C50BEB89,Pedestrian,Cross/Enter at Intersection,None (No Improper Action),Median/Crossing Island,No,Suspected Minor Injury,None,39.11931225,-77.15678466,"(39.11931225, -77.15678466)"
DM83860025,240004368,TAKOMA,Property Damage Crash,01/27/2024 08:30:00 PM,Municipality Route,GRANT AVE,MAPLE AVE,,,Pedestrian,Single Vehicle,Clear,Dry,Dark - Lighted,No Controls,"Not Suspect of Alcohol Use, Not Suspect of Drug Use","Not Suspect of Alcohol Use, Not Suspect of Drug Use",2BA099E2-FCF1-4858-9555-11A290D1B6F5,Pedestrian,Cross/Enter at Intersection,None (No Improper Action),Intersection Marked Crosswalk,No,No Apparent Injury,None,38.98149561,-77.00943623,"(38.98149561, -77.00943623)"
MCP292300BJ,240001297,MONTGOMERY,Injury Crash,01/06/2024 08:38:00 PM,County Route,ENNALLS AVE,GEORGIA AVE,,,Pedestrian,Unknown,Unknown,Dry,Dark - Lighted,No Controls,"Unknown, Unknown","Not Suspect of Alcohol Use, Not Suspect of Drug Use",5A476442-49B4-4F7B-BB4F-ABA499E1BE40,Pedestrian,Walking/Cycling Along Roadway Against Traffic (In or Adjacent to Travel Lane),None (No Improper Action),Driveway Access,No,Suspected Serious Injury,None,39.04102996,-77.05147426,"(39.04102996, -77.05147426)"
MCP9430000B,240024562,MONTGOMERY,Injury Crash,05/24/2024 07:42:00 AM,,,,Driveway        DRIVEWAY TO 10400 OLD GEORGETOWN ROAD (GEORGETOWN SQUARE),,Cyclist (non-electric),Single Vehicle,Clear,,Daylight,,"Not Suspect of Alcohol Use, Not Suspect of Drug Use","Not Suspect of Alcohol Use, Not Suspect of Drug Use",DFBD3025-2978-4640-9D50-67419FE830E1,Cyclist (non-electric),Walking/Cycling on Sidewalk,None (No Improper Action),Driveway Access,No,Suspected Minor Injury,None,39.02668311,-77.12765288,"(39.02668311, -77.12765288)"
MCP3394000B,240003543,MONTGOMERY,Injury Crash,01/23/2024 02:47:00 PM,Maryland (State) Route,WISCONSIN AVE (SB/L),WILLARD AVE,,,Pedestrian,Single Vehicle,Clear,Dry,Daylight,Traffic Control Signal,"Not Suspect of Alcohol Use, Not Suspect of Drug Use","Not Suspect of Alcohol Use, Not Suspect of Drug Use",27F44D8D-A31F-4D74-A1D3-A1582F2EF634,Pedestrian,Cross/Enter at Intersection,Unknown,Intersection Marked Crosswalk,No,Suspected Minor Injury,Unknown,38.96178017,-77.08618317,"(38.96178017, -77.08618317)"
MCP3335002Y,240032765,MONTGOMERY,Injury Crash,07/11/2024 04:24:00 PM,County Route,LINTON ST,PATTON DR,,,Cyclist (non-electric),Single Vehicle,Clear,Dry,Daylight,Stop Sign,"Not Suspect of Alcohol Use, Not Suspect of Drug Use","Not Suspect of Alcohol Use, Not Suspect of Drug Use",8D0D74A0-8E84-4229-8906-862BF568E96E,Cyclist (non-electric),Cross/Enter at Intersection,"Failure to Obey Traffic Signs, Signals, or Officer, Inattentive (Talking, Eating, etc.)",Intersection Other,Yes,Suspected Serious Injury,None,39.00378717,-76.99330517,"(39.00378717, -76.99330517)"
DD5649003N,240005047,ROCKVILLE,Injury Crash,01/31/2024 07:39:00 PM,Municipality Route,N STONESTREET AVE,PARK RD (WB/L),,,Pedestrian,Single Vehicle,Clear,Dry,Dark - Lighted,Flashing Traffic Control Signal,"Not Suspect of Alcohol Use, Not Suspect of Drug Use","Not Suspect of Alcohol Use, Not Suspect of Drug Use",8DD1D459-191D-4EBD-9EDE-18DD214523D4,Pedestrian,Cross/Enter at Intersection,Failure to Yield Right-Of-Way,Intersection Other,No,Suspected Minor Injury,None,39.0855119,-77.1466818,"(39.0855119, -77.1466818)"
MCP2464003C,240032045,MONTGOMERY,Property Damage Crash,07/07/2024 09:40:00 PM,,,,Parking Lot Way        PARKING LOT OF 8555 PINEY BRANCH RD,,Pedestrian,Front to Front,Clear,,Dark - Lighted,,"Not Suspect of Alcohol Use, Not Suspect of Drug Use, Unknown, Unknown","Not Suspect of Alcohol Use, Not Suspect of Drug Use",83A6EAB0-9932-47C6-9750-D49BDFCC3E3B,Pedestrian,Standing,None (No Improper Action),Other,No,No Apparent Injury,None,38.99824041,-77.00109701,"(38.99824041, -77.00109701)"
MCP32280062,240032008,MONTGOMERY,Injury Crash,07/07/2024 05:27:00 PM,Maryland (State) Route,,COLESVILLE RD,,,Cyclist (non-electric),Single Vehicle,Clear,Dry,Daylight,Traffic Control Signal,"Not Suspect of Alcohol Use, Not Suspect of Drug Use","Not Suspect of Alcohol Use, Not Suspect of Drug Use",63646D48-0994-4D27-8E81-F63182C3EEFB,Cyclist (non-electric),Cross/Enter at Intersection,"Failure to Obey Traffic Signs, Signals, or Officer",Intersection Marked Crosswalk,No,Suspected Minor Injury,None,38.9935308,-77.0321831,"(38.9935308, -77.0321831)"
MCP24500053,240031266,MONTGOMERY,Injury Crash,07/02/2024 04:35:00 PM,,,,Parking Lot Way        PARKING LOT OF 527 QUINCE ORCHARD RD.,,Pedestrian,Single Vehicle,Clear,,Daylight,,"Not Suspect of Alcohol Use, Not Suspect of Drug Use","Not Suspect of Alcohol Use, Not Suspect of Drug Use",2495BC81-C3F7-425B-9C30-E493B10671EB,Pedestrian,Other,Other,Other,Yes,Suspected Minor Injury,None,39.14455605,-77.21957523,"(39.14455605, -77.21957523)"