Report Number,Local Case Number,Agency Name,ACRS Report Type,Crash Date/Time,Route Type,Road Name,Cross-Street Name,Off-Road Description,Municipality,Related Non-Motorist,Collision Type,Weather,Surface Condition,Light,Traffic Control,Driver Substance Abuse,Non-Motorist Substance Abuse,Person ID,Pedestrian Type,Pedestrian Movement,Pedestrian Actions,Pedestrian Location,At Fault,Injury Severity,Safety Equipment,Latitude,Longitude,Location
DD55670053,240036296,ROCKVILLE,Injury Crash,08/01/2024 04:48:00 PM,Maryland (State) Route,FREDERICK RD,METRO ENT,,,Pedestrian,Single Vehicle,Clear,Dry,Daylight,Pedestrian Crossing Sign,"Not Suspect of Alcohol Use, Not Suspect of Drug Use","Not Suspect of Alcohol Use, Not Suspect of Drug Use",644A2B53-A06A-4FE2-9355-3153A7EDDB6E,Pedestrian,Cross/Enter at Intersection,None (No Improper Action),Intersection Marked Crosswalk,No,Suspected Minor Injury,None,39.11729908,-77.16900744,"(39.11729908, -77.16900744)"
MCP29620096,240036833,MONTGOMERY,Injury Crash,08/05/2024 08:10:00 AM,Local Route,TRIMFIELD LA,FATHER HURLEY BLVD (NB/L),,,Pedestrian,Single Vehicle,Clear,Dry,Daylight,Pedestrian Crossing Sign,"Not Suspect of Alcohol Use, Not Suspect of Drug Use","Not Suspect of Alcohol Use, Not Suspect of Drug Use",5CA3F6FF-5FCC-4C8B-9468-FF1A18A492AA,Pedestrian,Cross/Enter at Intersection,None (No Improper Action),Intersection Marked Crosswalk,No,Suspected Minor Injury,None,39.18631928,-77.27359669,"(39.18631928, -77.27359669)"
EJ7869003W,240036949,GAITHERSBURG,Injury Crash,08/05/2024 05:12:00 PM,,,,"Parking Aisle        880 RUSSELL AVE GAITHERSBURG, MD 20877",,Pedestrian,Single Vehicle,Clear,,Daylight,,"Unknown, Unknown","Not Suspect of Alcohol Use, Not Suspect of Drug Use",F8F4F9BE-08EF-46FE-AC41-4431A7C40757,Pedestrian,Standing,Unknown,Other,No,Possible Injury,None,39.15652094,-77.21366786,"(39.15652094, -77.21366786)"
MCP24550078,240036664,MONTGOMERY,Injury Crash,08/03/2024 07:36:00 PM,,,,Parking Lot Way        PARKING LOT OF 12268 ROCKVILLE PIKE,,Pedestrian,Single Vehicle,Rain,,Daylight,,"Not Suspect of Alcohol Use, Not Suspect of Drug Use","Not Suspect of Alcohol Use, Not Suspect of Drug Use",2ED06CC3-B7CF-4DED-9F0A-CF810DCA77CA,Pedestrian,Other,None (No Improper Action),Other,No,Possible Injury,None,39.05723327,-77.1229836,"(39.05723327, -77.1229836)"
MCP3311002L,240036156,MONTGOMERY,Injury Crash,07/31/2024 07:48:00 PM,US (State),GEORGIA AVE (SB/L),,,,Cyclist (Electric),Single Vehicle,Clear,Dry,Daylight,No Controls,"Not Suspect of Alcohol Use, Not Suspect of Drug Use","Unknown, Unknown",1470B9B6-CD34-4321-A69F-077CD2645C27,Cyclist (Electric),Other,"Failure to Obey Traffic Signs, Signals, or Officer, In Roadway Improperly (Standing, Lying, Working, Playing), Inattentive (Talking, Eating, etc.)",Other,Yes,Suspected Minor Injury,None,38.99490383,-77.02715783,"(38.99490383, -77.02715783)"
MCP3387001J,240036835,MONTGOMERY,Injury Crash,08/05/2024 08:22:00 AM,County Route,MUSGROVE RD,COLUMBIA PIKE (SB/L),,,Pedestrian,Single Vehicle,Clear,Dry,Daylight,Traffic Control Signal,"Not Suspect of Alcohol Use, Not Suspect of Drug Use","Not Suspect of Alcohol Use, Not Suspect of Drug Use",1D951F99-5D23-4106-9180-6C0E8D47A8A8,Pedestrian,Cross/Enter at Intersection,None (No Improper Action),Intersection Marked Crosswalk,No,Suspected Serious Injury,None,39.06778062,-76.95954629,"(39.06778062, -76.95954629)"
MCP3094004R,240036793,MONTGOMERY,Injury Crash,08/04/2024 08:25:00 PM,Private Route,,,,,Pedestrian,Single Vehicle,Clear,Dry,Dark - Lighted,No Controls,"Not Suspect of Alcohol Use, Not Suspect of Drug Use","Not Suspect of Alcohol Use, Not Suspect of Drug Use",69FB4373-90D0-4B04-92BC-8792224667DE,Pedestrian,Cross/Enter Not at Intersection,None (No Improper Action),Travel Lane Other Location,No,Suspected Minor Injury,None,39.15893146,-77.21104845,"(39.15893146, -77.21104845)"
MCP2890001D,240035777,MONTGOMERY,Injury Crash,07/29/2024 06:25:00 PM,,,,Parking Lot Way        PARKING LOT OF 19773 FREDERICK RD,,Pedestrian,Single Vehicle,Clear,,Daylight,,"Not Suspect of Alcohol Use, Not Suspect of Drug Use","Not Suspect of Alcohol Use, Not Suspect of Drug Use",67545733-C31B-4D08-95BF-B70805520015,Pedestrian,Cross/Enter Not at Intersection,"Dart/Dash, Failure to Obey Traffic Signs, Signals, or Officer, Other, Wrong-Way Riding or Walking",Travel Lane Other Location,Yes,Suspected Minor Injury,None,39.18030889,-77.23685557,"(39.18030889, -77.23685557)"
HA2386001W,24001524,MCPARK,Injury Crash,07/28/2024 06:20:00 PM,,,,Parking Lot Way        PARKING LOT OF HAMILTON POOL,,Pedestrian,Other,Clear,,Daylight,,"Not Suspect of Alcohol Use, Not Suspect of Drug Use","Not Suspect of Alcohol Use, Not Suspect of Drug Use",0926B5D5-D289-48DA-804D-0FF7313F18F0,Pedestrian,Standing,None (No Improper Action),Other,No,Suspected Minor Injury,None,38.95230817,-76.95163183,"(38.95230817, -76.95163183)"
EJ7858009K,240035888,GAITHERSBURG,Injury Crash,07/30/2024 01:02:00 PM,Local Route,ALLIED PL,GIRARD ST (WB/L),,,Pedestrian,Single Vehicle,Cloudy,Dry,Daylight,No Controls,"Not Suspect of Alcohol Use, Not Suspect of Drug Use","Not Suspect of Alcohol Use, Not Suspect of Drug Use",7AB662BE-4452-4568-B7AC-06880FACE946,Pedestrian,Cross/Enter Not at Intersection,Failure to Yield Right-Of-Way,Travel Lane Other Location,No,Suspected Minor Injury,None,39.15061464,-77.19135549,"(39.15061464, -77.19135549)"
MCP3270002L,240034353,MONTGOMERY,Injury Crash,07/20/2024 10:43:00 PM,Maryland (State) Route,NEW HAMPSHIRE AVE (SB/L),,,,Cyclist (non-electric),Single Vehicle,Clear,Dry,Dark - Not Lighted,No Controls,"Not Suspect of Alcohol Use, Not Suspect of Drug Use","Not Suspect of Alcohol Use, Not Suspect of Drug Use",D604DE96-4D0D-40F0-B528-5CB1FBAE9778,Cyclist (non-electric),Walking/Cycling Along Roadway With Traffic (In or Adjacent to Travel Lane),"Not Visible (Dark Clothing, No Lighting, etc.)",OnStreet Bike Lanes,No,Suspected Minor Injury,None,39.02607271,-76.98112869,"(39.02607271, -76.98112869)"
MCP3390000S,240037314,MONTGOMERY,Property Damage Crash,08/07/2024 08:45:00 PM,County Route,JAEGER RD,,,,Scooter (electric),Unknown,Rain,Wet,Dark - Lighted,No Controls,"Not Suspect of Alcohol Use, Not Suspect of Drug Use","Not Suspect of Alcohol Use, Not Suspect of Drug Use",ABD91FCF-C37D-4370-ADD9-685991810F78,Scooter (electric),Cross/Enter Not at Intersection,Failure to Yield Right-Of-Way,Intersection Unmarked Crosswalk,Yes,No Apparent Injury,Lighting,39.2169725,-77.29690183,"(39.2169725, -77.29690183)"
DD56530046,240062061,ROCKVILLE,Property Damage Crash,12/29/2024 06:33:00 PM,Maryland (State) Route,ROCKVILLE PIKE (SB/L),MONROE PL,,,Pedestrian,Single Vehicle,Rain,Wet,Dark - Lighted,Traffic Control Signal,"Not Suspect of Alcohol Use, Not Suspect of Drug Use","Not Suspect of Alcohol Use, Not Suspect of Drug Use",E69BC5B5-56C0-4BD6-9A0A-5B95AE3CD6C8,Pedestrian,Cross/Enter at Intersection,Unknown,Shoulder/Roadside,No,No Apparent Injury,None,39.08346707,-77.14700401,"(39.08346707, -77.14700401)"
MCP3358001V,240037202,MONTGOMERY,Injury Crash,08/07/2024 12:03:00 PM,County Route,W GREENVALE PKWY,,,,Cyclist (non-electric),Single Vehicle,Clear,Dry,Daylight,No Controls,"Not Suspect of Alcohol Use, Not Suspect of Drug Use","Not Suspect of Alcohol Use, Not Suspect of Drug Use",2B6563CB-50B3-4AFC-8E20-09E3DC373C7E,Cyclist (non-electric),Walking/Cycling Along Roadway Against Traffic (In or Adjacent to Travel Lane),None (No Improper Action),Shoulder/Roadside,No,Possible Injury,"Helmet, Protective Pads (elbows, knees, shins, etc.)",38.98281107,-77.06055932,"(38.98281107, -77.06055932)"
MCP2641004F,240036398,MONTGOMERY,Injury Crash,08/02/2024 10:11:00 AM,County Route,MACARTHUR BLVD,GOLDSBORO RD,,,Cyclist (non-electric),Single Vehicle,Clear,Other,Daylight,Yield Sign,"Not Suspect of Alcohol Use, Not Suspect of Drug Use","Not Suspect of Alcohol Use, Not Suspect of Drug Use",39F42DA6-3FA6-4EF5-8C36-8B2D0950D617,Cyclist (non-electric),Walking/Cycling Along Roadway With Traffic (In or Adjacent to Travel Lane),None (No Improper Action),Median/Crossing Island,No,Suspected Minor Injury,"Helmet, Lighting, Reflective Wear (backpack, triangles, etc.), Reflectors",38.96859387,-77.13859468,"(38.96859387, -77.13859468)"
MCP2764003H,240037511,MONTGOMERY,Injury Crash,08/08/2024 08:45:00 PM,County Route,MANOR RD,CONNECTICUT AVE,,,Pedestrian,Single Vehicle,Rain,Wet,Dark - Lighted,Pedestrian Crossing,"Unknown, Unknown","Not Suspect of Alcohol Use, Not Suspect of Drug Use",7EC0CEE9-3937-4EC7-A242-DEE2F210929A,Pedestrian,Cross/Enter at Intersection,None (No Improper Action),Intersection Marked Crosswalk,No,Suspected Minor Injury,None,38.99612451,-77.07707977,"(38.99612451, -77.07707977)"
MCP3078005P,240036587,MONTGOMERY,Injury Crash,08/03/2024 12:51:00 PM,Maryland (State) Route,NEW HAMPSHIRE AVE,,,,Pedestrian,Single Vehicle,Clear,Dry,Daylight,No Controls,"Not Suspect of Alcohol Use, Not Suspect of Drug Use","Not Suspect of Alcohol Use, Not Suspect of Drug Use",1711F76E-CDF3-4790-8BF0-D0BDA5743A8F,Pedestrian,Cross/Enter Not at Intersection,Dart/Dash,Travel Lane Other Location,Yes,Suspected Minor Injury,None,39.07454339,-77.00220428,"(39.07454339, -77.00220428)"
MCP2195006T,240036561,MONTGOMERY,Injury Crash,08/03/2024 09:01:00 AM,Maryland (State) Route,MAIN ST,,,,Cyclist (non-electric),Single Vehicle,Clear,Dry,Daylight,No Controls,"Not Suspect of Alcohol Use, Not Suspect of Drug Use","Not Suspect of Alcohol Use, Not Suspect of Drug Use",C00E1EA4-1293-4EAD-A0AD-E29492469395,Cyclist (non-electric),Walking/Cycling Along Roadway With Traffic (In or Adjacent to Travel Lane),None (No Improper Action),Intersection Other,No,Suspected Minor Injury,"Helmet, Reflectors",39.28710118,-77.19972721,"(39.28710118, -77.19972721)"
MCP235800CX,240036577,MONTGOMERY,Property Damage Crash,08/03/2024 12:00:00 PM,County Route,MACARTHUR BLVD,HARVARD AVE,,,Cyclist (non-electric),Single Vehicle,Clear,Dry,Daylight,Stop Sign,"Not Suspect of Alcohol Use, Not Suspect of Drug Use","Not Suspect of Alcohol Use, Not Suspect of Drug Use",6713A74A-4D3D-48FE-8401-66EDDEF9BE3A,Cyclist (non-electric),Walking/Cycling Along Roadway Against Traffic (In or Adjacent to Travel Lane),None (No Improper Action),Intersection Marked Crosswalk,No,No Apparent Injury,Unknown,38.96973175,-77.14141059,"(38.96973175, -77.14141059)"
MCP3163007D,240039393,MONTGOMERY,Injury Crash,08/20/2024 03:37:00 PM,Municipality Route,S PARK AVE,WISCONSIN AVE (SB/L),,,Pedestrian,Single Vehicle,Clear,Dry,Daylight,Traffic Control Signal,"Not Suspect of Alcohol Use, Not Suspect of Drug Use","Not Suspect of Alcohol Use, Not Suspect of Drug Use",8ADD7406-B3F1-480B-B5D4-00C33529EA24,Pedestrian,Cross/Enter at Intersection,None (No Improper Action),Intersection Marked Crosswalk,No,Possible Injury,None,38.9636814,-77.08714388,"(38.9636814, -77.08714388)"
EJ7884006S,240038809,GAITHERSBURG,Injury Crash,08/16/2024 10:37:00 PM,Municipality Route,S SUMMIT AVE,,,,Pedestrian,Single Vehicle,Clear,Dry,Dark - Lighted,No Controls,"Unknown, Unknown","Suspect of Alcohol Use, Not Suspect of Drug Use",74F04B4D-16DC-42D4-8A44-E4DEAAA36C72,Pedestrian,Cross/Enter at Intersection,Unknown,Intersection Marked Crosswalk,No,Possible Injury,None,39.13918461,-77.19388883,"(39.13918461, -77.19388883)"
MCP320000D0,240038575,MONTGOMERY,Injury Crash,08/15/2024 02:10:00 PM,,,,Driveway        IN DRIVEWAY OF 3 POOKS HILL RD,,Pedestrian,Single Vehicle,Clear,,Daylight,,"Not Suspect of Alcohol Use, Not Suspect of Drug Use","Not Suspect of Alcohol Use, Not Suspect of Drug Use",1E6F1013-49A0-4731-B200-C44F79FD906B,Pedestrian,Standing,None (No Improper Action),Other,No,Possible Injury,None,39.01429389,-77.10458823,"(39.01429389, -77.10458823)"
MCP235800CY,240038880,MONTGOMERY,Property Damage Crash,08/09/2024 10:00:00 AM,Maryland (State) Route,WISCONSIN AVE (SB/L),,,,Pedestrian,Single Vehicle,Clear,Dry,Daylight,No Controls,"Unknown, Unknown","Not Suspect of Alcohol Use, Not Suspect of Drug Use",D23D4A01-F42F-48C1-A59C-5A6F01D1E9C8,Pedestrian,Walking/Cycling on Sidewalk,None (No Improper Action),Sidewalk,No,No Apparent Injury,None,38.97563932,-77.09023673,"(38.97563932, -77.09023673)"
MCP1233005V,240037251,MONTGOMERY,Injury Crash,08/07/2024 03:20:00 PM,County Route,CEDAR LA,,,,Occupant Of a Non-Motor Vehicle Transportation Device,Single Vehicle,Cloudy,Dry,Daylight,"Other Pavement Marking (excluding edgelines, centerlines, or lane lines)","Not Suspect of Alcohol Use, Not Suspect of Drug Use","Not Suspect of Alcohol Use, Not Suspect of Drug Use",BFF4F38D-EBC9-4B39-8E9D-9072B28124EC,Occupant Of a Non-Motor Vehicle Transportation Device,Cross/Enter Not at Intersection,Failure to Yield Right-Of-Way,Travel Lane Other Location,Yes,Suspected Minor Injury,"Reflective Wear (backpack, triangles, etc.)",39.00905406,-77.09220885,"(39.00905406, -77.09220885)"
DD5538004X,240061768,ROCKVILLE,Injury Crash,12/27/2024 03:22:00 PM,,,,"Parking Aisle        1501 ROCKVILLE PIKE, ROCKVILLE MD 20852",,Pedestrian,Single Vehicle,Clear,,Daylight,,"Not Suspect of Alcohol Use, Not Suspect of Drug Use","Not Suspect of Alcohol Use, Not Suspect of Drug Use",B538C3E4-9E43-4F43-A428-C27DB676CAE3,Pedestrian,Other,"Inattentive (Talking, Eating, etc.)",Other,No,Possible Injury,None,39.06467443,-77.12793369,"(39.06467443, -77.12793369)"
MCP2399009B,240059940,MONTGOMERY,Injury Crash,12/15/2024 04:11:00 PM,Local Route,CENTERWAY RD,RHYTHM WAY,,,Pedestrian,Single Vehicle,Rain,Wet,Daylight,Pedestrian Crossing,"Not Suspect of Alcohol Use, Not Suspect of Drug Use","Not Suspect of Alcohol Use, Not Suspect of Drug Use",258CD2CD-87B6-46FC-B57A-3EA40F25221E,Pedestrian,Cross/Enter at Intersection,None (No Improper Action),Intersection Marked Crosswalk,No,Possible Injury,None,39.17265245,-77.2059214,"(39.17265245, -77.2059214)"
MCP31930062,240060754,MONTGOMERY,Injury Crash,12/19/2024 10:20:00 PM,Spur,,,,,Pedestrian,Unknown,Clear,Dry,Dark - Unknown Lighting,No Controls,"Not Suspect of Alcohol Use, Unknown","Unknown, Unknown",D7C92798-FD7D-4398-87AD-7A3BFB7558EE,Pedestrian,Cross/Enter at Intersection,None (No Improper Action),Intersection Other,No,Suspected Minor Injury,None,39.05452757,-77.05032035,"(39.05452757, -77.05032035)"
DD5666001Y,240061729,ROCKVILLE,Injury Crash,12/27/2024 11:14:00 AM,Municipality Route,E GUDE DR (WB/L),TAFT CT,,,Pedestrian,Single Vehicle,Clear,Dry,Daylight,Traffic Control Signal,"Not Suspect of Alcohol Use, Not Suspect of Drug Use","Not Suspect of Alcohol Use, Not Suspect of Drug Use",3852D327-CB04-4BD3-BFB8-5F2BEEE87DB2,Pedestrian,Cross/Enter at Intersection,"Dart/Dash, Failure to Obey Traffic Signs, Signals, or Officer",Intersection Marked Crosswalk,Yes,Suspected Minor Injury,None,39.09422997,-77.13237145,"(39.09422997, -77.13237145)"
MCP3133005Q,240060826,MONTGOMERY,Injury Crash,12/20/2024 11:03:00 AM,Private Route,,,,,Pedestrian,Single Vehicle,Snow,Wet,Daylight,Pedestrian Crossing,"Not Suspect of Alcohol Use, Not Suspect of Drug Use","Not Suspect of Alcohol Use, Not Suspect of Drug Use",605B6639-3F58-4FC7-A88B-2C522B625126,Pedestrian,Cross/Enter at Intersection,None (No Improper Action),Intersection Marked Crosswalk,No,Possible Injury,None,39.15209077,-77.06417627,"(39.15209077, -77.06417627)"
MCP3010009T,240033057,MONTGOMERY,Injury Crash,07/13/2024 11:21:00 AM,,,,Parking Lot Way        DRIVEWAY/ SIDEWALK IFO 11130 ROCKVILLE PIKE,,Pedestrian,Single Vehicle,Clear,,Daylight,,"Not Suspect of Alcohol Use, Not Suspect of Drug Use","Not Suspect of Alcohol Use, Not Suspect of Drug Use",4D78AB16-EC86-4B9E-96C6-BDE8C1F7E677,Pedestrian,Walking/Cycling on Sidewalk,None (No Improper Action),Sidewalk,No,Suspected Minor Injury,None,39.03981656,-77.10981687,"(39.03981656, -77.10981687)"
MCP3423000Z,240060922,MONTGOMERY,Injury Crash,12/20/2024 06:30:00 PM,Maryland (State) Route,PINEY BRANCH RD,,,,Pedestrian,Single Vehicle,Clear,Wet,Dark - Lighted,Lane Use Control Signal,"Not Suspect of Alcohol Use, Not Suspect of Drug Use","Unknown, Unknown",E7743945-F190-41D7-9727-974FDB479829,Pedestrian,Unknown,Unknown,Shared Lane Markings),Yes,Suspected Serious Injury,Unknown,38.99964238,-76.9945149,"(38.99964238, -76.9945149)"
MCP30510083,240061648,MONTGOMERY,Injury Crash,12/26/2024 05:28:00 PM,,,,Parking Lot Way        PARKING LOT OF 7125 DEMOCRACY BLVD ( MACYS AT MONTGOMERY MALL),,Pedestrian,Single Vehicle,Clear,,Dark - Lighted,,"Not Suspect of Alcohol Use, Not Suspect of Drug Use","Not Suspect of Alcohol Use, Not Suspect of Drug Use",332017FF-35F9-493E-95A1-675446A0E3D4,Pedestrian,Cross/Enter at Intersection,None (No Improper Action),Intersection Unmarked Crosswalk,No,Possible Injury,None,39.02383832,-77.14829107,"(39.02383832, -77.14829107)"
MCP3395002X,240062031,MONTGOMERY,Injury Crash,12/29/2024 02:18:00 PM,County Route,CUSTER RD,HARWOOD RD,,,Scooter (electric),Single Vehicle,Cloudy,Dry,Daylight,No Controls,"Not Suspect of Alcohol Use, Not Suspect of Drug Use","Not Suspect of Alcohol Use, Not Suspect of Drug Use",0B44BD90-3E81-4228-BF18-D9CBC4EEA476,Scooter (electric),Walking/Cycling Along Roadway With Traffic (In or Adjacent to Travel Lane),None (No Improper Action),Shoulder/Roadside,No,Suspected Minor Injury,Helmet,38.99031617,-77.10772517,"(38.99031617, -77.10772517)"
MCP3395002T,240060990,MONTGOMERY,Injury Crash,12/21/2024 10:34:00 AM,Other Public Roadway,ROSEMARY HILLS RD,EAST WEST HWY,,,Pedestrian,Single Vehicle,Clear,Dry,Daylight,Traffic Control Signal,"Not Suspect of Alcohol Use, Not Suspect of Drug Use","Not Suspect of Alcohol Use, Not Suspect of Drug Use",A509E647-876E-4898-8BA8-827E280E35F4,Pedestrian,Cross/Enter at Intersection,"Dart/Dash, Failure to Obey Traffic Signs, Signals, or Officer",Intersection Marked Crosswalk,Yes,Possible Injury,None,38.99559297,-77.04226835,"(38.99559297, -77.04226835)"
MCP2335002F,240059857,MONTGOMERY,Injury Crash,12/14/2024 10:41:00 PM,Maryland (State) Route,GERMANTOWN RD (SB/L),,,,Pedestrian,Single Vehicle,Clear,Dry,Dark - Lighted,No Controls,"Not Suspect of Alcohol Use, Not Suspect of Drug Use","Suspect of Alcohol Use, Unknown",32879BFC-3FBB-42DC-828A-5C4EE40AB4D5,Pedestrian,Other,Failure to Yield Right-Of-Way,Other,No,Suspected Minor Injury,None,39.18033303,-77.26419282,"(39.18033303, -77.26419282)"
MCP3452000D,240061770,MONTGOMERY,Injury Crash,12/23/2024 05:30:00 AM,County Route,ASPEN HILL RD,GEORGIA AVE,,,Pedestrian,Single Vehicle,Clear,Dry,Dark - Lighted,Pedestrian Crossing,"Unknown, Unknown","Unknown, Unknown",61D202F2-D1F8-4757-BA69-BDD6518AFD82,Pedestrian,Cross/Enter at Intersection,None (No Improper Action),Intersection Marked Crosswalk,No,Suspected Minor Injury,None,39.08076112,-77.07507253,"(39.08076112, -77.07507253)"
MCP3218005B,240038586,MONTGOMERY,Property Damage Crash,08/15/2024 03:56:00 PM,County Route,,GEORGIA AVE,,,Cyclist (non-electric),Single Vehicle,Clear,Dry,Daylight,Traffic Control Signal,"Suspect of Alcohol Use, Not Suspect of Drug Use","Not Suspect of Alcohol Use, Not Suspect of Drug Use",DAD49279-4DAF-4CB6-B4D7-1891EE0018AA,Cyclist (non-electric),Standing,None (No Improper Action),Sidewalk,No,No Apparent Injury,Helmet,39.02525731,-77.04617356,"(39.02525731, -77.04617356)"
MCP2270003F,240040696,MONTGOMERY,Injury Crash,08/27/2024 12:00:00 PM,Local Route,GROSVENOR PL,,,,Cyclist (non-electric),Single Vehicle,Clear,Dry,Daylight,No Controls,"Not Suspect of Alcohol Use, Not Suspect of Drug Use","Not Suspect of Alcohol Use, Not Suspect of Drug Use",81A87CC7-C4AF-4CDF-8E09-5EA22786831E,Cyclist (non-electric),Walking/Cycling Along Roadway With Traffic (In or Adjacent to Travel Lane),None (No Improper Action),Shoulder/Roadside,No,Suspected Minor Injury,Helmet,39.02763539,-77.1071842,"(39.02763539, -77.1071842)"
EJ7879004C,240035989,GAITHERSBURG,Injury Crash,08/21/2024 05:20:00 PM,Municipality Route,S WESTLAND DR,FREDERICK RD (SB/L),,,Pedestrian,Unknown,Clear,Dry,Daylight,Lane Use Control Signal,"Not Suspect of Alcohol Use, Not Suspect of Drug Use","Not Suspect of Alcohol Use, Not Suspect of Drug Use",6000818A-70CF-4D83-8F6E-D2FC4A4BFD40,Pedestrian,Cross/Enter at Intersection,Unknown,Intersection Marked Crosswalk,No,Possible Injury,None,39.12591519,-77.18288302,"(39.12591519, -77.18288302)"
MCP1227001Z,230052338,Montgomery County Police,Fatal Crash,08/30/2023 09:49:00 PM,Maryland (State),FREDERICK RD,GUNNERS BRANCH RD,,N/A,BICYCLIST,OTHER,CLEAR,DRY,DARK LIGHTS ON,NO CONTROLS,NONE DETECTED,NONE DETECTED,8A3A2657-5153-4BCF-A403-725C42EE1639,BICYCLIST,Cross/Enter at Intersection,NO IMPROPER ACTIONS,ON ROADWAY AT CROSSWALK,No,FATAL INJURY,NONE,39.17841174,-77.23859705,"(39.17841174, -77.23859705)"
MCP9311004C,240031817,MONTGOMERY,Injury Crash,07/06/2024 10:13:00 AM,County Route,MACARTHUR BLVD,,,,Cyclist (non-electric),Single Vehicle,Clear,Dry,Daylight,No Controls,"Not Suspect of Alcohol Use, Not Suspect of Drug Use","Not Suspect of Alcohol Use, Not Suspect of Drug Use",D18DF974-B16D-4C9C-A1D9-27CC9C16A7BD,Cyclist (non-electric),Walking/Cycling Along Roadway With Traffic (In or Adjacent to Travel Lane),Other,Travel Lane Other Location,Yes,Possible Injury,Helmet,38.98257417,-77.22673683,"(38.98257417, -77.22673683)"