Report Number,Local Case Number,Agency Name,ACRS Report Type,Crash Date/Time,Route Type,Road Name,Cross-Street Name,Off-Road Description,Municipality,Related Non-Motorist,Collision Type,Weather,Surface Condition,Light,Traffic Control,Driver Substance Abuse,Non-Motorist Substance Abuse,Person ID,Pedestrian Type,Pedestrian Movement,Pedestrian Actions,Pedestrian Location,At Fault,Injury Severity,Safety Equipment,Latitude,Longitude,Location
MCP3231001D,240040443,MONTGOMERY,Injury Crash,08/26/2024 05:00:00 PM,County Route,CORDELL AVE,WISCONSIN AVE (SB/L),,,Pedestrian,Single Vehicle,Clear,Dry,Daylight,Traffic Control Signal,"Unknown, Unknown","Not Suspect of Alcohol Use, Not Suspect of Drug Use",6FE00530-615F-412B-B8D2-F1E7449EA3B1,Pedestrian,Cross/Enter at Intersection,Dart/Dash,Intersection Marked Crosswalk,No,Suspected Minor Injury,None,38.99083185,-77.09561066,"(38.99083185, -77.09561066)"
MCP31360075,240038860,MONTGOMERY,Property Damage Crash,08/17/2024 11:25:00 AM,,,,Parking Stall        8706 FLOWER AVE. LOT,,Unknown,Other,Cloudy,,Daylight,,"Not Suspect of Alcohol Use, Not Suspect of Drug Use","Not Suspect of Alcohol Use, Not Suspect of Drug Use",C555FFFD-6CF4-4072-BB22-0BFB02DCDC27,Unknown,None,None (No Improper Action),Other,No,No Apparent Injury,Other,38.99857529,-77.00397893,"(38.99857529, -77.00397893)"
MCP271700YZ,240039789,MONTGOMERY,Injury Crash,08/22/2024 06:30:00 PM,,,,"Parking Lot Way        COMMERCIAL PARKING LOT OF 13800 BLK OUTLET DRIVE, SILVER SPRING, MD",,Pedestrian,Single Vehicle,Clear,,Daylight,,"Unknown, Unknown","Not Suspect of Alcohol Use, Not Suspect of Drug Use",545D1202-8DD3-448F-A9AF-4521D6952A2D,Pedestrian,Cross/Enter Not at Intersection,None (No Improper Action),Other,No,Suspected Minor Injury,None,39.0833628,-76.94584732,"(39.0833628, -76.94584732)"
MCP3053007M,240040233,MONTGOMERY,Injury Crash,08/25/2024 05:20:00 PM,County Route,ST MARGARETS WAY,KIMBERLY ST,,,Scooter (electric),Single Vehicle,Clear,Dry,Daylight,Stop Sign,"Not Suspect of Alcohol Use, Not Suspect of Drug Use","Not Suspect of Alcohol Use, Not Suspect of Drug Use",91E70EAB-8C94-4D91-9CEF-4A8DA839CE8F,Scooter (electric),Standing,Failure to Yield Right-Of-Way,NonTrafficway Area,No,Possible Injury,None,39.0316729,-77.05186466,"(39.0316729, -77.05186466)"
MCP32320059,240036475,MONTGOMERY,Injury Crash,08/02/2024 05:30:00 PM,,,,Parking Aisle        18131 SLADE SCHOOL RD,,Wheelchair (electric),Single Vehicle,Clear,,Daylight,,"Not Suspect of Alcohol Use, Not Suspect of Drug Use","Not Suspect of Alcohol Use, Not Suspect of Drug Use",25B3BAF4-EDD2-4C31-BA31-B38BDA040EFC,Wheelchair (electric),Unknown,Unknown,Other,Yes,Possible Injury,None,39.15485431,-77.04042973,"(39.15485431, -77.04042973)"
MCP2723008H,240040763,MONTGOMERY,Injury Crash,08/28/2024 03:00:00 PM,,,,Parking Lot Way        PARKING LOT OF 4301 RANDOLPH ROAD (RODMAN'S),,Pedestrian,Single Vehicle,Clear,,Daylight,,"Unknown, Unknown","Not Suspect of Alcohol Use, Not Suspect of Drug Use",FA79A0D4-20A3-4CE1-86CE-B226AC354428,Pedestrian,Cross/Enter Not at Intersection,None (No Improper Action),NonTrafficway Area,No,Possible Injury,None,39.05612513,-77.08337787,"(39.05612513, -77.08337787)"
MCP3402001V,240036417,MONTGOMERY,Injury Crash,08/02/2024 01:22:00 PM,Maryland (State) Route,,,,,Pedestrian,Single Vehicle,Clear,Dry,Daylight,Traffic Control Signal,"Not Suspect of Alcohol Use, Not Suspect of Drug Use","Not Suspect of Alcohol Use, Not Suspect of Drug Use",8D1718C3-2618-4A59-8FBF-4003DAF2BBDA,Pedestrian,Cross/Enter Not at Intersection,"In Roadway Improperly (Standing, Lying, Working, Playing)",Intersection Unmarked Crosswalk,Yes,Suspected Minor Injury,None,38.9983434,-77.00244513,"(38.9983434, -77.00244513)"
MCP271700YY,240039777,MONTGOMERY,Injury Crash,08/22/2024 06:26:00 PM,County Route,,,,,Pedestrian,Single Vehicle,Clear,Dry,Daylight,Pedestrian Crossing Sign,"Not Suspect of Alcohol Use, Not Suspect of Drug Use","Not Suspect of Alcohol Use, Not Suspect of Drug Use",4C6A0231-38C8-49F8-918F-A91911F80130,Pedestrian,Cross/Enter at Intersection,None (No Improper Action),Intersection Marked Crosswalk,No,Suspected Minor Injury,None,39.04147389,-76.98294091,"(39.04147389, -76.98294091)"
MCP3051007Q,240040599,MONTGOMERY,Injury Crash,08/27/2024 05:35:00 PM,County Route,COLFAX ST,PARKWOOD DR,,,Cyclist (non-electric),Single Vehicle,Clear,Dry,Daylight,No Controls,"Not Suspect of Alcohol Use, Not Suspect of Drug Use","Not Suspect of Alcohol Use, Not Suspect of Drug Use",7B989822-175A-48AD-906E-E53E6C68C345,Cyclist (non-electric),Other,None (No Improper Action),Intersection Other,No,Possible Injury,Helmet,39.02827167,-77.08720667,"(39.02827167, -77.08720667)"
MCP29070034,240039986,MONTGOMERY,Property Damage Crash,08/23/2024 10:05:00 PM,Maryland (State) Route,MONTROSE RD (WB/L),,,,Cyclist (Electric),Single Vehicle,Clear,Dry,Dark - Lighted,Traffic Control Signal,"Not Suspect of Alcohol Use, Not Suspect of Drug Use","Not Suspect of Alcohol Use, Not Suspect of Drug Use",A19F6A58-760E-4610-97B2-DB69FD622861,Cyclist (Electric),Walking/Cycling on Sidewalk,None (No Improper Action),Intersection Marked Crosswalk,No,No Apparent Injury,Unknown,39.05590032,-77.14961333,"(39.05590032, -77.14961333)"
DD56510057,240040060,ROCKVILLE,Injury Crash,08/24/2024 01:43:00 PM,Municipality Route,E MONTGOMERY AVE,,,,Pedestrian,Single Vehicle,Clear,Dry,Daylight,No Controls,"Not Suspect of Alcohol Use, Not Suspect of Drug Use","Not Suspect of Alcohol Use, Not Suspect of Drug Use",00D1475F-37EC-4B5D-B3DD-87BFAE1E57B5,Pedestrian,None,None (No Improper Action),Travel Lane Other Location,No,Suspected Serious Injury,None,39.08411388,-77.14956697,"(39.08411388, -77.14956697)"
MCP3258004F,240061761,MONTGOMERY,Injury Crash,12/27/2024 02:27:00 PM,County Route,TENBROOK DR,,,,Pedestrian,Single Vehicle,Clear,Dry,Daylight,No Controls,"Not Suspect of Alcohol Use, Not Suspect of Drug Use","Not Suspect of Alcohol Use, Not Suspect of Drug Use",AD052DF3-160A-4705-A212-E7932E6B5ABF,Pedestrian,Cross/Enter Not at Intersection,Dart/Dash,Other,Yes,Suspected Minor Injury,None,39.02843817,-77.027701,"(39.02843817, -77.027701)"
MCP295200FM,240058520,MONTGOMERY,Injury Crash,12/07/2024 10:55:00 AM,Maryland (State) Route,PINEY BRANCH RD,SLIGO CREEK PKWY,,,Pedestrian,Single Vehicle,Clear,Dry,Daylight,Traffic Control Signal,"Not Suspect of Alcohol Use, Not Suspect of Drug Use","Not Suspect of Alcohol Use, Not Suspect of Drug Use",92139AE0-FCCC-4F1C-9D0A-6C2E9B47C3A0,Pedestrian,Cross/Enter at Intersection,None (No Improper Action),Intersection Marked Crosswalk,No,Possible Injury,None,38.99591526,-77.00605353,"(38.99591526, -77.00605353)"
DD5631005N,240041161,ROCKVILLE,Injury Crash,08/30/2024 08:00:00 PM,Municipality Route,PARK RD (WB/L),N STONESTREET AVE,,,Pedestrian,Single Vehicle,Clear,Dry,Dark - Not Lighted,Traffic Control Signal,"Not Suspect of Alcohol Use, Not Suspect of Drug Use","Not Suspect of Alcohol Use, Not Suspect of Drug Use",A5E4CF61-E64F-4E61-BEA1-FCB3CC2E752C,Pedestrian,Cross/Enter at Intersection,None (No Improper Action),Intersection Marked Crosswalk,No,Possible Injury,None,39.08552556,-77.14668688,"(39.08552556, -77.14668688)"
MCP3292002G,240041477,MONTGOMERY,Injury Crash,08/29/2024 10:31:00 PM,Municipality Route,W DEER PARK RD (WB/L),MUDDY BRANCH RD (SB/L),,,Pedestrian,Single Vehicle,Clear,Dry,Dark - Lighted,Traffic Control Signal,"Not Suspect of Alcohol Use, Not Suspect of Drug Use","Not Suspect of Alcohol Use, Not Suspect of Drug Use",0D60B89F-22B3-4D8D-AFB1-BDBEB27506AF,Pedestrian,Cross/Enter at Intersection,None (No Improper Action),Intersection Marked Crosswalk,No,Suspected Minor Injury,None,39.13477125,-77.20578609,"(39.13477125, -77.20578609)"
DD56630018,240041093,ROCKVILLE,Injury Crash,08/30/2024 01:42:00 PM,,,,Parking Lot Way        FIRST FLOOR OF GARAGE PARKING AREA,,Pedestrian,Single Vehicle,Cloudy,,Daylight,,"Not Suspect of Alcohol Use, Not Suspect of Drug Use","Not Suspect of Alcohol Use, Not Suspect of Drug Use",F40485A1-E7B9-4016-A743-053BD51019BA,Pedestrian,Standing,Unknown,NonTrafficway Area,Yes,Suspected Minor Injury,None,39.08077603,-77.14607822,"(39.08077603, -77.14607822)"
DD56330093,240041253,ROCKVILLE,Property Damage Crash,08/31/2024 01:06:00 PM,Municipality Route,,,,,Cyclist (non-electric),Single Vehicle,Cloudy,Dry,Daylight,No Controls,"Not Suspect of Alcohol Use, Not Suspect of Drug Use","Not Suspect of Alcohol Use, Not Suspect of Drug Use",CB231B9F-1134-493C-9D97-927C39B37169,Cyclist (non-electric),None,None (No Improper Action),Separated Bike Lanes,No,No Apparent Injury,Helmet,39.09041919,-77.15369751,"(39.09041919, -77.15369751)"
MCP3339004B,240041112,MONTGOMERY,Injury Crash,08/30/2024 03:35:00 PM,,,,"Parking Lot Way        ASPEN HILL SHOPPING CENTER 
13601 CONNECTICUT AVENUE",,Pedestrian,Single Vehicle,Cloudy,,Daylight,,"Not Suspect of Alcohol Use, Not Suspect of Drug Use","Not Suspect of Alcohol Use, Not Suspect of Drug Use",3CFC7110-C6C3-48B0-810E-F8FB643BB74E,Pedestrian,Cross/Enter Not at Intersection,None (No Improper Action),Intersection Marked Crosswalk,No,Possible Injury,None,39.0788641,-77.07960701,"(39.0788641, -77.07960701)"
MCP32280067,240040945,MONTGOMERY,Injury Crash,08/29/2024 03:43:00 PM,County Route,KENNETT ST,13TH ST,,,Scooter (electric),Single Vehicle,Clear,Dry,Daylight,Pedestrian Crossing Sign,"Not Suspect of Alcohol Use, Not Suspect of Drug Use","Not Suspect of Alcohol Use, Not Suspect of Drug Use",091FFBBB-67C9-49BD-A62E-922FAEF65F4C,Scooter (electric),Cross/Enter at Intersection,None (No Improper Action),Intersection Marked Crosswalk,No,Suspected Minor Injury,None,38.98728559,-77.02777053,"(38.98728559, -77.02777053)"
MCP30160058,240040037,MONTGOMERY,Injury Crash,08/24/2024 09:54:00 AM,Bicycle Route,,,,,Cyclist (non-electric),Single Vehicle,Clear,Dry,Daylight,No Controls,"Not Suspect of Alcohol Use, Not Suspect of Drug Use","Not Suspect of Alcohol Use, Not Suspect of Drug Use",DCCB63E4-554B-4092-BE06-224566FEB805,Cyclist (non-electric),Cross/Enter Not at Intersection,Failure to Yield Right-Of-Way,Driveway Access,Yes,Suspected Minor Injury,None,39.17652336,-77.26924694,"(39.17652336, -77.26924694)"
MCP32420022,240041652,MONTGOMERY,Injury Crash,09/03/2024 08:08:00 AM,,,,Parking Lot Way        PARENT LOOP AT ROBERTO CLEMENTE MIDDLE SCHOOL,,Pedestrian,Single Vehicle,Clear,,Daylight,,"Not Suspect of Alcohol Use, Not Suspect of Drug Use","Not Suspect of Alcohol Use, Not Suspect of Drug Use",733C003A-0FD4-4D9B-BC5E-0BD0783E529B,Pedestrian,Cross/Enter Not at Intersection,Failure to Yield Right-Of-Way,Other,No,Possible Injury,None,39.16635011,-77.24670117,"(39.16635011, -77.24670117)"
MCP3400001L,240041121,MONTGOMERY,Injury Crash,08/30/2024 04:04:00 PM,US (State),COLESVILLE RD,CRESTMOOR DR,,,Scooter (electric),Single Vehicle,Cloudy,Dry,Daylight,Stop Sign,"Not Suspect of Alcohol Use, Not Suspect of Drug Use","Not Suspect of Alcohol Use, Not Suspect of Drug Use",2D88A823-CEC3-46AF-968B-3FFB6E9E0D11,Scooter (electric),Cross/Enter at Intersection,None (No Improper Action),Intersection Unmarked Crosswalk,No,Suspected Minor Injury,None,39.02793225,-77.00900529,"(39.02793225, -77.00900529)"
MCP3427000C,240041511,MONTGOMERY,Injury Crash,09/02/2024 08:11:00 AM,,,,Parking Stall        9846 BROOKRIDGE CT,,"Other Pedestrian (person in a building, skater, personal conveyance, etc.)",Single Vehicle,Clear,,Daylight,,"Not Suspect of Alcohol Use, Not Suspect of Drug Use","Not Suspect of Alcohol Use, Not Suspect of Drug Use",4973336B-57E0-4506-921C-A82B9E5F443D,"Other Pedestrian (person in a building, skater, personal conveyance, etc.)",Other,None (No Improper Action),Other,No,Suspected Minor Injury,None,39.18837347,-77.20186459,"(39.18837347, -77.20186459)"
MCP3208005X,240040825,MONTGOMERY,Injury Crash,08/28/2024 09:37:00 PM,County Route,THAYER AVE,,,,Pedestrian,Single Vehicle,Clear,Dry,Dark - Lighted,No Controls,"Unknown, Unknown","Suspect of Alcohol Use, Not Suspect of Drug Use",1008F599-E9A3-4A01-9549-D52B19D0116B,Pedestrian,Other,"In Roadway Improperly (Standing, Lying, Working, Playing)",Shoulder/Roadside,No,Suspected Serious Injury,None,38.99307087,-77.02342134,"(38.99307087, -77.02342134)"
MCP3138006Z,240040952,MONTGOMERY,Injury Crash,08/29/2024 03:51:00 PM,County Route,,BRIARS RD HERITAGE HILLS DR,,,Pedestrian,Single Vehicle,Clear,Dry,Daylight,No Controls,"Not Suspect of Alcohol Use, Not Suspect of Drug Use","Not Suspect of Alcohol Use, Not Suspect of Drug Use",2F3B4857-59D3-4431-A02C-C4FDBA8EBFE2,Pedestrian,Cross/Enter at Intersection,"Dart/Dash, Failure to Obey Traffic Signs, Signals, or Officer, In Roadway Improperly (Standing, Lying, Working, Playing)",Intersection Other,Yes,Possible Injury,None,39.16749165,-77.06793965,"(39.16749165, -77.06793965)"
MCP33520023,240041163,MONTGOMERY,Property Damage Crash,08/30/2024 08:18:00 PM,,,,Parking Lot Way        PARKING LOT OF MONTGOMERY VILLAGE SHOPPING CENTER,,Pedestrian,Single Vehicle,Clear,,Dark - Lighted,,"Unknown, Unknown","Not Suspect of Alcohol Use, Not Suspect of Drug Use",AD72E5B7-3CC0-4E27-9EFC-86E61A0FD485,Pedestrian,Cross/Enter at Intersection,None (No Improper Action),Intersection Marked Crosswalk,No,No Apparent Injury,None,39.17096881,-77.20523324,"(39.17096881, -77.20523324)"
MCP31630085,250000880,MONTGOMERY,Injury Crash,01/07/2025 07:00:00 PM,County Route,ARLINGTON RD,,,,Pedestrian,Single Vehicle,Clear,Wet,Dark - Lighted,Traffic Control Signal,"Unknown, Unknown","Not Suspect of Alcohol Use, Not Suspect of Drug Use",F72E5564-0C6F-486A-BF2E-8DFC39678E69,Pedestrian,Cross/Enter at Intersection,None (No Improper Action),Intersection Marked Crosswalk,No,Suspected Minor Injury,None,38.97802135,-77.09870974,"(38.97802135, -77.09870974)"
MCP30300079,240062372,MONTGOMERY,Injury Crash,12/31/2024 09:24:00 PM,County Route,WILLARD AVE,,,,Pedestrian,Single Vehicle,Clear,Wet,Dark - Lighted,No Controls,"Not Suspect of Alcohol Use, Not Suspect of Drug Use","Suspect of Alcohol Use, Not Suspect of Drug Use",F69E0926-CC79-470F-BA12-B3D70FADA6B1,Pedestrian,Cross/Enter Not at Intersection,"Failure to Yield Right-Of-Way, Inattentive (Talking, Eating, etc.), Other",Travel Lane Other Location,Yes,Suspected Serious Injury,None,38.96230079,-77.08983301,"(38.96230079, -77.08983301)"
MCP2965009G,250000158,MONTGOMERY,Injury Crash,01/02/2025 10:42:00 AM,,,,Parking Lot Way        2201 RANDOLPH ROAD PARKING LOT,,Pedestrian,Single Vehicle,Cloudy,,Daylight,,"Not Suspect of Alcohol Use, Not Suspect of Drug Use","Not Suspect of Alcohol Use, Not Suspect of Drug Use",F3BBF6D1-981A-4ACD-BE6E-6CEB2E17C367,Pedestrian,Other,None (No Improper Action),Other,No,Possible Injury,None,39.06013417,-77.0479225,"(39.06013417, -77.0479225)"
EJ7781005J,250000147,GAITHERSBURG,Injury Crash,01/02/2025 09:23:00 AM,Municipality Route,SUFFIELD DR,,,,Pedestrian,Single Vehicle,Clear,Dry,Daylight,Pedestrian Crossing,"Not Suspect of Alcohol Use, Not Suspect of Drug Use","Not Suspect of Alcohol Use, Not Suspect of Drug Use",72742723-B235-41A8-9B01-FDC558419B0A,Pedestrian,Cross/Enter at Intersection,None (No Improper Action),Intersection Marked Crosswalk,No,Suspected Minor Injury,None,39.112492,-77.216267,"(39.112492, -77.216267)"
MCP9318003L,250000746,MONTGOMERY,Injury Crash,01/06/2025 04:56:00 PM,Maryland (State) Route,NEW HAMPSHIRE AVE,,,,Pedestrian,Single Vehicle,Blowing Snow,Ice/Frost,Dusk,Traffic Control Signal,"Suspect of Alcohol Use, Unknown","Not Suspect of Alcohol Use, Not Suspect of Drug Use",FA90791E-4AEC-4045-82D5-DD349E500310,Pedestrian,Walking/Cycling on Sidewalk,None (No Improper Action),Sidewalk,No,Suspected Serious Injury,None,39.01547538,-76.97754218,"(39.01547538, -76.97754218)"
MCP2635008X,240061584,MONTGOMERY,Fatal Crash,12/26/2024 11:13:00 AM,,,,Parking Stall        PARKING LOT OF 15618 OLD COLUMBIA PIKE.,,Pedestrian,Other,Cloudy,,Daylight,,"Not Suspect of Alcohol Use, Not Suspect of Drug Use","Unknown, Unknown",014B98E9-31BC-4BE8-B963-068F2AC52DCC,Pedestrian,Standing,Unknown,NonTrafficway Area,No,Fatal Injury,Unknown,39.11294203,-76.93497632,"(39.11294203, -76.93497632)"
EJ78870054,240060611,GAITHERSBURG,Injury Crash,12/19/2024 10:00:00 AM,Spur,,,,,Pedestrian,Single Vehicle,Clear,Dry,Daylight,Traffic Control Signal,"Unknown, Unknown","Not Suspect of Alcohol Use, Not Suspect of Drug Use",7BE8B32F-A450-4020-8862-1558793CFFCF,Pedestrian,Cross/Enter at Intersection,None (No Improper Action),Intersection Marked Crosswalk,No,Suspected Minor Injury,None,39.14985734,-77.20905439,"(39.14985734, -77.20905439)"
MCP9318003L,250000746,MONTGOMERY,Injury Crash,01/06/2025 04:56:00 PM,Maryland (State) Route,NEW HAMPSHIRE AVE,,,,Pedestrian,Single Vehicle,Blowing Snow,Ice/Frost,Dusk,Traffic Control Signal,"Suspect of Alcohol Use, Unknown","Not Suspect of Alcohol Use, Not Suspect of Drug Use",53D26F2E-4E1F-408F-ACA4-48061768E521,Pedestrian,Walking/Cycling on Sidewalk,None (No Improper Action),Sidewalk,No,Suspected Serious Injury,None,39.01547538,-76.97754218,"(39.01547538, -76.97754218)"
MCP93650030,240061856,MONTGOMERY,Injury Crash,12/28/2024 08:36:00 AM,Maryland (State) Route,NEW HAMPSHIRE AVE,,,,Pedestrian,Single Vehicle,Rain,Wet,Daylight,No Controls,"Not Suspect of Alcohol Use, Not Suspect of Drug Use","Not Suspect of Alcohol Use, Not Suspect of Drug Use",EABC1B0D-DCA2-4167-8A58-0221E4A81BEF,Pedestrian,Cross/Enter Not at Intersection,"In Roadway Improperly (Standing, Lying, Working, Playing)",Other,Yes,Suspected Minor Injury,None,39.03913726,-76.99025917,"(39.03913726, -76.99025917)"
MCP9318003L,250000746,MONTGOMERY,Injury Crash,01/06/2025 04:56:00 PM,Maryland (State) Route,NEW HAMPSHIRE AVE,,,,Pedestrian,Single Vehicle,Blowing Snow,Ice/Frost,Dusk,Traffic Control Signal,"Suspect of Alcohol Use, Unknown","Not Suspect of Alcohol Use, Not Suspect of Drug Use",17991FC0-C7EE-4FE5-993C-EABCAF82721B,Pedestrian,Walking/Cycling on Sidewalk,None (No Improper Action),Sidewalk,No,Suspected Serious Injury,None,39.01547538,-76.97754218,"(39.01547538, -76.97754218)"
MCP2902006X,240060840,MONTGOMERY,Injury Crash,12/20/2024 11:38:00 AM,County Route,CENTURY BLVD,MIDDLEBROOK RD (WB/L),,,Pedestrian,Unknown,Snow,Wet,Daylight,Traffic Control Signal,"Unknown, Unknown","Unknown, Unknown",7DA5AB89-4280-4B80-8DA0-8D72C43F5091,Pedestrian,Cross/Enter at Intersection,Unknown,Intersection Unmarked Crosswalk,No,Suspected Minor Injury,None,39.18035046,-77.26828517,"(39.18035046, -77.26828517)"
MCP3348003D,240041593,MONTGOMERY,Injury Crash,09/02/2024 06:22:00 PM,County Route,ASPEN HILL RD,PARKLAND DR,,,Pedestrian,Single Vehicle,Clear,Dry,Daylight,Traffic Control Signal,"Not Suspect of Alcohol Use, Not Suspect of Drug Use","Not Suspect of Alcohol Use, Not Suspect of Drug Use",8DF4A5C5-1E7B-45BC-86BC-8A7719E4A4BB,Pedestrian,Cross/Enter at Intersection,Dart/Dash,Intersection Marked Crosswalk,No,Suspected Serious Injury,None,39.07915718,-77.08712813,"(39.07915718, -77.08712813)"
MCP289100DS,240039168,MONTGOMERY,Injury Crash,08/19/2024 01:48:00 PM,County Route,DALE DR,,,,Scooter (electric),Single Vehicle,Clear,Dry,Daylight,Traffic Control Signal,"Not Suspect of Alcohol Use, Not Suspect of Drug Use","Not Suspect of Alcohol Use, Not Suspect of Drug Use",B3186629-BBAB-4B47-ACA9-CE66937778F5,Scooter (electric),Cross/Enter at Intersection,"Inattentive (Talking, Eating, etc.), None (No Improper Action)",Intersection Marked Crosswalk,No,Suspected Minor Injury,None,39.00521457,-77.02278187,"(39.00521457, -77.02278187)"
MCP3376001Y,240042272,MONTGOMERY,Property Damage Crash,09/06/2024 01:01:00 PM,County Route,KARA LA,E RANDOLPH RD,,,Cyclist (non-electric),Single Vehicle,Cloudy,Dry,Daylight,Stop Sign,"Not Suspect of Alcohol Use, Not Suspect of Drug Use","Not Suspect of Alcohol Use, Not Suspect of Drug Use",FCDE40FF-5CA3-4995-AFDA-D37BABEF8B70,Cyclist (non-electric),Cross/Enter at Intersection,None (No Improper Action),Intersection Unmarked Crosswalk,No,No Apparent Injury,Unknown,39.0755665,-77.00053517,"(39.0755665, -77.00053517)"
EJ79060011,240042354,GAITHERSBURG,Injury Crash,09/06/2024 06:55:00 PM,Maryland (State) Route,W DIAMOND AVE (WB/L),PERRY PKWY,,,Cyclist (non-electric),Unknown,Clear,Dry,Daylight,Traffic Control Signal,"Not Suspect of Alcohol Use, Not Suspect of Drug Use","Not Suspect of Alcohol Use, Not Suspect of Drug Use",C420F328-9A19-48F8-9DE7-242B60A20548,Cyclist (non-electric),Cross/Enter at Intersection,None (No Improper Action),Intersection Marked Crosswalk,No,Suspected Minor Injury,None,39.14053567,-77.20945223,"(39.14053567, -77.20945223)"
MCP12270023,240026236,MONTGOMERY,Fatal Crash,06/03/2024 01:17:00 AM,Municipality Route,ANNE AVE,UNIVERSITY BLVD,,,Pedestrian,Single Vehicle,Clear,Dry,Dark - Lighted,No Controls,"Unknown, Unknown","Suspect of Alcohol Use, Unknown",BA381716-889B-48F0-97C9-73347B116913,Pedestrian,Standing,"In Roadway Improperly (Standing, Lying, Working, Playing), Not Visible (Dark Clothing, No Lighting, etc.)",Travel Lane Other Location,Yes,Fatal Injury,None,38.99090245,-76.98979047,"(38.99090245, -76.98979047)"
EJ7879004D,240042885,GAITHERSBURG,Injury Crash,09/09/2024 09:13:00 PM,County Route,FIELDS RD,ELLINGTON BLVD RIO BLVD,,,Pedestrian,Single Vehicle,Clear,Dry,Dark - Lighted,Traffic Control Signal,"Not Suspect of Alcohol Use, Not Suspect of Drug Use","Not Suspect of Alcohol Use, Not Suspect of Drug Use",1ABF9F17-3210-44F7-8082-3E820B05CA93,Pedestrian,Cross/Enter at Intersection,None (No Improper Action),Intersection Marked Crosswalk,No,Suspected Minor Injury,None,39.11583623,-77.20382941,"(39.11583623, -77.20382941)"