Report Number,Local Case Number,Agency Name,ACRS Report Type,Crash Date/Time,Route Type,Road Name,Cross-Street Name,Off-Road Description,Municipality,Related Non-Motorist,Collision Type,Weather,Surface Condition,Light,Traffic Control,Driver Substance Abuse,Non-Motorist Substance Abuse,Person ID,Pedestrian Type,Pedestrian Movement,Pedestrian Actions,Pedestrian Location,At Fault,Injury Severity,Safety Equipment,Latitude,Longitude,Location
MCP3107002Y,240044713,MONTGOMERY,Injury Crash,09/19/2024 02:31:00 PM,Local Route,DECKER PL,,,,Unknown Type Of Non-Motorist,Single Vehicle,Clear,Dry,Daylight,No Controls,"Not Suspect of Alcohol Use, Not Suspect of Drug Use","Not Suspect of Alcohol Use, Not Suspect of Drug Use",7E25067C-DB41-4629-95A2-86C67C172A0D,Unknown Type Of Non-Motorist,Other Working,"In Roadway Improperly (Standing, Lying, Working, Playing)",Travel Lane Other Location,No,Suspected Minor Injury,None,39.126935,-77.16730333,"(39.126935, -77.16730333)"
EJ79060013,240045114,GAITHERSBURG,Injury Crash,09/21/2024 07:10:00 PM,Maryland (State) Route,CLOPPER RD,FIRSTFIELD RD (EB/L),,,Pedestrian,Single Vehicle,Cloudy,Dry,Daylight,Traffic Control Signal,"Not Suspect of Alcohol Use, Not Suspect of Drug Use","Not Suspect of Alcohol Use, Not Suspect of Drug Use",E2DB23E2-68FE-4BEC-B31C-0B13DA26576D,Pedestrian,Cross/Enter at Intersection,Unknown,Intersection Marked Crosswalk,No,Suspected Minor Injury,None,39.14380693,-77.223874,"(39.14380693, -77.223874)"
MCP30950059,240044510,MONTGOMERY,Injury Crash,09/18/2024 02:46:00 PM,Maryland (State) Route,NEW HAMPSHIRE AVE (SB/L),,,,Cyclist (non-electric),Single Vehicle,Clear,Dry,Daylight,Traffic Control Signal,"Not Suspect of Alcohol Use, Not Suspect of Drug Use","Not Suspect of Alcohol Use, Not Suspect of Drug Use",7BC5F509-8F9B-4E9C-A0FD-54F7E21AFF4C,Cyclist (non-electric),Walking/Cycling Along Roadway With Traffic (In or Adjacent to Travel Lane),Improper Turn/Merge),OnStreet Bike Lanes,Yes,Suspected Minor Injury,Helmet,39.06405568,-76.99955396,"(39.06405568, -76.99955396)"
MCP271700Z9,250001637,MONTGOMERY,Injury Crash,01/13/2025 08:45:00 AM,County Route,SUTHERLAND RD,TIMBERWOOD AVE,,,Pedestrian,Single Vehicle,Clear,Dry,Daylight,Stop Sign,"Not Suspect of Alcohol Use, Not Suspect of Drug Use","Not Suspect of Alcohol Use, Not Suspect of Drug Use",0970613A-8F9A-4DCB-BFC7-E8D9F1AA88EF,Pedestrian,Cross/Enter at Intersection,None (No Improper Action),Intersection Marked Crosswalk,No,Suspected Minor Injury,None,39.02191,-77.01285167,"(39.02191, -77.01285167)"
DD5567006Z,250002219,ROCKVILLE,Injury Crash,01/16/2025 06:47:00 PM,Maryland (State) Route,HUNGERFORD DR (SB/L),,,,Pedestrian,Single Vehicle,Snow,Wet,Dark - Lighted,No Controls,"Not Suspect of Alcohol Use, Not Suspect of Drug Use","Unknown, Unknown",B8CD85D9-85E8-438A-A2FC-F8EC6485D468,Pedestrian,Cross/Enter Not at Intersection,Other,Travel Lane Other Location,No,Suspected Serious Injury,None,39.09430848,-77.1533965,"(39.09430848, -77.1533965)"
MCP34020026,240044812,MONTGOMERY,Injury Crash,09/20/2024 07:40:00 AM,Maryland (State) Route,UNIVERSITY BLVD E (WB/L),,,,Pedestrian,Single Vehicle,Clear,Dry,Daylight,Stop Sign,"Unknown, Unknown","Not Suspect of Alcohol Use, Not Suspect of Drug Use",80176A87-F4C0-48F3-BEAE-39023CE0AFCC,Pedestrian,Cross/Enter at Intersection,None (No Improper Action),Intersection Unmarked Crosswalk,No,Suspected Minor Injury,None,38.99833151,-76.99462998,"(38.99833151, -76.99462998)"
MCP271700Z4,240046156,MONTGOMERY,Injury Crash,09/27/2024 12:30:00 PM,Ramp,RAMP 8 FR IS 270 SB TO WATKINS MILL RD,,,,Cyclist (non-electric),Single Vehicle,Rain,Wet,Daylight,No Controls,"Not Suspect of Alcohol Use, Not Suspect of Drug Use","Not Suspect of Alcohol Use, Not Suspect of Drug Use",10E00786-EAC4-4FF2-9D64-9CE30DE1BBF4,Cyclist (non-electric),Cross/Enter at Intersection,"Dart/Dash, Failure to Obey Traffic Signs, Signals, or Officer, Failure to Yield Right-Of-Way",Intersection Marked Crosswalk,Yes,Suspected Minor Injury,None,39.15582333,-77.227325,"(39.15582333, -77.227325)"
MCP3053007Q,240044737,MONTGOMERY,Injury Crash,09/18/2024 05:35:00 PM,Maryland (State) Route,NEW HAMPSHIRE AVE,HOBBS DR,,,Pedestrian,Single Vehicle,Clear,,Daylight,No Controls,"Unknown, Unknown","Not Suspect of Alcohol Use, Not Suspect of Drug Use",1E24AF9C-9297-41B4-8427-334985AD48F5,Pedestrian,Cross/Enter Not at Intersection,None (No Improper Action),Midblock Marked Crosswalk,No,Suspected Minor Injury,Unknown,39.08503042,-76.999633,"(39.08503042, -76.999633)"
MCP3176002T,240046564,MONTGOMERY,Injury Crash,09/29/2024 11:06:00 PM,US (State),COLESVILLE RD,,,,Pedestrian,Single Vehicle,Rain,Wet,Dark - Lighted,Traffic Control Signal,"Not Suspect of Alcohol Use, Not Suspect of Drug Use","Suspect of Alcohol Use, Not Suspect of Drug Use",D0C45196-07E6-4D8F-8AFE-3427799A6336,Pedestrian,Other,"In Roadway Improperly (Standing, Lying, Working, Playing)",Travel Lane Other Location,Yes,Suspected Minor Injury,None,38.99925033,-77.02606583,"(38.99925033, -77.02606583)"
MCP209400NS,240042953,MONTGOMERY,Injury Crash,09/10/2024 10:03:00 AM,County Route,HAMILTON SPRING RD,,,,Pedestrian,Single Vehicle,Clear,Dry,Daylight,No Controls,"Not Suspect of Alcohol Use, Not Suspect of Drug Use","Not Suspect of Alcohol Use, Not Suspect of Drug Use",DC94A828-0C6B-413E-BF3E-AA474326FB9A,Pedestrian,Other Working,Other,Other,Yes,Possible Injury,Reflectors,38.98861496,-77.16815297,"(38.98861496, -77.16815297)"
MCP2674005Q,250002569,MONTGOMERY,Injury Crash,01/18/2025 06:47:00 PM,Maryland (State) Route,,,,,Pedestrian,Single Vehicle,Clear,Dry,Dark - Not Lighted,No Controls,"Not Suspect of Alcohol Use, Not Suspect of Drug Use","Unknown, Unknown",1FE3C196-BB64-4285-8AA7-A39018B2DC3D,Pedestrian,Unknown,Unknown,Travel Lane Other Location,No,Suspected Serious Injury,None,39.18938693,-77.12064713,"(39.18938693, -77.12064713)"
EJ78370089,250001564,GAITHERSBURG,Injury Crash,01/12/2025 03:40:00 PM,Municipality Route,CHRISTOPHER AVE (SB/L),,,,Pedestrian,Single Vehicle,Clear,Dry,Daylight,No Controls,"Unknown, Unknown","Not Suspect of Alcohol Use, Not Suspect of Drug Use",4AF06637-96E0-4250-A7AC-657F3C7E1D3F,Pedestrian,Cross/Enter at Intersection,Dart/Dash,Travel Lane Other Location,Yes,Suspected Minor Injury,None,39.15636366,-77.21479688,"(39.15636366, -77.21479688)"
MCP33620053,250002637,MONTGOMERY,Injury Crash,01/19/2025 11:16:00 AM,County Route,E RANDOLPH RD (WB/L),SERPENTINE WAY,,,Pedestrian,Single Vehicle,Rain,Wet,Daylight,Traffic Control Signal,"Not Suspect of Alcohol Use, Not Suspect of Drug Use","Not Suspect of Alcohol Use, Not Suspect of Drug Use",6864B622-2D88-4CCD-A603-1DE3516798DB,Pedestrian,Cross/Enter at Intersection,"Failure to Obey Traffic Signs, Signals, or Officer",Intersection Marked Crosswalk,No,Suspected Serious Injury,None,39.06435178,-76.96927712,"(39.06435178, -76.96927712)"
MCP2921005H,250002583,MONTGOMERY,Injury Crash,01/18/2025 06:40:00 PM,Bicycle Route,,,,,Pedestrian,Single Vehicle,Clear,Dry,Dark - Lighted,Stop Sign,"Not Suspect of Alcohol Use, Not Suspect of Drug Use","Not Suspect of Alcohol Use, Not Suspect of Drug Use",86A22F48-8736-4C68-8611-EF9676A6F904,Pedestrian,Walking/Cycling on Sidewalk,None (No Improper Action),Intersection Marked Crosswalk,No,Possible Injury,None,39.2009622,-77.24558661,"(39.2009622, -77.24558661)"
MCP31610071,240047101,MONTGOMERY,Injury Crash,10/02/2024 07:15:00 PM,Maryland (State) Route,CONNECTICUT AVE,,,,Pedestrian,Single Vehicle,Clear,Wet,Dark - Lighted,"Person (including flagger, law enforcement, crossing guard, etc.","Not Suspect of Alcohol Use, Not Suspect of Drug Use","Not Suspect of Alcohol Use, Not Suspect of Drug Use",11E8F4D3-45FD-4B57-A4DB-6BCF318E2BDC,Pedestrian,Standing,None (No Improper Action),Travel Lane Other Location,No,Suspected Minor Injury,"Reflective Wear (backpack, triangles, etc.)",39.02002633,-77.0770985,"(39.02002633, -77.0770985)"
MCP3334002Y,240046369,MONTGOMERY,Injury Crash,09/28/2024 04:40:00 PM,US (State),GEORGIA AVE (SB/L),,,,Pedestrian,Single Vehicle,Clear,Dry,Daylight,Traffic Control Signal,"Not Suspect of Alcohol Use, Not Suspect of Drug Use","Not Suspect of Alcohol Use, Not Suspect of Drug Use",2CF40C5F-8E46-4C91-9A5C-1450840DD162,Pedestrian,Cross/Enter at Intersection,"Failure to Obey Traffic Signs, Signals, or Officer, Inattentive (Talking, Eating, etc.), Other",Travel Lane Other Location,Yes,Suspected Minor Injury,None,38.99593199,-77.02818202,"(38.99593199, -77.02818202)"
MCP27610067,240044229,MONTGOMERY,Injury Crash,09/16/2024 08:30:00 PM,County Route,LEAMAN FARM RD,KINGSVIEW VILLAGE AVE KINGSVIEW VILLAGE AVE (NB/L),,,Pedestrian,Single Vehicle,Clear,Dry,Dark - Lighted,No Controls,"Unknown, Unknown","Not Suspect of Alcohol Use, Not Suspect of Drug Use",CF55275E-D96B-471A-AB84-30A1ECA5DDCB,Pedestrian,Cross/Enter at Intersection,None (No Improper Action),Intersection Unmarked Crosswalk,No,Suspected Minor Injury,None,39.15930392,-77.28042855,"(39.15930392, -77.28042855)"
MCP33560027,240045990,MONTGOMERY,Injury Crash,09/26/2024 03:53:00 PM,,,,Parking Lot Way        PANERA BREAD PARKING LOT,,Cyclist (Electric),Single Vehicle,Cloudy,,Daylight,,"Not Suspect of Alcohol Use, Not Suspect of Drug Use","Not Suspect of Alcohol Use, Not Suspect of Drug Use",207705B6-9E23-49B2-A4ED-BC2AF537F97F,Cyclist (Electric),Walking/Cycling Along Roadway With Traffic (In or Adjacent to Travel Lane),"Failure to Obey Traffic Signs, Signals, or Officer, Failure to Yield Right-Of-Way, Improper Passing",NonTrafficway Area,Yes,Possible Injury,None,39.18289181,-77.2623601,"(39.18289181, -77.2623601)"
EJ7887004S,240046352,GAITHERSBURG,Injury Crash,09/28/2024 02:30:00 PM,Municipality Route,PARAMOUNT PARK DR (NB/L),,,,Pedestrian,Single Vehicle,Clear,Dry,Daylight,Stop Sign,"Not Suspect of Alcohol Use, Not Suspect of Drug Use","Not Suspect of Alcohol Use, Not Suspect of Drug Use",633628D3-6AA5-4A4C-9635-46367BD595A4,Pedestrian,Cross/Enter at Intersection,None (No Improper Action),Intersection Marked Crosswalk,No,Suspected Minor Injury,None,39.15972691,-77.22149262,"(39.15972691, -77.22149262)"
DD5538004L,240045915,ROCKVILLE,Injury Crash,09/26/2024 11:05:00 AM,Crossover,,ROCKVILLE PIKE (SB/L),,,Scooter (electric),Single Vehicle,Cloudy,Dry,Daylight,No Controls,"Not Suspect of Alcohol Use, Not Suspect of Drug Use","Not Suspect of Alcohol Use, Not Suspect of Drug Use",E1936396-7B55-4446-BB12-1ABA81171489,Scooter (electric),Walking/Cycling on Sidewalk,Wrong-Way Riding or Walking,Driveway Access,No,Suspected Minor Injury,None,39.07618433,-77.13862431,"(39.07618433, -77.13862431)"
MCP3426000D,240044710,MONTGOMERY,Injury Crash,09/19/2024 02:02:00 PM,County Route,NEBEL ST,NICHOLSON CT NICHOLSON LA,,,Unknown Type Of Non-Motorist,Single Vehicle,Clear,Dry,Daylight,Traffic Control Signal,"Not Suspect of Alcohol Use, Not Suspect of Drug Use","Not Suspect of Alcohol Use, Not Suspect of Drug Use",7129CACA-0AE6-4702-9111-AA7B955E916F,Unknown Type Of Non-Motorist,Walking/Cycling Along Roadway With Traffic (In or Adjacent to Travel Lane),None (No Improper Action),Intersection Marked Crosswalk,No,Suspected Minor Injury,None,39.04521033,-77.10432437,"(39.04521033, -77.10432437)"
EJ7879004G,240046533,GAITHERSBURG,Property Damage Crash,09/29/2024 05:19:00 PM,Municipality Route,GIRARD ST,,,,Pedestrian,Single Vehicle,Clear,Dry,Daylight,No Controls,"Not Suspect of Alcohol Use, Not Suspect of Drug Use","Not Suspect of Alcohol Use, Not Suspect of Drug Use",48335FD5-6641-43C8-9387-A666326109A1,Pedestrian,Cross/Enter Not at Intersection,Dart/Dash,Other,Yes,No Apparent Injury,None,39.1495921,-77.18822317,"(39.1495921, -77.18822317)"
MCP3432000N,240044034,MONTGOMERY,Injury Crash,09/16/2024 07:39:00 AM,County Route,DALEWOOD DR,,,,Pedestrian,Single Vehicle,Clear,Dry,Daylight,No Controls,"Not Suspect of Alcohol Use, Not Suspect of Drug Use","Not Suspect of Alcohol Use, Not Suspect of Drug Use",7BEE2CBA-97EF-473A-BC56-705C999ADE11,Pedestrian,Cross/Enter Not at Intersection,"Dart/Dash, In Roadway Improperly (Standing, Lying, Working, Playing)",Travel Lane Other Location,No,Suspected Minor Injury,None,39.06223785,-77.06695588,"(39.06223785, -77.06695588)"
MCP12330069,250002561,MONTGOMERY,Injury Crash,01/18/2025 06:18:00 PM,Maryland (State) Route,CONNECTICUT AVE,,,,Pedestrian,Angle,Cloudy,Wet,Dark - Not Lighted,"Other Pavement Marking (excluding edgelines, centerlines, or lane lines)","Unknown, Unknown, Unknown, Unknown","Unknown, Not Suspect of Drug Use",FDD7C866-0AFD-4245-8FB6-5297CFDB0FBD,Pedestrian,Cross/Enter Not at Intersection,"Failure to Obey Traffic Signs, Signals, or Officer, In Roadway Improperly (Standing, Lying, Working, Playing), Not Visible (Dark Clothing, No Lighting, etc.)",Travel Lane Other Location,Yes,Suspected Serious Injury,None,39.02989244,-77.0757573,"(39.02989244, -77.0757573)"
EJ78880079,240061786,GAITHERSBURG,Property Damage Crash,12/27/2024 05:32:00 PM,Maryland (State) Route,S FREDERICK RD,N WESTLAND DR,,,Pedestrian,Single Vehicle,Clear,Dry,Dark - Not Lighted,No Controls,"Not Suspect of Alcohol Use, Not Suspect of Drug Use","Not Suspect of Alcohol Use, Not Suspect of Drug Use",2F906921-F77C-4806-81CA-4E3F71CCE506,Pedestrian,Other,None (No Improper Action),Other,No,No Apparent Injury,None,39.12806934,-77.18514418,"(39.12806934, -77.18514418)"
MCP33870029,250001836,MONTGOMERY,Injury Crash,01/14/2025 01:51:00 PM,US (State),COLUMBIA PIKE (SB/L),,,,Pedestrian,Front to Rear,Clear,Dry,Daylight,No Controls,"Not Suspect of Alcohol Use, Not Suspect of Drug Use, Not Suspect of Alcohol Use, Not Suspect of Drug Use","Not Suspect of Alcohol Use, Not Suspect of Drug Use",17F640ED-E11E-4D5D-B70F-F54BB705F38E,Pedestrian,Standing,None (No Improper Action),Other,No,Suspected Serious Injury,None,39.09591365,-76.93798931,"(39.09591365, -76.93798931)"
MCP3111008V,240062257,MONTGOMERY,Injury Crash,12/31/2024 09:00:00 AM,,,,Parking Lot Way        PARKING LOT AT 4206 LELAND ST,,Pedestrian,Single Vehicle,Clear,,Daylight,,"Not Suspect of Alcohol Use, Not Suspect of Drug Use","Not Suspect of Alcohol Use, Not Suspect of Drug Use",F2C05462-2097-4E7F-863B-DEFB0E6033B3,Pedestrian,Cross/Enter Not at Intersection,None (No Improper Action),NonTrafficway Area,No,Suspected Minor Injury,None,38.98000196,-77.09102309,"(38.98000196, -77.09102309)"
MCP32140037,250002703,MONTGOMERY,Property Damage Crash,01/19/2025 09:33:00 PM,Maryland (State) Route,FREDERICK RD,,,,Occupant Of a Non-Motor Vehicle Transportation Device,Single Vehicle,Snow,Slush,Dark - Lighted,No Controls,"Not Suspect of Alcohol Use, Not Suspect of Drug Use","Not Suspect of Alcohol Use, Not Suspect of Drug Use",257C57BB-86D8-42E9-932B-E1E0B5475043,Occupant Of a Non-Motor Vehicle Transportation Device,Other Working,None (No Improper Action),Travel Lane Other Location,No,No Apparent Injury,None,39.19783683,-77.24470167,"(39.19783683, -77.24470167)"
MCP12330069,250002561,MONTGOMERY,Injury Crash,01/18/2025 06:18:00 PM,Maryland (State) Route,CONNECTICUT AVE,,,,Pedestrian,Angle,Cloudy,Wet,Dark - Not Lighted,No Controls,"Unknown, Unknown, Unknown, Unknown","Unknown, Not Suspect of Drug Use",FDD7C866-0AFD-4245-8FB6-5297CFDB0FBD,Pedestrian,Cross/Enter Not at Intersection,"Failure to Obey Traffic Signs, Signals, or Officer, In Roadway Improperly (Standing, Lying, Working, Playing), Not Visible (Dark Clothing, No Lighting, etc.)",Travel Lane Other Location,Yes,Suspected Serious Injury,None,39.02989244,-77.0757573,"(39.02989244, -77.0757573)"
MCP3426000X,250002513,MONTGOMERY,Injury Crash,01/18/2025 12:03:00 AM,County Route,KENNEDY DR,,,,Pedestrian,Single Vehicle,Clear,Dry,Dark - Lighted,No Controls,"Not Suspect of Alcohol Use, Not Suspect of Drug Use","Not Suspect of Alcohol Use, Not Suspect of Drug Use",595857E4-D214-4AFB-A072-9B22285E8588,Pedestrian,Getting Off/On Vehicle,None (No Improper Action),Other,No,Suspected Serious Injury,None,38.97124387,-77.10298577,"(38.97124387, -77.10298577)"
MCP31090093,240046743,MONTGOMERY,Fatal Crash,09/30/2024 07:55:00 PM,County Route,HIGH POINT DR,FREDERICK RD (SB/L),,,Pedestrian,Single Vehicle,Rain,Wet,Dark - Not Lighted,No Controls,"Not Suspect of Alcohol Use, Not Suspect of Drug Use","Not Suspect of Alcohol Use, Not Suspect of Drug Use",C78B4453-F227-47C9-B476-C49675078EF5,Pedestrian,Cross/Enter at Intersection,"Dart/Dash, Not Visible (Dark Clothing, No Lighting, etc.)",Intersection Other,Yes,Fatal Injury,None,39.16886161,-77.23415877,"(39.16886161, -77.23415877)"
MCP3230006G,250003075,MONTGOMERY,Injury Crash,01/22/2025 02:57:00 PM,Maryland (State) Route,CONNECTICUT AVE,,,,Pedestrian,Single Vehicle,Clear,Dry,Daylight,No Controls,"Not Suspect of Alcohol Use, Not Suspect of Drug Use","Not Suspect of Alcohol Use, Not Suspect of Drug Use",FE23F887-93D0-4586-8CB7-6E3F9D2DB262,Pedestrian,Cross/Enter Not at Intersection,"In Roadway Improperly (Standing, Lying, Working, Playing)",Travel Lane Other Location,No,Suspected Minor Injury,None,39.08053011,-77.08035865,"(39.08053011, -77.08035865)"
DD56580038,250003552,ROCKVILLE,Injury Crash,01/25/2025 12:08:00 PM,Municipality Route,SHERBROOKE WAY,HURLEY AVE,,,Pedestrian,Single Vehicle,Clear,Dry,Daylight,No Controls,"Unknown, Unknown","Not Suspect of Alcohol Use, Not Suspect of Drug Use",B271683B-03A4-4BE8-B25C-4EF727C974F3,Pedestrian,Walking/Cycling on Sidewalk,Unknown,Sidewalk,No,Possible Injury,None,39.08219505,-77.18338282,"(39.08219505, -77.18338282)"
MCP2583004K,250003570,MONTGOMERY,Injury Crash,01/25/2025 02:32:00 PM,County Route,FINEGAN FARM DR,,,,Scooter (electric),Single Vehicle,Clear,Ice/Frost,Daylight,No Controls,"Not Suspect of Alcohol Use, Not Suspect of Drug Use","Not Suspect of Alcohol Use, Not Suspect of Drug Use",9A76F68F-8853-4512-BB26-2ABBF5F7BC47,Scooter (electric),Walking/Cycling Along Roadway Against Traffic (In or Adjacent to Travel Lane),Unknown,Travel Lane Other Location,No,Suspected Minor Injury,Unknown,39.10148117,-77.32793333,"(39.10148117, -77.32793333)"
MCP3322002Z,240051917,MONTGOMERY,Fatal Crash,10/30/2024 05:24:00 AM,Maryland (State) Route,VEIRS MILL RD (WB/L),,,,Pedestrian,Single Vehicle,Clear,Dry,Dark - Lighted,No Controls,"Not Suspect of Alcohol Use, Not Suspect of Drug Use","Not Suspect of Alcohol Use, Not Suspect of Drug Use",4A59CC70-0586-4926-BEC1-D7EFDAA181F8,Pedestrian,Cross/Enter Not at Intersection,Dart/Dash,Travel Lane Other Location,Yes,Fatal Injury,None,39.06423972,-77.09653569,"(39.06423972, -77.09653569)"
MCP12270028,240062364,MONTGOMERY,Injury Crash,12/31/2024 06:13:00 PM,County Route,E FRANKLIN AVE,UNIVERSITY BLVD E (WB/L),,,Pedestrian,Single Vehicle,Rain,Wet,Dark - Lighted,Pedestrian Crossing,"Not Suspect of Alcohol Use, Not Suspect of Drug Use","Suspect of Alcohol Use, Not Suspect of Drug Use",A6DEC110-93C4-45B1-B56B-CAF296493DF5,Pedestrian,Cross/Enter at Intersection,"Failure to Obey Traffic Signs, Signals, or Officer, Not Visible (Dark Clothing, No Lighting, etc.)",Intersection Marked Crosswalk,No,Suspected Serious Injury,None,39.01210985,-77.00250114,"(39.01210985, -77.00250114)"
EJ7894005J,250003034,GAITHERSBURG,Injury Crash,01/22/2025 10:50:00 AM,County Route,SHADY GROVE RD (SB/L),CHOKE CHERRY RD CHOKE CHERRY RD (WB/L),,,Pedestrian,Single Vehicle,Clear,Dry,Daylight,No Controls,"Not Suspect of Alcohol Use, Not Suspect of Drug Use","Not Suspect of Alcohol Use, Not Suspect of Drug Use",8138B86E-BA2A-4C16-A6F9-C8D5D8725ED5,Pedestrian,Other,Unknown,Unknown,No,Possible Injury,None,39.11474287,-77.18596296,"(39.11474287, -77.18596296)"
DM84450027,250003780,TAKOMA,Injury Crash,01/27/2025 09:17:00 AM,Municipality Route,GRANT AVE,MAPLE AVE,,,Cyclist (non-electric),Single Vehicle,Clear,Dry,Daylight,Stop Sign,"Not Suspect of Alcohol Use, Not Suspect of Drug Use","Not Suspect of Alcohol Use, Not Suspect of Drug Use",1AF4C35D-88CB-457F-8869-20C00E33D092,Cyclist (non-electric),Cross/Enter at Intersection,Failure to Yield Right-Of-Way,Intersection Other,No,Possible Injury,Helmet,38.98154383,-77.00947151,"(38.98154383, -77.00947151)"
MCP3238003B,250003039,MONTGOMERY,Injury Crash,01/22/2025 12:04:00 PM,Maryland (State) Route,GEORGIA AVE,,,,Pedestrian,Single Vehicle,Clear,Dry,Daylight,Other,"Not Suspect of Alcohol Use, Not Suspect of Drug Use","Not Suspect of Alcohol Use, Not Suspect of Drug Use",D949CE0B-1BAB-4990-8059-B80CABAB78E4,Pedestrian,Cross/Enter at Intersection,None (No Improper Action),Intersection Marked Crosswalk,No,Possible Injury,None,38.99811483,-77.02993294,"(38.99811483, -77.02993294)"
DD5663001S,250003282,ROCKVILLE,Injury Crash,01/23/2025 05:45:00 PM,Maryland (State) Route,ROCKVILLE PIKE,THOMPSON AVE,,,Pedestrian,Single Vehicle,Clear,Dry,Dark - Lighted,Stop Sign,"Not Suspect of Alcohol Use, Not Suspect of Drug Use","Not Suspect of Alcohol Use, Not Suspect of Drug Use",4F57714A-C84E-4D85-BA3B-C0F5193E1712,Pedestrian,Cross/Enter at Intersection,None (No Improper Action),Intersection Marked Crosswalk,No,Suspected Minor Injury,None,39.05935745,-77.12167285,"(39.05935745, -77.12167285)"
MCP33860025,250000221,MONTGOMERY,Injury Crash,01/16/2025 06:10:00 PM,County Route,CHELTENHAM DR,,,,Cyclist (non-electric),Single Vehicle,Snow,Wet,Dark - Not Lighted,No Controls,"Not Suspect of Alcohol Use, Not Suspect of Drug Use","Not Suspect of Alcohol Use, Not Suspect of Drug Use",28C3831D-7513-46F6-ABF0-BAC73169CB28,Cyclist (non-electric),Walking/Cycling Along Roadway Against Traffic (In or Adjacent to Travel Lane),None (No Improper Action),Travel Lane Other Location,No,Suspected Minor Injury,Helmet,38.98819517,-77.09462217,"(38.98819517, -77.09462217)"