Report Number,Local Case Number,Agency Name,ACRS Report Type,Crash Date/Time,Route Type,Road Name,Cross-Street Name,Off-Road Description,Municipality,Related Non-Motorist,Collision Type,Weather,Surface Condition,Light,Traffic Control,Driver Substance Abuse,Non-Motorist Substance Abuse,Person ID,Pedestrian Type,Pedestrian Movement,Pedestrian Actions,Pedestrian Location,At Fault,Injury Severity,Safety Equipment,Latitude,Longitude,Location
MCP2931007N,250012120,MONTGOMERY,Injury Crash,03/19/2025 06:36:00 PM,County Route,TWINBROOK PKWY,,,,Scooter (electric),Single Vehicle,Clear,Dry,Daylight,No Controls,"Not Suspect of Alcohol Use, Not Suspect of Drug Use","Not Suspect of Alcohol Use, Not Suspect of Drug Use",8CA5CF67-4C01-4565-9C3E-0C99371B061F,Scooter (electric),Other,"None (No Improper Action), Unknown",Travel Lane Other Location,Yes,No Apparent Injury,None,39.06827067,-77.11413267,"(39.06827067, -77.11413267)"
MCP302600DL,250012584,MONTGOMERY,Injury Crash,03/21/2025 06:20:00 PM,,,,Parking Lot Way        ENTRANCE / EXIT TO PARKING GARAGE,,Wheelchair (electric),Single Vehicle,Clear,,Unknown,,"Unknown, Unknown","Not Suspect of Alcohol Use, Not Suspect of Drug Use",6FDECB7B-D95E-430C-ADB1-1357DCF3C72D,Wheelchair (electric),Walking/Cycling Along Roadway With Traffic (In or Adjacent to Travel Lane),None (No Improper Action),Driveway Access,No,Suspected Minor Injury,Other,39.04269526,-77.11276741,"(39.04269526, -77.11276741)"
MCP283200BL,250011627,MONTGOMERY,Injury Crash,03/17/2025 10:45:00 AM,Municipality Route,FARRAGUT AVE,LEXINGTON ST,,,Pedestrian,Single Vehicle,Clear,Dry,Daylight,Stop Sign,"Not Suspect of Alcohol Use, Not Suspect of Drug Use","Not Suspect of Alcohol Use, Not Suspect of Drug Use",4255432F-FE24-43BB-83D9-3BA46D745617,Pedestrian,Cross/Enter at Intersection,Other,Intersection Unmarked Crosswalk,No,Possible Injury,None,39.03184022,-77.07236932,"(39.03184022, -77.07236932)"
EJ7907001T,250013081,GAITHERSBURG,Property Damage Crash,03/25/2025 05:09:00 PM,Municipality Route,SPECTRUM BLVD SB/L,W WATKINS MILL RD (SB/L),,,Pedestrian,Single Vehicle,Clear,Dry,Daylight,Traffic Control Signal,"Not Suspect of Alcohol Use, Not Suspect of Drug Use","Not Suspect of Alcohol Use, Not Suspect of Drug Use",18B3DC83-4E7E-477E-8AB1-A6C84AA750FA,Pedestrian,Cross/Enter at Intersection,None (No Improper Action),Intersection Marked Crosswalk,No,No Apparent Injury,None,39.15813055,-77.22193192,"(39.15813055, -77.22193192)"
DD5671000Y,250011825,ROCKVILLE,Injury Crash,03/18/2025 11:30:00 AM,Municipality Route,,LEWIS AVE,,,Pedestrian,Single Vehicle,Clear,Dry,Daylight,Stop Sign,"Not Suspect of Alcohol Use, Not Suspect of Drug Use","Not Suspect of Alcohol Use, Not Suspect of Drug Use",D383F06A-6561-4EC2-B3E7-8522AA243C04,Pedestrian,Cross/Enter at Intersection,Unknown,Intersection Marked Crosswalk,No,Suspected Serious Injury,None,39.07497378,-77.134219,"(39.07497378, -77.134219)"
MCP2637005X,250012580,MONTGOMERY,Injury Crash,03/22/2025 01:39:00 PM,County Route,PENFOLD CT,,,,"Pedestrian, Wheelchair (non-electric)",Single Vehicle,Cloudy,Dry,Daylight,No Controls,"Not Suspect of Alcohol Use, Not Suspect of Drug Use","Not Suspect of Alcohol Use, Not Suspect of Drug Use",90345DBE-536F-4D67-826F-8AD5AFCFF6FE,Wheelchair (non-electric),Walking/Cycling Along Roadway With Traffic (In or Adjacent to Travel Lane),None (No Improper Action),Travel Lane Other Location,No,Possible Injury,None,39.05540906,-77.20670766,"(39.05540906, -77.20670766)"
MCP2637005X,250012580,MONTGOMERY,Injury Crash,03/22/2025 01:39:00 PM,County Route,PENFOLD CT,,,,"Pedestrian, Wheelchair (non-electric)",Single Vehicle,Cloudy,Dry,Daylight,No Controls,"Not Suspect of Alcohol Use, Not Suspect of Drug Use","Not Suspect of Alcohol Use, Not Suspect of Drug Use",45C2C1BE-4DC1-47CD-B3A6-87F03A4BE8F4,Pedestrian,Walking/Cycling Along Roadway Against Traffic (In or Adjacent to Travel Lane),None (No Improper Action),Travel Lane Other Location,No,No Apparent Injury,None,39.05540906,-77.20670766,"(39.05540906, -77.20670766)"
MCP2637005Y,250012815,MONTGOMERY,Injury Crash,03/24/2025 11:22:00 AM,County Route,TRAVILAH RD,,,,Pedestrian,Single Vehicle,Rain,Wet,Daylight,Stop Sign,"Not Suspect of Alcohol Use, Not Suspect of Drug Use","Not Suspect of Alcohol Use, Not Suspect of Drug Use",961AE0F6-780E-4EA7-BE0B-D54F4DF5456C,Pedestrian,Cross/Enter at Intersection,None (No Improper Action),Intersection Marked Crosswalk,No,Suspected Minor Injury,None,39.08299151,-77.23209954,"(39.08299151, -77.23209954)"
MCP2931007N,250012120,MONTGOMERY,Injury Crash,03/19/2025 06:36:00 PM,County Route,TWINBROOK PKWY,,,,Scooter (electric),Single Vehicle,Clear,Dry,Daylight,No Controls,"Not Suspect of Alcohol Use, Not Suspect of Drug Use","Not Suspect of Alcohol Use, Not Suspect of Drug Use",8BDD1F28-55DE-4C85-A11E-6042F1FA673F,Scooter (electric),None,"None (No Improper Action), Unknown",Travel Lane Other Location,No,Suspected Serious Injury,None,39.06827067,-77.11413267,"(39.06827067, -77.11413267)"
MCP3276003G,250012336,MONTGOMERY,Injury Crash,03/20/2025 10:27:00 PM,Local Route,SILVER SPRING AVE,GEORGIA AVE (SB/L),,,Scooter (electric),Single Vehicle,Clear,Wet,Dark - Lighted,Traffic Control Signal,"Not Suspect of Alcohol Use, Not Suspect of Drug Use","Not Suspect of Alcohol Use, Not Suspect of Drug Use",DEF72A03-75A2-45C5-A10A-10398ACFD6A3,Scooter (electric),Cross/Enter at Intersection,"Failure to Obey Traffic Signs, Signals, or Officer",Intersection Unmarked Crosswalk,No,Suspected Minor Injury,None,38.99155184,-77.02674788,"(38.99155184, -77.02674788)"
MCP3094005Z,250013736,MONTGOMERY,Injury Crash,03/29/2025 04:35:00 PM,County Route,ROSEMARK CT,DREXEL HILL CIR,,,Cyclist (non-electric),Single Vehicle,Clear,Dry,Daylight,No Controls,"Not Suspect of Alcohol Use, Not Suspect of Drug Use","Not Suspect of Alcohol Use, Not Suspect of Drug Use",9DDB2709-6B38-4402-B345-243A9740FEBA,Cyclist (non-electric),Cross/Enter at Intersection,Failure to Yield Right-Of-Way,Intersection Other,Yes,Suspected Minor Injury,None,39.18405253,-77.18204946,"(39.18405253, -77.18204946)"
MCP3148007T,250013618,MONTGOMERY,Injury Crash,03/28/2025 06:28:00 PM,County Route,,SPENCER RD,,,Pedestrian,Single Vehicle,Rain,Wet,Daylight,Pedestrian Crossing,"Not Suspect of Alcohol Use, Not Suspect of Drug Use","Not Suspect of Alcohol Use, Not Suspect of Drug Use",D9745F27-DC54-4FAF-85BE-5BEB4759FF36,Pedestrian,Cross/Enter at Intersection,None (No Improper Action),Intersection Marked Crosswalk,No,Possible Injury,None,38.99445827,-77.05319378,"(38.99445827, -77.05319378)"
HA2414001J,25000564,MCPARK,Injury Crash,04/01/2025 08:20:00 AM,Government Route,SLIGO CREEK PKWY,,,,Pedestrian,Single Vehicle,Clear,Dry,Daylight,Stop Sign,"Unknown, Unknown","Not Suspect of Alcohol Use, Not Suspect of Drug Use",6EA6C03D-E209-4D47-B6B3-E78B99606C48,Pedestrian,Cross/Enter at Intersection,None (No Improper Action),Intersection Marked Crosswalk,No,Suspected Minor Injury,None,39.00258307,-77.01311251,"(39.00258307, -77.01311251)"
MCP2764003T,250011113,MONTGOMERY,Property Damage Crash,03/13/2025 05:15:00 PM,Spur,,PARKLAWN DR (SB/L) RANDOLPH RD,,,Cyclist (non-electric),Single Vehicle,Clear,Dry,Daylight,Traffic Control Signal,"Not Suspect of Alcohol Use, Not Suspect of Drug Use","Unknown, Unknown",696A8527-8B3B-4D55-B19D-6231059C2666,Cyclist (non-electric),Unknown,Unknown,Intersection Marked Crosswalk,Yes,No Apparent Injury,None,39.0533756,-77.10580968,"(39.0533756, -77.10580968)"
MCP30900087,250014386,MONTGOMERY,Injury Crash,04/02/2025 04:30:00 PM,Maryland (State) Route,MUNCASTER MILL RD (WB/L),,,,Pedestrian,Single Vehicle,Cloudy,Dry,Daylight,No Controls,"Not Suspect of Alcohol Use, Not Suspect of Drug Use","Not Suspect of Alcohol Use, Not Suspect of Drug Use",DBC63A7F-77E5-4369-B609-3D477F64E97A,Pedestrian,Cross/Enter Not at Intersection,Dart/Dash,Travel Lane Other Location,Yes,Suspected Minor Injury,None,39.15861606,-77.15992111,"(39.15861606, -77.15992111)"
EJ7902001V,250013364,GAITHERSBURG,Injury Crash,03/28/2025 09:20:00 PM,Maryland (State) Route,FREDERICK RD,,,,Pedestrian,Single Vehicle,Clear,Dry,Dark - Lighted,Traffic Control Signal,"Not Suspect of Alcohol Use, Not Suspect of Drug Use","Not Suspect of Alcohol Use, Not Suspect of Drug Use",526B7C91-3F55-496A-A595-65E920C12A26,Pedestrian,Cross/Enter at Intersection,None (No Improper Action),Intersection Marked Crosswalk,No,Suspected Minor Injury,None,39.1484906,-77.20697516,"(39.1484906, -77.20697516)"
MCP1550005X,250012025,MONTGOMERY,Injury Crash,03/19/2025 12:55:00 PM,County Route,WOODGLEN DR (NB/L),SECURITY LA,,,Pedestrian,Single Vehicle,Clear,Dry,Daylight,Stop Sign,"Not Suspect of Alcohol Use, Not Suspect of Drug Use","Not Suspect of Alcohol Use, Not Suspect of Drug Use",D1B762A2-CDF6-489D-973F-56E1B38D2B54,Pedestrian,Cross/Enter at Intersection,None (No Improper Action),Intersection Marked Crosswalk,No,Suspected Minor Injury,None,39.04194967,-77.11322117,"(39.04194967, -77.11322117)"
MCP3225005J,250013463,MONTGOMERY,Injury Crash,03/27/2025 08:35:00 PM,County Route,ASPEN HILL RD,,,,Pedestrian,Single Vehicle,Clear,Dry,Dark - Lighted,Traffic Control Signal,"Unknown, Unknown","Not Suspect of Alcohol Use, Not Suspect of Drug Use",1918C34F-281D-466A-87FB-18F835BE1C24,Pedestrian,Cross/Enter at Intersection,None (No Improper Action),Intersection Marked Crosswalk,No,Possible Injury,None,39.08053131,-77.0755094,"(39.08053131, -77.0755094)"
MCP2771004Y,250013710,MONTGOMERY,Injury Crash,03/29/2025 02:03:00 PM,Maryland (State) Route,GEORGIA AVE,,,,Pedestrian,Single Vehicle,Cloudy,Dry,Daylight,Other,"Not Suspect of Alcohol Use, Not Suspect of Drug Use","Not Suspect of Alcohol Use, Not Suspect of Drug Use",473C1DF6-E334-4842-BA15-2957239B90E3,Pedestrian,Cross/Enter Not at Intersection,Other,Travel Lane Other Location,No,Suspected Minor Injury,Unknown,39.05289162,-77.05079097,"(39.05289162, -77.05079097)"
MCP233900B9,250014174,MONTGOMERY,Injury Crash,04/01/2025 03:16:00 PM,,,,Service Road        SHOPPING CENTER EXIT ONTO SHADY GROVE RD,,Pedestrian,Single Vehicle,Clear,,Daylight,,"Unknown, Unknown","Not Suspect of Alcohol Use, Not Suspect of Drug Use",0BE6A02F-C3CB-4E4D-ABF2-E1C68E020D3C,Pedestrian,Cross/Enter at Intersection,None (No Improper Action),Intersection Unmarked Crosswalk,No,Suspected Minor Injury,None,39.12079777,-77.17933523,"(39.12079777, -77.17933523)"
MCP3148007T,250013618,MONTGOMERY,Injury Crash,03/28/2025 06:28:00 PM,County Route,,SPENCER RD,,,Pedestrian,Single Vehicle,Rain,Wet,Daylight,Pedestrian Crossing,"Not Suspect of Alcohol Use, Not Suspect of Drug Use","Not Suspect of Alcohol Use, Not Suspect of Drug Use",EDDC7971-DDAD-434F-B301-D70BC7264185,Pedestrian,Cross/Enter at Intersection,None (No Improper Action),Intersection Marked Crosswalk,No,Possible Injury,None,38.99445827,-77.05319378,"(38.99445827, -77.05319378)"
MCP29320083,250013641,MONTGOMERY,Injury Crash,03/28/2025 09:52:00 PM,,,,Parking Lot Way        PARKING LOT NEXT TO 529 SOUTHAMPTON DRIVE,,Pedestrian,Single Vehicle,Clear,,Dark - Lighted,,"Unknown, Unknown","Not Suspect of Alcohol Use, Not Suspect of Drug Use",09B3273F-E43B-46C4-909A-7FAD69ADC6C7,Pedestrian,Other,None (No Improper Action),Other,No,Suspected Minor Injury,None,39.0075184,-76.98555407,"(39.0075184, -76.98555407)"
MCP2450005R,250014026,MONTGOMERY,Injury Crash,03/31/2025 04:48:00 PM,,,,Parking Lot Way        BOOTH ST AND MAIN ST. ENTRANCE TO SHOPPING CENTER,,Pedestrian,Single Vehicle,Clear,,Daylight,,"Not Suspect of Alcohol Use, Not Suspect of Drug Use","Not Suspect of Alcohol Use, Not Suspect of Drug Use",6763A0E2-B7B0-4004-B1E5-D53B5D05735F,Pedestrian,Unknown,Unknown,Intersection Marked Crosswalk,No,Suspected Serious Injury,None,39.12482094,-77.23980126,"(39.12482094, -77.23980126)"
DD56510063,250013447,ROCKVILLE,Injury Crash,03/27/2025 06:37:00 PM,Municipality Route,HALPINE RD (EB/L),,,,Pedestrian,Single Vehicle,Clear,Dry,Daylight,Traffic Control Signal,"Unknown, Unknown","Not Suspect of Alcohol Use, Not Suspect of Drug Use",C53F612D-80F7-48AD-8EE4-07320170363E,Pedestrian,Cross/Enter at Intersection,None (No Improper Action),Intersection Marked Crosswalk,No,Suspected Minor Injury,None,39.06129209,-77.12499069,"(39.06129209, -77.12499069)"
MCP2635008V,240046064,MONTGOMERY,Fatal Crash,09/26/2024 07:18:00 PM,County Route,FRANKLIN AVE,,,,Pedestrian,Single Vehicle,Clear,Dry,Dusk,Pedestrian Crossing Sign,"Not Suspect of Alcohol Use, Not Suspect of Drug Use","Suspect of Alcohol Use, Suspect of Drug Use",EC1BBDC8-85B3-44F0-BAB4-52AD4F8EB141,Pedestrian,Cross/Enter at Intersection,None (No Improper Action),Intersection Marked Crosswalk,No,Fatal Injury,None,39.01087675,-77.00549836,"(39.01087675, -77.00549836)"
MCP2756006J,250013602,MONTGOMERY,Injury Crash,03/28/2025 05:17:00 PM,Local Route,WHEATON PLZ RING RD CUT,WESTFIELD S ENT/WMATA ENT,,,Wheelchair (electric),Single Vehicle,Cloudy,Dry,Daylight,Stop Sign,"Unknown, Unknown","Not Suspect of Alcohol Use, Not Suspect of Drug Use",65410B20-A584-447E-BCE4-819EF4950A45,Wheelchair (electric),Cross/Enter at Intersection,None (No Improper Action),Intersection Marked Crosswalk,No,Suspected Minor Injury,None,39.03663297,-77.05179798,"(39.03663297, -77.05179798)"
MCP2637002W,180059668,Montgomery County Police,Injury Crash,11/29/2018 10:46:00 AM,County,GLEN RD,THREE SISTERS RD,,N/A,BICYCLIST,OTHER,CLEAR,DRY,DAYLIGHT,NO CONTROLS,N/A,NONE DETECTED,61360C87-1F16-4459-9CB9-74D57F9203A2,BICYCLIST,Walking/Riding w/Traffic,OTHER,OTHER,No,POSSIBLE INJURY,MC/BIKE HELMET,39.06331013,-77.25126765,"(39.06331013, -77.25126765)"
MCP1015001L,180035148,Montgomery County Police,Injury Crash,07/16/2018 12:50:00 PM,,,,DRIVEWAY 6516 DAMASCUS ROAD,,PEDESTRIAN,OTHER,CLEAR,,DAYLIGHT,N/A,NONE DETECTED,NONE DETECTED,B12389A5-29DB-4DE7-88F6-A880D27B8066,PEDESTRIAN,Other,DART DASH,OTHER,Yes,SUSPECTED SERIOUS INJURY,N/A,39.250115,-77.13311667,"(39.250115, -77.13311667)"
MCP3068003R,220002996,Montgomery County Police,Injury Crash,01/23/2022 07:40:00 PM,,,,PARKING LOT,,PEDESTRIAN,SINGLE VEHICLE,CLEAR,,DARK LIGHTS ON,N/A,N/A,N/A,9CF99A51-0B31-402C-9103-DF1D722146E7,PEDESTRIAN,Other,NO IMPROPER ACTIONS,OUTSIDE RIGHT OF WAY,No,POSSIBLE INJURY,NONE,39.014625,-77.10509,"(39.014625, -77.10509)"
MCP2861001K,15063868,MONTGOMERY,Injury Crash,12/14/2015 03:30:00 PM,County,BULLS RUN PKWY,ADELAIDE DR,,N/A,"BICYCLIST, OTHER",STRAIGHT MOVEMENT ANGLE,CLEAR,DRY,DAYLIGHT,NO CONTROLS,NONE DETECTED,NONE DETECTED,4328BEC6-CF99-43B2-9470-0B2E77B6BEBC,OTHER,Other,OTHER,OTHER,No,NO APPARENT INJURY,OTHER,39.00966378,-77.12620139,"(39.00966378, -77.12620139)"
MCP2886000J,15029525,Montgomery County Police,Injury Crash,06/17/2015 01:20:00 PM,County,AMHERST AVE,REEDIE DR,,N/A,PEDESTRIAN,SAME DIR REAR END,CLEAR,DRY,DAYLIGHT,N/A,NONE DETECTED,NONE DETECTED,F21E3D71-3DB1-406E-B604-840DE667EE2B,PEDESTRIAN,Walking/Cycling on Sidewalk,NO IMPROPER ACTIONS,SIDEWALK,,POSSIBLE INJURY,N/A,39.03931966,-77.04866409,"(39.03931966, -77.04866409)"
MCP2546002J,180046952,Montgomery County Police,Property Damage Crash,09/19/2018 01:25:00 PM,County,E JEFFERSON ST,MONTROSE RD,,N/A,OTHER,OTHER,CLEAR,DRY,DAYLIGHT,OTHER,NONE DETECTED,NONE DETECTED,B96521D3-1975-4BF3-8681-1EFD8BE77771,OTHER,Other,OTHER,MEDIAN,No,NO APPARENT INJURY,REFLECTIVE CLOTHING,39.04965789,-77.126099,"(39.04965789, -77.126099)"
MCP2962001C,170514059,Montgomery County Police,Injury Crash,06/16/2017 02:21:00 PM,County,OBSERVATION DR,RIDGE RD,,N/A,OTHER,OTHER,CLEAR,DRY,DAYLIGHT,PERSON,UNKNOWN,N/A,85E92FA0-FFE6-4902-A9F4-DE2A6AD1B875,OTHER,Other Working,N/A,OTHER,No,NO APPARENT INJURY,N/A,39.20205068,-77.25325495,"(39.20205068, -77.25325495)"
MCP3199000D,190042167,Montgomery County Police,Property Damage Crash,09/03/2019 03:20:00 PM,County,PEACH ORCHARD RD,BRIGGS CHANEY RD,,N/A,OTHER,STRAIGHT MOVEMENT ANGLE,CLEAR,DRY,DAYLIGHT,STOP SIGN,NONE DETECTED,NONE DETECTED,BCFAD8E1-1F6E-4D34-B010-2D06289659EA,OTHER,Other,NO IMPROPER ACTIONS,INSIDE BUILDING,No,NO APPARENT INJURY,N/A,39.09575167,-76.96978833,"(39.09575167, -76.96978833)"
MCP32060024,220031010,Montgomery County Police,Property Damage Crash,07/19/2022 10:30:00 AM,County,QUEBEC ST,RUATAN ST,,N/A,OTHER,OPPOSITE DIRECTION SIDESWIPE,CLEAR,DRY,DAYLIGHT,NO CONTROLS,NONE DETECTED,N/A,9BACDBB3-CF17-43C9-8EF5-64AC863C448D,OTHER,N/A,OTHER,N/A,No,NO APPARENT INJURY,NONE,38.999831,-76.98935667,"(38.999831, -76.98935667)"
HA22880003,16001149,Maryland-National Capital,Injury Crash,09/08/2016 07:20:00 AM,,LITTLE FALLS PKWY,ARLINGTON ROAD,,N/A,BICYCLIST,STRAIGHT MOVEMENT ANGLE,N/A,DRY,DAYLIGHT,YIELD SIGN,N/A,N/A,3AACDD70-A5CB-4803-9704-8E40DA7353F8,BICYCLIST,Cross/Enter at Intersection,NO IMPROPER ACTIONS,AT INTERSECTION MARKED CROSSWALK,No,SUSPECTED MINOR INJURY,N/A,39.00101833,-77.08166833,"(39.00101833, -77.08166833)"
MCP3196003R,230030996,Montgomery County Police,Injury Crash,06/28/2023 10:28:00 PM,,,,"IN FRONT OF 12935 PICKERING DR, GERMANTOWN, MARYLAND",,PEDESTRIAN,SINGLE VEHICLE,N/A,,UNKNOWN,N/A,NONE DETECTED,NONE DETECTED,66A6452A-CD8C-4C89-B2E5-92F4C780EE0F,PEDESTRIAN,Standing,N/A,N/A,No,SUSPECTED MINOR INJURY,N/A,39.18700149,-77.26906354,"(39.18700149, -77.26906354)"
MCP3311001R,230022252,Montgomery County Police,Injury Crash,05/09/2023 04:41:00 PM,Maryland (State),16TH ST,LYTTONSVILLE RD,,N/A,PEDESTRIAN,OTHER,CLEAR,DRY,DAYLIGHT,OTHER,N/A,N/A,C5A1959A-733F-4F6D-B867-215856B171E0,PEDESTRIAN,Cross/Enter not at Intersection,NO IMPROPER ACTIONS,ON ROADWAY AT CROSSWALK,No,SUSPECTED MINOR INJURY,N/A,38.99910196,-77.03988722,"(38.99910196, -77.03988722)"
MCP2182000L,17006278,Montgomery County Police,Injury Crash,02/05/2017 09:56:00 AM,,,,"4414 MUNCASTERMILL RD.
CHINESE BIBLE CHURCH",,PEDESTRIAN,OTHER,CLEAR,,DAYLIGHT,N/A,NONE DETECTED,NONE DETECTED,E5725F9C-0AE0-44CE-ACCC-81799EA76FCF,PEDESTRIAN,Getting off/on Vehicle,N/A,OTHER,No,SUSPECTED MINOR INJURY,N/A,39.07470167,-76.94016833,"(39.07470167, -76.94016833)"
MCP2982001R,17012165,Montgomery County Police,Injury Crash,03/08/2017 10:23:00 AM,County,FENTON ST,ROEDER RD,,N/A,PEDESTRIAN,OTHER,CLEAR,DRY,DAYLIGHT,NO CONTROLS,NONE DETECTED,NONE DETECTED,76FA5E8C-640A-4ED3-A6EC-5F9ACD5A02E2,PEDESTRIAN,Cross/Enter at Intersection,NO IMPROPER ACTIONS,AT INTERSECTION MARKED CROSSWALK,No,SUSPECTED MINOR INJURY,NONE,38.99715833,-77.02614333,"(38.99715833, -77.02614333)"
EJ7888004P,230047197,Gaithersburg Police Depar,Injury Crash,07/31/2023 05:44:00 PM,,CHEYENNE RD,OLD QUINCE ORCHARD RD,,N/A,BICYCLIST,STRAIGHT MOVEMENT ANGLE,CLEAR,DRY,DAYLIGHT,NO CONTROLS,UNKNOWN,NONE DETECTED,11C05DE0-1045-4460-AE27-49FB5A3EE444,BICYCLIST,Cross/Enter not at Intersection,NO IMPROPER ACTIONS,AT INTERSECTION BUT NO CROSSWALK,No,SUSPECTED MINOR INJURY,MC/BIKE HELMET,39.12487064,-77.24742854,"(39.12487064, -77.24742854)"
MCP29740044,220011985,Montgomery County Police,Injury Crash,03/20/2022 12:41:00 PM,County,CASTLE BLVD,BRIGGS CHANEY RD,,N/A,BICYCLIST,OTHER,CLEAR,DRY,DAYLIGHT,NO CONTROLS,NONE DETECTED,NONE DETECTED,77A73065-9513-4487-901B-0490FE8B2E1C,BICYCLIST,Walking/Riding w/Traffic,INATTENTIVE,ON ROADWAY NOT AT CROSSWALK,Yes,SUSPECTED MINOR INJURY,NONE,39.08122333,-76.94549833,"(39.08122333, -76.94549833)"
MCP9442002X,230014193,Montgomery County Police,Injury Crash,03/24/2023 06:30:00 AM,County,CLUB HOUSE RD,MONTGOMERY VILLAGE AVE,,N/A,PEDESTRIAN,OTHER,RAINING,WET,DARK -- UNKNOWN LIGHTING,TRAFFIC SIGNAL,UNKNOWN,NONE DETECTED,B59480F8-514B-4EA3-B0B2-A00E76DB96B0,PEDESTRIAN,Cross/Enter at Intersection,NO IMPROPER ACTIONS,ON ROADWAY AT CROSSWALK,No,SUSPECTED MINOR INJURY,N/A,39.17462517,-77.203767,"(39.17462517, -77.203767)"
MCP229800LT,180059934,Montgomery County Police,Injury Crash,11/30/2018 03:48:00 PM,,,,PARKING LOT OF 26004 BRIGADIER PLACE,,OTHER,SINGLE VEHICLE,CLEAR,,N/A,NO CONTROLS,NONE DETECTED,NONE DETECTED,505860F5-9186-4191-A5B6-F8DAE1A9723E,OTHER,N/A,NO IMPROPER ACTIONS,N/A,No,SUSPECTED SERIOUS INJURY,N/A,39.28291042,-77.20547411,"(39.28291042, -77.20547411)"
MCP27020010,15046733,MONTGOMERY,Property Damage Crash,09/15/2015 03:15:00 PM,,,,901 Jessup Blair Rd Garage (Level 2),,OTHER,OTHER,N/A,,DAYLIGHT,N/A,NONE DETECTED,NONE DETECTED,F29B3A31-7F75-421C-B39C-1BA7973D6A70,OTHER,Other,OTHER,INSIDE BUILDING,No,NO APPARENT INJURY,N/A,38.98729,-77.02467167,"(38.98729, -77.02467167)"
MCP2968004N,230003416,Montgomery County Police,Injury Crash,01/21/2023 10:54:00 AM,County,SHADY GROVE RD,DARNESTOWN RD,,N/A,PEDESTRIAN,OTHER,CLEAR,DRY,DAYLIGHT,TRAFFIC SIGNAL,N/A,N/A,B87935D9-967A-4711-95CF-17C258A107F5,PEDESTRIAN,Cross/Enter at Intersection,NO IMPROPER ACTIONS,AT INTERSECTION MARKED CROSSWALK,No,SUSPECTED MINOR INJURY,UNKNOWN,39.093945,-77.19595167,"(39.093945, -77.19595167)"
EJ7851000Z,15049380,GAITHERSBURG,Property Damage Crash,09/29/2015 12:22:00 PM,Municipality,TREWORTHY RD,DARNESTOWN RD,,N/A,OTHER,OTHER,CLOUDY,N/A,DAYLIGHT,NO CONTROLS,,NONE DETECTED,FBCDC999-810D-4EC2-8B13-9F1392D9F69D,OTHER,N/A,N/A,N/A,No,NO APPARENT INJURY,N/A,39.10428067,-77.22552896,"(39.10428067, -77.22552896)"
MCP27230069,220016036,Montgomery County Police,Injury Crash,04/15/2022 05:40:00 PM,Maryland (State),GEORGIA AVE,WENDY LA,,N/A,BICYCLIST,SINGLE VEHICLE,CLEAR,DRY,DAYLIGHT,NO CONTROLS,N/A,UNKNOWN,35CDA978-2A3F-405B-91BA-BCBD4FB749ED,BICYCLIST,Walking/Riding against Traffic,FAILURE TO YIELD RIGHT OF WAY,ON ROADWAY NOT AT CROSSWALK,Yes,SUSPECTED MINOR INJURY,NONE,39.08033167,-77.07376333,"(39.08033167, -77.07376333)"
MCP2676002N,170511356,Montgomery County Police,Injury Crash,06/02/2017 03:24:00 PM,County,GOSHEN RD,EMORY GROVE RD,,N/A,PEDESTRIAN,OTHER,CLEAR,DRY,DAYLIGHT,TRAFFIC SIGNAL,N/A,N/A,3C0085F8-EEE3-4071-A39A-2DB9CBB745C8,PEDESTRIAN,Cross/Enter at Intersection,IN ROADWAY IMPROPERLY,ON ROADWAY NOT AT CROSSWALK,Yes,SUSPECTED MINOR INJURY,N/A,39.16034667,-77.19259333,"(39.16034667, -77.19259333)"