Report Number,Local Case Number,Agency Name,ACRS Report Type,Crash Date/Time,Route Type,Road Name,Cross-Street Name,Off-Road Description,Municipality,Related Non-Motorist,Collision Type,Weather,Surface Condition,Light,Traffic Control,Driver Substance Abuse,Non-Motorist Substance Abuse,Person ID,Pedestrian Type,Pedestrian Movement,Pedestrian Actions,Pedestrian Location,At Fault,Injury Severity,Safety Equipment,Latitude,Longitude,Location
MCP2693002Z,190031414,Montgomery County Police,Injury Crash,07/01/2019 08:14:00 PM,,,,PARKING LOT OF 3111 WHISPERING PINES DR,,PEDESTRIAN,SINGLE VEHICLE,CLEAR,,DAYLIGHT,N/A,NONE DETECTED,NONE DETECTED,4A8F68AA-610E-4E4A-9992-CAD099DAF425,PEDESTRIAN,Playing,NOT VISIBLE,OTHER,Unknown,SUSPECTED MINOR INJURY,N/A,39.08788167,-77.06415833,"(39.08788167, -77.06415833)"
MCP3168000F,190016766,Montgomery County Police,Injury Crash,04/10/2019 08:19:00 PM,Ramp,RAMP 1 FR MD 355 NB TO IS 270 WB,ROCKVILLE PIKE,,N/A,PEDESTRIAN,OTHER,CLEAR,DRY,DARK LIGHTS ON,NO CONTROLS,NONE DETECTED,NONE DETECTED,7878AEE4-4A9D-4355-A78F-D8F735C7DDCC,PEDESTRIAN,Standing,DISABLED VEHICLE RELATED,SHOULDER,No,SUSPECTED MINOR INJURY,NONE,39.02104885,-77.10488888,"(39.02104885, -77.10488888)"
DD56120035,220053012,Rockville Police Departme,Injury Crash,12/01/2022 12:13:00 PM,Maryland (State),E JEFFERSON ST,MARYLAND AVE,,ROCKVILLE,PEDESTRIAN,SINGLE VEHICLE,CLEAR,DRY,DAYLIGHT,TRAFFIC SIGNAL,NONE DETECTED,N/A,1B8BD38C-E4C3-4151-BC75-18AB3A73E95A,PEDESTRIAN,Cross/Enter at Intersection,NO IMPROPER ACTIONS,AT INTERSECTION MARKED CROSSWALK,No,POSSIBLE INJURY,N/A,39.08273505,-77.15121389,"(39.08273505, -77.15121389)"
MCP2987001H,17000541,Montgomery County Police,Injury Crash,01/04/2017 07:00:00 AM,Maryland (State),PINEY BRANCH RD,CARROLL AVE,,N/A,PEDESTRIAN,OTHER,CLEAR,DRY,OTHER,OTHER,UNKNOWN,NONE DETECTED,1752C0D3-37E6-45EA-BA80-0D28FF93DEE6,PEDESTRIAN,Cross/Enter at Intersection,NO IMPROPER ACTIONS,ON ROADWAY AT CROSSWALK,No,SUSPECTED MINOR INJURY,NONE,39.00118899,-76.98752046,"(39.00118899, -76.98752046)"
MCP2348004R,190005965,Montgomery County Police,Injury Crash,02/06/2019 07:37:00 PM,Maryland (State),UNIVERSITY BLVD W,SLIGO CREEK PKWY,,N/A,PEDESTRIAN,SINGLE VEHICLE,RAINING,WET,DARK LIGHTS ON,TRAFFIC SIGNAL,NONE DETECTED,NONE DETECTED,E6E1BCDD-65B7-42CE-A28C-BF7C2B811055,PEDESTRIAN,Cross/Enter at Intersection,NO IMPROPER ACTIONS,ON ROADWAY AT CROSSWALK,No,SUSPECTED MINOR INJURY,NONE,39.03643667,-77.03033,"(39.03643667, -77.03033)"
MCP26120033,180045221,Montgomery County Police,Injury Crash,09/10/2018 06:30:00 PM,,,,IN PARKING LOT OF 13661 CONNECTICUT AVE,,PEDESTRIAN,SINGLE VEHICLE,RAINING,,DUSK,N/A,N/A,N/A,738CAA9C-F2D1-4955-BC45-A4697D33AE0A,PEDESTRIAN,Other,IN ROADWAY IMPROPERLY,OTHER,Yes,POSSIBLE INJURY,N/A,39.07852167,-77.079635,"(39.07852167, -77.079635)"
MCP04050004,15058162,Montgomery County Police,Injury Crash,11/14/2015 02:45:00 PM,,11902 RUSTIC FARM COURT,RUSTIC FARM COURT,,N/A,PEDESTRIAN,SINGLE VEHICLE,CLEAR,DRY,DAYLIGHT,NO CONTROLS,NONE DETECTED,N/A,CF636CCD-EBEC-4A4F-B84B-CA039B94FC40,PEDESTRIAN,Playing,NOT VISIBLE,ON ROADWAY NOT AT CROSSWALK,Unknown,SUSPECTED SERIOUS INJURY,N/A,39.171015,-77.24577167,"(39.171015, -77.24577167)"
MCP28270014,15025555,Montgomery County Police,Injury Crash,05/27/2015 04:53:00 PM,County,QUEEN ELIZABETH DR,ROLLING ACRES WAY,,N/A,BICYCLIST,STRAIGHT MOVEMENT ANGLE,RAINING,WET,DAYLIGHT,STOP SIGN,N/A,NONE DETECTED,57A567FE-19A2-461D-985D-7C8ECD871644,BICYCLIST,Cross/Enter at Intersection,FAILURE TO OBEY TRAFFIC SIGNS SIGNALS OR OFFICER,ON ROADWAY NOT AT CROSSWALK,,SUSPECTED MINOR INJURY,MC/BIKE HELMET,39.16139,-77.07441833,"(39.16139, -77.07441833)"
MCP2728005R,180042255,Montgomery County Police,Injury Crash,08/24/2018 07:50:00 PM,County,WAYNE AVE,DALE DR,,N/A,BICYCLIST,STRAIGHT MOVEMENT ANGLE,CLEAR,DRY,DUSK,NO CONTROLS,NONE DETECTED,NONE DETECTED,6EC811B7-CF93-4332-B595-065CE3BBCE51,BICYCLIST,Walking/Riding w/Traffic,NO IMPROPER ACTIONS,OTHER,No,SUSPECTED MINOR INJURY,MC/BIKE HELMET,38.99924167,-77.01722,"(38.99924167, -77.01722)"
HA2396000M,19002151,Maryland-National Capital,Injury Crash,08/12/2019 07:15:00 PM,Government,LITTLE FALLS PKWY,ARLINGTON RD,,N/A,PEDESTRIAN,STRAIGHT MOVEMENT ANGLE,CLEAR,DRY,DAYLIGHT,OTHER,NONE DETECTED,N/A,82BCA960-E6D2-4F60-97CE-1698FB447DBF,PEDESTRIAN,Cross/Enter at Intersection,NO IMPROPER ACTIONS,ON ROADWAY AT CROSSWALK,Unknown,SUSPECTED MINOR INJURY,N/A,38.9733951,-77.1012186,"(38.9733951, -77.1012186)"
MCP3274000H,210008468,Montgomery County Police,Injury Crash,03/06/2021 01:30:00 PM,Municipality,N PARK AVE,SHOEMAKER FARM LA,,FRIENDSHIP HEIGHTS,PEDESTRIAN,SAME DIR REAR END,CLEAR,DRY,DAYLIGHT,NO CONTROLS,NONE DETECTED,NONE DETECTED,9D055FDE-D440-44E5-B9AD-D0DC9F932F92,PEDESTRIAN,Standing,NO IMPROPER ACTIONS,OTHER,No,SUSPECTED MINOR INJURY,NONE,38.96343567,-77.09180917,"(38.96343567, -77.09180917)"
MCP2881002N,170532825,Montgomery County Police,Injury Crash,09/24/2017 12:32:00 PM,County,MIDDLEBROOK RD,RIDGECREST DR,,N/A,PEDESTRIAN,SINGLE VEHICLE,N/A,DRY,DAYLIGHT,N/A,N/A,N/A,637172D6-7C46-45C2-9EE6-052C9A2743FC,PEDESTRIAN,Cross/Enter at Intersection,NO IMPROPER ACTIONS,ON ROADWAY AT CROSSWALK,Unknown,POSSIBLE INJURY,N/A,39.18454167,-77.26312833,"(39.18454167, -77.26312833)"
MCP2177000S,15058277,MONTGOMERY,Injury Crash,11/15/2015 10:05:00 AM,County,TUCKERMAN LA,DEBORAH DR,,N/A,BICYCLIST,SAME DIR REAR END,CLEAR,DRY,DAYLIGHT,NO CONTROLS,NONE DETECTED,NONE DETECTED,0D6807CD-A2EE-40DE-9D01-C377599E5AA5,BICYCLIST,Walking/Riding w/Traffic,NO IMPROPER ACTIONS,IN BIKEWAY,No,SUSPECTED MINOR INJURY,MC/BIKE HELMET,39.04142793,-77.16446042,"(39.04142793, -77.16446042)"
MCP1257000R,16042082,Montgomery County Police,Injury Crash,08/19/2016 09:26:00 AM,County,FATHER HURLEY BLVD,PALMETTO CIR,,N/A,BICYCLIST,STRAIGHT MOVEMENT ANGLE,CLEAR,DRY,DAYLIGHT,STOP SIGN,NONE DETECTED,NONE DETECTED,427AE9C6-A291-4154-8872-8B2C880CFB13,BICYCLIST,Cross/Enter at Intersection,DART DASH,AT INTERSECTION MARKED CROSSWALK,Yes,SUSPECTED MINOR INJURY,MC/BIKE HELMET,39.173525,-77.28379333,"(39.173525, -77.28379333)"
MCP2694002D,16053873,Montgomery County Police,Injury Crash,10/19/2016 08:00:00 PM,Maryland (State),OLD GEORGETOWN RD,WISCONSIN AVE,,N/A,PEDESTRIAN,SAME DIR REAR END,CLEAR,DRY,DARK LIGHTS ON,NO CONTROLS,NONE DETECTED,NONE DETECTED,19A1D4A0-C4D6-4125-A175-5406F9487AB0,PEDESTRIAN,Standing,DISABLED VEHICLE RELATED,OTHER,No,POSSIBLE INJURY,NONE,39.021475,-77.12278,"(39.021475, -77.12278)"
MCP1022007Y,170534854,Montgomery County Police,Injury Crash,10/05/2017 07:37:00 AM,County,WATERFORD HILLS BLVD,GALWAY BAY CIRCLE,,N/A,PEDESTRIAN,SINGLE VEHICLE,CLEAR,DRY,DAYLIGHT,NO CONTROLS,NONE DETECTED,NONE DETECTED,E51A6D29-505E-42E2-ABE4-0EC9F39D9461,PEDESTRIAN,Cross/Enter at Intersection,NO IMPROPER ACTIONS,ON ROADWAY NOT AT CROSSWALK,No,SUSPECTED MINOR INJURY,NONE,39.17783,-77.2769,"(39.17783, -77.2769)"
MCP13660042,16002287,Montgomery County Police,Injury Crash,01/13/2016 06:55:00 AM,Maryland (State),ROCKVILLE PIKE,HALPINE RD,,ROCKVILLE,PEDESTRIAN,SINGLE VEHICLE,CLEAR,DRY,DARK LIGHTS ON,TRAFFIC SIGNAL,NONE DETECTED,NONE DETECTED,ED457798-7874-4AF6-8C2F-75EC13A2855E,PEDESTRIAN,Cross/Enter at Intersection,NO IMPROPER ACTIONS,AT INTERSECTION MARKED CROSSWALK,No,SUSPECTED SERIOUS INJURY,N/A,39.06215333,-77.12398333,"(39.06215333, -77.12398333)"
MCP09420020,190005034,Montgomery County Police,Injury Crash,01/31/2019 07:35:00 PM,County,WOODMONT AVE,EDGEMOOR LA,,N/A,PEDESTRIAN,OTHER,CLEAR,DRY,DARK LIGHTS ON,TRAFFIC SIGNAL,UNKNOWN,UNKNOWN,2BF48C11-8A0F-4344-8E7B-840EC0CA8131,PEDESTRIAN,Cross/Enter at Intersection,NO IMPROPER ACTIONS,ON ROADWAY AT CROSSWALK,No,SUSPECTED MINOR INJURY,NONE,38.9847565,-77.09674417,"(38.9847565, -77.09674417)"
MCP27550015,180000043,Montgomery County Police,Injury Crash,01/05/2018 05:26:00 AM,County,ARCOLA AVE,NAIRN RD,,N/A,PEDESTRIAN,SINGLE VEHICLE,N/A,DRY,DARK -- UNKNOWN LIGHTING,N/A,UNKNOWN,UNKNOWN,38A814BB-1425-49C4-9B46-48CE617C9561,PEDESTRIAN,Unknown,IN ROADWAY IMPROPERLY,ON ROADWAY NOT AT CROSSWALK,Yes,POSSIBLE INJURY,N/A,39.04717746,-77.04195857,"(39.04717746, -77.04195857)"
EJ7852001X,180016641,Gaithersburg Police Depar,Injury Crash,04/05/2018 11:20:00 PM,Maryland (State),QUINCE ORCHARD RD,FIRSTFIELD RD,,GAITHERSBURG,PEDESTRIAN,N/A,CLEAR,DRY,DARK LIGHTS ON,N/A,NONE DETECTED,NONE DETECTED,AB684A85-0DF5-4498-9605-FBFD361B6EF0,PEDESTRIAN,Unknown,UNKNOWN,N/A,Unknown,POSSIBLE INJURY,N/A,39.14602935,-77.21957445,"(39.14602935, -77.21957445)"
MCP29910025,170545523,Montgomery County Police,Injury Crash,11/29/2017 07:50:00 AM,County,THORNHURST DR,BOWIE MILL RD,,N/A,PEDESTRIAN,SINGLE VEHICLE,CLEAR,DRY,DAYLIGHT,N/A,UNKNOWN,NONE DETECTED,A7618B5A-395C-45C7-843E-9A5186DC1C3A,PEDESTRIAN,Walking/Riding w/Traffic,UNKNOWN,ON ROADWAY NOT AT CROSSWALK,Yes,POSSIBLE INJURY,N/A,39.15675333,-77.08854167,"(39.15675333, -77.08854167)"
MCP21160070,170527771,Montgomery County Police,Injury Crash,08/30/2017 02:11:00 PM,County,SOUTHLAWN LA,E GUDE DR,,N/A,PEDESTRIAN,OPPOSITE DIRECTION SIDESWIPE,CLEAR,DRY,DAYLIGHT,PERSON,NONE DETECTED,NONE DETECTED,72FD1ED6-0D3E-421F-BF25-2BF1D1517A36,PEDESTRIAN,Unknown,NO IMPROPER ACTIONS,UNKNOWN,Yes,POSSIBLE INJURY,REFLECTIVE CLOTHING,39.09872,-77.13647333,"(39.09872, -77.13647333)"
MCP2717001V,15036144,MONTGOMERY,Injury Crash,07/22/2015 04:02:00 PM,County,ROCKLEDGE DR,WESTLAKE TERR,,N/A,PEDESTRIAN,OTHER,CLEAR,DRY,DAYLIGHT,NO CONTROLS,NONE DETECTED,NONE DETECTED,C76BC3F4-410F-4194-92D6-C06CF7262D78,PEDESTRIAN,Cross/Enter at Intersection,INATTENTIVE,AT INTERSECTION BUT NO CROSSWALK,Yes,SUSPECTED MINOR INJURY,NONE,39.029205,-77.136655,"(39.029205, -77.136655)"
MCP31630043,220001026,Montgomery County Police,Injury Crash,01/09/2022 05:34:00 PM,Maryland (State),ROCKVILLE PIKE,MARINELLI RD,,N/A,PEDESTRIAN,STRAIGHT MOVEMENT ANGLE,RAINING,WET,DARK LIGHTS ON,TRAFFIC SIGNAL,N/A,N/A,E14B39FB-7C9C-4500-B0B5-918A6B15FC0B,PEDESTRIAN,Cross/Enter at Intersection,N/A,ON ROADWAY AT CROSSWALK,No,POSSIBLE INJURY,N/A,39.04946202,-77.10907586,"(39.04946202, -77.10907586)"
MCP3137000T,190025697,Montgomery County Police,Injury Crash,05/29/2019 11:31:00 PM,County,RUATAN ST,QUEBEC ST,,N/A,PEDESTRIAN,HEAD ON,CLEAR,DRY,DARK LIGHTS ON,N/A,NONE DETECTED,N/A,4C2FD5B4-CCE4-4BDE-A126-BD5D5AA78F29,PEDESTRIAN,Getting off/on Vehicle,DART DASH,OTHER,No,POSSIBLE INJURY,N/A,39.00036175,-76.98955953,"(39.00036175, -76.98955953)"
DD5636000H,190046115,Rockville Police Departme,Injury Crash,09/26/2019 08:10:00 AM,Municipality,PICCARD DR,W GUDE DR,,ROCKVILLE,BICYCLIST,OTHER,CLEAR,DRY,DAYLIGHT,NO CONTROLS,NONE DETECTED,NONE DETECTED,5160D481-97A8-478B-90D6-3788C33AC0B5,BICYCLIST,N/A,NO IMPROPER ACTIONS,SIDEWALK,No,SUSPECTED MINOR INJURY,MC/BIKE HELMET,39.10320783,-77.17794864,"(39.10320783, -77.17794864)"
MCP29390030,180062302,Montgomery County Police,Injury Crash,12/13/2018 02:24:00 PM,,,,"PARKING LOT OF 18701 LIBERTY MILL RD, GERMANTOWN, MD",,OTHER,OTHER,CLEAR,,DAYLIGHT,NO CONTROLS,N/A,NONE DETECTED,6963145D-B034-4AB9-952E-F40F2E189EAA,OTHER,Other,INATTENTIVE,OTHER,Yes,POSSIBLE INJURY,NONE,39.16296572,-77.28218631,"(39.16296572, -77.28218631)"
MCP31390036,220023142,Montgomery County Police,Injury Crash,05/30/2022 07:19:00 PM,,,,3660 CHILDRESS TERRACE,,OTHER,OTHER,CLEAR,,DAYLIGHT,NO CONTROLS,NONE DETECTED,N/A,2864C7ED-D495-4A2C-BCA9-95202CD521DA,OTHER,N/A,NO IMPROPER ACTIONS,INSIDE BUILDING,No,NO APPARENT INJURY,N/A,39.091989,-76.93580717,"(39.091989, -76.93580717)"
EJ7837002N,180021966,Gaithersburg Police Depar,Injury Crash,05/04/2018 06:00:00 PM,County,S WESTLAND DR,FREDERICK RD,,N/A,BICYCLIST,OTHER,CLOUDY,DRY,DAYLIGHT,TRAFFIC SIGNAL,N/A,N/A,59C00868-AE1D-49D2-A7AB-DA3DE528D6D3,BICYCLIST,Cross/Enter at Intersection,NO IMPROPER ACTIONS,AT INTERSECTION MARKED CROSSWALK,No,SUSPECTED MINOR INJURY,NONE,39.12594047,-77.18291,"(39.12594047, -77.18291)"
MCP1148002C,180016886,Montgomery County Police,Injury Crash,04/07/2018 11:35:00 AM,County,BATTERY LA,KEYSTONE AVE,,N/A,BICYCLIST,SINGLE VEHICLE,CLOUDY,DRY,DAYLIGHT,NO CONTROLS,UNKNOWN,NONE DETECTED,7064F412-0FEC-481E-8F7C-ACC2F526EBC0,BICYCLIST,Cross/Enter at Intersection,NO IMPROPER ACTIONS,ON ROADWAY AT CROSSWALK,No,SUSPECTED MINOR INJURY,NONE,38.99263167,-77.09844,"(38.99263167, -77.09844)"
DM8423001S,180046427,Takoma Park Police Depart,Injury Crash,09/17/2018 10:30:00 AM,,,,HOSPITAL PARKING LOT,,PEDESTRIAN,SINGLE VEHICLE,RAINING,,DAYLIGHT,NO CONTROLS,N/A,N/A,4CDDA846-2D6D-496F-89DA-0FE29F117706,PEDESTRIAN,Standing,OTHER,OTHER,No,POSSIBLE INJURY,N/A,38.98473167,-76.999805,"(38.98473167, -76.999805)"
MCP3222000M,200017158,Montgomery County Police,Injury Crash,04/25/2020 11:19:00 AM,Government,BEACH DR,OLD SPRING RD,,N/A,BICYCLIST,STRAIGHT MOVEMENT ANGLE,CLEAR,DRY,DAYLIGHT,STOP SIGN,NONE DETECTED,NONE DETECTED,F534BEF8-CE08-4CCB-A34D-620AFB7D1DB4,BICYCLIST,Cross/Enter at Intersection,NO IMPROPER ACTIONS,AT INTERSECTION MARKED CROSSWALK,No,SUSPECTED MINOR INJURY,MC/BIKE HELMET,39.01178183,-77.0680435,"(39.01178183, -77.0680435)"
MCP2756002T,190016961,Montgomery County Police,Injury Crash,04/11/2019 07:50:00 PM,Maryland (State),GEORGIA AVE,UNIVERSITY BLVD W,,N/A,PEDESTRIAN,SINGLE VEHICLE,CLEAR,DRY,DARK LIGHTS ON,TRAFFIC SIGNAL,NONE DETECTED,NONE DETECTED,738442F1-4DA8-4D06-9FE6-BA8210DE3220,PEDESTRIAN,Cross/Enter at Intersection,NO IMPROPER ACTIONS,ON ROADWAY AT CROSSWALK,No,POSSIBLE INJURY,NONE,39.04159498,-77.05204488,"(39.04159498, -77.05204488)"
DM8423001V,180056807,Takoma Park Police Depart,Injury Crash,11/12/2018 06:00:00 PM,Municipality,FLOWER AVE,FLOWER AVE (AHEAD),,N/A,PEDESTRIAN,N/A,RAINING,WET,DARK LIGHTS ON,STOP SIGN,NONE DETECTED,N/A,9A462FAF-9D5C-486D-B72F-8B9855552D02,PEDESTRIAN,Cross/Enter not at Intersection,UNKNOWN,ON ROADWAY NOT AT CROSSWALK,Unknown,SUSPECTED MINOR INJURY,N/A,38.98690833,-77.00008,"(38.98690833, -77.00008)"
MCP2687001T,17013092,Montgomery County Police,Injury Crash,03/13/2017 01:25:00 PM,County,ARLINGTON RD,ELM ST,,N/A,PEDESTRIAN,OTHER,CLEAR,DRY,DAYLIGHT,PERSON,NONE DETECTED,NONE DETECTED,D9491654-04AD-4BA7-877C-FA80CC4D038A,PEDESTRIAN,Cross/Enter at Intersection,NO IMPROPER ACTIONS,ON ROADWAY AT CROSSWALK,No,NO APPARENT INJURY,NONE,38.98206798,-77.09851563,"(38.98206798, -77.09851563)"
MCP2187001Q,230059860,Montgomery County Police,Injury Crash,10/11/2023 01:10:00 PM,Municipality,ONEILL DR,FREDERICK RD,,N/A,OTHER CONVEYANCE,OTHER,CLEAR,DRY,DAYLIGHT,NO CONTROLS,NONE DETECTED,NONE DETECTED,D915A843-9EEE-432C-A7C6-A33498254349,OTHER CONVEYANCE,Cross/Enter at Intersection,NO IMPROPER ACTIONS,ON ROADWAY AT CROSSWALK,Yes,SUSPECTED MINOR INJURY,MC/BIKE HELMET,39.13075,-77.19038,"(39.13075, -77.19038)"
MCP27360040,16057852,Montgomery County Police,Injury Crash,11/09/2016 05:49:00 PM,Maryland (State),KNOWLES AVE,HOWARD AVE,,N/A,PEDESTRIAN,STRAIGHT MOVEMENT ANGLE,RAINING,WET,DARK LIGHTS ON,NO CONTROLS,NONE DETECTED,NONE DETECTED,302471BD-6988-4EB2-96D4-F9EF8B0216EF,PEDESTRIAN,Cross/Enter at Intersection,IN ROADWAY IMPROPERLY,ON ROADWAY NOT AT CROSSWALK,Yes,SUSPECTED MINOR INJURY,NONE,39.03023667,-77.08485167,"(39.03023667, -77.08485167)"
MCP2892004R,180019384,Montgomery County Police,Injury Crash,04/20/2018 05:18:00 PM,County,FOREST GLEN RD,DAMERON DR,,N/A,PEDESTRIAN,SINGLE VEHICLE,CLEAR,DRY,DAYLIGHT,TRAFFIC SIGNAL,NONE DETECTED,NONE DETECTED,9F259BC0-A3BD-43BE-805C-D1A06C87DC5A,PEDESTRIAN,Cross/Enter at Intersection,UNKNOWN,AT INTERSECTION MARKED CROSSWALK,No,POSSIBLE INJURY,NONE,39.01592333,-77.03641667,"(39.01592333, -77.03641667)"
MCP2635002K,15062211,MONTGOMERY,Injury Crash,12/05/2015 08:11:00 PM,County,OLD BALTIMORE RD,COVERED WAGON WAY,,N/A,PEDESTRIAN,SINGLE VEHICLE,CLEAR,DRY,DARK LIGHTS ON,NO CONTROLS,N/A,ALCOHOL CONTRIBUTED,E394E13E-4743-45CC-B7C2-257386EDF7E2,PEDESTRIAN,Walking/Riding w/Traffic,UNKNOWN,ON ROADWAY NOT AT CROSSWALK,Yes,SUSPECTED MINOR INJURY,NONE,39.13942667,-77.06134167,"(39.13942667, -77.06134167)"
MCP3218000F,200009907,Montgomery County Police,Injury Crash,02/28/2020 12:45:00 PM,County,KEMP MILL RD,ARCOLA AVE,,N/A,PEDESTRIAN,SINGLE VEHICLE,CLEAR,DRY,DAYLIGHT,NO CONTROLS,NONE DETECTED,N/A,6F304018-78A5-4E02-8F51-C73915D38462,PEDESTRIAN,Cross/Enter not at Intersection,IN ROADWAY IMPROPERLY,ON ROADWAY NOT AT CROSSWALK,Yes,SUSPECTED MINOR INJURY,NONE,39.04683667,-77.03076667,"(39.04683667, -77.03076667)"
MCP29840011,180056926,Montgomery County Police,Injury Crash,11/12/2018 07:30:00 AM,Maryland (State),GREAT SENECA HWY,CLOPPER RD,,N/A,PEDESTRIAN,OTHER,N/A,DRY,DAYLIGHT,TRAFFIC SIGNAL,UNKNOWN,N/A,3BE65B21-A7EB-4769-B664-1F4A1CEDC094,PEDESTRIAN,Cross/Enter at Intersection,INATTENTIVE,AT INTERSECTION MARKED CROSSWALK,No,SUSPECTED MINOR INJURY,N/A,39.15906485,-77.27519333,"(39.15906485, -77.27519333)"
HA22880002,16001012,Maryland-National Capital,Injury Crash,08/10/2016 10:30:00 AM,,,,CAPITAL CRESENT TRAIL@LITTLE FALLS PKWY,,BICYCLIST,STRAIGHT MOVEMENT ANGLE,CLEAR,,DAYLIGHT,STOP SIGN,N/A,NONE DETECTED,178C3CAC-140D-4BD1-BC89-12699E1E0904,BICYCLIST,Cross/Enter at Intersection,NO IMPROPER ACTIONS,AT INTERSECTION MARKED CROSSWALK,No,SUSPECTED MINOR INJURY,N/A,38.97379945,-77.10178927,"(38.97379945, -77.10178927)"
MCP30910026,200008695,Montgomery County Police,Injury Crash,02/21/2020 01:17:00 PM,County,TRAVILAH RD,MCCROSSIN LA,,N/A,BICYCLIST,SAME DIRECTION LEFT TURN,CLEAR,DRY,DAYLIGHT,OTHER,N/A,N/A,06B58B1C-16BC-418B-A4D1-C3C8C8F191FA,BICYCLIST,Cross/Enter at Intersection,FAILURE TO YIELD RIGHT OF WAY,ON ROADWAY NOT AT CROSSWALK,Yes,SUSPECTED MINOR INJURY,MC/BIKE HELMET,39.0753615,-77.25885167,"(39.0753615, -77.25885167)"
DD56040031,190041532,Rockville Police Departme,Injury Crash,08/30/2019 01:30:00 PM,Municipality,REDLAND BLVD,THOMPSON DAIRY WAY,,ROCKVILLE,PEDESTRIAN,OTHER,CLEAR,DRY,DAYLIGHT,TRAFFIC SIGNAL,NONE DETECTED,NONE DETECTED,869BDEDE-0A68-4B33-ACA7-471A7609E753,PEDESTRIAN,Cross/Enter at Intersection,NO IMPROPER ACTIONS,ON ROADWAY AT CROSSWALK,No,SUSPECTED MINOR INJURY,NONE,39.11275167,-77.17153167,"(39.11275167, -77.17153167)"
MCP12130031,170534377,Montgomery County Police,Injury Crash,10/02/2017 05:45:00 PM,County,TWIG RD,ELM GROVE CIR,,N/A,PEDESTRIAN,STRAIGHT MOVEMENT ANGLE,CLEAR,DRY,DAYLIGHT,NO CONTROLS,NONE DETECTED,NONE DETECTED,95CB62E1-6696-432D-B94A-E32E4D581EC3,PEDESTRIAN,Cross/Enter at Intersection,NO IMPROPER ACTIONS,ON ROADWAY AT CROSSWALK,No,POSSIBLE INJURY,NONE,39.09462167,-76.98618667,"(39.09462167, -76.98618667)"
MCP02510012,16054086,Montgomery County Police,Injury Crash,10/20/2016 07:07:00 PM,,,,"PARKING LOT OF 20910 FREDERICK RD. GERMANTOWN, MD. 20876",,PEDESTRIAN,SINGLE VEHICLE,CLEAR,,DARK LIGHTS ON,NO CONTROLS,NONE DETECTED,NONE DETECTED,2877D29B-3F0F-4027-82DD-DAFD3E61D6B1,PEDESTRIAN,Other,INATTENTIVE,OTHER,Yes,SUSPECTED MINOR INJURY,N/A,39.19856833,-77.25118,"(39.19856833, -77.25118)"
EJ78580016,170530283,Gaithersburg Police Depar,Injury Crash,09/13/2017 07:58:00 AM,Maryland (State),FREDERICK RD,MONTGOMERY AVE,,GAITHERSBURG,PEDESTRIAN,OTHER,RAINING,WET,DAYLIGHT,NO CONTROLS,NONE DETECTED,NONE DETECTED,F6373F7F-D10A-4324-B7FF-0FE6E159AED4,PEDESTRIAN,Cross/Enter not at Intersection,FAILURE TO YIELD RIGHT OF WAY,ON ROADWAY NOT AT CROSSWALK,Yes,SUSPECTED MINOR INJURY,N/A,39.14555667,-77.20349667,"(39.14555667, -77.20349667)"
MCP26600008,15006805,Montgomery County Police,Injury Crash,02/10/2015 06:29:00 PM,County,E RANDOLPH RD,APPLEBY DR,,N/A,PEDESTRIAN,OTHER,N/A,DRY,DARK LIGHTS ON,TRAFFIC SIGNAL,N/A,N/A,F44AF7EE-2791-4823-97FA-563F4152C1EA,PEDESTRIAN,Cross/Enter at Intersection,NO IMPROPER ACTIONS,ON ROADWAY AT CROSSWALK,,SUSPECTED MINOR INJURY,NONE,39.072213,-76.988711,"(39.072213, -76.988711)"
MCP30680046,220029582,Montgomery County Police,Injury Crash,07/10/2022 10:26:00 AM,County,MACARTHUR BLVD,EGGERT DR,,N/A,BICYCLIST,OTHER,CLEAR,DRY,DAYLIGHT,N/A,N/A,N/A,58F06212-0F48-4129-A2F9-947AE42C594F,BICYCLIST,Walking/Riding w/Traffic,NO IMPROPER ACTIONS,SHOULDER,Yes,SUSPECTED MINOR INJURY,MC/BIKE HELMET,38.97599333,-77.18048333,"(38.97599333, -77.18048333)"
MCP3256001D,220030286,Montgomery County Police,Injury Crash,07/15/2022 05:12:00 PM,County,LOCKWOOD DR,NEW HAMPSHIRE AVE,,N/A,PEDESTRIAN,OTHER,CLEAR,DRY,DAYLIGHT,NO CONTROLS,NONE DETECTED,NONE DETECTED,FE2861D5-34A2-4FC1-80C4-3E8258A73E6C,PEDESTRIAN,Cross/Enter not at Intersection,NO IMPROPER ACTIONS,MIDBLOCK MARKED CROSSWALK,No,SUSPECTED SERIOUS INJURY,NONE,39.05324833,-76.96290833,"(39.05324833, -76.96290833)"
MCP1354001W,230049412,Montgomery County Police,Injury Crash,08/14/2023 01:50:00 PM,,,,PARKING LOT OF 11720 ROCKVILLE PIKE,,PEDESTRIAN,STRAIGHT MOVEMENT ANGLE,CLEAR,,DAYLIGHT,N/A,UNKNOWN,NONE DETECTED,6216C4CB-447D-417E-9904-76142B46DF36,PEDESTRIAN,Walking/Cycling on Sidewalk,NO IMPROPER ACTIONS,ON ROADWAY AT CROSSWALK,No,SUSPECTED MINOR INJURY,NONE,39.04894333,-77.11410333,"(39.04894333, -77.11410333)"
MCP2851002H,170515879,Montgomery County Police,Injury Crash,06/26/2017 06:25:00 PM,County,WATERS LANDING DR,FATHER HURLEY BLVD,,N/A,PEDESTRIAN,OTHER,CLEAR,DRY,DAYLIGHT,TRAFFIC SIGNAL,NONE DETECTED,NONE DETECTED,FA13BC79-F698-400D-A44A-3FBFB79CEB41,PEDESTRIAN,Cross/Enter at Intersection,NO IMPROPER ACTIONS,ON ROADWAY AT CROSSWALK,No,POSSIBLE INJURY,NONE,39.19160167,-77.27207167,"(39.19160167, -77.27207167)"