Report Number,Local Case Number,Agency Name,ACRS Report Type,Crash Date/Time,Route Type,Road Name,Cross-Street Name,Off-Road Description,Municipality,Related Non-Motorist,Collision Type,Weather,Surface Condition,Light,Traffic Control,Driver Substance Abuse,Non-Motorist Substance Abuse,Person ID,Pedestrian Type,Pedestrian Movement,Pedestrian Actions,Pedestrian Location,At Fault,Injury Severity,Safety Equipment,Latitude,Longitude,Location
MCP26200011,16051006,Montgomery County Police,Injury Crash,10/04/2016 05:00:00 PM,County,WELLER RD,GEORGIA AVE,,N/A,PEDESTRIAN,STRAIGHT MOVEMENT ANGLE,CLEAR,DRY,DAYLIGHT,STOP SIGN,UNKNOWN,NONE DETECTED,0A215435-935A-4A2F-BF6A-A7E87BCC9351,PEDESTRIAN,Cross/Enter at Intersection,NO IMPROPER ACTIONS,AT INTERSECTION BUT NO CROSSWALK,No,SUSPECTED MINOR INJURY,NONE,39.06663801,-77.05961823,"(39.06663801, -77.05961823)"
MCP25260013,170503188,Montgomery County Police,Injury Crash,04/20/2017 05:25:00 PM,Maryland (State),FISHER AVE,ENT TO POOLESVILLE PLAZA,,N/A,BICYCLIST,HEAD ON LEFT TURN,CLEAR,DRY,DAYLIGHT,NO CONTROLS,NONE DETECTED,N/A,2D0C3F77-9FBE-4900-8C5E-181E957D01EE,BICYCLIST,Cross/Enter at Intersection,NO IMPROPER ACTIONS,AT INTERSECTION BUT NO CROSSWALK,No,POSSIBLE INJURY,MC/BIKE HELMET,39.1440719,-77.40945339,"(39.1440719, -77.40945339)"
MCP3030004D,210038005,Montgomery County Police,Injury Crash,09/25/2021 07:24:00 PM,County,MACARTHUR BLVD,SANGAMORE RD,,N/A,PEDESTRIAN,SINGLE VEHICLE,CLEAR,DRY,DARK LIGHTS ON,TRAFFIC SIGNAL,N/A,N/A,688E91C7-FAC8-449F-8522-4EA824F73BD0,PEDESTRIAN,Other,NO IMPROPER ACTIONS,ON ROADWAY NOT AT CROSSWALK,No,POSSIBLE INJURY,NONE,38.9442785,-77.11691967,"(38.9442785, -77.11691967)"
MCP31960023,210025450,Montgomery County Police,Injury Crash,07/02/2021 04:58:00 PM,County,WATERS LANDING DR,FATHER HURLEY BLVD,,N/A,BICYCLIST,HEAD ON LEFT TURN,CLEAR,N/A,DAYLIGHT,TRAFFIC SIGNAL,N/A,N/A,3A7CEABF-BC39-4371-B540-927C3826F434,BICYCLIST,Cross/Enter at Intersection,NO IMPROPER ACTIONS,N/A,No,SUSPECTED MINOR INJURY,MC/BIKE HELMET,39.19188483,-77.27192617,"(39.19188483, -77.27192617)"
DD5620006L,210012678,Rockville Police Departme,Injury Crash,04/05/2021 11:44:00 AM,,,,1401 RESEARCH BLVD PARKING LOT,,PEDESTRIAN,OTHER,CLEAR,,DAYLIGHT,N/A,NONE DETECTED,NONE DETECTED,91B08CF6-D492-46AB-A1F7-22D1D66E08FC,PEDESTRIAN,Other,OTHER,OTHER,No,POSSIBLE INJURY,NONE,39.09105309,-77.17857984,"(39.09105309, -77.17857984)"
MCP3063003H,220043727,Montgomery County Police,Injury Crash,10/06/2022 07:15:00 PM,Maryland (State),UNIVERSITY BLVD E,SEPTEMBER LA,,N/A,PEDESTRIAN,N/A,CLEAR,DRY,DARK NO LIGHTS,NO CONTROLS,UNKNOWN,NONE DETECTED,D3B860F6-5C42-448B-B1A5-BCDA79F732B5,PEDESTRIAN,Other,IN ROADWAY IMPROPERLY,ON ROADWAY NOT AT CROSSWALK,Yes,POSSIBLE INJURY,NONE,39.00440088,-76.99661326,"(39.00440088, -76.99661326)"
MCP2654000L,15001472,Montgomery County Police,Injury Crash,01/09/2015 09:23:00 PM,,,,Parking Lot of 525 Thayer Ave,,PEDESTRIAN,SINGLE VEHICLE,CLEAR,,DARK NO LIGHTS,NO CONTROLS,NONE DETECTED,NONE DETECTED,D607FAFE-C599-4FEC-8448-4F68086C55DF,PEDESTRIAN,Cross/Enter not at Intersection,NOT VISIBLE,OTHER,,POSSIBLE INJURY,NONE,38.99605167,-77.02778,"(38.99605167, -77.02778)"
MCP3208000W,190060635,Montgomery County Police,Injury Crash,12/16/2019 05:42:00 PM,Maryland (State),PINEY BRANCH RD,FLOWER AVE,,N/A,PEDESTRIAN,HEAD ON LEFT TURN,RAINING,WET,DARK LIGHTS ON,TRAFFIC SIGNAL,N/A,N/A,826A0BE2-8A5B-45BB-9CB0-A9EC5CA09646,PEDESTRIAN,Cross/Enter at Intersection,UNKNOWN,ON ROADWAY AT CROSSWALK,Unknown,POSSIBLE INJURY,N/A,38.9982278,-77.00355235,"(38.9982278, -77.00355235)"
MCP2960000S,15062441,Montgomery County Police,Injury Crash,12/07/2015 09:59:00 AM,,TWIN BRANCHES DRIVE,BASSET LANE,,N/A,PEDESTRIAN,OTHER,CLEAR,DRY,DAYLIGHT,NO CONTROLS,NONE DETECTED,NONE DETECTED,01E53812-006A-4B2E-8323-59C1AC0D6055,PEDESTRIAN,Cross/Enter at Intersection,UNKNOWN,ON ROADWAY NOT AT CROSSWALK,Yes,POSSIBLE INJURY,NONE,39.10870333,-77.07305833,"(39.10870333, -77.07305833)"
MCP209400G7,200011663,Montgomery County Police,Injury Crash,03/09/2020 05:54:00 PM,County,DECATUR AVE,CONNECTICUT AVE,,N/A,BICYCLIST,OTHER,CLEAR,DRY,DAYLIGHT,STOP SIGN,NONE DETECTED,NONE DETECTED,57C43C20-F27E-4179-A61C-0C5DB5A596A1,BICYCLIST,Cross/Enter at Intersection,NO IMPROPER ACTIONS,ON ROADWAY AT CROSSWALK,No,SUSPECTED MINOR INJURY,MC/BIKE HELMET,39.03390667,-77.07517167,"(39.03390667, -77.07517167)"
MCP3012006V,200020047,Montgomery County Police,Injury Crash,05/19/2020 01:03:00 PM,County,ASPEN HILL RD,CONNECTICUT AVE,,N/A,PEDESTRIAN,OTHER,CLEAR,DRY,DAYLIGHT,N/A,N/A,N/A,4C450126-89C1-4F20-977C-4FF365C36115,PEDESTRIAN,Other,NO IMPROPER ACTIONS,MIDBLOCK MARKED CROSSWALK,No,POSSIBLE INJURY,NONE,39.08034,-77.078635,"(39.08034, -77.078635)"
MCP271700MF,190004985,Montgomery County Police,Injury Crash,01/31/2019 07:30:00 PM,,,,5301 TUCKERMAN LANE (PARKING LOT OF STRATHMORE CONCERT HALL),,PEDESTRIAN,OTHER,N/A,,DARK LIGHTS ON,NO CONTROLS,NONE DETECTED,NONE DETECTED,AC2F2222-F347-4259-BBAC-D79C34C091CD,PEDESTRIAN,Standing,NO IMPROPER ACTIONS,OTHER,No,SUSPECTED MINOR INJURY,NONE,39.03139367,-77.10239017,"(39.03139367, -77.10239017)"
MCP23300011,170513717,Montgomery County Police,Injury Crash,06/14/2017 07:22:00 PM,Maryland (State),GEORGIA AVE,ARCOLA AVE,,N/A,BICYCLIST,OTHER,CLEAR,DRY,DAYLIGHT,TRAFFIC SIGNAL,NONE DETECTED,NONE DETECTED,6103949E-024E-4911-8552-3849DFE81757,BICYCLIST,Cross/Enter at Intersection,N/A,AT INTERSECTION MARKED CROSSWALK,No,POSSIBLE INJURY,MC/BIKE HELMET,39.0470806,-77.05194443,"(39.0470806, -77.05194443)"
MCP1174002B,170522951,Montgomery County Police,Injury Crash,08/04/2017 12:40:00 PM,Maryland (State),WISCONSIN AVE,ELM ST,,N/A,MACHINE OPERATOR/RIDER,SINGLE VEHICLE,CLEAR,DRY,DAYLIGHT,TRAFFIC SIGNAL,NONE DETECTED,NONE DETECTED,2A632BE1-2F27-4423-8DF6-C2228D658E5B,MACHINE OPERATOR/RIDER,Cross/Enter at Intersection,FAILURE TO OBEY TRAFFIC SIGNS SIGNALS OR OFFICER,AT INTERSECTION MARKED CROSSWALK,Yes,POSSIBLE INJURY,NONE,38.98222227,-77.09306002,"(38.98222227, -77.09306002)"
MCP2717001F,15029647,Montgomery County Police,Injury Crash,06/18/2015 01:18:00 AM,US (State),COLUMBIA PIKE,STEWART LA,,N/A,PEDESTRIAN,OTHER,RAINING,WET,DARK NO LIGHTS,NO CONTROLS,NONE DETECTED,ALCOHOL PRESENT,5D1468B5-C307-4909-8A3D-2C5FA5F93C20,PEDESTRIAN,Unknown,UNKNOWN,ON ROADWAY NOT AT CROSSWALK,,SUSPECTED MINOR INJURY,NONE,39.04839167,-76.98383333,"(39.04839167, -76.98383333)"
MCP1301001V,220026609,Montgomery County Police,Injury Crash,06/20/2022 06:24:00 PM,Maryland (State),WOODFIELD RD,CLEARSPRING RD,,N/A,PEDESTRIAN,OTHER,CLEAR,DRY,DAYLIGHT,NO CONTROLS,NONE DETECTED,UNKNOWN,5FDD7FA0-6442-4A06-9E93-51BA6FF56622,PEDESTRIAN,Cross/Enter not at Intersection,FAILURE TO YIELD RIGHT OF WAY,ON ROADWAY NOT AT CROSSWALK,Yes,SUSPECTED SERIOUS INJURY,N/A,39.27226333,-77.20455333,"(39.27226333, -77.20455333)"
DD5611005Q,190009051,Rockville Police Departme,Injury Crash,02/25/2019 08:09:00 PM,Municipality,ROLLINS AVE,ROCKVILLE PIKE,,N/A,BICYCLIST,OTHER,CLEAR,DRY,DARK LIGHTS ON,N/A,NONE DETECTED,NONE DETECTED,7720A6BF-C4F0-40F8-B09C-8A716B1A8950,BICYCLIST,Walking/Riding w/Traffic,UNKNOWN,ON ROADWAY NOT AT CROSSWALK,Yes,POSSIBLE INJURY,MC/BIKE HELMET,39.05884833,-77.12208333,"(39.05884833, -77.12208333)"
MCP2348002J,17016091,Montgomery County Police,Injury Crash,03/30/2017 01:20:00 AM,Interstate (State),EISENHOWER MEMORIAL HWY,RAMP 7 FR MD 121 WB TO IS 270 SB,,N/A,PEDESTRIAN,SINGLE VEHICLE,CLEAR,DRY,DARK NO LIGHTS,NO CONTROLS,NONE DETECTED,NONE DETECTED,4356AFCA-3494-45C8-9588-4B7EECF6B8FC,PEDESTRIAN,Other,NO IMPROPER ACTIONS,ON ROADWAY NOT AT CROSSWALK,No,SUSPECTED SERIOUS INJURY,N/A,39.22098667,-77.27935667,"(39.22098667, -77.27935667)"
DD5612000Y,170518304,Rockville Police Departme,Injury Crash,07/10/2017 03:10:00 PM,,,,DRIVEWAY/EXIT OF 1560 ROCKVILLE PIKE,,PEDESTRIAN,SINGLE VEHICLE,CLEAR,,DAYLIGHT,N/A,UNKNOWN,NONE DETECTED,3DB1B9E6-F023-4D6F-9F07-23C3FFFCC350,PEDESTRIAN,Walking/Riding w/Traffic,NO IMPROPER ACTIONS,ON ROADWAY AT CROSSWALK,No,POSSIBLE INJURY,N/A,39.06480667,-77.12615333,"(39.06480667, -77.12615333)"
MCP3220001H,210041390,Montgomery County Police,Property Damage Crash,10/15/2021 04:11:00 PM,County,HOLLINGSWORTH DR,HOLLINGSWORTH TERR,,N/A,MACHINE OPERATOR/RIDER,STRAIGHT MOVEMENT ANGLE,N/A,DRY,DAYLIGHT,NO CONTROLS,NONE DETECTED,NONE DETECTED,11E5FF05-4D5E-4E3C-BE53-B83033773569,MACHINE OPERATOR/RIDER,Push/Work on Vehicle,INATTENTIVE,OTHER,Yes,NO APPARENT INJURY,N/A,39.15200617,-77.13448917,"(39.15200617, -77.13448917)"
MCP1309000Z,170540675,Montgomery County Police,Injury Crash,11/03/2017 01:15:00 PM,County,SHAKESPEARE BLVD,FREDERICK RD,,N/A,PEDESTRIAN,OTHER,CLEAR,DRY,DAYLIGHT,NO CONTROLS,NONE DETECTED,NONE DETECTED,E2B78726-07A4-455B-AA06-06DA61850847,PEDESTRIAN,Cross/Enter not at Intersection,IN ROADWAY IMPROPERLY,ON ROADWAY NOT AT CROSSWALK,Yes,SUSPECTED MINOR INJURY,N/A,39.19820167,-77.2457,"(39.19820167, -77.2457)"
DD5645001M,220005078,Rockville Police Departme,Injury Crash,02/05/2022 09:20:00 PM,Municipality,HALPINE RD,ROCKVILLE PIKE,,N/A,PEDESTRIAN,SINGLE VEHICLE,CLEAR,DRY,DARK LIGHTS ON,TRAFFIC SIGNAL,N/A,NONE DETECTED,7877268B-A189-494D-AB34-E098FC4801F0,PEDESTRIAN,Cross/Enter at Intersection,NO IMPROPER ACTIONS,ON ROADWAY AT CROSSWALK,No,POSSIBLE INJURY,NONE,39.0619688,-77.12399478,"(39.0619688, -77.12399478)"
MCP31000007,180011106,Montgomery County Police,Injury Crash,03/04/2018 10:40:00 AM,,,,"PARKING LOT OF ""BIG LOTS"" 19000 BLOCK OF MONTGOMERY VILLAGE AVE",,PEDESTRIAN,SINGLE VEHICLE,CLEAR,,DAYLIGHT,N/A,UNKNOWN,N/A,262C3E01-4546-45CE-BC6B-D3FF280FC855,PEDESTRIAN,Other,NO IMPROPER ACTIONS,OTHER,No,POSSIBLE INJURY,N/A,39.16887827,-77.20541775,"(39.16887827, -77.20541775)"
MCP2848001Z,15052854,MONTGOMERY,Injury Crash,10/18/2015 09:55:00 AM,Maryland (State),MASSACHUSETTS AVE,NEWPORT AVE,,N/A,BICYCLIST,STRAIGHT MOVEMENT ANGLE,CLEAR,DRY,DAYLIGHT,NO CONTROLS,NONE DETECTED,NONE DETECTED,E52B4B2A-3483-4890-9159-BB9FFC738242,BICYCLIST,Cross/Enter at Intersection,NO IMPROPER ACTIONS,ON ROADWAY NOT AT CROSSWALK,No,SUSPECTED MINOR INJURY,MC/BIKE HELMET,38.9599,-77.10786167,"(38.9599, -77.10786167)"
MCP2917007Z,210026871,Montgomery County Police,Injury Crash,07/12/2021 06:23:00 PM,Maryland (State),CONNECTICUT AVE,WELLER RD,,N/A,PEDESTRIAN,OTHER,RAINING,WET,DAYLIGHT,TRAFFIC SIGNAL,NONE DETECTED,NONE DETECTED,FE165C69-95E3-42BA-894A-53B73B5C0E0D,PEDESTRIAN,Cross/Enter at Intersection,NO IMPROPER ACTIONS,ON ROADWAY AT CROSSWALK,No,POSSIBLE INJURY,NONE,39.06332204,-77.07341997,"(39.06332204, -77.07341997)"
MCP3057001W,190049143,Montgomery County Police,Injury Crash,09/29/2019 02:30:00 AM,,,,PARKING LOT OF SENECA VALLEY H.S. 19401 CRYSTAL ROCK DR,,PEDESTRIAN,OTHER,CLEAR,,N/A,N/A,,NONE DETECTED,6F572B7F-C122-4DD3-8386-818CC414C1AE,PEDESTRIAN,Push/Work on Vehicle,UNKNOWN,OTHER,Unknown,POSSIBLE INJURY,N/A,39.17633667,-77.26390167,"(39.17633667, -77.26390167)"
MCP2749000R,15005961,Montgomery County Police,Injury Crash,02/05/2015 09:33:00 PM,,,,Driveway entrance at Post gate,,PEDESTRIAN,STRAIGHT MOVEMENT ANGLE,CLEAR,,DARK LIGHTS ON,NO CONTROLS,NONE DETECTED,NONE DETECTED,1E175D8E-9980-4257-BFE2-ED9562D107EA,PEDESTRIAN,Walking/Cycling on Sidewalk,INATTENTIVE,SIDEWALK,,POSSIBLE INJURY,N/A,39.08676333,-77.07918,"(39.08676333, -77.07918)"
MCP2290001Q,180059883,Montgomery County Police,Injury Crash,11/30/2018 01:02:00 PM,,,,PARKING LOT IFO 625 HUNGERFORD DR (GIANT),,PEDESTRIAN,SINGLE VEHICLE,CLEAR,,DAYLIGHT,N/A,NONE DETECTED,NONE DETECTED,FFD03A9E-D5FA-431B-857C-ACCD6DFD39EE,PEDESTRIAN,Other,N/A,OTHER,No,SUSPECTED MINOR INJURY,N/A,39.09270667,-77.15239667,"(39.09270667, -77.15239667)"
MCP1119000Q,15007211,Montgomery County Police,Injury Crash,02/12/2015 07:14:00 PM,County,RANDOLPH RD,GLENMONT CIR #1,,N/A,PEDESTRIAN,OTHER,N/A,DRY,DARK LIGHTS ON,NO CONTROLS,NONE DETECTED,ALCOHOL PRESENT,6D3ED77E-31BB-4B78-88BA-8E6EDA8A1CB5,PEDESTRIAN,Cross/Enter not at Intersection,FAILURE TO YIELD RIGHT OF WAY,ON ROADWAY NOT AT CROSSWALK,,SUSPECTED MINOR INJURY,NONE,39.05905417,-77.04756975,"(39.05905417, -77.04756975)"
EJ78370016,16055702,Gaithersburg Police Depar,Injury Crash,10/29/2016 06:35:00 AM,Maryland (State),QUINCE ORCHARD RD,MCDONALD CHAPEL DR,,N/A,PEDESTRIAN,SINGLE VEHICLE,N/A,DRY,DARK NO LIGHTS,TRAFFIC SIGNAL,N/A,N/A,DEE2BC25-0DB0-4DAB-99E3-AC5AB7DB3E1B,PEDESTRIAN,Cross/Enter at Intersection,UNKNOWN,ON ROADWAY NOT AT CROSSWALK,Yes,SUSPECTED MINOR INJURY,N/A,39.11978638,-77.25077994,"(39.11978638, -77.25077994)"
MCP30440058,220019942,Montgomery County Police,Property Damage Crash,05/10/2022 08:47:00 PM,County,BRIGGS CHANEY RD,ROBEY RD,,N/A,BICYCLIST,OTHER,CLEAR,DRY,DARK NO LIGHTS,NO CONTROLS,NONE DETECTED,N/A,323A2E61-72AD-4D5A-80DB-965806551EC4,BICYCLIST,Cross/Enter at Intersection,N/A,ON ROADWAY AT CROSSWALK,No,NO APPARENT INJURY,NONE,39.07957667,-76.94478167,"(39.07957667, -76.94478167)"
MCP27520049,210035182,Montgomery County Police,Injury Crash,09/07/2021 07:35:00 PM,County,JONES BRIDGE RD,WALNUT HILL RD,,N/A,BICYCLIST,SAME DIR REAR END,CLEAR,DRY,DAWN,NO CONTROLS,,N/A,9A4B2514-272D-41C8-BB04-5A41630D4C86,BICYCLIST,Unknown,UNKNOWN,UNKNOWN,Yes,SUSPECTED MINOR INJURY,NONE,38.998664,-77.068664,"(38.998664, -77.068664)"
DD5538001V,16049874,Rockville Police Departme,Injury Crash,09/28/2016 09:00:00 AM,Maryland (State),ROCKVILLE PIKE,TALBOTT ST,,ROCKVILLE,BICYCLIST,SAME DIRECTION RIGHT TURN,CLOUDY,DRY,DAYLIGHT,NO CONTROLS,NONE DETECTED,NONE DETECTED,57616C88-27D9-4C4C-AE9D-758308552616,BICYCLIST,Walking/Cycling on Sidewalk,NO IMPROPER ACTIONS,SIDEWALK,No,POSSIBLE INJURY,NONE,39.07325486,-77.13445991,"(39.07325486, -77.13445991)"
MCP2134000S,16051464,Montgomery County Police,Injury Crash,10/06/2016 07:28:00 PM,Maryland (State),GEORGIA AVE,DAWSON AVE,,N/A,PEDESTRIAN,OTHER,CLEAR,DRY,DARK LIGHTS ON,NO CONTROLS,NONE DETECTED,ALCOHOL PRESENT,02073349-3511-4B26-A5A4-B147CE9966CE,PEDESTRIAN,Cross/Enter not at Intersection,IN ROADWAY IMPROPERLY,ON ROADWAY NOT AT CROSSWALK,Unknown,SUSPECTED SERIOUS INJURY,NONE,39.04516101,-77.05215365,"(39.04516101, -77.05215365)"
MCP3089001L,180032436,Montgomery County Police,Injury Crash,07/01/2018 12:37:00 PM,,,,PARKING LOT AT FENTON STREET AND CAMERON,,PEDESTRIAN,SINGLE VEHICLE,N/A,,DAYLIGHT,N/A,N/A,N/A,08002D01-3CE1-4795-A650-3C36A989CC1B,PEDESTRIAN,Unknown,UNKNOWN,SIDEWALK,Unknown,POSSIBLE INJURY,N/A,39.04507333,-76.99021167,"(39.04507333, -76.99021167)"
MCP2712004B,190058418,Montgomery County Police,Injury Crash,12/04/2019 10:28:00 AM,County,CASTLE BLVD,BRIGGS CHANEY RD,,N/A,PEDESTRIAN,N/A,N/A,DRY,DAYLIGHT,TRAFFIC SIGNAL,UNKNOWN,NONE DETECTED,C99C0007-6975-40A3-AAD6-6BCF96D9D6BC,PEDESTRIAN,Cross/Enter at Intersection,N/A,AT INTERSECTION MARKED CROSSWALK,No,POSSIBLE INJURY,N/A,39.08115345,-76.94623815,"(39.08115345, -76.94623815)"
MCP2639001F,16035359,Montgomery County Police,Injury Crash,07/12/2016 09:35:00 PM,Maryland (State),UNIVERSITY BLVD W,DRUMM AVE,,N/A,PEDESTRIAN,STRAIGHT MOVEMENT ANGLE,CLEAR,DRY,DARK LIGHTS ON,NO CONTROLS,NONE DETECTED,NONE DETECTED,ED69502E-E9D2-40A3-90CE-719AD1AC6D34,PEDESTRIAN,Other,IN ROADWAY IMPROPERLY,ON ROADWAY NOT AT CROSSWALK,Yes,POSSIBLE INJURY,N/A,39.036605,-77.06172,"(39.036605, -77.06172)"
MCP29310046,200002559,Montgomery County Police,Injury Crash,01/15/2020 07:22:00 PM,Municipality,DUNDEE RD,WOOTTON PKWY,,ROCKVILLE,BICYCLIST,OTHER,CLEAR,DRY,DARK NO LIGHTS,N/A,N/A,N/A,7A53ADCD-37A4-4E95-9910-6480EF62136C,BICYCLIST,Cross/Enter at Intersection,NO IMPROPER ACTIONS,ON ROADWAY AT CROSSWALK,No,SUSPECTED SERIOUS INJURY,N/A,39.08686167,-77.188365,"(39.08686167, -77.188365)"
MCP2997000H,16033735,Montgomery County Police,Injury Crash,07/03/2016 10:40:00 PM,County,BEL PRE RD,GRAND PRE RD,,N/A,PEDESTRIAN,OTHER,CLEAR,DRY,DARK LIGHTS ON,STOP SIGN,NONE DETECTED,NONE DETECTED,D337CBFA-E5F8-493B-9869-54EFC9B267DC,PEDESTRIAN,Cross/Enter at Intersection,NO IMPROPER ACTIONS,AT INTERSECTION BUT NO CROSSWALK,No,SUSPECTED SERIOUS INJURY,NONE,39.09353987,-77.07777679,"(39.09353987, -77.07777679)"
MCP28180029,16055385,Montgomery County Police,Injury Crash,10/27/2016 08:03:00 PM,Maryland (State),GEORGIA AVE,SPRING ST,,N/A,PEDESTRIAN,SINGLE VEHICLE,RAINING,WET,DARK LIGHTS ON,TRAFFIC SIGNAL,NONE DETECTED,N/A,E896D79B-9F51-4917-919D-475EE8923EA0,PEDESTRIAN,N/A,NO IMPROPER ACTIONS,SIDEWALK,No,POSSIBLE INJURY,N/A,39.17508,-77.197045,"(39.17508, -77.197045)"
MCP158000B4,190012614,Montgomery County Police,Property Damage Crash,03/19/2019 10:10:00 AM,Maryland (State),QUINCE ORCHARD RD,RAMP 2 FR MD 124 WB TO IS 270 NB,,N/A,BICYCLIST,STRAIGHT MOVEMENT ANGLE,CLEAR,DRY,DAYLIGHT,N/A,NONE DETECTED,NONE DETECTED,28BC3683-B5E4-4EB2-8E17-5505B092C754,BICYCLIST,Cross/Enter at Intersection,IN ROADWAY IMPROPERLY,ON ROADWAY AT CROSSWALK,Yes,NO APPARENT INJURY,NONE,39.15029,-77.21490833,"(39.15029, -77.21490833)"
MCP3021003W,180065216,Montgomery County Police,Injury Crash,12/30/2018 02:50:00 PM,,,,PARKING LOT OF SEARS ROEBUCK   11255 NEW HAMPSHIRE AVE,,PEDESTRIAN,OTHER,N/A,,DAYLIGHT,N/A,NONE DETECTED,NONE DETECTED,09EEA5D1-EC87-4D4C-AB85-5C2DB587D512,PEDESTRIAN,Standing,NO IMPROPER ACTIONS,OTHER,No,SUSPECTED SERIOUS INJURY,NONE,39.04206333,-76.989115,"(39.04206333, -76.989115)"
MCP2347000Q,16050908,Montgomery County Police,Injury Crash,10/04/2016 09:22:00 AM,County,OLD COLUMBIA PIKE,TECH RD,,N/A,PEDESTRIAN,OTHER,CLEAR,DRY,DAYLIGHT,STOP SIGN,NONE DETECTED,NONE DETECTED,ECDE22AD-48EC-4864-A62F-2FF0BF26C4CF,PEDESTRIAN,Cross/Enter at Intersection,NO IMPROPER ACTIONS,AT INTERSECTION MARKED CROSSWALK,No,POSSIBLE INJURY,NONE,39.05907333,-76.96934,"(39.05907333, -76.96934)"
MCP30530068,230013744,Montgomery County Police,Injury Crash,03/21/2023 05:02:00 PM,County,MONTICELLO AVE,KENBROOK DR,,N/A,PEDESTRIAN,OTHER,CLEAR,DRY,DAYLIGHT,N/A,N/A,N/A,0F0F4C39-D24B-44D3-9514-9AAAA95A80D6,PEDESTRIAN,Other,DART DASH,OTHER,Yes,POSSIBLE INJURY,N/A,39.039985,-77.02712667,"(39.039985, -77.02712667)"
MCP32630046,230074313,Montgomery County Police,Injury Crash,12/30/2023 05:15:00 PM,County,MOORLAND LA,ARLINGTON RD,,N/A,PEDESTRIAN,SINGLE VEHICLE,CLEAR,DRY,DARK LIGHTS ON,TRAFFIC SIGNAL,NONE DETECTED,NONE DETECTED,C7AACDC1-452E-497E-AC03-1E04F68CC765,PEDESTRIAN,Cross/Enter at Intersection,NO IMPROPER ACTIONS,ON ROADWAY AT CROSSWALK,No,SUSPECTED MINOR INJURY,NONE,38.98591833,-77.09852,"(38.98591833, -77.09852)"
MCP229800LT,180059934,Montgomery County Police,Injury Crash,11/30/2018 03:48:00 PM,,,,PARKING LOT OF 26004 BRIGADIER PLACE,,OTHER,SINGLE VEHICLE,CLEAR,,N/A,NO CONTROLS,NONE DETECTED,NONE DETECTED,943F09FD-0C99-47CC-967E-F39EB5F66996,OTHER,N/A,NO IMPROPER ACTIONS,N/A,No,NO APPARENT INJURY,N/A,39.28291042,-77.20547411,"(39.28291042, -77.20547411)"
MCP10990021,180023188,Montgomery County Police,Injury Crash,05/11/2018 02:05:00 PM,Maryland (State),WOODFIELD RD,BRENISH DR,,N/A,BICYCLIST,STRAIGHT MOVEMENT ANGLE,CLEAR,DRY,DAYLIGHT,NO CONTROLS,NONE DETECTED,NONE DETECTED,4E5EA2DD-791A-4CF6-94CC-A1005BC69DA3,BICYCLIST,Walking/Riding w/Traffic,NO IMPROPER ACTIONS,IN BIKEWAY,No,SUSPECTED MINOR INJURY,MC/BIKE HELMET,39.14673667,-77.145855,"(39.14673667, -77.145855)"
MCP1379003T,15013591,Montgomery County Police,Injury Crash,03/24/2015 03:05:00 PM,Maryland (State),OLD GEORGETOWN RD,DEMOCRACY BLVD,,N/A,BICYCLIST,STRAIGHT MOVEMENT ANGLE,CLEAR,DRY,DAYLIGHT,TRAFFIC SIGNAL,NONE DETECTED,NONE DETECTED,4A560FEB-43F5-4A08-9C08-7821D9098990,BICYCLIST,Cross/Enter at Intersection,NO IMPROPER ACTIONS,ON ROADWAY AT CROSSWALK,,SUSPECTED SERIOUS INJURY,MC/BIKE HELMET,39.02484167,-77.125805,"(39.02484167, -77.125805)"
MCP30800046,230071955,Montgomery County Police,Injury Crash,12/15/2023 05:26:00 PM,County,WISTERIA DR,CIRCLE GATE DR,,N/A,BICYCLIST,OTHER,CLEAR,DRY,DARK LIGHTS ON,N/A,NONE DETECTED,NONE DETECTED,86B3A346-703D-472E-B965-4E6C6E8EFDFD,BICYCLIST,Cross/Enter at Intersection,UNKNOWN,ON ROADWAY AT CROSSWALK,Unknown,POSSIBLE INJURY,NONE,39.17235282,-77.26425105,"(39.17235282, -77.26425105)"
MCP2689007D,200045992,Montgomery County Police,Injury Crash,11/21/2020 10:49:00 AM,,,,"PARKING LOT OF GIANT FOOD, 9719 TRAVILLE GATEWAY DR, ROCKVILLE, MD 20850",,PEDESTRIAN,SINGLE VEHICLE,CLOUDY,,DAYLIGHT,NO CONTROLS,UNKNOWN,NONE DETECTED,39486BE6-B089-4C64-A219-C29A111A8090,PEDESTRIAN,Other,NO IMPROPER ACTIONS,OTHER,No,POSSIBLE INJURY,REFLECTIVE CLOTHING,39.09140109,-77.20281946,"(39.09140109, -77.20281946)"
MCP2239001N,200030242,Montgomery County Police,Injury Crash,08/04/2020 01:24:00 PM,County,SEVEN LOCKS RD,CODDLE HARBOR LA,,N/A,BICYCLIST,OTHER,CLEAR,DRY,DAYLIGHT,STOP SIGN,NONE DETECTED,N/A,750BA249-B77B-4C90-A58B-8AD8199D5189,BICYCLIST,Cross/Enter at Intersection,OTHER,ON ROADWAY NOT AT CROSSWALK,No,SUSPECTED MINOR INJURY,MC/BIKE HELMET,39.04253167,-77.15936333,"(39.04253167, -77.15936333)"
MCP3039004G,190045636,Montgomery County Police,Injury Crash,09/23/2019 07:30:00 PM,,,,SIDEWALK AT 8100 BLOCK OF GEORGIA AVENUE,,"BICYCLIST, PEDESTRIAN",SAME DIR REAR END,CLEAR,,DARK LIGHTS ON,NO CONTROLS,,UNKNOWN,075977C3-F02E-4A01-84A8-8370C7E5F3CC,BICYCLIST,Walking/Cycling on Sidewalk,INATTENTIVE,SIDEWALK,Yes,NO APPARENT INJURY,NONE,38.99117,-77.02694,"(38.99117, -77.02694)"
MCP2231005P,200040024,Montgomery County Police,Injury Crash,10/11/2020 12:39:00 PM,Municipality,MAIN ST,DARNESTOWN RD,,N/A,BICYCLIST,SINGLE VEHICLE,CLOUDY,DRY,DAYLIGHT,TRAFFIC SIGNAL,NONE DETECTED,NONE DETECTED,59DAD8CF-D49A-40A2-B39C-6CD438F3FDC8,BICYCLIST,Cross/Enter at Intersection,NO IMPROPER ACTIONS,ON ROADWAY AT CROSSWALK,No,SUSPECTED MINOR INJURY,MC/BIKE HELMET,39.11239333,-77.24042667,"(39.11239333, -77.24042667)"