Report Number,Local Case Number,Agency Name,ACRS Report Type,Crash Date/Time,Route Type,Road Name,Cross-Street Name,Off-Road Description,Municipality,Related Non-Motorist,Collision Type,Weather,Surface Condition,Light,Traffic Control,Driver Substance Abuse,Non-Motorist Substance Abuse,Person ID,Pedestrian Type,Pedestrian Movement,Pedestrian Actions,Pedestrian Location,At Fault,Injury Severity,Safety Equipment,Latitude,Longitude,Location
MCP12270013,200007223,Montgomery County Police,Fatal Crash,02/12/2020 07:05:00 PM,Maryland (State),MIDCOUNTY HWY,PIER POINT PL,,N/A,PEDESTRIAN,SINGLE VEHICLE,RAINING,WET,DARK LIGHTS ON,NO CONTROLS,NONE DETECTED,ALCOHOL CONTRIBUTED,CAA22B2B-9962-49BA-B144-2C6BD1724E13,PEDESTRIAN,Cross/Enter at Intersection,FAILURE TO YIELD RIGHT OF WAY,AT INTERSECTION BUT NO CROSSWALK,Yes,FATAL INJURY,NONE,39.15924546,-77.19848265,"(39.15924546, -77.19848265)"
MCP289200DR,230011836,Montgomery County Police,Injury Crash,03/10/2023 05:28:00 PM,Maryland (State),PINEY BRANCH RD,WESSEX RD,,N/A,PEDESTRIAN,SINGLE VEHICLE,RAINING,WET,DARK LIGHTS ON,TRAFFIC SIGNAL,NONE DETECTED,NONE DETECTED,96C55B6D-0AD9-4DBE-BC23-7A55841C0B2D,PEDESTRIAN,Cross/Enter at Intersection,INATTENTIVE,ON ROADWAY AT CROSSWALK,Yes,POSSIBLE INJURY,NONE,38.99156667,-77.010095,"(38.99156667, -77.010095)"
EJ7826003P,180058026,Gaithersburg Police Depar,Injury Crash,11/19/2018 01:45:00 PM,Maryland (State),FREDERICK RD,END BRIDGE,,N/A,BICYCLIST,OTHER,CLEAR,DRY,DAYLIGHT,N/A,N/A,N/A,4AF736C9-2DBB-4F07-87A9-2514333019E7,BICYCLIST,N/A,FAILURE TO YIELD RIGHT OF WAY,DRIVEWAY ACCESS MARKED CROSSWALK,Yes,POSSIBLE INJURY,NONE,39.143355,-77.20066667,"(39.143355, -77.20066667)"
MCP2978000F,15024066,Montgomery County Police,Injury Crash,05/19/2015 07:03:00 PM,County,SHADY GROVE RD,GAITHER RD,,ROCKVILLE,PEDESTRIAN,SINGLE VEHICLE,CLEAR,DRY,DAYLIGHT,TRAFFIC SIGNAL,NONE DETECTED,ALCOHOL PRESENT,E1B8F409-E882-4199-89C1-10A64CECA858,PEDESTRIAN,Cross/Enter not at Intersection,IN ROADWAY IMPROPERLY,ON ROADWAY NOT AT CROSSWALK,,SUSPECTED MINOR INJURY,N/A,39.11725904,-77.18386352,"(39.11725904, -77.18386352)"
MCP2970001M,16018649,Montgomery County Police,Property Damage Crash,04/16/2016 11:23:00 AM,County,ARCOLA AVE,KEMP MILL RD,,N/A,BICYCLIST,SAME DIR REND LEFT TURN,CLEAR,DRY,DAYLIGHT,TRAFFIC SIGNAL,N/A,N/A,2B08AF23-2EFD-4927-8386-F47444F04330,BICYCLIST,Walking/Riding w/Traffic,FAILURE TO YIELD RIGHT OF WAY,IN BIKEWAY,Yes,NO APPARENT INJURY,NONE,39.04602,-77.03212667,"(39.04602, -77.03212667)"
MCP3035001H,170524313,Montgomery County Police,Injury Crash,08/11/2017 11:00:00 AM,Maryland (State),FALLS RD,WOOTTON PKWY,,ROCKVILLE,BICYCLIST,STRAIGHT MOVEMENT ANGLE,CLEAR,DRY,DAYLIGHT,TRAFFIC SIGNAL,UNKNOWN,NONE DETECTED,E35DAE46-E2C7-4DF1-8037-FF126F3EAA22,BICYCLIST,Cross/Enter at Intersection,IN ROADWAY IMPROPERLY,AT INTERSECTION MARKED CROSSWALK,Yes,SUSPECTED MINOR INJURY,N/A,39.06981272,-77.17000723,"(39.06981272, -77.17000723)"
MCP12270007,15012578,Montgomery County Police,Fatal Crash,03/18/2015 07:45:00 PM,Maryland (State),FREDERICK RD,SHAWNEE LA,,N/A,PEDESTRIAN,SINGLE VEHICLE,CLEAR,DRY,DARK -- UNKNOWN LIGHTING,NO CONTROLS,NONE DETECTED,NONE DETECTED,AE243F36-D94C-4626-A7DF-F0F7D7575AD5,PEDESTRIAN,Cross/Enter not at Intersection,UNKNOWN,ON ROADWAY NOT AT CROSSWALK,,FATAL INJURY,N/A,39.22979321,-77.26798832,"(39.22979321, -77.26798832)"
EJ7890000H,210036000,Gaithersburg Police Depar,Injury Crash,09/13/2021 11:27:00 AM,Municipality,INSPIRATION LA,MAIN ST,,GAITHERSBURG,OTHER,SAME DIR REAR END,CLEAR,DRY,DAYLIGHT,NO CONTROLS,NONE DETECTED,NONE DETECTED,D0FF49F1-7FC9-472F-9437-737A5D207F04,OTHER,Other,N/A,OTHER,No,NO APPARENT INJURY,N/A,39.12020207,-77.23460335,"(39.12020207, -77.23460335)"
MCP3093004Q,230000784,Montgomery County Police,Injury Crash,01/05/2023 05:38:00 PM,Maryland (State),BROOKVILLE RD,SHEPHERD ST,,MATINS ADDITION,PEDESTRIAN,OTHER,CLEAR,DRY,DARK LIGHTS ON,N/A,N/A,N/A,3F46DA5A-B7A6-4744-BE1F-3955BE88DA85,PEDESTRIAN,Walking/Cycling on Sidewalk,NO IMPROPER ACTIONS,SIDEWALK,No,POSSIBLE INJURY,N/A,38.99108,-77.09783,"(38.99108, -77.09783)"
MCP20550016,16035477,Montgomery County Police,Injury Crash,07/13/2016 01:25:00 PM,County,QUINCE ORCHARD RD,DARNESTOWN RD,,N/A,BICYCLIST,OTHER,CLEAR,DRY,DAYLIGHT,NO CONTROLS,NONE DETECTED,NONE DETECTED,E943405D-12C9-4679-BA6F-2587F4AC1512,BICYCLIST,Cross/Enter at Intersection,WRONG WAY RIDING OR WALKING,IN BIKEWAY,Yes,POSSIBLE INJURY,NONE,39.11794161,-77.25238323,"(39.11794161, -77.25238323)"
MCP2420003T,200005339,Montgomery County Police,Injury Crash,02/01/2020 04:30:00 PM,,,,ENTRANCE TO PARKING LOT OF 3410 OLNEY LAYTONSVILLE RD.,,MACHINE OPERATOR/RIDER,OTHER,CLEAR,,DAYLIGHT,NO CONTROLS,N/A,N/A,CC0BAC44-5779-4C6B-9F89-C03BCFBF31CB,MACHINE OPERATOR/RIDER,N/A,OTHER,OTHER,No,POSSIBLE INJURY,UNKNOWN,39.15288167,-77.06694833,"(39.15288167, -77.06694833)"
MCP93100004,16043509,Montgomery County Police,Property Damage Crash,08/26/2016 08:30:00 PM,County,CONNECTICUT AVE,BEL PRE RD,,N/A,PEDESTRIAN,OTHER,CLEAR,DRY,DARK LIGHTS ON,TRAFFIC SIGNAL,NONE DETECTED,NONE DETECTED,C34C652D-50F7-41FA-9A4D-DAA0BF307DC9,PEDESTRIAN,Cross/Enter at Intersection,UNKNOWN,ON ROADWAY AT CROSSWALK,No,NO APPARENT INJURY,NONE,39.09172833,-77.070555,"(39.09172833, -77.070555)"
MCP3181000R,190033758,Montgomery County Police,Injury Crash,07/16/2019 01:56:00 PM,Maryland (State),GEORGIA AVE,SHOREFIELD RD,,N/A,PEDESTRIAN,OTHER,CLOUDY,N/A,DAYLIGHT,TRAFFIC SIGNAL,N/A,N/A,CC2FAA32-F041-4095-B8DB-FDFBF1042814,PEDESTRIAN,Cross/Enter at Intersection,NO IMPROPER ACTIONS,AT INTERSECTION MARKED CROSSWALK,No,POSSIBLE INJURY,N/A,39.05275333,-77.05123667,"(39.05275333, -77.05123667)"
MCP20010019,200021694,Montgomery County Police,Fatal Crash,06/01/2020 06:29:00 PM,Maryland (State),OLD GEORGETOWN RD,EXECUTIVE BLVD,,N/A,OTHER,STRAIGHT MOVEMENT ANGLE,CLEAR,DRY,DAYLIGHT,TRAFFIC SIGNAL,NONE DETECTED,N/A,F56EE281-BC4C-48A9-B35D-B96F48164209,OTHER,Other Working,UNKNOWN,OTHER,No,FATAL INJURY,N/A,39.04816332,-77.11924964,"(39.04816332, -77.11924964)"
DM8476002M,210039141,Takoma Park Police Depart,Injury Crash,10/02/2021 02:20:00 PM,,,,PARKING LOT,,PEDESTRIAN,OTHER,CLEAR,,DAYLIGHT,NO CONTROLS,N/A,N/A,E38DDC5E-662A-4D23-9DE8-F8A29F924B91,PEDESTRIAN,Other,IN ROADWAY IMPROPERLY,OTHER,Unknown,POSSIBLE INJURY,N/A,38.98989667,-76.98924,"(38.98989667, -76.98924)"
MCP291400D7,220058048,Montgomery County Police,Injury Crash,12/31/2022 05:31:00 PM,Maryland (State),NEW HAMPSHIRE AVE,LOCKWOOD DR,,N/A,PEDESTRIAN,OTHER,RAINING,WET,DARK LIGHTS ON,TRAFFIC SIGNAL,N/A,N/A,5B3E3454-9002-4698-8AE4-7496BF8D9B01,PEDESTRIAN,Standing,NO IMPROPER ACTIONS,AT INTERSECTION MARKED CROSSWALK,No,POSSIBLE INJURY,N/A,39.03990738,-76.99052167,"(39.03990738, -76.99052167)"
MCP3174003W,230013623,Montgomery County Police,Injury Crash,03/21/2023 06:56:00 AM,County,ROTHBURY DR,ARROWHEAD RD,,N/A,PEDESTRIAN,SINGLE VEHICLE,CLEAR,DRY,DARK LIGHTS ON,STOP SIGN,NONE DETECTED,NONE DETECTED,6BF906CF-4C47-4664-B92E-3A2FDE261AAB,PEDESTRIAN,Cross/Enter at Intersection,NO IMPROPER ACTIONS,ON ROADWAY AT CROSSWALK,No,POSSIBLE INJURY,N/A,39.18499833,-77.193835,"(39.18499833, -77.193835)"
MCP2358002P,17005428,Montgomery County Police,Injury Crash,01/31/2017 03:07:00 PM,County,SEVEN LOCKS RD,SCOTLAND DR,,N/A,PEDESTRIAN,OTHER,CLEAR,DRY,DAYLIGHT,N/A,NONE DETECTED,NONE DETECTED,93E74115-6CF6-463D-ADD7-80F742037504,PEDESTRIAN,Cross/Enter at Intersection,NO IMPROPER ACTIONS,ON ROADWAY AT CROSSWALK,No,SUSPECTED MINOR INJURY,N/A,39.03110833,-77.16127,"(39.03110833, -77.16127)"
MCP2983004C,190062216,Montgomery County Police,Injury Crash,12/26/2019 07:13:00 PM,County,WAYNE AVE,GEORGIA AVE,,N/A,PEDESTRIAN,SINGLE VEHICLE,CLEAR,DRY,DARK LIGHTS ON,TRAFFIC SIGNAL,UNKNOWN,NONE DETECTED,1618B042-3CF1-4E94-ABC9-85CA7EC6A1F2,PEDESTRIAN,Cross/Enter at Intersection,NO IMPROPER ACTIONS,ON ROADWAY AT CROSSWALK,No,POSSIBLE INJURY,NONE,38.994706,-77.02717483,"(38.994706, -77.02717483)"
EJ7882000T,200047878,Gaithersburg Police Depar,Injury Crash,12/04/2020 09:17:00 PM,Municipality,FIRSTFIELD RD,CLOPPER RD,,N/A,PEDESTRIAN,OTHER,RAINING,WET,DARK LIGHTS ON,TRAFFIC SIGNAL,NONE DETECTED,NONE DETECTED,CAE12915-A09D-4C34-B906-F6FFC7C9C598,PEDESTRIAN,Other,IMPROPER PASSING,ON ROADWAY NOT AT CROSSWALK,Yes,SUSPECTED SERIOUS INJURY,NONE,39.14356652,-77.22390541,"(39.14356652, -77.22390541)"
MCP2789002Z,16061280,Montgomery County Police,Injury Crash,11/29/2016 05:16:00 PM,County,LINDEN LA,SECOND AVE,,N/A,PEDESTRIAN,SINGLE VEHICLE,RAINING,WET,DARK LIGHTS ON,TRAFFIC SIGNAL,N/A,N/A,D0D3EADF-11E3-4B7D-B279-5EAB73B17069,PEDESTRIAN,Cross/Enter at Intersection,FAILURE TO OBEY TRAFFIC SIGNS SIGNALS OR OFFICER,ON ROADWAY AT CROSSWALK,Yes,POSSIBLE INJURY,N/A,38.99923,-77.02607167,"(38.99923, -77.02607167)"
MCP2853004V,180024617,Montgomery County Police,Injury Crash,05/19/2018 05:20:00 PM,Maryland (State),NEW HAMPSHIRE AVE,OAKVIEW DR,,N/A,PEDESTRIAN,N/A,RAINING,WET,DAYLIGHT,TRAFFIC SIGNAL,N/A,N/A,C5DD71BA-B2A5-415D-A902-EE6E2101321C,PEDESTRIAN,Cross/Enter at Intersection,NO IMPROPER ACTIONS,AT INTERSECTION MARKED CROSSWALK,No,POSSIBLE INJURY,N/A,39.01529919,-76.97792888,"(39.01529919, -76.97792888)"
MCP27170025,15038663,MONTGOMERY,Injury Crash,08/04/2015 01:00:00 PM,County,MACARTHUR BLVD,EGGERT DR,,N/A,BICYCLIST,OTHER,CLEAR,DRY,DAYLIGHT,NO CONTROLS,NONE DETECTED,NONE DETECTED,A2C63B3A-82A9-4A7F-BB9E-C4564A4EE6FB,BICYCLIST,Cross/Enter not at Intersection,DART DASH,ON ROADWAY NOT AT CROSSWALK,Yes,SUSPECTED MINOR INJURY,MC/BIKE HELMET,38.98549667,-77.32862333,"(38.98549667, -77.32862333)"
MCP26800035,190019036,Montgomery County Police,Injury Crash,04/23/2019 04:45:00 PM,,,,PARKING GARAGE AT 921 WAYNE AVE.,,PEDESTRIAN,STRAIGHT MOVEMENT ANGLE,CLEAR,,DAYLIGHT,NO CONTROLS,NONE DETECTED,NONE DETECTED,BDA5B94C-8C48-41BF-9252-1FD957492D25,PEDESTRIAN,Walking/Riding against Traffic,FAILURE TO YIELD RIGHT OF WAY,OTHER,Yes,POSSIBLE INJURY,NONE,38.99089167,-77.02346667,"(38.99089167, -77.02346667)"
MCP2936002F,180026043,Montgomery County Police,Injury Crash,05/27/2018 03:58:00 PM,,,,"DRIVEWAY/SIDEWALK AT 11700 PARKLAWN DR ROCKVILLE, MD 20852",,BICYCLIST,STRAIGHT MOVEMENT ANGLE,CLEAR,,DAYLIGHT,NO CONTROLS,NONE DETECTED,NONE DETECTED,E88FD6CB-FC03-4305-9F43-0D4598E431DF,BICYCLIST,Cross/Enter at Intersection,INATTENTIVE,SIDEWALK,Yes,POSSIBLE INJURY,NONE,39.04661086,-77.10318401,"(39.04661086, -77.10318401)"
MCP2039004K,180049991,Montgomery County Police,Injury Crash,10/06/2018 11:55:00 AM,County,MAY ST,GEORGIA AVE,,N/A,PEDESTRIAN,STRAIGHT MOVEMENT ANGLE,CLOUDY,DRY,DAYLIGHT,STOP SIGN,N/A,N/A,54AB4F04-2C4B-407A-9FC3-6844E80AA6DF,PEDESTRIAN,Other,NO IMPROPER ACTIONS,AT INTERSECTION BUT NO CROSSWALK,Unknown,POSSIBLE INJURY,N/A,39.072175,-77.06617167,"(39.072175, -77.06617167)"
MCP3138000C,180047959,Montgomery County Police,Injury Crash,09/25/2018 07:21:00 PM,Maryland (State),NEW HAMPSHIRE AVE,WOLF DR,,N/A,BICYCLIST,HEAD ON LEFT TURN,CLEAR,DRY,DARK LIGHTS ON,TRAFFIC SIGNAL,N/A,N/A,14A6E42B-DB40-497C-8D11-FC32E65CAA4F,BICYCLIST,Cross/Enter at Intersection,NOT VISIBLE,AT INTERSECTION MARKED CROSSWALK,Yes,POSSIBLE INJURY,NONE,39.07321652,-77.00261479,"(39.07321652, -77.00261479)"
MCP2559001G,16053346,Montgomery County Police,Fatal Crash,10/17/2016 11:28:00 AM,Government,LITTLE FALLS PKWY,ARLINGTON RD,,N/A,BICYCLIST,STRAIGHT MOVEMENT ANGLE,CLEAR,DRY,DAYLIGHT,OTHER,N/A,N/A,90F79E40-AFCC-4EDB-962E-D3A1CCA60003,BICYCLIST,Unknown,UNKNOWN,ON ROADWAY AT CROSSWALK,Unknown,FATAL INJURY,MC/BIKE HELMET,38.97339908,-77.10130244,"(38.97339908, -77.10130244)"
DM8439003C,190037445,Takoma Park Police Depart,Injury Crash,08/06/2019 10:15:00 AM,,,,900 MERRIMAC DR,,PEDESTRIAN,SINGLE VEHICLE,CLEAR,,DAYLIGHT,N/A,N/A,N/A,29760E4E-066F-4FB0-9E80-E0376A520518,PEDESTRIAN,Other,INATTENTIVE,OTHER,Yes,POSSIBLE INJURY,NONE,38.99262833,-76.992025,"(38.99262833, -76.992025)"
MCP2720002P,17011450,Montgomery County Police,Injury Crash,03/05/2017 02:48:00 AM,County,WINDMILL LA,ROSSITER CT,,N/A,PEDESTRIAN,SINGLE VEHICLE,CLEAR,DRY,DARK -- UNKNOWN LIGHTING,NO CONTROLS,UNKNOWN,NONE DETECTED,7D14A6BC-F8DA-4650-A86B-09BCFF7DEC8B,PEDESTRIAN,Other,NO IMPROPER ACTIONS,SHOULDER,No,SUSPECTED MINOR INJURY,NONE,39.09209167,-77.06885333,"(39.09209167, -77.06885333)"
MCP31240059,220011029,Montgomery County Police,Injury Crash,03/14/2022 06:50:00 AM,Maryland (State),CONNECTICUT AVE,DENFELD AVE,,N/A,PEDESTRIAN,OTHER,UNKNOWN,UNKNOWN,UNKNOWN,TRAFFIC SIGNAL,UNKNOWN,UNKNOWN,67FA9191-6885-4E7F-AEEC-FA2F850AE28B,PEDESTRIAN,Cross/Enter at Intersection,NO IMPROPER ACTIONS,ON ROADWAY AT CROSSWALK,No,POSSIBLE INJURY,N/A,39.03879422,-77.0755839,"(39.03879422, -77.0755839)"
MCP0036009Q,190017542,Montgomery County Police,Injury Crash,04/15/2019 07:27:00 AM,County,FATHER HURLEY BLVD,WATERS LANDING DR,,N/A,PEDESTRIAN,SINGLE VEHICLE,RAINING,WET,DAWN,TRAFFIC SIGNAL,NONE DETECTED,NONE DETECTED,3C4EA7A0-5A69-444D-AABD-88C98BD51935,PEDESTRIAN,Cross/Enter at Intersection,NO IMPROPER ACTIONS,ON ROADWAY AT CROSSWALK,No,SUSPECTED MINOR INJURY,NONE,39.19164667,-77.272205,"(39.19164667, -77.272205)"
MCP3173000K,190025858,Montgomery County Police,Injury Crash,06/12/2019 07:14:00 AM,County,BRUNETT AVE,UNIVERSITY BLVD W,,N/A,PEDESTRIAN,OTHER,CLEAR,DRY,DAWN,STOP SIGN,NONE DETECTED,NONE DETECTED,44066F0D-5FAB-4952-83E0-5E469BEFE405,PEDESTRIAN,Cross/Enter at Intersection,NO IMPROPER ACTIONS,ON ROADWAY AT CROSSWALK,No,NO APPARENT INJURY,N/A,39.0229374,-77.01688638,"(39.0229374, -77.01688638)"
MCP3124005D,220012752,Montgomery County Police,Injury Crash,03/24/2022 07:39:00 PM,County,AMHERST AVE,ELKIN ST,,N/A,PEDESTRIAN,OTHER,RAINING,WET,DARK LIGHTS ON,STOP SIGN,NONE DETECTED,NONE DETECTED,5B2A6FF9-E316-454A-827B-32EA5307C6BC,PEDESTRIAN,Unknown,UNKNOWN,UNKNOWN,Unknown,SUSPECTED SERIOUS INJURY,NONE,39.04479667,-77.04799667,"(39.04479667, -77.04799667)"
MCP2450001V,180021979,Montgomery County Police,Injury Crash,05/04/2018 07:25:00 PM,County,E WAYNE AVE,FLOWER AVE,,N/A,PEDESTRIAN,OTHER,N/A,N/A,N/A,TRAFFIC SIGNAL,NONE DETECTED,NONE DETECTED,476057D2-31F5-4594-88F1-3A87231BC64E,PEDESTRIAN,Cross/Enter at Intersection,INATTENTIVE,ON ROADWAY AT CROSSWALK,Yes,POSSIBLE INJURY,N/A,39.00291904,-77.00545907,"(39.00291904, -77.00545907)"
MCP29730009,15020978,Montgomery County Police,Injury Crash,05/03/2015 12:00:00 AM,Maryland (State),GEORGIA AVE,UNIVERSITY BLVD W,,N/A,BICYCLIST,STRAIGHT MOVEMENT ANGLE,CLEAR,DRY,DARK LIGHTS ON,NO CONTROLS,NONE DETECTED,NONE DETECTED,09D8C04D-DFC5-47B0-A49A-A12235F568DC,BICYCLIST,Walking/Riding against Traffic,NO IMPROPER ACTIONS,SIDEWALK,,POSSIBLE INJURY,NONE,39.04195667,-77.051715,"(39.04195667, -77.051715)"
MCP25630009,15064811,MONTGOMERY,Injury Crash,12/18/2015 07:09:00 PM,County,E RANDOLPH RD,SERPENTINE WAY,,N/A,PEDESTRIAN,SINGLE VEHICLE,CLEAR,DRY,DARK LIGHTS ON,TRAFFIC SIGNAL,NONE DETECTED,UNKNOWN,32215F20-D5E7-4FC6-A6F3-2A5F44713AD0,PEDESTRIAN,Unknown,UNKNOWN,ON ROADWAY NOT AT CROSSWALK,Unknown,SUSPECTED SERIOUS INJURY,NONE,39.06437221,-76.96906283,"(39.06437221, -76.96906283)"
DD5635003M,210016780,Rockville Police Departme,Injury Crash,05/04/2021 06:02:00 PM,Maryland (State),FREDERICK RD,KING FARM BLVD,,ROCKVILLE,PEDESTRIAN,OTHER,RAINING,WET,DAYLIGHT,TRAFFIC SIGNAL,NONE DETECTED,NONE DETECTED,0B58A4EF-0DE4-4055-9EF0-E117667AFBB8,PEDESTRIAN,Cross/Enter at Intersection,NO IMPROPER ACTIONS,ON ROADWAY AT CROSSWALK,No,SUSPECTED MINOR INJURY,NONE,39.11712167,-77.1688005,"(39.11712167, -77.1688005)"
MCP1220004H,16059430,Montgomery County Police,Injury Crash,11/18/2016 02:33:00 PM,,,,"9500 GEORGIA AVE (DRIVEWAY)
SILVER SPRING, MD 20910",,PEDESTRIAN,SINGLE VEHICLE,CLEAR,,DAYLIGHT,N/A,,NONE DETECTED,5938C8FF-57B6-470C-8C09-6D81EA018D01,PEDESTRIAN,Standing,NO IMPROPER ACTIONS,OTHER,No,POSSIBLE INJURY,NONE,39.01030833,-77.04112167,"(39.01030833, -77.04112167)"
MCP3045000J,170515506,Montgomery County Police,Injury Crash,06/24/2017 06:46:00 AM,Maryland (State),BRADLEY BLVD,EWING DR,,N/A,BICYCLIST,HEAD ON LEFT TURN,CLEAR,WET,DAYLIGHT,NO CONTROLS,NONE DETECTED,NONE DETECTED,232C0DF9-EDC2-46B4-B6AD-09746ADBB467,BICYCLIST,Cross/Enter at Intersection,N/A,SHARED USE PATH OR TRAILS,No,SUSPECTED SERIOUS INJURY,MC/BIKE HELMET,38.99439758,-77.12325096,"(38.99439758, -77.12325096)"
MCP3059003X,190044082,Montgomery County Police,Injury Crash,09/14/2019 07:26:00 PM,Maryland (State),GEORGIA AVE,ASPEN HILL RD,,N/A,"BICYCLIST, PEDESTRIAN",OTHER,CLEAR,DRY,DARK LIGHTS ON,N/A,NONE DETECTED,UNKNOWN,66C35216-EEFC-4E73-89D4-B93BCF8D546A,PEDESTRIAN,Walking/Cycling on Sidewalk,NO IMPROPER ACTIONS,SIDEWALK,No,NO APPARENT INJURY,UNKNOWN,39.080315,-77.07443833,"(39.080315, -77.07443833)"
HA24010008,15000376,Maryland-National Capital,Property Damage Crash,05/01/2015 12:18:00 PM,County,CEDAR LA,BEACH DR,,N/A,BICYCLIST,STRAIGHT MOVEMENT ANGLE,CLEAR,DRY,DAYLIGHT,TRAFFIC SIGNAL,NONE DETECTED,NONE DETECTED,B44B8975-1953-44C1-8800-71B9777E46DB,BICYCLIST,Cross/Enter at Intersection,NO IMPROPER ACTIONS,N/A,,NO APPARENT INJURY,MC/BIKE HELMET,39.01238567,-77.09093034,"(39.01238567, -77.09093034)"
MCP1227001P,220036787,Montgomery County Police,Fatal Crash,08/25/2022 04:05:00 PM,Maryland (State),RIVER RD,ENT TO KENWOOD STATION SHOP CTR,,N/A,BICYCLIST,SAME DIRECTION RIGHT TURN,CLEAR,DRY,DAYLIGHT,N/A,NONE DETECTED,NONE DETECTED,3BD5516B-B100-43A7-9AD9-FF5F8AC80D01,BICYCLIST,Walking/Riding w/Traffic,UNKNOWN,IN BIKEWAY,No,FATAL INJURY,MC/BIKE HELMET,38.965561,-77.104774,"(38.965561, -77.104774)"
MCP2107003N,220032576,Montgomery County Police,Injury Crash,07/29/2022 10:52:00 AM,,LONGSPUR ALLEY,DOVEKIE AVE,,N/A,PEDESTRIAN,OTHER,CLOUDY,DRY,DAYLIGHT,NO CONTROLS,NONE DETECTED,NONE DETECTED,6E637678-FB8B-4312-9566-E6593229CD17,PEDESTRIAN,Standing,N/A,OTHER,No,POSSIBLE INJURY,N/A,39.21689883,-77.2822025,"(39.21689883, -77.2822025)"
MCP3039003H,190004175,Montgomery County Police,Injury Crash,02/02/2019 08:13:00 PM,Maryland (State),OLD GEORGETOWN RD,RAMP 5 FR MD 187 SB TO RAMP 4 (TO IS495),,N/A,BICYCLIST,STRAIGHT MOVEMENT ANGLE,CLEAR,DRY,DARK LIGHTS ON,TRAFFIC SIGNAL,NONE DETECTED,NONE DETECTED,BCDE5E5A-B48A-4322-A771-E96F98364626,BICYCLIST,Cross/Enter at Intersection,IN ROADWAY IMPROPERLY,ON ROADWAY NOT AT CROSSWALK,Yes,SUSPECTED MINOR INJURY,MC/BIKE HELMET,39.0151414,-77.11881767,"(39.0151414, -77.11881767)"
EJ7781000P,16030830,Gaithersburg Police Depar,Injury Crash,06/18/2016 10:30:00 AM,County,QUINCE ORCHARD RD,DARNESTOWN RD,,N/A,PEDESTRIAN,OTHER,CLEAR,DRY,DAYLIGHT,TRAFFIC SIGNAL,N/A,NONE DETECTED,9D769455-1D36-4F8A-A48B-E8743CAC27A4,PEDESTRIAN,Cross/Enter at Intersection,FAILURE TO OBEY TRAFFIC SIGNS SIGNALS OR OFFICER,ON ROADWAY AT CROSSWALK,Yes,SUSPECTED SERIOUS INJURY,NONE,39.11792704,-77.25259647,"(39.11792704, -77.25259647)"
MCP3086006J,220011438,Montgomery County Police,Injury Crash,03/17/2022 06:45:00 AM,County,SNOUFFERS SCHOOL RD,WOODFIELD RD,,N/A,PEDESTRIAN,SINGLE VEHICLE,RAINING,WET,DAWN,NO CONTROLS,UNKNOWN,NONE DETECTED,9B12B793-39AF-48C4-A554-0DE0B3569509,PEDESTRIAN,Unknown,UNKNOWN,ON ROADWAY AT CROSSWALK,No,SUSPECTED MINOR INJURY,UNKNOWN,39.16204046,-77.16521098,"(39.16204046, -77.16521098)"
EJ7858006M,220012484,Gaithersburg Police Depar,Injury Crash,03/23/2022 08:59:00 AM,County,MUDDY BRANCH RD,WEST SIDE DR,,GAITHERSBURG,PEDESTRIAN,OTHER,CLEAR,DRY,DAYLIGHT,TRAFFIC SIGNAL,NONE DETECTED,NONE DETECTED,4738D6A8-F5A6-428E-AC99-EEF42A8FDCFB,PEDESTRIAN,Cross/Enter at Intersection,FAILURE TO OBEY TRAFFIC SIGNS SIGNALS OR OFFICER,ON ROADWAY AT CROSSWALK,Yes,SUSPECTED MINOR INJURY,N/A,39.12923731,-77.20806466,"(39.12923731, -77.20806466)"
EJ7829004T,180040228,Gaithersburg Police Depar,Injury Crash,08/13/2018 02:00:00 PM,,,,PARKING LOT OF 15750 SHADY GROVE ROAD,,PEDESTRIAN,OTHER,CLEAR,,DAYLIGHT,NO CONTROLS,N/A,N/A,095774F6-C282-4372-9EFF-B483ABE1F734,PEDESTRIAN,Standing,OTHER,OTHER,Yes,POSSIBLE INJURY,N/A,39.11958973,-77.24573135,"(39.11958973, -77.24573135)"
MCP25830032,230024116,Montgomery County Police,Injury Crash,05/19/2023 07:05:00 PM,County,JERUSALEM RD,JERUSALEM CHURCH RD,,N/A,BICYCLIST,STRAIGHT MOVEMENT ANGLE,CLEAR,N/A,DAYLIGHT,STOP SIGN,NONE DETECTED,NONE DETECTED,221B26CC-7D06-41B1-9C6A-9AB52EF053B8,BICYCLIST,Cross/Enter at Intersection,FAILURE TO OBEY TRAFFIC SIGNS SIGNALS OR OFFICER,OUTSIDE RIGHT OF WAY,Yes,POSSIBLE INJURY,MC/BIKE HELMET,39.1592876,-77.40643573,"(39.1592876, -77.40643573)"
MCP3113003H,210049437,Montgomery County Police,Injury Crash,12/06/2021 06:00:00 AM,Maryland (State),NEW HAMPSHIRE AVE,LOCKWOOD DR,,N/A,PEDESTRIAN,OTHER,N/A,DRY,DARK LIGHTS ON,TRAFFIC SIGNAL,N/A,N/A,0488ED39-C216-431B-BC99-5898A9A2E4F6,PEDESTRIAN,Cross/Enter at Intersection,DART DASH,ON ROADWAY AT CROSSWALK,Yes,POSSIBLE INJURY,NONE,39.03981379,-76.99059636,"(39.03981379, -76.99059636)"
DD5631004T,230017911,Rockville Police Departme,Injury Crash,04/15/2023 12:05:00 AM,Municipality,BOUIC AVE,CHAPMAN AVE,,ROCKVILLE,PEDESTRIAN,OTHER,CLEAR,DRY,DARK LIGHTS ON,STOP SIGN,NONE DETECTED,NONE DETECTED,ADE92689-343C-49AE-8976-6F866F9CF82D,PEDESTRIAN,Cross/Enter at Intersection,NO IMPROPER ACTIONS,AT INTERSECTION MARKED CROSSWALK,No,POSSIBLE INJURY,NONE,39.06121417,-77.120909,"(39.06121417, -77.120909)"
MCP3331000H,220040239,Montgomery County Police,Injury Crash,09/16/2022 07:59:00 AM,Maryland (State),VEIRS MILL RD,VALLEYWOOD DR,,N/A,PEDESTRIAN,SINGLE VEHICLE,CLEAR,DRY,DAYLIGHT,NO CONTROLS,NONE DETECTED,NONE DETECTED,3D4365ED-1337-41E6-8178-2FF0A59EF8BD,PEDESTRIAN,Cross/Enter not at Intersection,NO IMPROPER ACTIONS,ON ROADWAY AT CROSSWALK,No,SUSPECTED SERIOUS INJURY,UNKNOWN,39.049723,-77.07103,"(39.049723, -77.07103)"