Report Number,Local Case Number,Agency Name,ACRS Report Type,Crash Date/Time,Route Type,Road Name,Cross-Street Name,Off-Road Description,Municipality,Related Non-Motorist,Collision Type,Weather,Surface Condition,Light,Traffic Control,Driver Substance Abuse,Non-Motorist Substance Abuse,Person ID,Pedestrian Type,Pedestrian Movement,Pedestrian Actions,Pedestrian Location,At Fault,Injury Severity,Safety Equipment,Latitude,Longitude,Location
MCP2001001D,200039859,Montgomery County Police,Fatal Crash,10/09/2020 09:44:00 PM,,SNOUFFER SCHOOL ROAD,SWEET AUTUMN DRIVE,,N/A,BICYCLIST,SINGLE VEHICLE,CLEAR,DRY,DARK NO LIGHTS,NO CONTROLS,UNKNOWN,ALCOHOL PRESENT,A1C6AEDB-1F16-472F-A217-E183E38AD107,BICYCLIST,Cross/Enter not at Intersection,FAILURE TO YIELD RIGHT OF WAY,ON ROADWAY NOT AT CROSSWALK,Yes,FATAL INJURY,NONE,39.16093726,-77.16345338,"(39.16093726, -77.16345338)"
MCP27830043,210020523,Montgomery County Police,Injury Crash,05/30/2021 08:00:00 PM,County,LIVINGSTON ST,LINDELL ST,,N/A,PEDESTRIAN,SAME DIRECTION SIDESWIPE,CLEAR,DRY,DAYLIGHT,NO CONTROLS,N/A,N/A,39A2FC92-DA57-4654-9BD1-0D514DACC520,PEDESTRIAN,Standing,N/A,N/A,No,POSSIBLE INJURY,NONE,39.05622096,-77.05809768,"(39.05622096, -77.05809768)"
MCP28500016,180048206,Montgomery County Police,Injury Crash,09/27/2018 03:35:00 AM,County,STEDWICK RD,WATKINS MILL RD,,N/A,PEDESTRIAN,OPPOSITE DIRECTION SIDESWIPE,RAINING,WET,DARK LIGHTS ON,NO CONTROLS,ALCOHOL PRESENT,N/A,707122F7-1DEE-4141-A28F-498AD4C87383,PEDESTRIAN,Standing,NO IMPROPER ACTIONS,ON ROADWAY NOT AT CROSSWALK,No,SUSPECTED MINOR INJURY,N/A,39.170935,-77.21022167,"(39.170935, -77.21022167)"
MCP28460019,15057967,MONTGOMERY,Injury Crash,11/13/2015 02:50:00 PM,County,GRANDVIEW AVE,BLUERIDGE AVE,,N/A,PEDESTRIAN,OTHER,CLEAR,DRY,DAYLIGHT,NO CONTROLS,NONE DETECTED,NONE DETECTED,5E5194E6-475A-4A36-B2E4-BE60B2FBC644,PEDESTRIAN,Cross/Enter at Intersection,INATTENTIVE,ON ROADWAY AT CROSSWALK,No,POSSIBLE INJURY,NONE,39.04284167,-77.05323167,"(39.04284167, -77.05323167)"
MCP21160088,180012621,Montgomery County Police,Injury Crash,03/13/2018 02:23:00 PM,County,SENECA RD,RIVER RD,,N/A,OTHER,SINGLE VEHICLE,CLEAR,DRY,DAYLIGHT,NO CONTROLS,NONE DETECTED,N/A,3B056425-16AD-4B03-8DBD-B7FB1158481A,OTHER,N/A,N/A,N/A,No,NO APPARENT INJURY,N/A,39.07867167,-77.33052833,"(39.07867167, -77.33052833)"
MCP2780002M,17014453,Montgomery County Police,Property Damage Crash,03/21/2017 02:54:00 PM,Maryland (State),FREDERICK RD,SHAKESPEARE BLVD,,N/A,PEDESTRIAN,OTHER,CLOUDY,DRY,DAYLIGHT,TRAFFIC SIGNAL,NONE DETECTED,NONE DETECTED,CBD39D23-F8A4-4FD7-B72C-BF33ED5E1882,PEDESTRIAN,Cross/Enter at Intersection,NO IMPROPER ACTIONS,ON ROADWAY AT CROSSWALK,No,NO APPARENT INJURY,NONE,39.19849667,-77.24467333,"(39.19849667, -77.24467333)"
MCP20080044,170523208,Montgomery County Police,Injury Crash,08/05/2017 04:34:00 PM,,,,"PARKING LOT OF 
6301 RIVER RD",,PEDESTRIAN,OTHER,CLEAR,,DAYLIGHT,N/A,NONE DETECTED,NONE DETECTED,4C8DB713-3960-4E4D-9A56-066D032F3552,PEDESTRIAN,Other,NO IMPROPER ACTIONS,OTHER,No,NO APPARENT INJURY,N/A,38.97602667,-77.12599833,"(38.97602667, -77.12599833)"
MCP29910045,200024885,Montgomery County Police,Injury Crash,06/26/2020 09:30:00 AM,County,HORNELL DR,GADSDEN AVE,,N/A,PEDESTRIAN,SINGLE VEHICLE,CLEAR,DRY,DAYLIGHT,NO CONTROLS,NONE DETECTED,NONE DETECTED,B2CFDB33-47F1-4C57-A2C4-53674583D56C,PEDESTRIAN,Other,IN ROADWAY IMPROPERLY,ON ROADWAY NOT AT CROSSWALK,Yes,POSSIBLE INJURY,N/A,39.14222913,-76.99009657,"(39.14222913, -76.99009657)"
MCP2813006Y,190034717,Montgomery County Police,Injury Crash,07/21/2019 09:14:00 AM,Maryland (State),VEIRS MILL RD,RANDOLPH RD,,N/A,BICYCLIST,OTHER,RAINING,WET,DARK LIGHTS ON,N/A,N/A,N/A,B77A4462-9CB6-489D-8F0A-010ABE656FBA,BICYCLIST,Walking/Cycling on Sidewalk,NO IMPROPER ACTIONS,SIDEWALK,No,SUSPECTED MINOR INJURY,NONE,39.05576333,-77.08178167,"(39.05576333, -77.08178167)"
MCP2868001F,15040623,MONTGOMERY,Injury Crash,08/14/2015 06:03:00 PM,,,,Parking lot of shopping center at 10315 Westlake Dr,,OTHER,STRAIGHT MOVEMENT ANGLE,CLEAR,,DAYLIGHT,NO CONTROLS,NONE DETECTED,NONE DETECTED,C91669DA-CC4F-4A23-ACFA-37026394E35B,OTHER,Cross/Enter at Intersection,INATTENTIVE,AT INTERSECTION BUT NO CROSSWALK,Yes,POSSIBLE INJURY,NONE,39.02554667,-77.14820167,"(39.02554667, -77.14820167)"
MCP3010008K,230049242,Montgomery County Police,Injury Crash,08/13/2023 12:07:00 PM,,,,PARKING LOT OF 4860 BOILING BROOK PKWY,,BICYCLIST,STRAIGHT MOVEMENT ANGLE,CLEAR,,DAYLIGHT,NO CONTROLS,N/A,N/A,F98B11A1-3F4B-4F7C-9515-DC0D33E139EE,BICYCLIST,Other,NO IMPROPER ACTIONS,OTHER,No,SUSPECTED MINOR INJURY,MC/BIKE HELMET,39.04679333,-77.099845,"(39.04679333, -77.099845)"
MCP3068004W,230030764,Montgomery County Police,Injury Crash,06/27/2023 04:00:00 PM,Maryland (State),WISCONSIN AVE,MONTGOMERY AVE,,N/A,PEDESTRIAN,HEAD ON LEFT TURN,RAINING,WET,DAYLIGHT,TRAFFIC SIGNAL,N/A,N/A,F851298A-DB4B-4318-B3F2-57AFE6105407,PEDESTRIAN,Cross/Enter at Intersection,NO IMPROPER ACTIONS,ON ROADWAY AT CROSSWALK,No,SUSPECTED MINOR INJURY,NONE,38.98400983,-77.0940415,"(38.98400983, -77.0940415)"
MCP2686003G,190034560,Montgomery County Police,Injury Crash,07/20/2019 07:49:00 AM,County,FATHER HURLEY BLVD,SAWYER TERR,,N/A,BICYCLIST,STRAIGHT MOVEMENT ANGLE,N/A,DRY,DAYLIGHT,STOP SIGN,N/A,N/A,AFDE0D0B-1059-4C02-9CF7-6CE5FEF7ECED,BICYCLIST,Cross/Enter at Intersection,N/A,ON ROADWAY AT CROSSWALK,No,SUSPECTED MINOR INJURY,NONE,39.171055,-77.28413333,"(39.171055, -77.28413333)"
MCP295200D4,220052815,Montgomery County Police,Injury Crash,11/29/2022 08:25:00 PM,,,,PARKING LOT OF WHOLE FOODS MARKET (833 WAYNE AVE SILVER SPRING MD),,PEDESTRIAN,OTHER,CLEAR,,DARK LIGHTS ON,NO CONTROLS,UNKNOWN,UNKNOWN,DE4B8604-4401-489F-8585-8388FD9C71A5,PEDESTRIAN,Other,NO IMPROPER ACTIONS,OTHER,Unknown,SUSPECTED MINOR INJURY,N/A,38.99654285,-77.02390009,"(38.99654285, -77.02390009)"
MCP1366004D,16014186,Montgomery County Police,Injury Crash,03/23/2016 07:52:00 AM,County,POSTOAK RD,MILBERN DR,,N/A,PEDESTRIAN,STRAIGHT MOVEMENT ANGLE,CLEAR,DRY,DAWN,STOP SIGN,NONE DETECTED,NONE DETECTED,30DE92F8-896F-4E46-A981-C98E2EC008EC,PEDESTRIAN,Cross/Enter at Intersection,NO IMPROPER ACTIONS,ON ROADWAY AT CROSSWALK,No,SUSPECTED SERIOUS INJURY,N/A,39.05091857,-77.17730284,"(39.05091857, -77.17730284)"
MCP31620028,190021839,Montgomery County Police,Injury Crash,05/09/2019 09:30:00 AM,US (State),COLESVILLE RD,FENTON ST,,N/A,PEDESTRIAN,N/A,CLOUDY,DRY,DAYLIGHT,TRAFFIC SIGNAL,NONE DETECTED,NONE DETECTED,AF54A2A9-BD8E-483D-A353-BE8065931F88,PEDESTRIAN,Cross/Enter at Intersection,NO IMPROPER ACTIONS,ON ROADWAY AT CROSSWALK,No,SUSPECTED MINOR INJURY,N/A,38.997545,-77.02689333,"(38.997545, -77.02689333)"
MCP3143001T,200005324,Montgomery County Police,Injury Crash,01/14/2020 02:45:00 PM,,,,WILDWOOD SHOPPING PLAZA PARKING LOT,,PEDESTRIAN,N/A,RAINING,,DAYLIGHT,NO CONTROLS,NONE DETECTED,NONE DETECTED,0AEA7410-D1FA-413E-83C3-E56007F0E597,PEDESTRIAN,Cross/Enter not at Intersection,NO IMPROPER ACTIONS,ON ROADWAY NOT AT CROSSWALK,Unknown,POSSIBLE INJURY,N/A,39.02497833,-77.12484,"(39.02497833, -77.12484)"
MCP2968004B,220015977,Montgomery County Police,Injury Crash,04/15/2022 12:10:00 PM,County,SHADY GROVE RD,GUDELSKY WAY,,N/A,OTHER PEDALCYCLIST,OTHER,CLEAR,DRY,DAYLIGHT,TRAFFIC SIGNAL,N/A,N/A,1EBAC4A2-0862-43E0-AD1D-D81E2F8D4DD9,OTHER PEDALCYCLIST,Walking/Riding w/Traffic,NO IMPROPER ACTIONS,SHOULDER,No,SUSPECTED MINOR INJURY,UNKNOWN,39.09067667,-77.199705,"(39.09067667, -77.199705)"
MCP22540009,15047275,MONTGOMERY,Injury Crash,09/18/2015 07:52:00 AM,County,LITTLE SENECA PKWY,CROSSOVER,,N/A,BICYCLIST,STRAIGHT MOVEMENT ANGLE,N/A,DRY,DAYLIGHT,NO CONTROLS,NONE DETECTED,NONE DETECTED,CA4F5F4F-3DDA-41E9-9DD8-C0ABEDAB1244,BICYCLIST,Walking/Riding w/Traffic,NO IMPROPER ACTIONS,OTHER,No,SUSPECTED MINOR INJURY,MC/BIKE HELMET,39.23001,-77.252645,"(39.23001, -77.252645)"
MCP2425004K,15009088,Montgomery County Police,Property Damage Crash,02/25/2015 11:35:00 AM,County,FLOWER AVE,PINEY BRANCH RD,,N/A,PEDESTRIAN,SINGLE VEHICLE,CLEAR,DRY,DAYLIGHT,TRAFFIC SIGNAL,NONE DETECTED,NONE DETECTED,89DEF851-70A1-48C1-9BE8-A973C7788F44,PEDESTRIAN,Walking/Riding against Traffic,DART DASH,ON ROADWAY NOT AT CROSSWALK,,NO APPARENT INJURY,NONE,38.997945,-77.00392333,"(38.997945, -77.00392333)"
MCP2001000T,170546565,Montgomery County Police,Injury Crash,12/04/2017 03:50:00 PM,Maryland (State),GEORGIA AVE,INTERNATIONAL DR,,N/A,PEDESTRIAN,SINGLE VEHICLE,CLEAR,DRY,DAYLIGHT,NO CONTROLS,NONE DETECTED,UNKNOWN,D05EC724-C6F2-48F8-B770-9D3E4CF2CBF5,PEDESTRIAN,Cross/Enter not at Intersection,UNKNOWN,ON ROADWAY NOT AT CROSSWALK,Unknown,SUSPECTED SERIOUS INJURY,NONE,39.10367082,-77.07682192,"(39.10367082, -77.07682192)"
MCP9418000K,15034761,MONTGOMERY,Injury Crash,07/15/2015 01:14:00 PM,County,FENTON ST,WAYNE AVE,,N/A,PEDESTRIAN,SINGLE VEHICLE,CLEAR,DRY,DAYLIGHT,NO CONTROLS,NONE DETECTED,UNKNOWN,74BF8BEA-04DA-4DEB-8B9F-49C0CAEBF865,PEDESTRIAN,Cross/Enter not at Intersection,NO IMPROPER ACTIONS,ON ROADWAY AT CROSSWALK,No,SUSPECTED SERIOUS INJURY,N/A,38.99614865,-77.02473879,"(38.99614865, -77.02473879)"
DM84900020,220035339,Takoma Park Police Depart,Property Damage Crash,08/16/2022 01:59:00 PM,Maryland (State),NEW HAMPSHIRE AVE,DEVONSHIRE RD,,TAKOMA PARK,OTHER,OTHER,CLEAR,DRY,DAYLIGHT,N/A,N/A,N/A,551E9AEC-1701-4B5D-A4E6-E34B413A1C50,OTHER,N/A,OTHER,N/A,No,NO APPARENT INJURY,N/A,38.98068097,-76.99800334,"(38.98068097, -76.99800334)"
MCP24750018,16044977,Montgomery County Police,Injury Crash,09/02/2016 08:12:00 PM,County,DIVISION ST,FLOWER AVE,,N/A,BICYCLIST,HEAD ON,CLEAR,DRY,DARK LIGHTS ON,NO CONTROLS,UNKNOWN,NONE DETECTED,9C5A02B8-3B13-4708-A81B-81ABE4D62E06,BICYCLIST,Standing,NO IMPROPER ACTIONS,IN BIKEWAY,No,SUSPECTED MINOR INJURY,MC/BIKE HELMET,38.98709265,-76.99971914,"(38.98709265, -76.99971914)"
EJ78260039,180019484,Gaithersburg Police Depar,Injury Crash,04/21/2018 09:38:00 AM,County,SAM EIG HWY,GREAT SENECA HWY,,N/A,OTHER,SAME DIR REAR END,CLEAR,DRY,DAYLIGHT,N/A,N/A,N/A,5213F62A-606B-4816-8D0E-A73617D2F1FE,OTHER,Other Working,NO IMPROPER ACTIONS,ON ROADWAY NOT AT CROSSWALK,No,POSSIBLE INJURY,REFLECTIVE CLOTHING,39.10968,-77.211745,"(39.10968, -77.211745)"
MCP26080019,15065799,MONTGOMERY,Injury Crash,12/23/2015 05:25:00 PM,County,SECOND AVE,16TH ST,,N/A,BICYCLIST,HEAD ON LEFT TURN,RAINING,WET,DARK LIGHTS ON,TRAFFIC SIGNAL,NONE DETECTED,NONE DETECTED,EFCD9377-5E51-4891-B22B-62D5E4D4DCAF,BICYCLIST,Cross/Enter at Intersection,NO IMPROPER ACTIONS,ON ROADWAY AT CROSSWALK,No,SUSPECTED MINOR INJURY,MC/BIKE HELMET,39.00316167,-77.04003167,"(39.00316167, -77.04003167)"
MCP28640044,210030426,Montgomery County Police,Injury Crash,08/05/2021 04:06:00 PM,County,E GUDE DR,CECIL ST,,N/A,BICYCLIST,STRAIGHT MOVEMENT ANGLE,CLEAR,DRY,DAYLIGHT,TRAFFIC SIGNAL,NONE DETECTED,NONE DETECTED,3C05C192-C3A5-466C-9C74-A1037CFE87A8,BICYCLIST,Cross/Enter at Intersection,FAILURE TO YIELD RIGHT OF WAY,AT INTERSECTION MARKED CROSSWALK,Yes,POSSIBLE INJURY,MC/BIKE HELMET,39.10629333,-77.15243167,"(39.10629333, -77.15243167)"
MCP14380083,190011434,Montgomery County Police,Injury Crash,03/12/2019 12:35:00 PM,,,,BURGER KING PARKING LOT 16004 SHADY GROVE ROAD,,PEDESTRIAN,SINGLE VEHICLE,CLEAR,,DAYLIGHT,N/A,NONE DETECTED,NONE DETECTED,76CEB3F4-1A93-4B16-9D4B-3C1377B440DE,PEDESTRIAN,Other,OTHER,OTHER,No,POSSIBLE INJURY,N/A,39.11990667,-77.181965,"(39.11990667, -77.181965)"
MCP32710001,200016299,Montgomery County Police,Injury Crash,04/17/2020 03:51:00 PM,Maryland (State),FREDERICK RD,MARYLAND AVE,,GAITHERSBURG,BICYCLIST,STRAIGHT MOVEMENT ANGLE,CLEAR,DRY,DAYLIGHT,NO CONTROLS,NONE DETECTED,NONE DETECTED,339FFEDD-C723-41B8-A7C6-5929DA9533C6,BICYCLIST,Walking/Cycling on Sidewalk,NO IMPROPER ACTIONS,SIDEWALK,No,POSSIBLE INJURY,NONE,39.14500626,-77.20285304,"(39.14500626, -77.20285304)"
MCP2783002K,180043676,Montgomery County Police,Injury Crash,09/03/2018 05:17:00 PM,,,,PARKING LOT OF 12021 GEORGIA AVENUE,,PEDESTRIAN,N/A,CLEAR,,DAYLIGHT,NO CONTROLS,NONE DETECTED,NONE DETECTED,DBCD206B-6CB1-4D21-8373-84C71354E72A,PEDESTRIAN,Other,UNKNOWN,OTHER,Unknown,SUSPECTED MINOR INJURY,NONE,39.05270309,-77.05014866,"(39.05270309, -77.05014866)"
EJ78650013,170510092,Gaithersburg Police Depar,Injury Crash,05/26/2017 07:59:00 PM,Municipality,BUTTRY RD,BRIARSTONE LA,,GAITHERSBURG,PEDESTRIAN,SINGLE VEHICLE,CLEAR,DRY,DAYLIGHT,NO CONTROLS,N/A,N/A,08A1AA00-4D91-4620-B2D1-680E2AAC0BC4,PEDESTRIAN,Playing,DART DASH,SHOULDER,Yes,POSSIBLE INJURY,N/A,39.13337773,-77.20451921,"(39.13337773, -77.20451921)"
MCP3124001J,180058705,Montgomery County Police,Injury Crash,11/23/2018 06:00:00 PM,Maryland (State),CONNECTICUT AVE,ASPEN HILL RD,,N/A,PEDESTRIAN,OTHER,CLEAR,DRY,DARK -- UNKNOWN LIGHTING,TRAFFIC SIGNAL,NONE DETECTED,N/A,02786320-BBD7-45D4-AF83-1E709E4A80A2,PEDESTRIAN,Cross/Enter at Intersection,DART DASH,ON ROADWAY AT CROSSWALK,Unknown,SUSPECTED MINOR INJURY,NONE,39.08024052,-77.08069878,"(39.08024052, -77.08069878)"
MCP11680009,15039762,MONTGOMERY,Injury Crash,08/10/2015 01:08:00 PM,Maryland (State),GEORGIA AVE,QUEEN ELIZABETH DR,,N/A,PEDESTRIAN,SINGLE VEHICLE,CLOUDY,DRY,DAYLIGHT,TRAFFIC SIGNAL,NONE DETECTED,NONE DETECTED,8E83DA6F-CAB8-4E95-9357-3B854702C4B0,PEDESTRIAN,Cross/Enter at Intersection,NO IMPROPER ACTIONS,ON ROADWAY AT CROSSWALK,No,SUSPECTED MINOR INJURY,N/A,39.15919833,-77.064625,"(39.15919833, -77.064625)"
MCP2905004D,180059538,Montgomery County Police,Injury Crash,11/28/2018 05:16:00 PM,County,WOODMONT AVE,BATTERY LA,,N/A,PEDESTRIAN,SINGLE VEHICLE,CLEAR,DRY,DARK LIGHTS ON,TRAFFIC SIGNAL,N/A,N/A,941D0C60-61F0-4A6D-9122-083CF7ADAF13,PEDESTRIAN,Cross/Enter not at Intersection,NOT VISIBLE,ON ROADWAY NOT AT CROSSWALK,Yes,POSSIBLE INJURY,NONE,38.9927614,-77.09704548,"(38.9927614, -77.09704548)"
MCP33280023,230029324,Montgomery County Police,Property Damage Crash,06/18/2023 06:50:00 PM,Maryland (State),GEORGIA AVE,PARKER AVE,,N/A,"OTHER CONVEYANCE, PEDESTRIAN",OTHER,CLEAR,N/A,DAYLIGHT,STOP SIGN,NONE DETECTED,NONE DETECTED,7C0F1110-EA04-492E-9200-4F8A6C64CFC5,OTHER CONVEYANCE,Cross/Enter at Intersection,N/A,ON ROADWAY AT CROSSWALK,No,NO APPARENT INJURY,NONE,39.04955333,-77.05202,"(39.04955333, -77.05202)"
MCP3330000W,230001721,Montgomery County Police,Injury Crash,01/11/2023 01:57:00 PM,,,,PARKING LOT OF 801 E GUDE DR,,PEDESTRIAN,OTHER,CLOUDY,,DAYLIGHT,N/A,N/A,N/A,00BDC37E-7FB7-4172-9C7F-88921F898154,PEDESTRIAN,Standing,UNKNOWN,OTHER,Unknown,SUSPECTED MINOR INJURY,N/A,39.101803,-77.142026,"(39.101803, -77.142026)"
MCP2686003P,190042576,Montgomery County Police,Injury Crash,09/05/2019 04:04:00 PM,County,CINNAMON DR,NUTMEG PL,,N/A,PEDESTRIAN,SINGLE VEHICLE,CLEAR,DRY,DAYLIGHT,NO CONTROLS,N/A,N/A,962B5369-BB2E-4052-9526-564E48890D8B,PEDESTRIAN,Cross/Enter not at Intersection,DART DASH,ON ROADWAY NOT AT CROSSWALK,Yes,SUSPECTED MINOR INJURY,NONE,39.16185667,-77.26421833,"(39.16185667, -77.26421833)"
MCP3227004Z,230062386,Montgomery County Police,Injury Crash,10/24/2023 08:27:00 PM,Maryland (State),UNIVERSITY BLVD E,LANGLEY DR,,N/A,PEDESTRIAN,SINGLE VEHICLE,CLEAR,DRY,DARK LIGHTS ON,NO CONTROLS,NONE DETECTED,ALCOHOL PRESENT,C8D51F0E-0F45-49FB-B1B3-FC483E25BC90,PEDESTRIAN,Cross/Enter not at Intersection,DART DASH,ON ROADWAY NOT AT CROSSWALK,Yes,SUSPECTED MINOR INJURY,NONE,39.00154727,-76.99552645,"(39.00154727, -76.99552645)"
MCP23570028,170509616,Montgomery County Police,Injury Crash,05/24/2017 02:20:00 PM,Maryland (State),PINEY BRANCH RD,WESSEX RD,,N/A,PEDESTRIAN,N/A,CLOUDY,DRY,DAYLIGHT,N/A,NONE DETECTED,NONE DETECTED,848DDCAE-C5B8-4444-8983-89275CC1FF3C,PEDESTRIAN,Cross/Enter not at Intersection,DART DASH,ON ROADWAY NOT AT CROSSWALK,Yes,POSSIBLE INJURY,OTHER,38.99185,-77.00989833,"(38.99185, -77.00989833)"
MCP30040014,17007352,Montgomery County Police,Injury Crash,02/10/2017 03:20:00 PM,,,,"11325 SEVEN LOCKS RD POTOMAC, MD 20854, CABIN JOHN SHOPPING CENTER REAR PARKING LOT BEHIND GIANT",,PEDESTRIAN,OTHER,CLEAR,,DAYLIGHT,N/A,UNKNOWN,N/A,3168BDBD-0193-49E7-9FEC-70EEA6A905C5,PEDESTRIAN,Approach/Leaving Schoolbus,N/A,OTHER,No,SUSPECTED MINOR INJURY,N/A,39.04146439,-77.15633333,"(39.04146439, -77.15633333)"
MCP29670048,200016958,Montgomery County Police,Injury Crash,04/23/2020 03:23:00 PM,Maryland (State),MONTGOMERY AVE,WAVERLY ST,,N/A,PEDESTRIAN,OTHER,RAINING,WET,DAYLIGHT,TRAFFIC SIGNAL,N/A,N/A,19C4CC45-22BE-43D9-AAC2-AB5243C19D2E,PEDESTRIAN,Cross/Enter at Intersection,NO IMPROPER ACTIONS,ON ROADWAY AT CROSSWALK,No,SUSPECTED MINOR INJURY,NONE,38.98386238,-77.09238932,"(38.98386238, -77.09238932)"
DM8504000H,220017048,Takoma Park Police Depart,Injury Crash,04/22/2022 01:43:00 AM,Maryland (State),NEW HAMPSHIRE AVE,HOLTON LA,,TAKOMA PARK,PEDESTRIAN,SINGLE VEHICLE,CLEAR,DRY,DARK LIGHTS ON,NO CONTROLS,UNKNOWN,N/A,8DDFCA43-5C53-4610-847A-C30F4EB17EB4,PEDESTRIAN,N/A,UNKNOWN,N/A,No,POSSIBLE INJURY,N/A,38.98380196,-76.98609604,"(38.98380196, -76.98609604)"
MCP2846006H,200047245,Montgomery County Police,Injury Crash,11/30/2020 05:30:00 PM,Maryland (State),UNIVERSITY BLVD W,INWOOD AVE,,N/A,PEDESTRIAN,OTHER,CLEAR,WET,DARK NO LIGHTS,NO CONTROLS,NONE DETECTED,NONE DETECTED,EE79D4F1-F794-4973-9D89-BF5034969DF2,PEDESTRIAN,Cross/Enter at Intersection,NO IMPROPER ACTIONS,ON ROADWAY AT CROSSWALK,No,SUSPECTED MINOR INJURY,UNKNOWN,39.03897333,-77.06001667,"(39.03897333, -77.06001667)"
DD5604001G,17004413,Rockville Police Departme,Injury Crash,01/25/2017 07:42:00 AM,Municipality,ARDENNES AVE,HOLLAND RD,,ROCKVILLE,PEDESTRIAN,OTHER,CLEAR,DRY,DARK LIGHTS ON,N/A,NONE DETECTED,NONE DETECTED,55819C62-56EF-4B7F-9453-E87AE89F6C03,PEDESTRIAN,Cross/Enter at Intersection,NO IMPROPER ACTIONS,AT INTERSECTION BUT NO CROSSWALK,No,SUSPECTED MINOR INJURY,NONE,39.06592833,-77.118435,"(39.06592833, -77.118435)"
HA2386000J,190001790,Maryland-National Capital,Injury Crash,07/14/2019 02:35:00 PM,Government,LITTLE FALLS PKWY,HILLANDALE RD,,N/A,BICYCLIST,OTHER,CLEAR,DRY,DAYLIGHT,STOP SIGN,N/A,N/A,EF8A9C9A-C2E5-406C-A046-B4A18EC5A362,BICYCLIST,Cross/Enter at Intersection,NO IMPROPER ACTIONS,ON ROADWAY AT CROSSWALK,No,SUSPECTED SERIOUS INJURY,MC/BIKE HELMET,38.973437,-77.101287,"(38.973437, -77.101287)"
MCP29170069,190062628,Montgomery County Police,Injury Crash,12/29/2019 07:06:00 PM,County,RANDOLPH RD,SELFRIDGE RD,,N/A,PEDESTRIAN,OTHER,RAINING,WET,DARK NO LIGHTS,TRAFFIC SIGNAL,NONE DETECTED,NONE DETECTED,5C7AF34E-B273-4954-85C9-A38F6F73737C,PEDESTRIAN,Cross/Enter at Intersection,NO IMPROPER ACTIONS,ON ROADWAY AT CROSSWALK,No,POSSIBLE INJURY,NONE,39.05552833,-77.08361833,"(39.05552833, -77.08361833)"
MCP30330019,170522976,Montgomery County Police,Injury Crash,08/04/2017 02:31:00 PM,US (State),COLUMBIA PIKE,INDUSTRIAL PKWY,,N/A,PEDESTRIAN,SINGLE VEHICLE,N/A,DRY,DAYLIGHT,TRAFFIC SIGNAL,NONE DETECTED,NONE DETECTED,D06D6849-ECC3-4A60-90E5-673D84B1DC3D,PEDESTRIAN,Cross/Enter at Intersection,INATTENTIVE,AT INTERSECTION MARKED CROSSWALK,Yes,POSSIBLE INJURY,NONE,39.05624972,-76.97145805,"(39.05624972, -76.97145805)"
MCP2748001K,200012673,Montgomery County Police,Property Damage Crash,03/14/2020 11:35:00 PM,County,SCHUYLKILL RD,WYACONDA RD,,N/A,PEDESTRIAN,SINGLE VEHICLE,RAINING,WET,DARK LIGHTS ON,NO CONTROLS,NONE DETECTED,NONE DETECTED,808ACAB2-311E-416B-BC12-9549542099CB,PEDESTRIAN,Cross/Enter at Intersection,NO IMPROPER ACTIONS,AT INTERSECTION MARKED CROSSWALK,No,NO APPARENT INJURY,N/A,39.0450555,-77.097582,"(39.0450555, -77.097582)"
MCP9419003F,220021170,Montgomery County Police,Injury Crash,05/18/2022 02:30:00 PM,,,,SIDEWALK/PARKING LOT OF 1029 E. GUDE DRIVE,,BICYCLIST,STRAIGHT MOVEMENT ANGLE,CLEAR,,DAYLIGHT,NO CONTROLS,NONE DETECTED,NONE DETECTED,100068DE-6A4A-45C4-8A6B-09F37E9E5647,BICYCLIST,Walking/Cycling on Sidewalk,NO IMPROPER ACTIONS,SIDEWALK,No,SUSPECTED MINOR INJURY,MC/BIKE HELMET,39.098385,-77.13816,"(39.098385, -77.13816)"
MCP2432000F,210021556,Montgomery County Police,Injury Crash,06/07/2021 05:09:00 AM,Maryland (State),MIDCOUNTY HWY,GOSHEN RD,,N/A,PEDESTRIAN,SINGLE VEHICLE,CLEAR,DRY,DARK NO LIGHTS,NO CONTROLS,NONE DETECTED,NONE DETECTED,AE927132-6400-48A4-8636-D26F0EB1C96D,PEDESTRIAN,Walking/Riding w/Traffic,IN ROADWAY IMPROPERLY,SHOULDER,Yes,SUSPECTED MINOR INJURY,NONE,39.15740667,-77.18790667,"(39.15740667, -77.18790667)"
MCP2556004P,230013348,Montgomery County Police,Injury Crash,03/19/2023 05:07:00 PM,,,,SIDEWALK/ DRIVEWAY OF 615 S. FREDERICK ROAD.,,PEDESTRIAN,STRAIGHT MOVEMENT ANGLE,CLEAR,,DAYLIGHT,N/A,NONE DETECTED,NONE DETECTED,8CB1A60D-0987-4AEA-9F63-D893C0AB1B6E,PEDESTRIAN,Walking/Cycling on Sidewalk,NO IMPROPER ACTIONS,SIDEWALK,No,SUSPECTED MINOR INJURY,N/A,39.12989667,-77.18639,"(39.12989667, -77.18639)"
MCP31610017,190015699,Montgomery County Police,Injury Crash,04/04/2019 05:28:00 PM,County,SUMMIT AVE,BROOKFIELD DR,,N/A,PEDESTRIAN,N/A,CLEAR,DRY,DAYLIGHT,OTHER,NONE DETECTED,NONE DETECTED,3A15C653-09DE-4228-B61D-63A32A7CE8CC,PEDESTRIAN,Unknown,UNKNOWN,ON ROADWAY AT CROSSWALK,Unknown,POSSIBLE INJURY,NONE,39.02618667,-77.08048167,"(39.02618667, -77.08048167)"
DM8339000J,16044435,Takoma Park Police Depart,Injury Crash,08/31/2016 01:55:00 PM,Maryland (State),UNIVERSITY BLVD,ENT TO BUSINESS,,N/A,PEDESTRIAN,SINGLE VEHICLE,CLEAR,DRY,DAYLIGHT,TRAFFIC SIGNAL,NONE DETECTED,N/A,85C10D2B-81F6-48DA-94FE-18653F436D2E,PEDESTRIAN,Cross/Enter not at Intersection,IN ROADWAY IMPROPERLY,ON ROADWAY NOT AT CROSSWALK,No,SUSPECTED MINOR INJURY,N/A,38.99062116,-76.98955894,"(38.99062116, -76.98955894)"
MCP31110017,190030622,Montgomery County Police,Injury Crash,06/27/2019 08:00:00 AM,Maryland (State),CONNECTICUT AVE,EAST WEST HWY,,N/A,BICYCLIST,SAME DIR REAR END,CLEAR,DRY,DAYLIGHT,TRAFFIC SIGNAL,NONE DETECTED,NONE DETECTED,1A37D215-9964-448C-8E15-9CA3B24D1B0F,BICYCLIST,Walking/Riding w/Traffic,INATTENTIVE,ON ROADWAY NOT AT CROSSWALK,Yes,POSSIBLE INJURY,MC/BIKE HELMET,38.98814517,-77.07924283,"(38.98814517, -77.07924283)"