Report Number,Local Case Number,Agency Name,ACRS Report Type,Crash Date/Time,Route Type,Road Name,Cross-Street Name,Off-Road Description,Municipality,Related Non-Motorist,Collision Type,Weather,Surface Condition,Light,Traffic Control,Driver Substance Abuse,Non-Motorist Substance Abuse,Person ID,Pedestrian Type,Pedestrian Movement,Pedestrian Actions,Pedestrian Location,At Fault,Injury Severity,Safety Equipment,Latitude,Longitude,Location
DD5508003N,170513397,Rockville Police Departme,Injury Crash,06/13/2017 12:24:00 PM,Municipality,N WASHINGTON ST,WOOD LA,,ROCKVILLE,PEDESTRIAN,OTHER,CLEAR,DRY,DAYLIGHT,STOP SIGN,NONE DETECTED,NONE DETECTED,8E1CEC93-70C6-4D63-9660-9427A50558B6,PEDESTRIAN,Cross/Enter at Intersection,NO IMPROPER ACTIONS,ON ROADWAY AT CROSSWALK,No,SUSPECTED MINOR INJURY,N/A,39.08606,-77.15289833,"(39.08606, -77.15289833)"
MCP2720003Y,190046096,Montgomery County Police,Injury Crash,09/26/2019 03:01:00 AM,Maryland (State),GEORGIA AVE,VERONA DR,,N/A,PEDESTRIAN,SINGLE VEHICLE,CLEAR,DRY,DARK -- UNKNOWN LIGHTING,NO CONTROLS,UNKNOWN,ALCOHOL PRESENT,C09EC55D-5D5B-49F1-A804-B1CF0E8EF76D,PEDESTRIAN,Cross/Enter not at Intersection,IN ROADWAY IMPROPERLY,ON ROADWAY NOT AT CROSSWALK,Yes,SUSPECTED SERIOUS INJURY,NONE,39.07491918,-77.06742952,"(39.07491918, -77.06742952)"
MCP2941000S,15048258,MONTGOMERY,Injury Crash,09/23/2015 02:35:00 PM,County,WAYNE AVE,CEDAR ST,,N/A,PEDESTRIAN,SINGLE VEHICLE,CLEAR,DRY,DAYLIGHT,TRAFFIC SIGNAL,NONE DETECTED,NONE DETECTED,077A1DB8-9589-4082-B8B0-16C570143C54,PEDESTRIAN,Cross/Enter at Intersection,NO IMPROPER ACTIONS,ON ROADWAY AT CROSSWALK,No,POSSIBLE INJURY,N/A,38.99711589,-77.02193856,"(38.99711589, -77.02193856)"
MCP3003002C,180043072,Montgomery County Police,Injury Crash,08/29/2018 03:20:00 PM,Maryland (State),OLD GEORGETOWN RD,SOUTH DR,,N/A,BICYCLIST,STRAIGHT MOVEMENT ANGLE,CLEAR,DRY,DAYLIGHT,TRAFFIC SIGNAL,NONE DETECTED,NONE DETECTED,95F9BC01-F4A0-4BAA-BFC2-6C3177DBEF56,BICYCLIST,Cross/Enter at Intersection,FAILURE TO YIELD RIGHT OF WAY,AT INTERSECTION MARKED CROSSWALK,Yes,SUSPECTED MINOR INJURY,NONE,39.00013192,-77.10936389,"(39.00013192, -77.10936389)"
MCP27820045,220042566,Montgomery County Police,Injury Crash,09/29/2022 07:37:00 PM,Maryland (State),GEORGIA AVE,ENT TO BUSINESS,,N/A,PEDESTRIAN,STRAIGHT MOVEMENT ANGLE,CLEAR,DRY,DUSK,NO CONTROLS,UNKNOWN,NONE DETECTED,C57F6D88-BBD2-4FE5-BEA0-6BB7C8EEE64F,PEDESTRIAN,Walking/Cycling on Sidewalk,NO IMPROPER ACTIONS,SIDEWALK,No,POSSIBLE INJURY,NONE,39.07896602,-77.07249499,"(39.07896602, -77.07249499)"
MCP32150032,220019544,Montgomery County Police,Property Damage Crash,05/08/2022 12:40:00 PM,Maryland (State),16TH ST,COLESVILLE RD,,N/A,BICYCLIST,STRAIGHT MOVEMENT ANGLE,CLEAR,DRY,DAYLIGHT,TRAFFIC SIGNAL,UNKNOWN,NONE DETECTED,1D549C0A-F682-47E0-8815-2D9C4A0A33EE,BICYCLIST,Cross/Enter at Intersection,NO IMPROPER ACTIONS,AT INTERSECTION MARKED CROSSWALK,No,NO APPARENT INJURY,MC/BIKE HELMET,38.99255596,-77.03618228,"(38.99255596, -77.03618228)"
MCP2777002R,16029053,Montgomery County Police,Injury Crash,06/01/2016 04:00:00 PM,Municipality,ROKEBY AVE,ARGYLE AVE,,GARRETT PARK,BICYCLIST,SAME DIRECTION SIDESWIPE,N/A,UNKNOWN,DAYLIGHT,NO CONTROLS,UNKNOWN,UNKNOWN,2677C0C8-F5D6-4ABC-99B1-1AAF0FAEB404,BICYCLIST,Cross/Enter at Intersection,NO IMPROPER ACTIONS,AT INTERSECTION BUT NO CROSSWALK,No,SUSPECTED MINOR INJURY,MC/BIKE HELMET,39.03929,-77.095469,"(39.03929, -77.095469)"
MCP29540040,170533904,Montgomery County Police,Injury Crash,09/29/2017 06:34:00 PM,County,OAKVIEW DR,MT PISGAH RD,,N/A,PEDESTRIAN,SINGLE VEHICLE,CLEAR,DRY,DAYLIGHT,STOP SIGN,ALCOHOL PRESENT,NONE DETECTED,B5BC1A73-5967-4DFE-B8A1-D34AB4959DD7,PEDESTRIAN,Cross/Enter at Intersection,NO IMPROPER ACTIONS,AT INTERSECTION MARKED CROSSWALK,No,POSSIBLE INJURY,N/A,39.01543,-76.97689333,"(39.01543, -76.97689333)"
MCP2286003F,200043960,Montgomery County Police,Injury Crash,11/07/2020 03:00:00 PM,County,RIVER RD,HUGHES RD,,N/A,BICYCLIST,OTHER,CLEAR,DRY,DAYLIGHT,NO CONTROLS,NONE DETECTED,NONE DETECTED,B2156102-D65D-4557-AB88-A8087B7A3028,BICYCLIST,Walking/Riding w/Traffic,NO IMPROPER ACTIONS,N/A,No,NO APPARENT INJURY,MC/BIKE HELMET,39.086815,-77.43595,"(39.086815, -77.43595)"
MCP10480036,170544153,Montgomery County Police,Injury Crash,11/21/2017 04:26:00 PM,Maryland (State),DARNESTOWN RD,MUDDY BRANCH RD,,N/A,BICYCLIST,SAME DIR REAR END,CLEAR,DRY,DUSK,N/A,NONE DETECTED,N/A,2ADA8F3A-FA8E-40FB-A8A8-083804235CD1,BICYCLIST,N/A,INATTENTIVE,IN BIKEWAY,Yes,SUSPECTED MINOR INJURY,MC/BIKE HELMET,39.10332167,-77.22643167,"(39.10332167, -77.22643167)"
MCP2675001D,17007959,Montgomery County Police,Injury Crash,02/13/2017 09:49:00 PM,County,REEDIE DR,GEORGIA AVE,,N/A,PEDESTRIAN,SINGLE VEHICLE,CLEAR,DRY,DARK LIGHTS ON,TRAFFIC SIGNAL,NONE DETECTED,NONE DETECTED,24F2D624-4838-4284-8D49-6E15F8AAD356,PEDESTRIAN,Cross/Enter at Intersection,NO IMPROPER ACTIONS,AT INTERSECTION MARKED CROSSWALK,No,SUSPECTED MINOR INJURY,N/A,39.03864883,-77.05099359,"(39.03864883, -77.05099359)"
MCP94380014,180036461,Montgomery County Police,Property Damage Crash,07/23/2018 03:32:00 PM,,,,19513 GUNNERS BRANCH,,OTHER,SINGLE VEHICLE,N/A,,DAYLIGHT,NO CONTROLS,NONE DETECTED,N/A,A0B0ACA5-7D97-4045-8665-747879ED5383,OTHER,N/A,NO IMPROPER ACTIONS,N/A,No,NO APPARENT INJURY,N/A,39.176415,-77.24066167,"(39.176415, -77.24066167)"
DD5636001Z,200017965,Rockville Police Departme,Injury Crash,05/02/2020 05:55:00 PM,Municipality,ANDERSON AVE,LAIRD ST,,ROCKVILLE,BICYCLIST,OTHER,CLEAR,DRY,DAYLIGHT,NO CONTROLS,NONE DETECTED,NONE DETECTED,75E28D44-AF07-4241-B9AA-805E21A6BF7F,BICYCLIST,Walking/Riding w/Traffic,UNKNOWN,N/A,Unknown,POSSIBLE INJURY,MC/BIKE HELMET,39.08606428,-77.16204295,"(39.08606428, -77.16204295)"
DD5600000G,15052177,ROCKVILLE,Injury Crash,10/22/2015 10:23:00 AM,Maryland (State),ROCKVILLE PIKE,THOMPSON AVE,,ROCKVILLE,BICYCLIST,SINGLE VEHICLE,N/A,DRY,DAYLIGHT,STOP SIGN,N/A,UNKNOWN,41F20875-67FB-4637-9852-25210A532DB6,BICYCLIST,Cross/Enter at Intersection,N/A,AT INTERSECTION BUT NO CROSSWALK,No,SUSPECTED MINOR INJURY,N/A,39.07660333,-77.11755833,"(39.07660333, -77.11755833)"
DD5603004V,170541834,Rockville Police Departme,Injury Crash,11/09/2017 11:35:00 AM,Municipality,MT VERNON PL,BLANDFORD ST,,ROCKVILLE,PEDESTRIAN,OTHER,RAINING,WET,DAYLIGHT,NO CONTROLS,NONE DETECTED,NONE DETECTED,AAD1CDE3-477E-4BBF-B62B-1486F3889959,PEDESTRIAN,Standing,NO IMPROPER ACTIONS,SIDEWALK,No,SUSPECTED MINOR INJURY,N/A,38.99753833,-77.10968667,"(38.99753833, -77.10968667)"
MCP24870038,230053391,Montgomery County Police,Injury Crash,09/06/2023 08:34:00 AM,County,BUDD RD,WHITES FERRY RD,,N/A,BICYCLIST,STRAIGHT MOVEMENT ANGLE,CLEAR,DRY,DAYLIGHT,STOP SIGN,NONE DETECTED,NONE DETECTED,76E578ED-15A0-4FE6-9671-0299206E1AFA,BICYCLIST,Cross/Enter at Intersection,NO IMPROPER ACTIONS,SHOULDER,No,POSSIBLE INJURY,MC/BIKE HELMET,39.13417333,-77.40259833,"(39.13417333, -77.40259833)"
MCP2475004M,200004704,Montgomery County Police,Injury Crash,01/28/2020 07:59:00 PM,Maryland (State),UNIVERSITY BLVD W,LORAIN AVE,,N/A,PEDESTRIAN,OTHER,N/A,DRY,DARK LIGHTS ON,NO CONTROLS,NONE DETECTED,UNKNOWN,EB85315A-6B31-4D36-9500-0A9EF471C249,PEDESTRIAN,Cross/Enter not at Intersection,DART DASH,OUTSIDE RIGHT OF WAY,Yes,SUSPECTED SERIOUS INJURY,NONE,39.02145367,-77.01444832,"(39.02145367, -77.01444832)"
MCP3059007Y,220021726,Montgomery County Police,Injury Crash,05/21/2022 05:44:00 PM,County,SENECA FOREST CIR,SENECA FOREST CIR,,N/A,OTHER,SAME DIR REAR END,CLEAR,DRY,DAYLIGHT,NO CONTROLS,,NONE DETECTED,504541DA-8575-446D-839E-846040927047,OTHER,Other,NO IMPROPER ACTIONS,OTHER,No,SUSPECTED SERIOUS INJURY,N/A,39.20750333,-77.234685,"(39.20750333, -77.234685)"
MCP2818000X,15008777,Montgomery County Police,Injury Crash,02/23/2015 04:43:00 PM,,,,"parking lot of 2010 LINDEN LA ,MCG (YESHIVA SCHOOL)",,PEDESTRIAN,N/A,CLOUDY,,DAYLIGHT,NO CONTROLS,NONE DETECTED,N/A,15D0A531-C393-4EBA-A76E-C4168C29EE7A,PEDESTRIAN,Getting off/on Vehicle,NO IMPROPER ACTIONS,N/A,,POSSIBLE INJURY,N/A,39.00847,-77.04448,"(39.00847, -77.04448)"
MCP2162002L,170534580,Montgomery County Police,Injury Crash,10/03/2017 07:02:00 AM,Maryland (State),OLNEY LAYTONSVILLE RD,OLNEY POST OFFICE,,N/A,PEDESTRIAN,STRAIGHT MOVEMENT ANGLE,CLEAR,DRY,DARK LIGHTS ON,STOP SIGN,N/A,N/A,8D238554-8134-4C21-89E8-0CFD5ACE2E8F,PEDESTRIAN,Cross/Enter at Intersection,N/A,ON ROADWAY AT CROSSWALK,No,SUSPECTED MINOR INJURY,NONE,39.15551833,-77.07064333,"(39.15551833, -77.07064333)"
MCP30760022,190009838,Montgomery County Police,Property Damage Crash,03/02/2019 02:10:00 PM,County,THAYER AVE,DALE DR,,N/A,OTHER,SINGLE VEHICLE,CLEAR,DRY,DAYLIGHT,NO CONTROLS,ALCOHOL PRESENT,NONE DETECTED,B6571D05-F83F-4E46-9BA4-7F3078CD4550,OTHER,Other,NO IMPROPER ACTIONS,INSIDE BUILDING,No,NO APPARENT INJURY,NONE,38.9942915,-77.01051767,"(38.9942915, -77.01051767)"
MCP271700SG,200035252,Montgomery County Police,Injury Crash,09/08/2020 07:10:00 PM,,,,5000 BRADLEY BLVD (PARKING LOT EXIT OF SAFEWAY GROCERY),,BICYCLIST,OTHER,CLEAR,,DARK LIGHTS ON,NO CONTROLS,UNKNOWN,NONE DETECTED,DC5DB57C-7A8B-4DCB-90AD-4D99ECCDF163,BICYCLIST,Cross/Enter at Intersection,NO IMPROPER ACTIONS,ON ROADWAY AT CROSSWALK,No,SUSPECTED MINOR INJURY,MC/BIKE HELMET,38.949512,-77.11782383,"(38.949512, -77.11782383)"
MCP2246000C,15005075,Montgomery County Police,Property Damage Crash,01/31/2015 07:11:00 PM,,,,parking lot of 8010 Fenton Street,,OTHER,OTHER,CLEAR,,DARK LIGHTS ON,N/A,ALCOHOL PRESENT,N/A,74ED8AC5-0707-44A1-9C58-A0DA78F3BB3C,OTHER,N/A,NO IMPROPER ACTIONS,SIDEWALK,,NO APPARENT INJURY,N/A,38.98996968,-77.02413797,"(38.98996968, -77.02413797)"
MCP1323000G,180005089,Montgomery County Police,Property Damage Crash,01/29/2018 06:00:00 PM,County,FENTON ST,PHILADELPHIA AVE,,N/A,BICYCLIST,HEAD ON LEFT TURN,CLEAR,DRY,DUSK,TRAFFIC SIGNAL,UNKNOWN,N/A,60D59A0C-473F-42F2-A55A-CFAEB43FE739,BICYCLIST,Cross/Enter at Intersection,N/A,IN BIKEWAY,No,NO APPARENT INJURY,MC/BIKE HELMET,38.98800789,-77.02359349,"(38.98800789, -77.02359349)"
DM8434001Q,190007387,Takoma Park Police Depart,Injury Crash,02/15/2019 12:41:00 PM,,,,"PARKING LOT WELLS FARGO
1175 UNIVERSITY BLVD E",,PEDESTRIAN,SINGLE VEHICLE,CLEAR,,DAYLIGHT,OTHER,NONE DETECTED,NONE DETECTED,70A2212E-6CBF-4F8B-831A-CBFE51197272,PEDESTRIAN,Other,UNKNOWN,ON ROADWAY AT CROSSWALK,No,POSSIBLE INJURY,NONE,38.98933333,-76.98869833,"(38.98933333, -76.98869833)"
MCP2689006G,190056912,Montgomery County Police,Injury Crash,11/25/2019 01:58:00 PM,,,,PARKING LOT OF 14921 SHADY GROVE RD,,PEDESTRIAN,SINGLE VEHICLE,CLEAR,,DAYLIGHT,NO CONTROLS,NONE DETECTED,NONE DETECTED,A4BF9AAF-342A-47B8-9E2E-5D5DC3AF2047,PEDESTRIAN,Other,NO IMPROPER ACTIONS,OTHER,No,SUSPECTED MINOR INJURY,NONE,39.09691989,-77.19311992,"(39.09691989, -77.19311992)"
DD56470012,210026656,Rockville Police Departme,Injury Crash,07/11/2021 12:15:00 PM,,,,SOUTHBOUND SIDE CROSS WALK OF 1647 ROCKVILLE PIKE,,BICYCLIST,OTHER,CLEAR,,DAYLIGHT,UNKNOWN,N/A,NONE DETECTED,09C95211-9088-482B-80A6-1FE788092B80,BICYCLIST,Cross/Enter at Intersection,UNKNOWN,AT INTERSECTION MARKED CROSSWALK,Unknown,SUSPECTED MINOR INJURY,UNKNOWN,39.07880683,-77.14032767,"(39.07880683, -77.14032767)"
MCP26860042,200022565,Montgomery County Police,Injury Crash,06/08/2020 03:58:00 PM,County,BARGENE WAY,WATERS LANDING DR,,N/A,BICYCLIST,STRAIGHT MOVEMENT ANGLE,CLEAR,DRY,DAYLIGHT,STOP SIGN,NONE DETECTED,NONE DETECTED,16547AA0-B086-48F1-B4A2-50456C0FB30B,BICYCLIST,Walking/Cycling on Sidewalk,DART DASH,SIDEWALK,Yes,SUSPECTED MINOR INJURY,NONE,39.19088504,-77.27088048,"(39.19088504, -77.27088048)"
MCP29670022,170507915,Montgomery County Police,Injury Crash,05/15/2017 04:52:00 PM,County,FALLS RD,RIVER RD,,N/A,PEDESTRIAN,OTHER,CLEAR,DRY,DAYLIGHT,TRAFFIC SIGNAL,N/A,N/A,5946CC77-76F1-444A-97B7-D87F824058D2,PEDESTRIAN,Cross/Enter at Intersection,NO IMPROPER ACTIONS,AT INTERSECTION MARKED CROSSWALK,No,SUSPECTED MINOR INJURY,NONE,39.01734833,-77.21019167,"(39.01734833, -77.21019167)"
MCP31480013,190008589,Montgomery County Police,Injury Crash,02/22/2019 08:08:00 PM,County,PARKLAWN DR,BOILING BROOK PKWY,,N/A,PEDESTRIAN,OTHER,CLEAR,DRY,DARK LIGHTS ON,TRAFFIC SIGNAL,NONE DETECTED,NONE DETECTED,F3E2C787-DAD5-4168-B54C-F737C5D5B98E,PEDESTRIAN,Cross/Enter at Intersection,NO IMPROPER ACTIONS,ON ROADWAY AT CROSSWALK,No,POSSIBLE INJURY,NONE,39.04882667,-77.10184833,"(39.04882667, -77.10184833)"
MCP2330001L,180017910,Montgomery County Police,Injury Crash,04/12/2018 06:16:00 PM,,,,PARKING LOT OF 11931 VEIRS MILL RD,,BICYCLIST,OTHER,CLEAR,,DAYLIGHT,NO CONTROLS,N/A,NONE DETECTED,54E87288-AD24-4864-861C-665BEF144C24,BICYCLIST,Playing,OTHER,ON ROADWAY NOT AT CROSSWALK,No,POSSIBLE INJURY,NONE,39.05358472,-77.07627475,"(39.05358472, -77.07627475)"
MCP3018000H,17011232,Montgomery County Police,Injury Crash,03/03/2017 05:35:00 AM,,BEL PRE RD,SUN VALLEY CIR,,N/A,PEDESTRIAN,OTHER,OTHER,WET,DARK LIGHTS ON,NO CONTROLS,NONE DETECTED,NONE DETECTED,1B61A7D2-5C01-461C-B792-5E59362BC11F,PEDESTRIAN,Cross/Enter not at Intersection,FAILURE TO YIELD RIGHT OF WAY,ON ROADWAY NOT AT CROSSWALK,Yes,SUSPECTED MINOR INJURY,NONE,39.09050051,-77.04785943,"(39.09050051, -77.04785943)"
MCP94220013,180007337,Montgomery County Police,Injury Crash,02/12/2018 12:15:00 PM,County,WAYNE AVE,RAMSEY AVE,,N/A,PEDESTRIAN,SINGLE VEHICLE,CLEAR,DRY,DAYLIGHT,TRAFFIC SIGNAL,NONE DETECTED,NONE DETECTED,350EFEB6-18A7-44FE-9DE6-616440837702,PEDESTRIAN,Cross/Enter at Intersection,NO IMPROPER ACTIONS,AT INTERSECTION MARKED CROSSWALK,No,SUSPECTED MINOR INJURY,NONE,38.99421333,-77.02914833,"(38.99421333, -77.02914833)"
MCP2516004C,230050372,Montgomery County Police,Injury Crash,08/20/2023 01:34:00 PM,County,WATERS RD,WISTERIA DR,,N/A,OTHER,SINGLE VEHICLE,CLEAR,DRY,DAYLIGHT,NO CONTROLS,NONE DETECTED,N/A,7D28879A-01FF-4039-9C4E-496381A4F6AC,OTHER,N/A,N/A,N/A,No,NO APPARENT INJURY,N/A,39.17790703,-77.27273186,"(39.17790703, -77.27273186)"
MCP2703001S,170537660,Montgomery County Police,Injury Crash,10/19/2017 08:45:00 PM,County,DOWNS DR,BUCKLEY DR,,N/A,BICYCLIST,HEAD ON LEFT TURN,CLEAR,DRY,DARK -- UNKNOWN LIGHTING,NO CONTROLS,N/A,N/A,1D019D35-1262-4031-970E-FCAD3263F60D,BICYCLIST,Walking/Riding against Traffic,NO IMPROPER ACTIONS,CURB,No,POSSIBLE INJURY,NONE,39.06069,-76.996375,"(39.06069, -76.996375)"
MCP2001001Z,230014394,Montgomery County Police,Fatal Crash,03/25/2023 01:47:00 AM,US (State),COLUMBIA PIKE,HILLWOOD DR,,N/A,PEDESTRIAN,SINGLE VEHICLE,RAINING,WET,DARK LIGHTS ON,NO CONTROLS,N/A,ALCOHOL PRESENT,44325907-656B-4816-A845-EA86031CF450,PEDESTRIAN,Walking/Riding w/Traffic,IN ROADWAY IMPROPERLY,ON ROADWAY NOT AT CROSSWALK,Yes,FATAL INJURY,N/A,39.03240511,-77.00350933,"(39.03240511, -77.00350933)"
MCP24200048,220028240,Montgomery County Police,Injury Crash,07/01/2022 06:55:00 AM,County,RANDOLPH RD,GLENMONT CIR #1,,N/A,BICYCLIST,OTHER,CLEAR,DRY,DAYLIGHT,TRAFFIC SIGNAL,NONE DETECTED,NONE DETECTED,F346B0C8-89B3-43D4-8D4B-554809E8E335,BICYCLIST,Cross/Enter not at Intersection,N/A,ON ROADWAY NOT AT CROSSWALK,Yes,SUSPECTED SERIOUS INJURY,NONE,39.05796167,-77.048425,"(39.05796167, -77.048425)"
MCP1086000C,220053805,Montgomery County Police,Injury Crash,12/06/2022 07:42:00 AM,,,,NORTHWOOD HIGH SCHOOL 919 UNIVERSITY BLVD W. PARKING LOT,,PEDESTRIAN,OTHER,FOGGY,,OTHER,N/A,NONE DETECTED,NONE DETECTED,EEA51DBF-DBA5-4CA4-AD3E-49D5D03A646C,PEDESTRIAN,Walking to/from school,NO IMPROPER ACTIONS,ON ROADWAY AT CROSSWALK,No,SUSPECTED MINOR INJURY,N/A,39.03556167,-77.02450667,"(39.03556167, -77.02450667)"
MCP3026007Q,220016753,Montgomery County Police,Property Damage Crash,04/20/2022 11:22:00 AM,Municipality,GEORGIA ST,BRADLEY LA,,CHEVY CHASE VILLAGE,OTHER,OTHER,CLEAR,DRY,DAYLIGHT,NO CONTROLS,UNKNOWN,NONE DETECTED,C149AC99-5CCF-4C87-8F09-3ACFF876862B,OTHER,N/A,NO IMPROPER ACTIONS,SIDEWALK,No,NO APPARENT INJURY,N/A,38.97668667,-77.07270333,"(38.97668667, -77.07270333)"
DD55950015,15014635,Rockville Police Departme,Property Damage Crash,03/30/2015 05:09:00 PM,,,,The parking lot exit located at 1450 Rockville Pike,,"OTHER, OTHER CONVEYANCE",SINGLE VEHICLE,SEVERE WINDS,,DAYLIGHT,N/A,N/A,N/A,1B20D794-839A-4334-8524-17D1B6331D1E,OTHER CONVEYANCE,N/A,OTHER,SIDEWALK,,NO APPARENT INJURY,N/A,39.06661406,-77.12771416,"(39.06661406, -77.12771416)"
MCP1565001C,15047042,MONTGOMERY,Injury Crash,09/17/2015 08:15:00 AM,,,,PARKING LOT OF 2301 GLENALLAN AVE SILVER SPRING MARYLAND 20906,,PEDESTRIAN,OTHER,CLEAR,,DAYLIGHT,NO CONTROLS,NONE DETECTED,NONE DETECTED,9EF10131-0F26-4535-A6AA-EFFC75167F55,PEDESTRIAN,Cross/Enter at Intersection,NO IMPROPER ACTIONS,AT INTERSECTION BUT NO CROSSWALK,No,SUSPECTED SERIOUS INJURY,N/A,39.06391509,-77.0490396,"(39.06391509, -77.0490396)"
MCP3163005B,230013540,Montgomery County Police,Injury Crash,03/20/2023 04:56:00 PM,County,NICHOLSON LA,WOODGLEN DR,,N/A,PEDESTRIAN,STRAIGHT MOVEMENT ANGLE,CLEAR,DRY,DAYLIGHT,TRAFFIC SIGNAL,N/A,NONE DETECTED,18BB9F01-C780-4929-AAB5-54FB814B4F97,PEDESTRIAN,Cross/Enter at Intersection,NO IMPROPER ACTIONS,ON ROADWAY AT CROSSWALK,No,POSSIBLE INJURY,N/A,39.04462667,-77.11313167,"(39.04462667, -77.11313167)"
MCP10480023,16021115,Montgomery County Police,Property Damage Crash,04/29/2016 12:30:00 PM,County,SHADY GROVE RD,TRAVILLE  GATEWAY DR,,N/A,PEDESTRIAN,SINGLE VEHICLE,CLEAR,DRY,DAYLIGHT,NO CONTROLS,NONE DETECTED,NONE DETECTED,898A0534-FE0D-43F3-AA6C-AD68DA886D14,PEDESTRIAN,Cross/Enter at Intersection,NO IMPROPER ACTIONS,ON ROADWAY AT CROSSWALK,No,NO APPARENT INJURY,NONE,39.09212429,-77.20683396,"(39.09212429, -77.20683396)"
DM83860014,180043329,Takoma Park Police Depart,Injury Crash,08/30/2018 07:15:00 PM,Municipality,MAPLE AVE,LINCOLN AVE,,TAKOMA PARK,BICYCLIST,SAME DIRECTION LEFT TURN,CLEAR,DRY,DAWN,NO CONTROLS,NONE DETECTED,NONE DETECTED,A63D5700-F3DD-42B8-B9A8-4CF8C1086878,BICYCLIST,Cross/Enter not at Intersection,NOT VISIBLE,SIDEWALK,No,SUSPECTED SERIOUS INJURY,NONE,38.98424833,-77.004625,"(38.98424833, -77.004625)"
MCP3045001S,190005685,Montgomery County Police,Injury Crash,01/31/2019 03:55:00 PM,County,FARMLAND DR,OLD STAGE RD,,N/A,PEDESTRIAN,OTHER,CLEAR,UNKNOWN,DAYLIGHT,SCHOOL ZONE SIGN DEVICE,UNKNOWN,N/A,19CA0FFE-F03F-4A7D-8A8F-AB6C2F84B0C3,PEDESTRIAN,Walking to/from school,IN ROADWAY IMPROPERLY,ON ROADWAY NOT AT CROSSWALK,Yes,SUSPECTED SERIOUS INJURY,NONE,39.0471,-77.1452,"(39.0471, -77.1452)"
DD56700009,230067477,Rockville Police Departme,Injury Crash,11/20/2023 05:03:00 PM,County,E GUDE DR,FREDERICK RD,,N/A,PEDESTRIAN,OTHER,N/A,DRY,DARK LIGHTS ON,TRAFFIC SIGNAL,UNKNOWN,NONE DETECTED,8F58F043-5BD9-4B07-9A66-BBB933C139D7,PEDESTRIAN,Cross/Enter at Intersection,NOT VISIBLE,AT INTERSECTION MARKED CROSSWALK,Unknown,SUSPECTED MINOR INJURY,NONE,39.10663751,-77.15834574,"(39.10663751, -77.15834574)"
MCP3073005V,220003650,Montgomery County Police,Injury Crash,01/27/2022 06:41:00 PM,County,GRENOBLE DR,ASPEN HILL RD,,N/A,PEDESTRIAN,OTHER,N/A,N/A,DARK LIGHTS ON,N/A,NONE DETECTED,NONE DETECTED,524D7E48-0AD5-4553-8C4B-683A98989AEE,PEDESTRIAN,Cross/Enter at Intersection,NO IMPROPER ACTIONS,AT INTERSECTION BUT NO CROSSWALK,No,POSSIBLE INJURY,N/A,39.07947,-77.08392,"(39.07947, -77.08392)"
MCP3200004H,210050607,Montgomery County Police,Injury Crash,12/13/2021 11:02:00 AM,Municipality,PLYERS MILL RD,METROPOLITAN AVE,,N/A,OTHER,SINGLE VEHICLE,CLEAR,DRY,DAYLIGHT,NO CONTROLS,,NONE DETECTED,CB709E8F-111B-4219-8EB3-84F1BF89C508,OTHER,Other,OTHER,OTHER,Yes,SUSPECTED MINOR INJURY,NONE,39.02931634,-77.07399464,"(39.02931634, -77.07399464)"
MCP21340016,170537943,Montgomery County Police,Fatal Crash,10/21/2017 02:33:00 AM,County,SHADY GROVE RD,CRABBS BRANCH WAY,,N/A,PEDESTRIAN,OTHER,CLEAR,DRY,DARK LIGHTS ON,N/A,N/A,UNKNOWN,EFE3A092-9D59-455F-9CCC-A38E2C7E8207,PEDESTRIAN,Other,UNKNOWN,ON ROADWAY NOT AT CROSSWALK,No,FATAL INJURY,NONE,39.129115,-77.16602167,"(39.129115, -77.16602167)"
EJ78890032,220045248,Gaithersburg Police Depar,Injury Crash,10/15/2022 04:20:00 PM,,,,THE PARKING LOT OF 12130 DARNESTOWN RD GAITHERSBURG MD 20878,,PEDESTRIAN,OTHER,CLEAR,,DAYLIGHT,NO CONTROLS,NONE DETECTED,NONE DETECTED,43C39D7C-9D9E-424C-8EDF-FEFAEFB18923,PEDESTRIAN,Other,NO IMPROPER ACTIONS,OTHER,No,POSSIBLE INJURY,NONE,39.11713547,-77.25148558,"(39.11713547, -77.25148558)"
DD5631001H,180059461,Rockville Police Departme,Injury Crash,11/28/2018 12:30:00 PM,Municipality,E MIDDLE LA,MARYLAND AVE,,ROCKVILLE,PEDESTRIAN,OTHER,CLEAR,DRY,DAYLIGHT,STOP SIGN,NONE DETECTED,NONE DETECTED,DA0BEF07-CF36-42F7-8289-9B531FC4987D,PEDESTRIAN,Cross/Enter at Intersection,NO IMPROPER ACTIONS,ON ROADWAY AT CROSSWALK,No,SUSPECTED MINOR INJURY,NONE,39.08479667,-77.15058,"(39.08479667, -77.15058)"
MCP3192003K,230001594,Montgomery County Police,Injury Crash,01/10/2023 08:02:00 PM,,,,PARKING LOT OF 12222 VEIRS MILL ROAD,,PEDESTRIAN,SINGLE VEHICLE,CLEAR,,DARK LIGHTS ON,NO CONTROLS,NONE DETECTED,NONE DETECTED,FE89AA6D-C79F-4C92-9254-64E8476CE848,PEDESTRIAN,Other,NO IMPROPER ACTIONS,OTHER,No,SUSPECTED MINOR INJURY,NONE,39.05735867,-77.08101134,"(39.05735867, -77.08101134)"
MCP2290000M,170509799,Montgomery County Police,Injury Crash,05/25/2017 12:05:00 PM,,,,PARKING LOT OF 12089 ROCKVILLE PIKE,,PEDESTRIAN,SINGLE VEHICLE,CLOUDY,,DAYLIGHT,NO CONTROLS,NONE DETECTED,NONE DETECTED,EE4F8BE4-3A3C-454D-8017-CCB72BAF907A,PEDESTRIAN,Other,NO IMPROPER ACTIONS,N/A,No,SUSPECTED SERIOUS INJURY,N/A,39.05568424,-77.11784363,"(39.05568424, -77.11784363)"