Report Number,Local Case Number,Agency Name,ACRS Report Type,Crash Date/Time,Route Type,Road Name,Cross-Street Name,Off-Road Description,Municipality,Related Non-Motorist,Collision Type,Weather,Surface Condition,Light,Traffic Control,Driver Substance Abuse,Non-Motorist Substance Abuse,Person ID,Pedestrian Type,Pedestrian Movement,Pedestrian Actions,Pedestrian Location,At Fault,Injury Severity,Safety Equipment,Latitude,Longitude,Location
EJ7844001B,220037076,Gaithersburg Police Depar,Property Damage Crash,08/27/2022 03:40:00 PM,County,MUDDY BRANCH RD,SCHOOL DR,,GAITHERSBURG,BICYCLIST,STRAIGHT MOVEMENT ANGLE,CLEAR,DRY,DAYLIGHT,N/A,NONE DETECTED,NONE DETECTED,E23E0C2B-D9C9-4365-BB38-D72923A44820,BICYCLIST,Walking/Cycling on Sidewalk,FAILURE TO YIELD RIGHT OF WAY,SIDEWALK,Yes,NO APPARENT INJURY,NONE,39.120622,-77.216776,"(39.120622, -77.216776)"
DD5605003M,170508663,Rockville Police Departme,Injury Crash,05/19/2017 12:35:00 PM,Municipality,N WASHINGTON ST,MARTINS LA,,ROCKVILLE,PEDESTRIAN,OTHER,CLEAR,DRY,DAYLIGHT,TRAFFIC SIGNAL,NONE DETECTED,NONE DETECTED,C6E84E59-1114-49DE-9C65-4823196E1D1B,PEDESTRIAN,Cross/Enter at Intersection,NO IMPROPER ACTIONS,ON ROADWAY AT CROSSWALK,No,POSSIBLE INJURY,N/A,39.09087417,-77.15379283,"(39.09087417, -77.15379283)"
MCP3153002R,210035766,Montgomery County Police,Property Damage Crash,09/11/2021 01:55:00 PM,County,KEATING ST,INDEPENDENCE ST,,N/A,PEDESTRIAN,HEAD ON,CLEAR,DRY,DAYLIGHT,NO CONTROLS,"ALCOHOL CONTRIBUTED, NONE DETECTED",N/A,31BACF41-C137-4B40-84B2-9278D18A82E2,PEDESTRIAN,Standing,NO IMPROPER ACTIONS,OTHER,No,NO APPARENT INJURY,N/A,39.07431833,-77.09076,"(39.07431833, -77.09076)"
MCP2939003C,190008759,Montgomery County Police,Injury Crash,02/23/2019 11:08:00 PM,County,LITTLE SENECA PKWY,CROSSOVER,,N/A,PEDESTRIAN,OTHER,CLEAR,WET,DARK LIGHTS ON,N/A,N/A,ALCOHOL PRESENT,0415163C-FD4E-47FF-B828-79B3451BD6FE,PEDESTRIAN,N/A,UNKNOWN,ON ROADWAY AT CROSSWALK,Unknown,POSSIBLE INJURY,NONE,39.230205,-77.252355,"(39.230205, -77.252355)"
MCP3059006T,210033524,Montgomery County Police,Injury Crash,08/27/2021 08:50:00 PM,County,BRANDERMILL DR,STONEY POINT WAY,,N/A,PEDESTRIAN,SAME DIRECTION SIDESWIPE,RAINING,WET,DARK LIGHTS ON,NO CONTROLS,NONE DETECTED,NONE DETECTED,B35BDCBB-6749-4E1D-94CF-D3C9F821B3B9,PEDESTRIAN,Getting off/on Vehicle,IN ROADWAY IMPROPERLY,ON ROADWAY NOT AT CROSSWALK,No,POSSIBLE INJURY,N/A,39.184555,-77.236745,"(39.184555, -77.236745)"
MCP3213000L,190053730,Montgomery County Police,Injury Crash,11/07/2019 06:04:00 PM,US (State),GEORGIA AVE,WAYNE AVE,,N/A,PEDESTRIAN,N/A,RAINING,WET,DARK LIGHTS ON,OTHER,NONE DETECTED,NONE DETECTED,5211DDBE-7304-4BA8-BAD9-73E87CDD9538,PEDESTRIAN,Cross/Enter at Intersection,IMPROPER PASSING,AT INTERSECTION MARKED CROSSWALK,Yes,SUSPECTED MINOR INJURY,N/A,38.99446974,-77.02669992,"(38.99446974, -77.02669992)"
MCP29410041,210031534,Montgomery County Police,Injury Crash,08/14/2021 08:50:00 PM,Maryland (State),COLESVILLE RD,WAYNE AVE,,N/A,BICYCLIST,STRAIGHT MOVEMENT ANGLE,RAINING,WET,DARK LIGHTS ON,TRAFFIC SIGNAL,NONE DETECTED,NONE DETECTED,68D4E94D-527F-4C82-9852-9D634D3F68BB,BICYCLIST,Cross/Enter at Intersection,FAILURE TO OBEY TRAFFIC SIGNS SIGNALS OR OFFICER,IN BIKEWAY,Yes,SUSPECTED MINOR INJURY,UNKNOWN,38.99488547,-77.03019638,"(38.99488547, -77.03019638)"
MCP3169001Z,190050430,Montgomery County Police,Property Damage Crash,10/21/2019 07:30:00 AM,County,SLIGO AVE,MAYOR LA,,N/A,BICYCLIST,OTHER,CLEAR,DRY,DAYLIGHT,NO CONTROLS,N/A,N/A,5404E375-DE94-4A7D-A285-B5EC48C09356,BICYCLIST,Walking/Riding against Traffic,NO IMPROPER ACTIONS,AT INTERSECTION BUT NO CROSSWALK,No,NO APPARENT INJURY,MC/BIKE HELMET,38.9902735,-77.02578916,"(38.9902735, -77.02578916)"
MCP00360092,180063858,Montgomery County Police,Injury Crash,12/21/2018 06:04:00 PM,Maryland (State),WOODFIELD RD,VALLEY PARK DR,,N/A,PEDESTRIAN,SINGLE VEHICLE,RAINING,WET,DARK NO LIGHTS,NO CONTROLS,NONE DETECTED,NONE DETECTED,62DBAD2A-D3D5-4DC1-8394-ADFEC8E2DF48,PEDESTRIAN,Cross/Enter not at Intersection,DART DASH,ON ROADWAY NOT AT CROSSWALK,Yes,POSSIBLE INJURY,NONE,39.27831167,-77.203655,"(39.27831167, -77.203655)"
MCP2586004H,180061120,Montgomery County Police,Injury Crash,12/06/2018 09:27:00 PM,Maryland (State),GEORGIA AVE,BLUERIDGE AVE,,N/A,PEDESTRIAN,OTHER,CLEAR,DRY,DARK NO LIGHTS,NO CONTROLS,NONE DETECTED,ALCOHOL PRESENT,2826741D-75E8-489C-B228-8A776C35FEED,PEDESTRIAN,Cross/Enter not at Intersection,IN ROADWAY IMPROPERLY,ON ROADWAY NOT AT CROSSWALK,Yes,SUSPECTED SERIOUS INJURY,NONE,39.04464048,-77.05215579,"(39.04464048, -77.05215579)"
EJ7878001D,200018160,Gaithersburg Police Depar,Injury Crash,05/04/2020 09:46:00 AM,,,,PARKING LOT OF 21 S SUMMIT,,PEDESTRIAN,OTHER,CLEAR,,DAYLIGHT,NO CONTROLS,N/A,N/A,8ED26F24-7000-479B-9C46-1C121A413D7D,PEDESTRIAN,Standing,OTHER,OTHER,Unknown,POSSIBLE INJURY,LIGHTING,39.14068025,-77.19341273,"(39.14068025, -77.19341273)"
MCP2399004Q,210036229,Montgomery County Police,Injury Crash,09/14/2021 03:05:00 PM,County,WATKINS MILL RD,CLUB HOUSE RD,,N/A,PEDESTRIAN,SINGLE VEHICLE,CLEAR,DRY,DAYLIGHT,NO CONTROLS,UNKNOWN,NONE DETECTED,08E18D01-75D8-45F3-A689-00227D9DAECC,PEDESTRIAN,Cross/Enter not at Intersection,DART DASH,ON ROADWAY NOT AT CROSSWALK,Yes,SUSPECTED MINOR INJURY,NONE,39.1724293,-77.2079621,"(39.1724293, -77.2079621)"
DD5646002N,230019854,Rockville Police Departme,Injury Crash,04/25/2023 10:10:00 PM,Maryland (State),HUNGERFORD DR,COLLEGE PKWY,,ROCKVILLE,PEDESTRIAN,SINGLE VEHICLE,CLEAR,DRY,DARK LIGHTS ON,NO CONTROLS,N/A,N/A,397D4307-FB7E-46D7-9250-83EA304B54F5,PEDESTRIAN,Standing,NO IMPROPER ACTIONS,INSIDE BUILDING,No,SUSPECTED MINOR INJURY,N/A,39.1035149,-77.1566645,"(39.1035149, -77.1566645)"
MCP271700TB,210002365,Montgomery County Police,Injury Crash,01/19/2021 03:31:00 PM,Maryland (State),CONNECTICUT AVE,ROSEMARY ST #2,,CHEVY CHASE #4,BICYCLIST,OTHER,CLEAR,DRY,DAYLIGHT,TRAFFIC SIGNAL,NONE DETECTED,NONE DETECTED,44A86B54-5448-4946-A2DA-D7D98E757D8E,BICYCLIST,Cross/Enter at Intersection,NO IMPROPER ACTIONS,ON ROADWAY AT CROSSWALK,No,SUSPECTED MINOR INJURY,MC/BIKE HELMET,38.97779433,-77.07710317,"(38.97779433, -77.07710317)"
MCP26030038,200024788,Montgomery County Police,Injury Crash,06/25/2020 11:18:00 AM,Maryland (State),MONTGOMERY VILLAGE AVE,SPUR TO CHRISTOPHER AVE,,N/A,PEDESTRIAN,SINGLE VEHICLE,CLOUDY,DRY,DAYLIGHT,OTHER,N/A,N/A,882B13D1-04B5-446D-9964-4D85BFF987C8,PEDESTRIAN,Cross/Enter at Intersection,NO IMPROPER ACTIONS,ON ROADWAY AT CROSSWALK,No,POSSIBLE INJURY,NONE,39.15834667,-77.204405,"(39.15834667, -77.204405)"
MCP09730008,15036772,MONTGOMERY,Injury Crash,07/25/2015 05:30:00 PM,County,ELM ST,WOODMONT AVE,,N/A,PEDESTRIAN,SINGLE VEHICLE,CLOUDY,DRY,DAYLIGHT,NO CONTROLS,NONE DETECTED,NONE DETECTED,1FF1A279-3069-427A-A0E9-BE8049A72451,PEDESTRIAN,Cross/Enter not at Intersection,DART DASH,ON ROADWAY NOT AT CROSSWALK,Yes,POSSIBLE INJURY,N/A,38.981965,-77.09722333,"(38.981965, -77.09722333)"
MCP2314001V,220051243,Montgomery County Police,Injury Crash,11/19/2022 12:45:00 PM,,,,PARKING LOT IN FRONT OF WORLD MARKET AT 12266 ROCKVILLE PIKE,,PEDESTRIAN,OTHER,CLEAR,,DAYLIGHT,N/A,UNKNOWN,UNKNOWN,706FC473-5BCE-46E3-A72E-0C3046BE658A,PEDESTRIAN,Other,NO IMPROPER ACTIONS,MIDBLOCK MARKED CROSSWALK,No,SUSPECTED SERIOUS INJURY,N/A,39.05735433,-77.122377,"(39.05735433, -77.122377)"
MCP91060017,17011090,Montgomery County Police,Injury Crash,03/02/2017 12:53:00 PM,County,WATERS RD,WISTERIA DR,,N/A,PEDESTRIAN,SINGLE VEHICLE,N/A,DRY,DAYLIGHT,YIELD SIGN,UNKNOWN,NONE DETECTED,708AB888-21A4-438D-9347-EBD93806BB62,PEDESTRIAN,Cross/Enter at Intersection,NO IMPROPER ACTIONS,ON ROADWAY AT CROSSWALK,No,POSSIBLE INJURY,NONE,39.17818,-77.27308167,"(39.17818, -77.27308167)"
HA2419000M,19002069,Maryland-National Capital,Property Damage Crash,08/05/2019 09:21:00 PM,,,,JESUP BLAIR LOCAL PARK GRASS AREA,,OTHER,SINGLE VEHICLE,N/A,,DARK LIGHTS ON,NO CONTROLS,,NONE DETECTED,685699A4-BAA0-4AF2-9F45-CE2C72628DF9,OTHER,Other,OTHER,CURB,Yes,NO APPARENT INJURY,N/A,38.98493069,-77.02534704,"(38.98493069, -77.02534704)"
MCP209400FV,200002289,Montgomery County Police,Injury Crash,01/14/2020 09:41:00 AM,Maryland (State),MASSACHUSETTS AVE,BENT BRANCH RD,,N/A,PEDESTRIAN,OTHER,RAINING,WET,DAYLIGHT,NO CONTROLS,NONE DETECTED,NONE DETECTED,8B7FCDAD-6870-4572-96DC-2DB32362E39D,PEDESTRIAN,Cross/Enter at Intersection,FAILURE TO YIELD RIGHT OF WAY,ON ROADWAY AT CROSSWALK,Yes,SUSPECTED MINOR INJURY,NONE,38.968465,-77.12932833,"(38.968465, -77.12932833)"
MCP2496001R,200034185,Montgomery County Police,Injury Crash,09/02/2020 12:00:00 PM,County,DALE DR,HARTFORD AVE,,N/A,OTHER PEDALCYCLIST,SINGLE VEHICLE,CLEAR,DRY,DAYLIGHT,OTHER,UNKNOWN,NONE DETECTED,56DDE091-A248-4002-B6E7-1FC2CE444FFA,OTHER PEDALCYCLIST,Cross/Enter at Intersection,NO IMPROPER ACTIONS,AT INTERSECTION MARKED CROSSWALK,No,POSSIBLE INJURY,NONE,38.9959156,-77.00994258,"(38.9959156, -77.00994258)"
MCP31910045,230053327,Montgomery County Police,Injury Crash,09/05/2023 05:46:00 PM,,JERUSALEM RD,BRIGHTWELL CROSSING LN,,N/A,PEDESTRIAN,SAME DIR REAR END,CLEAR,DRY,DAYLIGHT,NO CONTROLS,NONE DETECTED,NONE DETECTED,1C196160-321C-4FA1-B420-4F774DD9FCC5,PEDESTRIAN,Walking/Riding w/Traffic,UNKNOWN,SHOULDER,No,SUSPECTED MINOR INJURY,NONE,39.15483883,-77.41318383,"(39.15483883, -77.41318383)"
MCP2072006T,230031679,Montgomery County Police,Injury Crash,07/03/2023 10:48:00 AM,County,GUNNERS BRANCH RD,FREDERICK RD,,N/A,PEDESTRIAN,OTHER,CLEAR,DRY,DAYLIGHT,TRAFFIC SIGNAL,NONE DETECTED,NONE DETECTED,7B059868-0FFD-41EE-A474-CA1FC9E42BA1,PEDESTRIAN,Cross/Enter at Intersection,NO IMPROPER ACTIONS,AT INTERSECTION MARKED CROSSWALK,No,SUSPECTED SERIOUS INJURY,N/A,39.18110333,-77.23837333,"(39.18110333, -77.23837333)"
MCP13660095,190020833,Montgomery County Police,Injury Crash,05/03/2019 02:39:00 PM,Maryland (State),MUNCASTER MILL RD,NEEDWOOD RD,,N/A,PEDESTRIAN,STRAIGHT MOVEMENT ANGLE,CLEAR,DRY,DAYLIGHT,TRAFFIC SIGNAL,NONE DETECTED,NONE DETECTED,97D1C718-F331-4E65-AD90-9C352326F4E6,PEDESTRIAN,Cross/Enter not at Intersection,DART DASH,ON ROADWAY NOT AT CROSSWALK,Yes,SUSPECTED SERIOUS INJURY,NONE,39.13184,-77.12072833,"(39.13184, -77.12072833)"
DD5614001H,16053728,Rockville Police Departme,Injury Crash,10/19/2016 07:12:00 AM,Municipality,PICCARD DR,GAITHER RD,,ROCKVILLE,BICYCLIST,STRAIGHT MOVEMENT ANGLE,CLEAR,DRY,DAWN,TRAFFIC SIGNAL,NONE DETECTED,NONE DETECTED,F3CFE3CC-DF18-464D-BA04-4A80CBA42653,BICYCLIST,Walking/Riding against Traffic,FAILURE TO OBEY TRAFFIC SIGNS SIGNALS OR OFFICER,ON ROADWAY AT CROSSWALK,Yes,SUSPECTED MINOR INJURY,NONE,39.08375333,-77.15305,"(39.08375333, -77.15305)"
MCP2651004G,210023683,Montgomery County Police,Injury Crash,06/21/2021 08:50:00 AM,County,SCHINDLER DR,NEW HAMPSHIRE AVE SER RD,,N/A,PEDESTRIAN,OTHER,CLEAR,DRY,DAYLIGHT,TRAFFIC SIGNAL,N/A,N/A,ACBE08AB-CCDF-4E9E-A1E3-7F1F5824869D,PEDESTRIAN,Cross/Enter at Intersection,NO IMPROPER ACTIONS,ON ROADWAY AT CROSSWALK,Yes,SUSPECTED MINOR INJURY,N/A,39.0334735,-76.98629133,"(39.0334735, -76.98629133)"
MCP2384000S,15007500,Montgomery County Police,Injury Crash,02/17/2015 06:14:00 PM,,,,PARKING LOT OF 5269 RIVER ROAD,,PEDESTRIAN,OTHER,SNOW,,DARK LIGHTS ON,NO CONTROLS,NONE DETECTED,NONE DETECTED,B555A1EE-8F1B-4331-B233-853A93A1A60C,PEDESTRIAN,Other,NO IMPROPER ACTIONS,OTHER,,SUSPECTED MINOR INJURY,N/A,38.96602167,-77.10498833,"(38.96602167, -77.10498833)"
MCP2608002X,210044397,Montgomery County Police,Injury Crash,11/02/2021 08:15:00 PM,Maryland (State),UNIVERSITY BLVD E,PINEY BRANCH RD,,N/A,PEDESTRIAN,SINGLE VEHICLE,RAINING,WET,DARK LIGHTS ON,TRAFFIC SIGNAL,NONE DETECTED,NONE DETECTED,FBB0AA8A-ABBD-447F-B57C-5379F6260F43,PEDESTRIAN,Cross/Enter at Intersection,NO IMPROPER ACTIONS,ON ROADWAY AT CROSSWALK,No,POSSIBLE INJURY,N/A,39.00010833,-76.995005,"(39.00010833, -76.995005)"
MCP003600C3,190052659,Montgomery County Police,Injury Crash,11/01/2019 04:14:00 PM,,EBENEZER CHAPEL DR,GENERAL STORE DR,,N/A,BICYCLIST,SINGLE VEHICLE,CLEAR,DRY,DAYLIGHT,NO CONTROLS,NONE DETECTED,NONE DETECTED,E75A87F9-30B1-4702-BA67-2BA8BF184B04,BICYCLIST,Cross/Enter at Intersection,FAILURE TO YIELD RIGHT OF WAY,ON ROADWAY NOT AT CROSSWALK,Yes,SUSPECTED SERIOUS INJURY,NONE,39.24310333,-77.27793833,"(39.24310333, -77.27793833)"
MCP1366003K,15049897,MONTGOMERY,Injury Crash,10/02/2015 06:48:00 AM,,,,"16651 CRABBS BRANCH WAY
ROCKVILLE, MD 20855",,PEDESTRIAN,SINGLE VEHICLE,RAINING,,DARK LIGHTS ON,N/A,NONE DETECTED,NONE DETECTED,D67C1E32-38CD-46B8-8C95-A55668CFB12E,PEDESTRIAN,Other,NO IMPROPER ACTIONS,OTHER,No,POSSIBLE INJURY,NONE,39.126565,-77.16912667,"(39.126565, -77.16912667)"
MCP2667000T,15018182,Montgomery County Police,Injury Crash,04/18/2015 02:27:00 PM,County,MONTGOMERY VILLAGE AVE,LAKE SHORE DR,,N/A,PEDESTRIAN,SINGLE VEHICLE,CLEAR,DRY,DAYLIGHT,N/A,NONE DETECTED,NONE DETECTED,BACA1CEC-225B-4A02-8EAF-1D07FAFA17FA,PEDESTRIAN,Playing,NO IMPROPER ACTIONS,OTHER,,SUSPECTED MINOR INJURY,N/A,39.16261667,-77.202165,"(39.16261667, -77.202165)"
MCP20010012,190034490,Montgomery County Police,Fatal Crash,07/20/2019 10:05:00 AM,County,TUCKERMAN LA,KINGS RIDING WAY,,N/A,PEDESTRIAN,SINGLE VEHICLE,CLEAR,DRY,DAYLIGHT,OTHER,NONE DETECTED,N/A,45C7B029-E58E-45A4-9121-5217C662EEF3,PEDESTRIAN,Other,UNKNOWN,ON ROADWAY AT CROSSWALK,No,FATAL INJURY,N/A,39.02977855,-77.11242879,"(39.02977855, -77.11242879)"
MCP2330002W,210025335,Montgomery County Police,Injury Crash,07/01/2021 09:06:00 PM,Maryland (State),GEORGIA AVE,REEDIE DR,,N/A,PEDESTRIAN,OTHER,RAINING,WET,DARK LIGHTS ON,TRAFFIC SIGNAL,NONE DETECTED,UNKNOWN,4E1DA0C0-6453-4E6F-B7AF-BB10D8CC4F5F,PEDESTRIAN,Cross/Enter not at Intersection,DART DASH,OUTSIDE RIGHT OF WAY,Yes,POSSIBLE INJURY,NONE,39.03794833,-77.05084,"(39.03794833, -77.05084)"
MCP26120018,15059112,MONTGOMERY,Injury Crash,11/19/2015 02:47:00 PM,County,INTERNATIONAL DR,GEORGIA AVE,,N/A,PEDESTRIAN,SINGLE VEHICLE,RAINING,WET,DAYLIGHT,STOP SIGN,NONE DETECTED,NONE DETECTED,B3EB9EB8-302D-46D9-B0A0-F55C50235E28,PEDESTRIAN,Cross/Enter at Intersection,IN ROADWAY IMPROPERLY,ON ROADWAY NOT AT CROSSWALK,Yes,SUSPECTED MINOR INJURY,NONE,39.10398167,-77.07608667,"(39.10398167, -77.07608667)"
DD559500DP,230034003,Rockville Police Departme,Injury Crash,07/18/2023 10:46:00 AM,Maryland (State),VEIRS MILL RD,ENT TO BUSINESS,,N/A,PEDESTRIAN,SINGLE VEHICLE,CLEAR,DRY,DAYLIGHT,NO CONTROLS,UNKNOWN,NONE DETECTED,CCAC6303-E502-4B97-8D74-55FEE77EDCFD,PEDESTRIAN,Cross/Enter not at Intersection,FAILURE TO YIELD RIGHT OF WAY,MEDIAN,Yes,SUSPECTED MINOR INJURY,N/A,39.07570606,-77.11794535,"(39.07570606, -77.11794535)"
MCP2637001Y,170534672,Montgomery County Police,Injury Crash,10/04/2017 09:03:00 AM,County,CAVANAUGH DR,SHADY GROVE RD,,N/A,PEDESTRIAN,OTHER,CLEAR,DRY,DAYLIGHT,STOP SIGN,NONE DETECTED,NONE DETECTED,998D8CD2-7842-4329-896B-3E6AA2F7DCCA,PEDESTRIAN,Cross/Enter at Intersection,NO IMPROPER ACTIONS,ON ROADWAY AT CROSSWALK,No,POSSIBLE INJURY,N/A,39.08245967,-77.21666683,"(39.08245967, -77.21666683)"
MCP1580007L,170534879,Montgomery County Police,Injury Crash,10/05/2017 10:24:00 AM,County,SNOUFFERS SCHOOL RD,GOSHEN RD,,N/A,PEDESTRIAN,OTHER,CLEAR,DRY,DAYLIGHT,N/A,NONE DETECTED,MEDICATION PRESENT,C0BF6780-A8EF-4EBB-9A89-4AB18E7CD2EC,PEDESTRIAN,Other,DART DASH,ON ROADWAY NOT AT CROSSWALK,Yes,SUSPECTED MINOR INJURY,NONE,39.18648667,-77.18759167,"(39.18648667, -77.18759167)"
MCP2667000L,15009357,Montgomery County Police,Injury Crash,02/27/2015 06:03:00 AM,County,SNOUFFERS SCHOOL RD,MOONEY DR,,N/A,PEDESTRIAN,SINGLE VEHICLE,CLEAR,DRY,DARK LIGHTS ON,N/A,NONE DETECTED,NONE DETECTED,F22A4CBD-2F44-41DA-A223-301249D86FD2,PEDESTRIAN,Other Working,N/A,SIDEWALK,,SUSPECTED MINOR INJURY,NONE,39.16099667,-77.16363167,"(39.16099667, -77.16363167)"
MCP3009004Y,220034335,Montgomery County Police,Injury Crash,08/10/2022 10:01:00 AM,County,SHAKESPEARE BLVD,FREDERICK RD,,N/A,PEDESTRIAN,OTHER,CLEAR,DRY,DAYLIGHT,TRAFFIC SIGNAL,N/A,N/A,7C543FBE-FD30-4867-8D59-7C037C865897,PEDESTRIAN,Cross/Enter at Intersection,N/A,ON ROADWAY AT CROSSWALK,No,POSSIBLE INJURY,N/A,39.198223,-77.245012,"(39.198223, -77.245012)"
MCP23570016,15045896,MONTGOMERY,Injury Crash,09/11/2015 09:14:00 AM,,,,PARKING LOT OF 9331 GEORGIA AVE,,PEDESTRIAN,SINGLE VEHICLE,CLEAR,,DAYLIGHT,N/A,N/A,N/A,EC70655A-C0AE-41DA-AB7D-A5C707325801,PEDESTRIAN,Other,UNKNOWN,OTHER,Unknown,SUSPECTED MINOR INJURY,N/A,39.00839,-77.03974167,"(39.00839, -77.03974167)"
EJ7889000N,210015206,Gaithersburg Police Depar,Injury Crash,04/23/2021 09:50:00 PM,County,SHADY GROVE RD,RAMP 2 FR SHADY GROVE RD WB TO IS 270 NB,,N/A,PEDESTRIAN,OTHER,CLEAR,N/A,OTHER,NO CONTROLS,NONE DETECTED,ALCOHOL PRESENT,010F580A-5947-4BEC-9D0A-D51115B0E05C,PEDESTRIAN,Cross/Enter not at Intersection,IN ROADWAY IMPROPERLY,ON ROADWAY NOT AT CROSSWALK,Yes,SUSPECTED SERIOUS INJURY,NONE,39.11422997,-77.18608143,"(39.11422997, -77.18608143)"
MCP27960028,15053791,MONTGOMERY,Injury Crash,10/23/2015 10:51:00 AM,,,,"Parking lot of Citgo gas station located at 13615 Georgia Avenue, Silver Spring, MD 20906",,"OTHER, PEDESTRIAN",SINGLE VEHICLE,CLEAR,,DAYLIGHT,NO CONTROLS,NONE DETECTED,NONE DETECTED,2EFD80BE-4CDB-41B0-B562-157AD14008D3,PEDESTRIAN,Walking/Cycling on Sidewalk,OTHER,SIDEWALK,Unknown,SUSPECTED MINOR INJURY,N/A,39.079155,-77.07244833,"(39.079155, -77.07244833)"
MCP2363000M,15063599,Montgomery County Police,Fatal Crash,12/12/2015 06:54:00 PM,County,E GUDE DR,SOUTHLAWN LA,,N/A,BICYCLIST,STRAIGHT MOVEMENT ANGLE,CLEAR,DRY,DARK LIGHTS ON,TRAFFIC SIGNAL,NONE DETECTED,ALCOHOL PRESENT,BC2ACF21-39F0-44D4-A3A5-EE5F0C7898D6,BICYCLIST,Cross/Enter at Intersection,IN ROADWAY IMPROPERLY,AT INTERSECTION MARKED CROSSWALK,Yes,FATAL INJURY,NONE,39.09762823,-77.13656545,"(39.09762823, -77.13656545)"
MCP3169000J,190016473,Montgomery County Police,Injury Crash,04/09/2019 12:17:00 PM,Maryland (State),UNIVERSITY BLVD E,COLESVILLE RD,,N/A,PEDESTRIAN,SINGLE VEHICLE,CLEAR,DRY,DAYLIGHT,TRAFFIC SIGNAL,UNKNOWN,N/A,F9A5EE51-C7C8-4FBD-A84D-934F5606644D,PEDESTRIAN,Walking/Riding w/Traffic,NO IMPROPER ACTIONS,SIDEWALK,No,SUSPECTED MINOR INJURY,N/A,39.02037833,-77.01315167,"(39.02037833, -77.01315167)"
MCP3298000L,210036860,Montgomery County Police,Injury Crash,09/18/2021 04:51:00 PM,,,,PARKING LOT ENTRENCE/EXIT OF 619 N FREDERICK AVE.,,PEDESTRIAN,OTHER,CLEAR,,DAYLIGHT,NO CONTROLS,UNKNOWN,NONE DETECTED,15E7639F-9865-4AA0-9FA4-9C92E2E4A41C,PEDESTRIAN,Walking/Riding w/Traffic,N/A,SIDEWALK,No,SUSPECTED MINOR INJURY,NONE,39.12868842,-77.18557007,"(39.12868842, -77.18557007)"
MCP3014000B,16004309,Montgomery County Police,Injury Crash,01/26/2016 10:31:00 PM,,,,"IN THE PARKING LOT OF SHOPPERS LOCATED AT 12345 GEORGIA AVE SILVER SPRING, MD 20906",,PEDESTRIAN,ANGLE MEETS LEFT HEAD ON,CLEAR,,DARK NO LIGHTS,NO CONTROLS,NONE DETECTED,NONE DETECTED,9AD48561-FE59-4C20-8031-F131A20CD815,PEDESTRIAN,Cross/Enter not at Intersection,NOT VISIBLE,OUTSIDE RIGHT OF WAY,Yes,SUSPECTED MINOR INJURY,NONE,39.0595811,-77.04814643,"(39.0595811, -77.04814643)"
MCP284800BY,220050800,Montgomery County Police,Injury Crash,11/18/2022 08:00:00 AM,County,WATKINS MILL RD,STEDWICK RD,,N/A,PEDESTRIAN,SINGLE VEHICLE,N/A,DRY,DAYLIGHT,NO CONTROLS,UNKNOWN,NONE DETECTED,A5218381-3567-4C45-BF98-0BD0D6725214,PEDESTRIAN,Walking/Riding against Traffic,DART DASH,ON ROADWAY NOT AT CROSSWALK,Yes,POSSIBLE INJURY,NONE,39.168493,-77.209142,"(39.168493, -77.209142)"
MCP30650022,180041130,Montgomery County Police,Injury Crash,08/18/2018 02:57:00 PM,,,,PARKING LOT OF 11311 LOCKWOOD DR,,BICYCLIST,OTHER,CLEAR,,DAYLIGHT,N/A,NONE DETECTED,NONE DETECTED,589983C1-734D-44F2-ADD3-4BA347FD4910,BICYCLIST,Walking/Cycling on Sidewalk,NO IMPROPER ACTIONS,SIDEWALK,No,POSSIBLE INJURY,NONE,39.04015667,-76.98933,"(39.04015667, -76.98933)"
MCP3355000D,230021542,Montgomery County Police,Injury Crash,05/05/2023 02:14:00 PM,County,FENTON ST,SLIGO AVE,,N/A,PEDESTRIAN,SINGLE VEHICLE,CLEAR,DRY,DAYLIGHT,NO CONTROLS,NONE DETECTED,NONE DETECTED,A9C153E8-9B9B-4C3E-8EF2-25C90A978B3D,PEDESTRIAN,Unknown,INATTENTIVE,SHOULDER,Yes,SUSPECTED MINOR INJURY,NONE,38.99058156,-77.02389591,"(38.99058156, -77.02389591)"
MCP2891002Z,16060748,Montgomery County Police,Injury Crash,11/26/2016 02:58:00 PM,Maryland (State),GEORGIA AVE,AUGUST DR,,N/A,PEDESTRIAN,SINGLE VEHICLE,CLEAR,DRY,DAYLIGHT,TRAFFIC SIGNAL,NONE DETECTED,NONE DETECTED,28B63E30-379A-4371-8CAE-E070E802F150,PEDESTRIAN,Cross/Enter at Intersection,NO IMPROPER ACTIONS,AT INTERSECTION MARKED CROSSWALK,No,SUSPECTED MINOR INJURY,N/A,39.02143,-77.04466,"(39.02143, -77.04466)"
MCP1564005X,210046762,Montgomery County Police,Property Damage Crash,11/18/2021 07:22:00 AM,,,,PARKING LOT 18111 PRINCE PHILIP DR,,OTHER,SINGLE VEHICLE,CLEAR,,DAYLIGHT,NO CONTROLS,NONE DETECTED,N/A,04D48590-F1C2-4568-A1F0-B27B225536F8,OTHER,Other,N/A,OTHER,No,NO APPARENT INJURY,N/A,39.15408833,-77.05594,"(39.15408833, -77.05594)"
MCP24200051,230053204,Montgomery County Police,Injury Crash,09/05/2023 08:00:00 AM,Maryland (State),LAYHILL RD,LONGMEAD CROSSING DR,,N/A,PEDESTRIAN,OTHER,CLEAR,DRY,DAYLIGHT,TRAFFIC SIGNAL,N/A,N/A,6D1E72D8-E6F6-4103-A84C-8E82DF68A98C,PEDESTRIAN,Cross/Enter at Intersection,NO IMPROPER ACTIONS,AT INTERSECTION MARKED CROSSWALK,No,SUSPECTED MINOR INJURY,NONE,39.09624017,-77.04426383,"(39.09624017, -77.04426383)"
MCP3134003J,220029813,Montgomery County Police,Injury Crash,07/11/2022 05:45:00 PM,,,,SELF STORAGE PARKING LOT 15221 DINO DRIVE BUTONSVILLE MD,,PEDESTRIAN,OTHER,CLEAR,,DAYLIGHT,NO CONTROLS,N/A,N/A,8371B380-B6D7-4016-912F-F7BCAEDE89E3,PEDESTRIAN,Other Working,N/A,OTHER,No,POSSIBLE INJURY,NONE,39.109655,-76.92519517,"(39.109655, -76.92519517)"