Report Number,Local Case Number,Agency Name,ACRS Report Type,Crash Date/Time,Route Type,Road Name,Cross-Street Name,Off-Road Description,Municipality,Related Non-Motorist,Collision Type,Weather,Surface Condition,Light,Traffic Control,Driver Substance Abuse,Non-Motorist Substance Abuse,Person ID,Pedestrian Type,Pedestrian Movement,Pedestrian Actions,Pedestrian Location,At Fault,Injury Severity,Safety Equipment,Latitude,Longitude,Location
MCP24920019,200002735,Montgomery County Police,Fatal Crash,01/16/2020 06:33:00 PM,Maryland (State),ROCKVILLE PIKE,WOOTTON PKWY,,ROCKVILLE,PEDESTRIAN,OTHER,SEVERE WINDS,DRY,DARK LIGHTS ON,NO CONTROLS,NONE DETECTED,UNKNOWN,8D8FF068-C253-4414-9496-D64BFC732C6B,PEDESTRIAN,Cross/Enter not at Intersection,FAILURE TO YIELD RIGHT OF WAY,ON ROADWAY NOT AT CROSSWALK,Yes,FATAL INJURY,N/A,39.07798974,-77.140867,"(39.07798974, -77.140867)"
MCP1595000Q,170504644,Montgomery County Police,Injury Crash,04/28/2017 02:16:00 AM,County,ELKIN ST,PRICE AVE,,N/A,PEDESTRIAN,SAME DIRECTION SIDESWIPE,CLEAR,DRY,DARK LIGHTS ON,NO CONTROLS,UNKNOWN,ALCOHOL PRESENT,100C0D18-7757-4824-8790-D4EDB434833D,PEDESTRIAN,Standing,NO IMPROPER ACTIONS,CURB,No,SUSPECTED MINOR INJURY,NONE,39.04091233,-77.05039009,"(39.04091233, -77.05039009)"
MCP137800FN,17000607,Montgomery County Police,Injury Crash,01/04/2017 03:25:00 PM,Maryland (State),S FREDERICK RD,EDUCATION BLVD,,GAITHERSBURG,PEDESTRIAN,SINGLE VEHICLE,CLEAR,DRY,DAYLIGHT,TRAFFIC SIGNAL,NONE DETECTED,NONE DETECTED,2B8854C6-4316-4023-8643-987F31F37753,PEDESTRIAN,Cross/Enter at Intersection,NO IMPROPER ACTIONS,ON ROADWAY AT CROSSWALK,No,SUSPECTED MINOR INJURY,N/A,39.135705,-77.19216167,"(39.135705, -77.19216167)"
MCP25160024,180046940,Montgomery County Police,Property Damage Crash,09/20/2018 07:58:00 AM,,,,19515 FREDERICK RD. TAILER # 102  (INSIDE OF TRAILER PARK),,OTHER,SINGLE VEHICLE,CLOUDY,,DAYLIGHT,NO CONTROLS,N/A,N/A,0C68A9D7-2DF5-4AA5-A05D-BF35C29D5044,OTHER,N/A,N/A,INSIDE BUILDING,No,NO APPARENT INJURY,N/A,39.18806833,-77.23341833,"(39.18806833, -77.23341833)"
MCP32570052,220026008,Montgomery County Police,Injury Crash,06/16/2022 09:25:00 PM,,,,PARKING LOT OF 11601 BOILING BROOK PL,,PEDESTRIAN,SINGLE VEHICLE,CLEAR,,DARK LIGHTS ON,NO CONTROLS,NONE DETECTED,NONE DETECTED,6D4B5C5F-AE20-4CD0-9BAE-7393610A062E,PEDESTRIAN,Other,FAILURE TO YIELD RIGHT OF WAY,OTHER,No,SUSPECTED MINOR INJURY,NONE,39.04673924,-77.09930908,"(39.04673924, -77.09930908)"
MCP2635006Y,210039321,Montgomery County Police,Injury Crash,10/03/2021 05:33:00 PM,,,,"PARKING LOT OF GIANT GROCERY STORE 18140 VILLAGE CENTER DRIVE, OLNEY, MARYLAND 20832",,PEDESTRIAN,SINGLE VEHICLE,N/A,,DAYLIGHT,NO CONTROLS,N/A,N/A,3DFD3991-6F8D-4874-A903-108A7435E438,PEDESTRIAN,Cross/Enter at Intersection,NO IMPROPER ACTIONS,DRIVEWAY ACCESS MARKED CROSSWALK,No,POSSIBLE INJURY,NONE,39.15309833,-77.06438,"(39.15309833, -77.06438)"
MCP3121004N,220001180,Montgomery County Police,Property Damage Crash,01/10/2022 06:23:00 PM,,,,CROSSING AREA NEXT TO 18621 WALKERS CHOICE ROAD,,PEDESTRIAN,OTHER,CLEAR,,DARK LIGHTS ON,NO CONTROLS,UNKNOWN,NONE DETECTED,DC903203-C8B8-4923-9B25-8B96D05716C9,PEDESTRIAN,Other,OTHER,OUTSIDE RIGHT OF WAY,Yes,NO APPARENT INJURY,N/A,39.16186967,-77.20433514,"(39.16186967, -77.20433514)"
EJ7884001T,210014148,Gaithersburg Police Depar,Injury Crash,04/15/2021 08:28:00 PM,Maryland (State),S FREDERICK RD,W DEER PARK RD,,GAITHERSBURG,PEDESTRIAN,OTHER,N/A,DRY,DARK NO LIGHTS,TRAFFIC SIGNAL,NONE DETECTED,ALCOHOL CONTRIBUTED,B832651A-9C9F-4E75-89BF-05845F911C42,PEDESTRIAN,Walking/Riding against Traffic,IN ROADWAY IMPROPERLY,ON ROADWAY NOT AT CROSSWALK,Yes,SUSPECTED MINOR INJURY,N/A,39.13239822,-77.18920265,"(39.13239822, -77.18920265)"
MCP2339008G,230031927,Montgomery County Police,Injury Crash,07/04/2023 04:00:00 PM,Municipality,TWINBROOK PKWY,CHAPMAN AVE,,ROCKVILLE,BICYCLIST,ANGLE MEETS RIGHT TURN,CLEAR,DRY,DAYLIGHT,TRAFFIC SIGNAL,NONE DETECTED,NONE DETECTED,BA461D28-C0DA-4E7A-9D89-737DBD7E39B0,BICYCLIST,Cross/Enter at Intersection,UNKNOWN,ON ROADWAY AT CROSSWALK,Unknown,POSSIBLE INJURY,UNKNOWN,39.05881239,-77.11896131,"(39.05881239, -77.11896131)"
MCP13780085,15051735,MONTGOMERY,Injury Crash,10/12/2015 01:48:00 PM,Municipality,WASHINGTONIAN BLVD,FIELDS RD,,N/A,PEDESTRIAN,SINGLE VEHICLE,CLEAR,DRY,DAYLIGHT,TRAFFIC SIGNAL,NONE DETECTED,NONE DETECTED,3C95D285-E2C6-485E-AB96-DDD42B63CD3F,PEDESTRIAN,Cross/Enter at Intersection,NO IMPROPER ACTIONS,ON ROADWAY AT CROSSWALK,No,SUSPECTED SERIOUS INJURY,N/A,39.11164269,-77.19269738,"(39.11164269, -77.19269738)"
MCP31090013,180039559,Montgomery County Police,Injury Crash,08/09/2018 02:15:00 PM,Maryland (State),GEORGIA AVE,THE MD NATIONAL CAPITAL PARK & PLANNING,,N/A,PEDESTRIAN,SINGLE VEHICLE,CLEAR,DRY,DAYLIGHT,NO CONTROLS,NONE DETECTED,NONE DETECTED,4F1C357E-EBF4-4A18-8951-3EC1C6209001,PEDESTRIAN,Cross/Enter not at Intersection,IN ROADWAY IMPROPERLY,ON ROADWAY NOT AT CROSSWALK,Yes,POSSIBLE INJURY,NONE,38.99909202,-77.03131557,"(38.99909202, -77.03131557)"
MCP3337001N,230033699,Montgomery County Police,Injury Crash,07/15/2023 11:22:00 AM,Maryland (State),GEORGIA AVE,LAYHILL RD,,N/A,PEDESTRIAN,N/A,CLEAR,DRY,DAYLIGHT,NO CONTROLS,NONE DETECTED,NONE DETECTED,D8500A1F-B014-4049-AA7E-E4446964E3CE,PEDESTRIAN,Cross/Enter not at Intersection,NO IMPROPER ACTIONS,SIDEWALK,No,POSSIBLE INJURY,N/A,39.05950817,-77.05035067,"(39.05950817, -77.05035067)"
EJ78390025,170516483,Gaithersburg Police Depar,Injury Crash,06/29/2017 06:15:00 PM,County,GAME PRESERVE RD,ARROWSMITH CT,,N/A,BICYCLIST,OTHER,CLEAR,DRY,DAYLIGHT,NO CONTROLS,NONE DETECTED,NONE DETECTED,85CEF4F4-67A2-46AA-A43A-ACEC40102C88,BICYCLIST,Cross/Enter at Intersection,IN ROADWAY IMPROPERLY,OUTSIDE RIGHT OF WAY,Yes,SUSPECTED MINOR INJURY,NONE,39.16404333,-77.22304167,"(39.16404333, -77.22304167)"
MCP2347003X,220051655,Montgomery County Police,Property Damage Crash,11/22/2022 01:07:00 PM,County,OLD COLUMBIA PIKE,OAKHURST DR,,N/A,PEDESTRIAN,OTHER,CLEAR,DRY,DAYLIGHT,NO CONTROLS,NONE DETECTED,NONE DETECTED,E967CCAE-C351-45F7-94D5-FB8A7E6D02F5,PEDESTRIAN,Cross/Enter at Intersection,DART DASH,AT INTERSECTION BUT NO CROSSWALK,Yes,NO APPARENT INJURY,N/A,39.10061367,-76.94156017,"(39.10061367, -76.94156017)"
MCP26370016,16061165,Montgomery County Police,Injury Crash,11/29/2016 07:33:00 AM,County,SEVEN LOCKS RD,TUCKERMAN LA,,N/A,PEDESTRIAN,OTHER,RAINING,WET,DAWN,TRAFFIC SIGNAL,NONE DETECTED,NONE DETECTED,1E3CFBA6-4D72-4D31-8379-82E990A3CE16,PEDESTRIAN,Cross/Enter at Intersection,NO IMPROPER ACTIONS,AT INTERSECTION MARKED CROSSWALK,No,POSSIBLE INJURY,N/A,39.04061963,-77.15897799,"(39.04061963, -77.15897799)"
EJ7853001Q,16011574,Gaithersburg Police Depar,Injury Crash,03/08/2016 07:15:00 PM,County,MUDDY BRANCH RD,WEST SIDE DR,,GAITHERSBURG,PEDESTRIAN,SAME DIRECTION SIDESWIPE,CLEAR,DRY,DARK LIGHTS ON,TRAFFIC SIGNAL,NONE DETECTED,ALCOHOL PRESENT,F40DABE2-02CC-4019-80C9-D191EDC31A4D,PEDESTRIAN,Other,OTHER,CURB,Yes,POSSIBLE INJURY,N/A,39.126825,-77.21024667,"(39.126825, -77.21024667)"
MCP2749000V,15035268,MONTGOMERY,Injury Crash,07/17/2015 09:19:00 PM,Maryland (State),GEORGIA AVE,SHOREFIELD RD,,N/A,PEDESTRIAN,SINGLE VEHICLE,CLEAR,DRY,DARK LIGHTS ON,TRAFFIC SIGNAL,NONE DETECTED,ALCOHOL PRESENT,9FC65B7A-7BCA-45DF-BD06-E85FEDC996A6,PEDESTRIAN,Cross/Enter at Intersection,FAILURE TO YIELD RIGHT OF WAY,AT INTERSECTION MARKED CROSSWALK,Yes,POSSIBLE INJURY,N/A,39.053,-77.05,"(39.053, -77.05)"
MCP3030005L,230056341,Montgomery County Police,Injury Crash,09/22/2023 05:00:00 PM,Maryland (State),OLD GEORGETOWN RD,GLENWOOD RD,,N/A,PEDESTRIAN,OTHER,CLEAR,DRY,DAYLIGHT,NO CONTROLS,N/A,N/A,CE41148A-94B8-4F75-A594-65D6A51F32E8,PEDESTRIAN,Cross/Enter not at Intersection,DART DASH,ON ROADWAY NOT AT CROSSWALK,Yes,POSSIBLE INJURY,NONE,38.993665,-77.108615,"(38.993665, -77.108615)"
MCP15950012,190038224,Montgomery County Police,Injury Crash,08/10/2019 09:44:00 PM,Maryland (State),GEORGIA AVE,WINDHAM LA,,N/A,PEDESTRIAN,OTHER,CLEAR,DRY,DARK LIGHTS ON,TRAFFIC SIGNAL,NONE DETECTED,ALCOHOL PRESENT,8861AD94-769A-472F-8FA1-4978F87C652F,PEDESTRIAN,Cross/Enter at Intersection,INATTENTIVE,ON ROADWAY AT CROSSWALK,Yes,SUSPECTED SERIOUS INJURY,NONE,39.03193789,-77.04824427,"(39.03193789, -77.04824427)"
MCP3057000T,180001790,Montgomery County Police,Injury Crash,01/12/2018 07:30:00 AM,County,MIDDLEBROOK RD,CRYSTAL ROCK DR,,N/A,PEDESTRIAN,OTHER,RAINING,WET,DARK LIGHTS ON,TRAFFIC SIGNAL,UNKNOWN,NONE DETECTED,0B7B4A82-CF36-4B67-9D2F-FF98BB6CCEC3,PEDESTRIAN,Cross/Enter at Intersection,NO IMPROPER ACTIONS,AT INTERSECTION MARKED CROSSWALK,No,POSSIBLE INJURY,NONE,39.17682167,-77.26458333,"(39.17682167, -77.26458333)"
HA2317000C,19000547,Maryland-National Capital,Injury Crash,03/08/2019 06:19:00 PM,Maryland (State),WISCONSIN AVE,LELAND ST,,N/A,PEDESTRIAN,N/A,SNOW,WET,DARK LIGHTS ON,TRAFFIC SIGNAL,N/A,N/A,F3FB2D96-4004-480E-9EF9-FBA9E3990FBB,PEDESTRIAN,Cross/Enter at Intersection,NO IMPROPER ACTIONS,ON ROADWAY AT CROSSWALK,No,SUSPECTED MINOR INJURY,N/A,38.98012453,-77.09207376,"(38.98012453, -77.09207376)"
DM8386001C,190040588,Takoma Park Police Depart,Injury Crash,08/24/2019 08:30:00 PM,Municipality,ANNE AVE,LOCKNEY AVE,,TAKOMA PARK,PEDESTRIAN,SINGLE VEHICLE,CLEAR,DRY,DARK LIGHTS ON,STOP SIGN,UNKNOWN,NONE DETECTED,9D3BDBCC-A5C7-4F9B-B49C-D7CD903E7308,PEDESTRIAN,Getting off/on Vehicle,ENTERING EXITING PARKED STANDING VEHICLE,AT INTERSECTION BUT NO CROSSWALK,No,SUSPECTED MINOR INJURY,NONE,38.98956326,-76.99189442,"(38.98956326, -76.99189442)"
MCP32330037,220039390,Montgomery County Police,Injury Crash,09/10/2022 05:37:00 PM,Maryland (State),NEW HAMPSHIRE AVE,POWDER MILL RD,,N/A,PEDESTRIAN,SINGLE VEHICLE,CLOUDY,DRY,DAYLIGHT,TRAFFIC SIGNAL,NONE DETECTED,NONE DETECTED,28FDB241-C423-477F-9C75-2A1388AAF452,PEDESTRIAN,N/A,NOT VISIBLE,ON ROADWAY NOT AT CROSSWALK,Yes,SUSPECTED MINOR INJURY,NONE,39.02236583,-76.978043,"(39.02236583, -76.978043)"
MCP27890041,180001945,Montgomery County Police,Injury Crash,01/12/2018 08:35:00 PM,Maryland (State),EAST WEST HWY,COLESVILLE RD,,N/A,PEDESTRIAN,SINGLE VEHICLE,RAINING,WET,DARK LIGHTS ON,NO CONTROLS,N/A,N/A,DCBEF241-EC2A-4A91-83E1-7A7F0B3F0BBC,PEDESTRIAN,Cross/Enter at Intersection,NO IMPROPER ACTIONS,AT INTERSECTION MARKED CROSSWALK,No,POSSIBLE INJURY,NONE,38.99199,-77.03059,"(38.99199, -77.03059)"
MCP29340018,15062319,MONTGOMERY,Injury Crash,12/06/2015 12:30:00 PM,Maryland (State),WISCONSIN AVE,BRADLEY LA,,N/A,PEDESTRIAN,OTHER,CLEAR,DRY,DAYLIGHT,TRAFFIC SIGNAL,NONE DETECTED,NONE DETECTED,06CAC865-308A-4F07-B3BB-A6CD9FCEDD45,PEDESTRIAN,Cross/Enter at Intersection,NO IMPROPER ACTIONS,AT INTERSECTION MARKED CROSSWALK,No,POSSIBLE INJURY,NONE,38.97686667,-77.09065,"(38.97686667, -77.09065)"
MCP33720011,230029323,Montgomery County Police,Property Damage Crash,06/18/2023 06:47:00 PM,County,GRAND PRE RD,BEL PRE RD,,N/A,BICYCLIST,SAME DIRECTION SIDESWIPE,CLEAR,DRY,DAYLIGHT,NO CONTROLS,NONE DETECTED,NONE DETECTED,50EF83C8-4581-4263-A2C9-6284C27F8700,BICYCLIST,Cross/Enter not at Intersection,IN ROADWAY IMPROPERLY,OUTSIDE RIGHT OF WAY,Yes,NO APPARENT INJURY,NONE,39.09110567,-77.076031,"(39.09110567, -77.076031)"
MCP32090022,200049666,Montgomery County Police,Injury Crash,12/17/2020 04:32:00 PM,Maryland (State),PINEY BRANCH RD,SILVER SPRING AVE,,N/A,MACHINE OPERATOR/RIDER,SAME DIR REAR END,CLEAR,WET,DAYLIGHT,TRAFFIC SIGNAL,"NONE DETECTED, UNKNOWN",NONE DETECTED,A598EE82-BE98-4E41-91A9-6BC6EA10910C,MACHINE OPERATOR/RIDER,Other,NO IMPROPER ACTIONS,ON ROADWAY NOT AT CROSSWALK,No,POSSIBLE INJURY,N/A,38.99213432,-77.00987275,"(38.99213432, -77.00987275)"
MCP3055003B,220013657,Montgomery County Police,Injury Crash,03/31/2022 06:14:00 AM,County,HEWITT AVE,GEORGIA AVE,,N/A,PEDESTRIAN,OTHER,CLEAR,DRY,DARK LIGHTS ON,TRAFFIC SIGNAL,N/A,N/A,61AE31A2-043F-4581-895C-842C1ABA3C2D,PEDESTRIAN,Cross/Enter at Intersection,NO IMPROPER ACTIONS,AT INTERSECTION MARKED CROSSWALK,No,POSSIBLE INJURY,NONE,39.07754667,-77.070575,"(39.07754667, -77.070575)"
MCP29080012,15037874,MONTGOMERY,Injury Crash,07/31/2015 09:39:00 AM,US (State),COLESVILLE RD,HASTINGS DR,,N/A,"BICYCLIST, OTHER",STRAIGHT MOVEMENT ANGLE,N/A,DRY,DAYLIGHT,YIELD SIGN,NONE DETECTED,NONE DETECTED,CB142B4B-1F72-4EA6-93C1-AAB941A2D2C5,OTHER,Cross/Enter at Intersection,NO IMPROPER ACTIONS,ON ROADWAY AT CROSSWALK,No,POSSIBLE INJURY,MC/BIKE HELMET,39.013495,-77.01665167,"(39.013495, -77.01665167)"
MCP30950048,230020386,Montgomery County Police,Injury Crash,04/28/2023 08:29:00 PM,County,LOCKWOOD DR,NEW HAMPSHIRE AVE,,N/A,PEDESTRIAN,OTHER,RAINING,WET,DARK LIGHTS ON,TRAFFIC SIGNAL,N/A,N/A,9FDE923A-7ADC-4B6A-AE24-22411AFBF5B1,PEDESTRIAN,Cross/Enter at Intersection,N/A,ON ROADWAY AT CROSSWALK,No,POSSIBLE INJURY,N/A,39.0396955,-76.99084211,"(39.0396955, -76.99084211)"
DD5595005F,180000288,Rockville Police Departme,Injury Crash,01/02/2018 07:23:00 PM,Other Public Roadway,ELMCROFT BLVD,MARSH HOLLOW PL,,N/A,PEDESTRIAN,SINGLE VEHICLE,CLEAR,DRY,DARK LIGHTS ON,NO CONTROLS,NONE DETECTED,NONE DETECTED,AB5560A5-4451-41F4-96D9-4825F133B8FE,PEDESTRIAN,Cross/Enter at Intersection,DART DASH,ON ROADWAY NOT AT CROSSWALK,Yes,POSSIBLE INJURY,N/A,39.112825,-77.16445933,"(39.112825, -77.16445933)"
MCP27220033,190005955,Montgomery County Police,Injury Crash,02/06/2019 06:45:00 PM,County,CONNECTICUT AVE,GEORGIA AVE,,N/A,PEDESTRIAN,SINGLE VEHICLE,RAINING,WET,DARK LIGHTS ON,TRAFFIC SIGNAL,N/A,N/A,1F8328BB-54E0-40CB-9797-F385FEC22954,PEDESTRIAN,Cross/Enter at Intersection,NO IMPROPER ACTIONS,AT INTERSECTION MARKED CROSSWALK,No,SUSPECTED MINOR INJURY,NONE,39.08376417,-77.07760769,"(39.08376417, -77.07760769)"
MCP13480006,230021526,Montgomery County Police,Injury Crash,04/28/2023 07:25:00 AM,County,GAINSBOROUGH RD,TUCKERMAN LA,,N/A,PEDESTRIAN,SINGLE VEHICLE,RAINING,WET,OTHER,NO CONTROLS,N/A,N/A,0F3B141A-79B4-45A8-A4F1-75E814E6AF98,PEDESTRIAN,Walking to/from school,INATTENTIVE,ON ROADWAY NOT AT CROSSWALK,No,POSSIBLE INJURY,NONE,39.04261699,-77.17282358,"(39.04261699, -77.17282358)"
MCP21340011,170513638,Montgomery County Police,Injury Crash,06/14/2017 01:07:00 PM,,,,PARKING LOT OF 15200 SHADY GROVE ROAD,,PEDESTRIAN,OTHER,CLEAR,,DAYLIGHT,N/A,NONE DETECTED,NONE DETECTED,C46604D0-FF98-4E80-BF25-34DB41307F32,PEDESTRIAN,Other,OTHER,OTHER,No,SUSPECTED MINOR INJURY,N/A,39.10499667,-77.19169333,"(39.10499667, -77.19169333)"
MCP3329001H,230018766,Montgomery County Police,Injury Crash,04/19/2023 06:30:00 PM,County,GALWAY DR,FAIRLAND RD,,N/A,PEDESTRIAN,OTHER,CLEAR,DRY,DAYLIGHT,NO CONTROLS,NONE DETECTED,NONE DETECTED,A25ACB6B-DDF8-49B7-81B8-4C7A04A33413,PEDESTRIAN,Playing,DART DASH,ON ROADWAY NOT AT CROSSWALK,Unknown,SUSPECTED MINOR INJURY,N/A,39.06375167,-76.94507,"(39.06375167, -76.94507)"
MCP242500HV,230054262,Montgomery County Police,Injury Crash,09/11/2023 02:52:00 PM,,,,"PARKING LOT HOME DEPOT
7111 WESTLAKE TERR",,PEDESTRIAN,OTHER,CLEAR,,DAYLIGHT,N/A,NONE DETECTED,NONE DETECTED,01F29A0B-DF98-427D-A714-E7DCBF7E8624,PEDESTRIAN,Other Working,NO IMPROPER ACTIONS,MEDIAN,Unknown,SUSPECTED MINOR INJURY,NONE,39.027765,-77.14507833,"(39.027765, -77.14507833)"
MCP2351000V,16056840,Montgomery County Police,Injury Crash,11/04/2016 08:20:00 AM,County,RANDOLPH RD,GAYNOR RD,,N/A,PEDESTRIAN,OTHER,CLEAR,DRY,DAYLIGHT,TRAFFIC SIGNAL,NONE DETECTED,NONE DETECTED,1AE6820C-F6E1-4CD4-A9CA-AAF4F4A1F7F0,PEDESTRIAN,Cross/Enter at Intersection,N/A,AT INTERSECTION MARKED CROSSWALK,No,POSSIBLE INJURY,N/A,39.05399088,-77.09417984,"(39.05399088, -77.09417984)"
MCP2396001T,16064162,Montgomery County Police,Injury Crash,12/14/2016 01:27:00 PM,,,,"IN DRIVEWAY OF 13118 HATHAWAY DRIVE, SILVER SPRING, MD 20906",,PEDESTRIAN,OTHER,CLEAR,,DAYLIGHT,NO CONTROLS,NONE DETECTED,NONE DETECTED,79610F54-96FC-4DF0-BA4E-C0BD0DAF65B8,PEDESTRIAN,Playing,NOT VISIBLE,OTHER,Yes,SUSPECTED MINOR INJURY,NONE,39.0711569,-77.05742687,"(39.0711569, -77.05742687)"
MCP2620000Z,15059904,MONTGOMERY,Injury Crash,11/23/2015 04:37:00 PM,Maryland (State),CONNECTICUT AVE,WELLER RD,,N/A,PEDESTRIAN,STRAIGHT MOVEMENT ANGLE,CLEAR,DRY,DAYLIGHT,TRAFFIC SIGNAL,NONE DETECTED,NONE DETECTED,5CAE8144-2E19-4822-86A8-3817EF8F7D7C,PEDESTRIAN,Cross/Enter at Intersection,DART DASH,AT INTERSECTION MARKED CROSSWALK,Yes,SUSPECTED MINOR INJURY,NONE,39.06304873,-77.07349062,"(39.06304873, -77.07349062)"
MCP2244000R,15062552,MONTGOMERY,Injury Crash,12/07/2015 07:00:00 PM,County,TIMBERWOOD AVE,SUTHERLAND RD,,N/A,PEDESTRIAN,OTHER,CLEAR,DRY,DARK NO LIGHTS,NO CONTROLS,NONE DETECTED,NONE DETECTED,401FD56A-FFCE-4A78-8586-15572C6D821E,PEDESTRIAN,Cross/Enter at Intersection,NO IMPROPER ACTIONS,ON ROADWAY AT CROSSWALK,No,SUSPECTED MINOR INJURY,NONE,39.02183436,-77.01278687,"(39.02183436, -77.01278687)"
MCP2492000M,16027601,Montgomery County Police,Fatal Crash,06/02/2016 02:34:00 PM,Maryland (State),S FREDERICK RD,CEDAR AVE,,GAITHERSBURG,BICYCLIST,OTHER,CLEAR,DRY,DAYLIGHT,N/A,NONE DETECTED,NONE DETECTED,3F1F9428-760A-415F-8919-D5DCFF5B63A2,BICYCLIST,Other,OTHER,ON ROADWAY NOT AT CROSSWALK,Unknown,FATAL INJURY,NONE,39.13928333,-77.196055,"(39.13928333, -77.196055)"
MCP2948005X,230002189,Montgomery County Police,Injury Crash,01/13/2023 11:15:00 PM,Maryland (State),GEORGIA AVE,REEDIE DR,,N/A,PEDESTRIAN,OTHER,CLEAR,DRY,DARK LIGHTS ON,TRAFFIC SIGNAL,NONE DETECTED,NONE DETECTED,549BC150-5262-4653-AC73-60C0B848993D,PEDESTRIAN,Cross/Enter at Intersection,UNKNOWN,ON ROADWAY AT CROSSWALK,Unknown,POSSIBLE INJURY,N/A,39.03881,-77.05091167,"(39.03881, -77.05091167)"
MCP2162000Y,15015053,Montgomery County Police,Injury Crash,04/01/2015 06:51:00 PM,County,ARCOLA AVE,GEORGIA AVE,,N/A,BICYCLIST,SAME DIR REAR END,CLEAR,DRY,DAYLIGHT,N/A,N/A,N/A,0908D283-F8AA-4555-966B-B311E0E9C11F,BICYCLIST,Walking/Riding w/Traffic,NO IMPROPER ACTIONS,ON ROADWAY NOT AT CROSSWALK,,SUSPECTED MINOR INJURY,MC/BIKE HELMET,39.04718167,-77.05067833,"(39.04718167, -77.05067833)"
MCP3095001B,19001970,Montgomery County Police,Injury Crash,01/12/2019 06:26:00 PM,,,,11700 OLD COMBIA PIKE CRASHED INTO BUILDING,,PEDESTRIAN,OTHER,SNOW,,OTHER,N/A,N/A,N/A,1071846E-1977-4ED2-93FB-B7BD7294CA49,PEDESTRIAN,Standing,NO IMPROPER ACTIONS,OTHER,No,SUSPECTED MINOR INJURY,N/A,39.04954667,-76.981065,"(39.04954667, -76.981065)"
MCP3122000C,180012110,Montgomery County Police,Injury Crash,03/10/2018 11:50:00 AM,,,,13884 GEORGIA AVE (ROY ROGERS PARKING LOT ENTRANCE),,PEDESTRIAN,OTHER,CLEAR,,DAYLIGHT,STOP SIGN,NONE DETECTED,NONE DETECTED,19CB16A9-192D-47A7-B825-90E9AA10F7C9,PEDESTRIAN,Cross/Enter not at Intersection,NO IMPROPER ACTIONS,DRIVEWAY ACCESS MARKED CROSSWALK,No,SUSPECTED MINOR INJURY,NONE,39.08201133,-77.0771855,"(39.08201133, -77.0771855)"
MCP2598004C,230028257,Montgomery County Police,Injury Crash,06/12/2023 03:09:00 PM,County,RANDOLPH RD,GEORGIA AVE,,N/A,PEDESTRIAN,STRAIGHT MOVEMENT ANGLE,RAINING,WET,DAYLIGHT,TRAFFIC SIGNAL,NONE DETECTED,NONE DETECTED,82440597-E387-4A8C-919F-66B887B9B32B,PEDESTRIAN,Cross/Enter at Intersection,FAILURE TO YIELD RIGHT OF WAY,AT INTERSECTION MARKED CROSSWALK,Yes,POSSIBLE INJURY,NONE,39.05843513,-77.0498156,"(39.05843513, -77.0498156)"
MCP3192003F,220053272,Montgomery County Police,Injury Crash,12/02/2022 05:38:00 PM,County,CENTERHILL ST,VEIRS MILL RD,,N/A,BICYCLIST,OTHER,CLEAR,DRY,DAWN,STOP SIGN,NONE DETECTED,NONE DETECTED,A37F7547-72E3-427F-A755-72415CCA8890,BICYCLIST,Cross/Enter at Intersection,NO IMPROPER ACTIONS,SIDEWALK,No,POSSIBLE INJURY,MC/BIKE HELMET,39.05062682,-77.07283597,"(39.05062682, -77.07283597)"
HA24790003,20001222,Maryland-National Capital,Injury Crash,05/24/2020 02:32:00 PM,,CEDAR LANE,BEACH DRIVE,,N/A,BICYCLIST,STRAIGHT MOVEMENT ANGLE,CLEAR,DRY,DAYLIGHT,TRAFFIC SIGNAL,NONE DETECTED,NONE DETECTED,D2F8A953-E612-4F7D-B43D-F020400620F3,BICYCLIST,Cross/Enter at Intersection,FAILURE TO YIELD RIGHT OF WAY,AT INTERSECTION MARKED CROSSWALK,Yes,SUSPECTED MINOR INJURY,MC/BIKE HELMET,39.01234877,-77.09091532,"(39.01234877, -77.09091532)"
MCP2919004Q,180020640,Montgomery County Police,Injury Crash,04/27/2018 03:18:00 PM,Maryland (State),UNIVERSITY BLVD E,SEEK LA,,N/A,PEDESTRIAN,OTHER,CLOUDY,DRY,DAYLIGHT,N/A,NONE DETECTED,NONE DETECTED,7F9A3661-11AA-4393-95C2-706B328A8586,PEDESTRIAN,Cross/Enter at Intersection,NO IMPROPER ACTIONS,ON ROADWAY NOT AT CROSSWALK,No,POSSIBLE INJURY,NONE,38.99724667,-76.99616167,"(38.99724667, -76.99616167)"
MCP2863002K,220050388,Montgomery County Police,Injury Crash,11/14/2022 07:55:00 PM,County,LOST KNIFE RD,CONTOUR RD,,N/A,PEDESTRIAN,N/A,CLEAR,DRY,DARK -- UNKNOWN LIGHTING,STOP SIGN,NONE DETECTED,NONE DETECTED,EBA31F8B-5B29-47C8-BAFB-DCA402E41993,PEDESTRIAN,Cross/Enter at Intersection,NO IMPROPER ACTIONS,ON ROADWAY NOT AT CROSSWALK,No,SUSPECTED MINOR INJURY,N/A,39.15386833,-77.199695,"(39.15386833, -77.199695)"
MCP2960003V,190003905,Montgomery County Police,Injury Crash,01/25/2019 08:00:00 AM,County,BEL PRE RD,NORTH GATE DR,,N/A,PEDESTRIAN,SINGLE VEHICLE,N/A,DRY,DAYLIGHT,FLASHING TRAFFIC SIGNAL,N/A,N/A,26D0A4F5-72D5-498A-8C8B-D6D525863768,PEDESTRIAN,Cross/Enter not at Intersection,NO IMPROPER ACTIONS,AT INTERSECTION MARKED CROSSWALK,No,SUSPECTED MINOR INJURY,N/A,39.09045833,-77.05064667,"(39.09045833, -77.05064667)"
MCP3251000N,210018379,Montgomery County Police,Injury Crash,05/15/2021 08:00:00 PM,County,WISTERIA DR,GREAT SENECA HWY,,N/A,BICYCLIST,OTHER,CLEAR,DRY,DARK LIGHTS ON,TRAFFIC SIGNAL,UNKNOWN,NONE DETECTED,3D094995-9B65-4844-886D-91D2E442142E,BICYCLIST,Cross/Enter at Intersection,N/A,ON ROADWAY AT CROSSWALK,No,SUSPECTED MINOR INJURY,UNKNOWN,39.17685715,-77.26996929,"(39.17685715, -77.26996929)"