Report Number,Local Case Number,Agency Name,ACRS Report Type,Crash Date/Time,Route Type,Road Name,Cross-Street Name,Off-Road Description,Municipality,Related Non-Motorist,Collision Type,Weather,Surface Condition,Light,Traffic Control,Driver Substance Abuse,Non-Motorist Substance Abuse,Person ID,Pedestrian Type,Pedestrian Movement,Pedestrian Actions,Pedestrian Location,At Fault,Injury Severity,Safety Equipment,Latitude,Longitude,Location
MCP2492000S,17011443,Montgomery County Police,Fatal Crash,03/04/2017 02:27:00 AM,US (State),COLESVILLE RD,FENTON ST,,N/A,PEDESTRIAN,OTHER,CLEAR,DRY,DARK LIGHTS ON,FLASHING TRAFFIC SIGNAL,UNKNOWN,UNKNOWN,AD9DA68A-22D8-4DF7-A599-43E66AD9D28F,PEDESTRIAN,Cross/Enter at Intersection,UNKNOWN,ON ROADWAY AT CROSSWALK,Unknown,FATAL INJURY,NONE,38.99764432,-77.02704012,"(38.99764432, -77.02704012)"
MCP23510025,180027874,Montgomery County Police,Injury Crash,06/06/2018 02:02:00 PM,County,PARAMOUNT DR,FREDERICK RD,,N/A,PEDESTRIAN,OTHER,CLEAR,DRY,DAYLIGHT,NO CONTROLS,NONE DETECTED,NONE DETECTED,9D251923-52D8-4970-BEC0-55C1486B18A7,PEDESTRIAN,Cross/Enter at Intersection,INATTENTIVE,ON ROADWAY NOT AT CROSSWALK,Yes,POSSIBLE INJURY,N/A,39.11363903,-77.16290206,"(39.11363903, -77.16290206)"
DD55020032,17015029,Rockville Police Departme,Injury Crash,03/24/2017 10:23:00 AM,Municipality,BEALL AVE #2,HUNGERFORD DR,,N/A,PEDESTRIAN,OTHER,RAINING,WET,DAYLIGHT,TRAFFIC SIGNAL,NONE DETECTED,NONE DETECTED,31707E75-5632-4C54-88D5-A970910B089E,PEDESTRIAN,Cross/Enter at Intersection,NO IMPROPER ACTIONS,ON ROADWAY AT CROSSWALK,No,SUSPECTED MINOR INJURY,N/A,39.08728167,-77.150345,"(39.08728167, -77.150345)"
MCP28590095,200028549,Montgomery County Police,Injury Crash,07/23/2020 08:10:00 AM,,,,"LEVEL 1 PARKING GARAGE OF 15740 SHADY GROVE RD, GAITHERSBURG, MD",,PEDESTRIAN,OTHER,CLEAR,,DAYLIGHT,NO CONTROLS,NONE DETECTED,NONE DETECTED,ED782BF5-8BC0-49F6-BB1E-7FDF3DCDBFB3,PEDESTRIAN,Other Working,NO IMPROPER ACTIONS,OTHER,No,POSSIBLE INJURY,NONE,39.11529,-77.186415,"(39.11529, -77.186415)"
MCP1453008J,200022504,Montgomery County Police,Injury Crash,06/08/2020 08:54:00 AM,County,WYNNFIELD DR,FATHER HURLEY BLVD,,N/A,PEDESTRIAN,SINGLE VEHICLE,CLEAR,DRY,DAYLIGHT,TRAFFIC SIGNAL,NONE DETECTED,NONE DETECTED,8BA7FB64-2C70-47BC-A043-436DF8F39A4E,PEDESTRIAN,Cross/Enter at Intersection,NO IMPROPER ACTIONS,ON ROADWAY AT CROSSWALK,No,SUSPECTED MINOR INJURY,NONE,39.18655833,-77.27381,"(39.18655833, -77.27381)"
MCP3148000T,180058375,Montgomery County Police,Injury Crash,11/21/2018 07:10:00 AM,County,BANGOR DR,WAYCROSS WAY,,N/A,PEDESTRIAN,HEAD ON,CLEAR,N/A,DAYLIGHT,N/A,UNKNOWN,N/A,E8E679AC-4B45-4214-9C0C-CD11D33728E4,PEDESTRIAN,Standing,NO IMPROPER ACTIONS,ON ROADWAY NOT AT CROSSWALK,No,SUSPECTED MINOR INJURY,N/A,38.99745167,-77.1098,"(38.99745167, -77.1098)"
MCP271700P1,190029339,Montgomery County Police,Injury Crash,06/19/2019 03:10:00 PM,County,NICHOLSON LA,NEBEL ST,,N/A,PEDESTRIAN,OTHER,CLEAR,DRY,DAYLIGHT,TRAFFIC SIGNAL,NONE DETECTED,NONE DETECTED,27E4CD75-23DF-42E4-9DD5-3FBF89F828DB,PEDESTRIAN,Cross/Enter at Intersection,NO IMPROPER ACTIONS,ON ROADWAY AT CROSSWALK,No,SUSPECTED MINOR INJURY,NONE,39.045444,-77.10475833,"(39.045444, -77.10475833)"
MCP2064000G,15034829,MONTGOMERY,Injury Crash,07/15/2015 06:00:00 PM,County,HENDERSON AVE,CLARIDGE RD,,N/A,BICYCLIST,SINGLE VEHICLE,CLEAR,DRY,DAYLIGHT,N/A,UNKNOWN,NONE DETECTED,6DDFFBBB-515B-4996-921F-A73AF27CBE4E,BICYCLIST,Walking/Riding w/Traffic,UNKNOWN,ON ROADWAY NOT AT CROSSWALK,Unknown,SUSPECTED MINOR INJURY,MC/BIKE HELMET,39.054887,-77.064613,"(39.054887, -77.064613)"
MCP2847000L,15001793,Montgomery County Police,Injury Crash,01/12/2015 10:05:00 AM,County,RANDOLPH RD,BUSHEY DR,,N/A,BICYCLIST,SINGLE VEHICLE,RAINING,WET,DAYLIGHT,STOP SIGN,NONE DETECTED,NONE DETECTED,54C47C1D-A838-443E-BC00-73D134CDACEE,BICYCLIST,Cross/Enter at Intersection,NO IMPROPER ACTIONS,ON ROADWAY AT CROSSWALK,,POSSIBLE INJURY,UNKNOWN,39.05767333,-77.07777167,"(39.05767333, -77.07777167)"
MCP2639005L,190000170,Montgomery County Police,Injury Crash,01/02/2019 06:30:00 AM,Maryland (State),GEORGIA AVE,CROSSOVER,,N/A,PEDESTRIAN,HEAD ON LEFT TURN,CLEAR,DRY,DARK NO LIGHTS,NO CONTROLS,NONE DETECTED,NONE DETECTED,9B09E1D9-EB1B-4546-B541-49F4537201C9,PEDESTRIAN,Cross/Enter at Intersection,DART DASH,ON ROADWAY NOT AT CROSSWALK,Yes,POSSIBLE INJURY,NONE,39.08196833,-77.076615,"(39.08196833, -77.076615)"
MCP3311000M,220012213,Montgomery County Police,Injury Crash,03/21/2022 05:48:00 PM,Maryland (State),OLD GEORGETOWN RD,RAMP 6 FR RAMP 10 (FR IS270) TO MD 187,,N/A,PEDESTRIAN,OTHER,CLEAR,N/A,DAYLIGHT,N/A,N/A,N/A,6EA87E5F-919A-4AFF-A0D8-4F67E8E8D3AF,PEDESTRIAN,Cross/Enter at Intersection,NO IMPROPER ACTIONS,ON ROADWAY AT CROSSWALK,No,SUSPECTED MINOR INJURY,N/A,39.03145229,-77.1259336,"(39.03145229, -77.1259336)"
EJ7863000Q,17002486,Gaithersburg Police Depar,Injury Crash,01/14/2017 07:04:00 PM,County,CONTOUR RD,LOST KNIFE RD,,N/A,PEDESTRIAN,SINGLE VEHICLE,RAINING,WET,DARK LIGHTS ON,NO CONTROLS,NONE DETECTED,NONE DETECTED,491F4EAD-630D-4B1A-801B-BB4368B3F9CA,PEDESTRIAN,Cross/Enter at Intersection,NO IMPROPER ACTIONS,AT INTERSECTION MARKED CROSSWALK,No,POSSIBLE INJURY,NONE,39.15495683,-77.20097065,"(39.15495683, -77.20097065)"
MCP2559002Q,180051278,Montgomery County Police,Injury Crash,10/13/2018 12:54:00 PM,County,LOST KNIFE RD,CONTOUR RD,,N/A,"OTHER, PEDESTRIAN",OTHER,CLOUDY,DRY,DAYLIGHT,STOP SIGN,N/A,N/A,44980057-FAE6-4F7C-861F-6768E06CEFDB,PEDESTRIAN,Cross/Enter at Intersection,OTHER,AT INTERSECTION BUT NO CROSSWALK,Yes,NO APPARENT INJURY,NONE,39.15385667,-77.19975833,"(39.15385667, -77.19975833)"
MCP24920016,190043484,Montgomery County Police,Fatal Crash,09/11/2019 10:20:00 AM,,COPLEY PLACE,ENTRANCE TO HARRIS TEETER PARKING LOT,,N/A,PEDESTRIAN,OTHER,CLEAR,DRY,DAYLIGHT,STOP SIGN,NONE DETECTED,NONE DETECTED,AA12FD97-FA1C-49C9-9713-48179F3DA673,PEDESTRIAN,Cross/Enter at Intersection,IN ROADWAY IMPROPERLY,ON ROADWAY NOT AT CROSSWALK,Yes,FATAL INJURY,N/A,39.11481531,-77.20692953,"(39.11481531, -77.20692953)"
MCP2973002F,16062778,Montgomery County Police,Injury Crash,12/07/2016 10:45:00 AM,County,BEL PRE RD,GEORGIA AVE,,N/A,PEDESTRIAN,OTHER,CLEAR,DRY,DAYLIGHT,TRAFFIC SIGNAL,NONE DETECTED,NONE DETECTED,BEBF1D00-3240-4337-9640-A8BDD7EF721F,PEDESTRIAN,Cross/Enter not at Intersection,IN ROADWAY IMPROPERLY,ON ROADWAY NOT AT CROSSWALK,Yes,SUSPECTED MINOR INJURY,N/A,39.09286435,-77.08057433,"(39.09286435, -77.08057433)"
MCP91300020,16006234,Montgomery County Police,Injury Crash,02/06/2016 01:33:00 PM,County,FLOWER AVE,ARLISS ST,,N/A,PEDESTRIAN,SINGLE VEHICLE,CLEAR,DRY,DAYLIGHT,NO CONTROLS,NONE DETECTED,NONE DETECTED,F3F55C14-517B-4DAF-950A-D919CAC7ECDD,PEDESTRIAN,Cross/Enter not at Intersection,NO IMPROPER ACTIONS,ON ROADWAY AT CROSSWALK,No,SUSPECTED MINOR INJURY,NONE,38.999505,-77.00393333,"(38.999505, -77.00393333)"
MCP1151002J,15010827,Montgomery County Police,Injury Crash,03/09/2015 08:19:00 AM,County,CRYSTAL ROCK DR,GERMANTOWN RD,,N/A,PEDESTRIAN,OTHER,CLEAR,DRY,DAYLIGHT,NO CONTROLS,NONE DETECTED,NONE DETECTED,FC9652DB-1ADF-4323-B433-5BBF053DC602,PEDESTRIAN,Cross/Enter not at Intersection,IN ROADWAY IMPROPERLY,ON ROADWAY NOT AT CROSSWALK,,POSSIBLE INJURY,N/A,39.181835,-77.26275,"(39.181835, -77.26275)"
MCP3174003C,220030103,Montgomery County Police,Injury Crash,07/13/2022 03:07:00 PM,County,EAST VILLAGE AVE,PLUM CREEK DR,,N/A,PEDESTRIAN,SINGLE VEHICLE,CLEAR,DRY,DAYLIGHT,NO CONTROLS,NONE DETECTED,NONE DETECTED,1C67924E-A164-45E9-B952-1DF78A63723A,PEDESTRIAN,Walking/Cycling on Sidewalk,NO IMPROPER ACTIONS,SIDEWALK,No,SUSPECTED SERIOUS INJURY,N/A,39.18807,-77.16496,"(39.18807, -77.16496)"
DD5595005D,170549956,Rockville Police Departme,Injury Crash,12/21/2017 03:00:00 PM,Municipality,N WASHINGTON ST,DAWSON AVE,,ROCKVILLE,"OTHER, PEDESTRIAN",SINGLE VEHICLE,CLEAR,DRY,DAYLIGHT,TRAFFIC SIGNAL,NONE DETECTED,N/A,B7503504-6DC0-438B-A7EB-D0EC65D99554,PEDESTRIAN,Cross/Enter at Intersection,NO IMPROPER ACTIONS,ON ROADWAY AT CROSSWALK,No,SUSPECTED MINOR INJURY,N/A,39.08864917,-77.15325567,"(39.08864917, -77.15325567)"
MCP28460060,200012271,Montgomery County Police,Injury Crash,03/12/2020 07:11:00 PM,,,,"12041 GEORGIA AVE, SILVER SPRING MD 20902 (M&T BANK)",,BICYCLIST,OTHER,CLEAR,,DARK LIGHTS ON,NO CONTROLS,NONE DETECTED,NONE DETECTED,19935F86-1FFD-45AC-B67A-013A6D01A020,BICYCLIST,Walking/Cycling on Sidewalk,NO IMPROPER ACTIONS,SIDEWALK,No,POSSIBLE INJURY,NONE,39.05261833,-77.05063667,"(39.05261833, -77.05063667)"
MCP3123004R,220047391,Montgomery County Police,Injury Crash,10/28/2022 02:38:00 PM,County,SEVEN LOCKS RD,IVYMOUNT TERR,,N/A,PEDESTRIAN,OTHER,CLEAR,DRY,DAYLIGHT,N/A,N/A,N/A,9B8ED540-E262-4ED0-8BB9-354EBF92D161,PEDESTRIAN,Cross/Enter not at Intersection,DART DASH,OUTSIDE RIGHT OF WAY,Yes,SUSPECTED SERIOUS INJURY,NONE,39.04712886,-77.16162564,"(39.04712886, -77.16162564)"
MCP2339008W,230061667,Montgomery County Police,Property Damage Crash,10/20/2023 04:03:00 PM,,,,5700 BOU AVE PARKING LOT,,OTHER,HEAD ON,RAINING,,DAYLIGHT,NO CONTROLS,UNKNOWN,NONE DETECTED,2D4F1A2C-E48C-4459-98BF-3F6058A1C647,OTHER,N/A,NO IMPROPER ACTIONS,N/A,No,NO APPARENT INJURY,N/A,39.05587317,-77.114007,"(39.05587317, -77.114007)"
MCP3295000C,210030288,Montgomery County Police,Injury Crash,08/04/2021 05:04:00 PM,County,SERPENTINE WAY,FAIRLAND RD,,N/A,PEDESTRIAN,N/A,CLEAR,DRY,DAYLIGHT,N/A,"MEDICATION PRESENT, NONE DETECTED",NONE DETECTED,9647EF21-2FC9-4FA7-AC4A-0D3E86F038B9,PEDESTRIAN,N/A,IN ROADWAY IMPROPERLY,OTHER,Yes,SUSPECTED MINOR INJURY,N/A,39.070455,-76.96958,"(39.070455, -76.96958)"
MCP15500039,220024539,Montgomery County Police,Injury Crash,06/08/2022 09:18:00 AM,County,WOODGLEN DR,EXECUTIVE BLVD,,N/A,PEDESTRIAN,OTHER,CLEAR,DRY,DAYLIGHT,STOP SIGN,NONE DETECTED,NONE DETECTED,A85A9DEC-495D-425E-B42F-94D6C660A4E6,PEDESTRIAN,Cross/Enter at Intersection,NO IMPROPER ACTIONS,ON ROADWAY AT CROSSWALK,No,SUSPECTED MINOR INJURY,N/A,39.04322833,-77.11333,"(39.04322833, -77.11333)"
MCP3005007L,230057125,Montgomery County Police,Injury Crash,09/28/2023 12:55:00 PM,Maryland (State),UNIVERSITY BLVD W,ENT TO WHEATON PLAZA,,N/A,BICYCLIST,SINGLE VEHICLE,CLEAR,DRY,DAYLIGHT,TRAFFIC SIGNAL,UNKNOWN,NONE DETECTED,1973C56A-412F-48F6-BFCF-5FBBAD787799,BICYCLIST,Walking/Riding w/Traffic,NO IMPROPER ACTIONS,SHOULDER,No,POSSIBLE INJURY,MC/BIKE HELMET,39.03761418,-77.05939523,"(39.03761418, -77.05939523)"
EJ7890000H,210036000,Gaithersburg Police Depar,Injury Crash,09/13/2021 11:27:00 AM,Municipality,INSPIRATION LA,MAIN ST,,GAITHERSBURG,OTHER,SAME DIR REAR END,CLEAR,DRY,DAYLIGHT,NO CONTROLS,NONE DETECTED,NONE DETECTED,B4142A59-3F19-42D8-9D72-EA1F0E4ECD5E,OTHER,Other,OTHER,OTHER,No,SUSPECTED MINOR INJURY,N/A,39.12020207,-77.23460335,"(39.12020207, -77.23460335)"
MCP10860009,210035556,Montgomery County Police,Property Damage Crash,09/10/2021 07:30:00 AM,,,,PARKING LOT OF SENECA VALLEY HS 19401 CRYSTAL ROCK DRIVE,,PEDESTRIAN,OTHER,CLEAR,,DAYLIGHT,N/A,NONE DETECTED,N/A,71C03F27-2D1C-4A43-B0B6-5AC1F122614B,PEDESTRIAN,Walking to/from school,NO IMPROPER ACTIONS,OTHER,No,NO APPARENT INJURY,N/A,39.17460167,-77.26463,"(39.17460167, -77.26463)"
MCP1020001N,16040706,Montgomery County Police,Injury Crash,08/11/2016 12:28:00 PM,,,,PARKING LOT OF 20938 FREDERICK RD,,PEDESTRIAN,OTHER,CLEAR,,DAYLIGHT,NO CONTROLS,NONE DETECTED,NONE DETECTED,43E937B6-DEC5-43E1-82BB-D32F0B9DD022,PEDESTRIAN,Other,NO IMPROPER ACTIONS,OTHER,No,SUSPECTED MINOR INJURY,N/A,39.20270667,-77.24945167,"(39.20270667, -77.24945167)"
MCP2598001W,180043808,Montgomery County Police,Injury Crash,09/02/2018 03:05:00 PM,Maryland (State),16TH ST,EAST WEST HWY,,N/A,PEDESTRIAN,STRAIGHT MOVEMENT ANGLE,CLEAR,DRY,DAYLIGHT,NO CONTROLS,N/A,NONE DETECTED,DFE9418D-48C7-4EA3-8443-0B87D4E299FF,PEDESTRIAN,Cross/Enter at Intersection,NO IMPROPER ACTIONS,AT INTERSECTION MARKED CROSSWALK,No,POSSIBLE INJURY,NONE,38.99486875,-77.03643854,"(38.99486875, -77.03643854)"
MCP22540007,15036935,MONTGOMERY,Injury Crash,07/26/2015 01:27:00 PM,County,TAILOR SHOP PLACE,GUARDRAIL,,N/A,OTHER,STRAIGHT MOVEMENT ANGLE,CLEAR,DRY,DAYLIGHT,NO CONTROLS,NONE DETECTED,N/A,7982B346-3115-47D0-A39C-D7F4B0C86A95,OTHER,Cross/Enter at Intersection,DART DASH,AT INTERSECTION BUT NO CROSSWALK,Yes,SUSPECTED MINOR INJURY,NONE,39.24363833,-77.281995,"(39.24363833, -77.281995)"
MCP30300012,170541923,Montgomery County Police,Injury Crash,11/09/2017 06:27:00 PM,County,BEECH AVE,OLD GEORGETOWN RD,,N/A,PEDESTRIAN,STRAIGHT MOVEMENT ANGLE,RAINING,WET,DARK LIGHTS ON,TRAFFIC SIGNAL,NONE DETECTED,NONE DETECTED,D763C3ED-3A2B-422D-B9BA-1E81A865BB04,PEDESTRIAN,Cross/Enter at Intersection,NO IMPROPER ACTIONS,ON ROADWAY AT CROSSWALK,No,SUSPECTED MINOR INJURY,NONE,39.01027333,-77.11488667,"(39.01027333, -77.11488667)"
MCP26710028,190051923,Montgomery County Police,Injury Crash,10/28/2019 07:50:00 PM,US (State),GEORGIA AVE,ELLSWORTH DR,,N/A,PEDESTRIAN,OTHER,N/A,DRY,DARK LIGHTS ON,TRAFFIC SIGNAL,NONE DETECTED,NONE DETECTED,213A9D0E-8EF7-4499-BFA8-12687607CA80,PEDESTRIAN,Cross/Enter not at Intersection,IN ROADWAY IMPROPERLY,ON ROADWAY NOT AT CROSSWALK,Yes,SUSPECTED MINOR INJURY,NONE,38.99528412,-77.02743963,"(38.99528412, -77.02743963)"
MCP2728006P,200001550,Montgomery County Police,Injury Crash,01/09/2020 07:20:00 PM,,,,8530 CAMERON STREET PARKING GARAGE,,PEDESTRIAN,OTHER,CLEAR,,DARK LIGHTS ON,N/A,NONE DETECTED,NONE DETECTED,D452B90F-B780-490E-B5EC-FAF51C4E1FA8,PEDESTRIAN,Other,NO IMPROPER ACTIONS,OTHER,No,POSSIBLE INJURY,NONE,38.9964981,-77.03121331,"(38.9964981, -77.03121331)"
MCP209400K4,220032977,Montgomery County Police,Injury Crash,08/01/2022 09:56:00 AM,,,,"PARKING LOT OF
5601 RIVER RD",,PEDESTRIAN,OTHER,CLEAR,,DAYLIGHT,N/A,NONE DETECTED,NONE DETECTED,C9026060-C94E-4881-8D2E-E07E5FB1B83D,PEDESTRIAN,Other,OTHER,OTHER,No,SUSPECTED SERIOUS INJURY,N/A,38.97064,-77.11159333,"(38.97064, -77.11159333)"
MCP2291005S,220006216,Montgomery County Police,Injury Crash,02/12/2022 04:11:00 PM,Maryland (State),OLD GEORGETOWN RD,BEECH AVE,,N/A,BICYCLIST,HEAD ON LEFT TURN,CLEAR,DRY,DAYLIGHT,TRAFFIC SIGNAL,NONE DETECTED,NONE DETECTED,EA371688-8B06-4C7D-BB2D-F2AEC11B66E3,BICYCLIST,Standing,NO IMPROPER ACTIONS,SIDEWALK,No,SUSPECTED MINOR INJURY,MC/BIKE HELMET,39.01002068,-77.11475414,"(39.01002068, -77.11475414)"
EJ78910011,220052753,Gaithersburg Police Depar,Injury Crash,11/29/2022 09:11:00 PM,County,MUDDY BRANCH RD,DIAMONDBACK DR,,N/A,PEDESTRIAN,STRAIGHT MOVEMENT ANGLE,CLEAR,DRY,DARK LIGHTS ON,TRAFFIC SIGNAL,NONE DETECTED,UNKNOWN,EA8607AC-21DD-4F39-9B2F-C859CC9AD19D,PEDESTRIAN,Cross/Enter at Intersection,FAILURE TO YIELD RIGHT OF WAY,AT INTERSECTION MARKED CROSSWALK,Yes,SUSPECTED SERIOUS INJURY,NONE,39.11522055,-77.21570262,"(39.11522055, -77.21570262)"
MCP229800VR,210007256,Montgomery County Police,Property Damage Crash,02/23/2021 11:51:00 AM,County,CONNECTICUT AVE,GRAND PRE RD,,N/A,PEDESTRIAN,SINGLE VEHICLE,CLEAR,SLUSH,DAYLIGHT,NO CONTROLS,NONE DETECTED,NONE DETECTED,89ADE460-CA93-4BCD-B113-37C5E4F99E33,PEDESTRIAN,Other,DART DASH,OTHER,No,NO APPARENT INJURY,N/A,39.09191456,-77.07032261,"(39.09191456, -77.07032261)"
MCP2905002R,170513078,Montgomery County Police,Injury Crash,06/11/2017 03:48:00 PM,Maryland (State),WILSON LA,MOORLAND LA,,N/A,PEDESTRIAN,STRAIGHT MOVEMENT ANGLE,CLEAR,DRY,DAYLIGHT,STOP SIGN,N/A,N/A,547D6A58-4FD3-4F93-B3A1-DE6CAD2CC26C,PEDESTRIAN,Standing,NO IMPROPER ACTIONS,SIDEWALK,No,SUSPECTED MINOR INJURY,N/A,38.98711,-77.10970333,"(38.98711, -77.10970333)"
MCP3276000T,210013552,Montgomery County Police,Injury Crash,04/11/2021 07:59:00 PM,Maryland (State),COLESVILLE RD,EAST WEST HWY,,N/A,PEDESTRIAN,SINGLE VEHICLE,RAINING,WET,DARK LIGHTS ON,TRAFFIC SIGNAL,ALCOHOL PRESENT,NONE DETECTED,8FD2B0F9-5425-4565-BBA4-6BD814D40EB0,PEDESTRIAN,Cross/Enter at Intersection,NO IMPROPER ACTIONS,ON ROADWAY AT CROSSWALK,No,SUSPECTED MINOR INJURY,N/A,38.99339134,-77.03212156,"(38.99339134, -77.03212156)"
MCP9379000R,16020539,Montgomery County Police,Injury Crash,04/24/2016 11:54:00 AM,,,,DRIVEWAY OF TRANSFER STATION 16101 FREDERICK RD,,PEDESTRIAN,OTHER,CLEAR,,DAYLIGHT,PERSON,N/A,N/A,D0FB99E4-1D81-4C98-97EA-F13DB1528863,PEDESTRIAN,Other Working,OTHER,OTHER,No,POSSIBLE INJURY,NONE,39.12094833,-77.17141,"(39.12094833, -77.17141)"
DM8451001K,180003504,Takoma Park Police Depart,Injury Crash,01/21/2018 05:35:00 PM,Maryland (State),PINEY BRANCH RD,PHILADELPHIA AVE,,N/A,BICYCLIST,HEAD ON LEFT TURN,CLEAR,DRY,DUSK,TRAFFIC SIGNAL,ILLEGAL DRUG PRESENT,N/A,4C48BD67-8AB3-415F-ADA8-362EA285A052,BICYCLIST,Walking/Riding w/Traffic,NO IMPROPER ACTIONS,ON ROADWAY NOT AT CROSSWALK,No,SUSPECTED SERIOUS INJURY,UNKNOWN,38.98332433,-77.01475383,"(38.98332433, -77.01475383)"
MCP3115000N,180019892,Montgomery County Police,Injury Crash,04/23/2018 04:40:00 PM,County,BRIGGS CHANEY RD,CASTLE BLVD,,N/A,PEDESTRIAN,OTHER,N/A,N/A,DAYLIGHT,N/A,N/A,N/A,9140AED0-B8E6-4BF9-936F-1BF85942F587,PEDESTRIAN,Other,NOT VISIBLE,OTHER,Unknown,SUSPECTED MINOR INJURY,N/A,39.08154092,-76.94640219,"(39.08154092, -76.94640219)"
MCP20480019,170515411,Montgomery County Police,Injury Crash,06/23/2017 06:27:00 PM,Maryland (State),SANDY SPRING RD,RAMP 4 FR US 29 NB TO MD 198 EB,,N/A,PEDESTRIAN,OTHER,CLEAR,DRY,DAYLIGHT,NO CONTROLS,UNKNOWN,NONE DETECTED,887F88DD-FA4D-4D2F-B2AF-408DC929E0B3,PEDESTRIAN,Walking/Cycling on Sidewalk,NO IMPROPER ACTIONS,SIDEWALK,No,SUSPECTED MINOR INJURY,N/A,39.111815,-76.929065,"(39.111815, -76.929065)"
MCP2664002Y,17012580,Montgomery County Police,Injury Crash,03/09/2017 11:40:00 PM,County,ANDREW ST,VEIRS MILL RD,,N/A,PEDESTRIAN,OTHER,UNKNOWN,UNKNOWN,UNKNOWN,NO CONTROLS,UNKNOWN,NONE DETECTED,90CF317A-3170-4070-AB92-0EEF620CEFB7,PEDESTRIAN,Cross/Enter not at Intersection,NO IMPROPER ACTIONS,ON ROADWAY NOT AT CROSSWALK,No,SUSPECTED MINOR INJURY,UNKNOWN,39.05023,-77.07168833,"(39.05023, -77.07168833)"
MCP2723007L,230053349,Montgomery County Police,Injury Crash,09/05/2023 08:35:00 PM,County,ASPEN HILL RD,GEORGIA AVE,,N/A,BICYCLIST,SINGLE VEHICLE,CLEAR,DRY,DARK LIGHTS ON,STOP SIGN,NONE DETECTED,NONE DETECTED,DEAFEDC1-9095-4099-8552-C8786F70FF87,BICYCLIST,Walking/Cycling on Sidewalk,NO IMPROPER ACTIONS,SIDEWALK,No,SUSPECTED MINOR INJURY,UNKNOWN,39.08065167,-77.077415,"(39.08065167, -77.077415)"
MCP29730063,220036415,Montgomery County Police,Injury Crash,08/23/2022 03:15:00 PM,Maryland (State),CONNECTICUT AVE,INDEPENDENCE ST,,N/A,PEDESTRIAN,OTHER,CLEAR,DRY,DAYLIGHT,TRAFFIC SIGNAL,NONE DETECTED,NONE DETECTED,C024E743-4C5E-48C3-8853-77C3240E037A,PEDESTRIAN,Cross/Enter at Intersection,NO IMPROPER ACTIONS,ON ROADWAY AT CROSSWALK,No,SUSPECTED MINOR INJURY,N/A,39.0564664,-77.0736231,"(39.0564664, -77.0736231)"
MCP26670013,15043390,MONTGOMERY,Injury Crash,08/29/2015 09:55:00 AM,,,,acess road between 30 N Summit Ave and 32 N Summit Ave,,PEDESTRIAN,OTHER,CLEAR,,DAYLIGHT,NO CONTROLS,NONE DETECTED,NONE DETECTED,C3FDEE48-ACF6-4608-9360-BDABE1A5C36E,PEDESTRIAN,Other Working,NOT VISIBLE,OTHER,Yes,SUSPECTED MINOR INJURY,NONE,39.14350816,-77.19279528,"(39.14350816, -77.19279528)"
DM84230014,16059447,Takoma Park Police Depart,Injury Crash,11/18/2016 04:15:00 PM,County,MERRIMAC DR,UNIVERSITY BLVD E,,N/A,PEDESTRIAN,OTHER,CLEAR,DRY,DAYLIGHT,NO CONTROLS,N/A,N/A,4E64F5A3-AFD0-49C1-BDE1-2E04F126605D,PEDESTRIAN,Cross/Enter not at Intersection,INATTENTIVE,ON ROADWAY NOT AT CROSSWALK,Yes,SUSPECTED SERIOUS INJURY,N/A,38.99547333,-77.024265,"(38.99547333, -77.024265)"
MCP26590014,16037735,Montgomery County Police,Property Damage Crash,07/25/2016 11:18:00 PM,County,SEMINARY RD,GEORGIA AVE,,N/A,BICYCLIST,OTHER,CLOUDY,DRY,DARK LIGHTS ON,TRAFFIC SIGNAL,N/A,NONE DETECTED,1AA1402C-9D9D-47B2-B829-521E032B9D8A,BICYCLIST,Cross/Enter at Intersection,NO IMPROPER ACTIONS,ON ROADWAY AT CROSSWALK,No,NO APPARENT INJURY,NONE,39.00939,-77.040715,"(39.00939, -77.040715)"
MCP3018000Q,170503285,Montgomery County Police,Injury Crash,04/21/2017 07:30:00 AM,County,DALEWOOD DR,RANDOLPH RD,,N/A,BICYCLIST,OTHER,CLEAR,DRY,DAYLIGHT,TRAFFIC SIGNAL,UNKNOWN,NONE DETECTED,9696EFA5-CA8E-4E78-941C-5A356FB95516,BICYCLIST,Cross/Enter at Intersection,NO IMPROPER ACTIONS,AT INTERSECTION MARKED CROSSWALK,No,SUSPECTED MINOR INJURY,NONE,39.05918226,-77.06915081,"(39.05918226, -77.06915081)"
MCP21810054,230032948,Montgomery County Police,Fatal Crash,07/11/2023 05:10:00 AM,Municipality,PICCARD DR,REDLAND BLVD,,ROCKVILLE,PEDESTRIAN,OTHER,CLEAR,DRY,DARK LIGHTS ON,NO CONTROLS,N/A,ALCOHOL PRESENT,B52FEDB6-12D1-4FEF-B0C8-D6ADF2C1BCD5,PEDESTRIAN,Other,OTHER,ON ROADWAY NOT AT CROSSWALK,Yes,FATAL INJURY,NONE,39.107295,-77.18047333,"(39.107295, -77.18047333)"
MCP2677000H,16004316,Montgomery County Police,Injury Crash,01/26/2016 11:40:00 PM,County,DAIRYMAID DR,METZ DR,,N/A,PEDESTRIAN,OTHER,SNOW,SLUSH,DARK LIGHTS ON,N/A,NONE DETECTED,NONE DETECTED,D7BF4AAF-74BF-44D3-9FB3-3D451E61766C,PEDESTRIAN,Other,IN ROADWAY IMPROPERLY,ON ROADWAY NOT AT CROSSWALK,Yes,POSSIBLE INJURY,N/A,39.15559743,-77.27240324,"(39.15559743, -77.27240324)"
MCP3019000M,17015274,Montgomery County Police,Injury Crash,03/25/2017 12:47:00 PM,County,MACARTHUR BLVD,CABIN JOHN PKWY,,N/A,BICYCLIST,SAME DIRECTION RIGHT TURN,CLEAR,DRY,DAYLIGHT,TRAFFIC SIGNAL,NONE DETECTED,NONE DETECTED,F2FDD694-2FDB-459A-BDF2-167A11335DCA,BICYCLIST,Walking/Riding w/Traffic,UNKNOWN,ON ROADWAY NOT AT CROSSWALK,No,SUSPECTED MINOR INJURY,MC/BIKE HELMET,38.972765,-77.147305,"(38.972765, -77.147305)"