Report Number,Local Case Number,Agency Name,ACRS Report Type,Crash Date/Time,Route Type,Road Name,Cross-Street Name,Off-Road Description,Municipality,Related Non-Motorist,Collision Type,Weather,Surface Condition,Light,Traffic Control,Driver Substance Abuse,Non-Motorist Substance Abuse,Person ID,Pedestrian Type,Pedestrian Movement,Pedestrian Actions,Pedestrian Location,At Fault,Injury Severity,Safety Equipment,Latitude,Longitude,Location
MCP2981001Y,180018990,Montgomery County Police,Injury Crash,04/18/2018 05:43:00 PM,,,,"PARKING LOT OF 13420 NEW HAMPSHIRE AVE, EXXON GAS STATION",,PEDESTRIAN,OTHER,CLEAR,,DAYLIGHT,NO CONTROLS,UNKNOWN,NONE DETECTED,6F362331-C5BA-4346-B87C-4EAE3D2B3BD1,PEDESTRIAN,Other,UNKNOWN,OTHER,No,POSSIBLE INJURY,NONE,39.076035,-77.00257833,"(39.076035, -77.00257833)"
MCP29640051,210036415,Montgomery County Police,Injury Crash,09/15/2021 05:12:00 PM,Maryland (State),FREDERICK RD,SHAWNEE LA,,N/A,BICYCLIST,SAME DIRECTION RIGHT TURN,N/A,DRY,DAYLIGHT,N/A,NONE DETECTED,NONE DETECTED,A401CE3F-0538-4D59-BB27-361C5004BC3A,BICYCLIST,Walking/Riding w/Traffic,IMPROPER PASSING,ON ROADWAY NOT AT CROSSWALK,Yes,SUSPECTED MINOR INJURY,MC/BIKE HELMET,39.23025266,-77.26853445,"(39.23025266, -77.26853445)"
MCP0973000X,180053881,Montgomery County Police,Injury Crash,10/27/2018 06:53:00 PM,Maryland (State),WISCONSIN AVE,COMMERCE LA,,N/A,PEDESTRIAN,SINGLE VEHICLE,CLOUDY,DRY,DARK LIGHTS ON,NO CONTROLS,NONE DETECTED,NONE DETECTED,5B271D55-34C7-42DA-A94B-1289D08EA6FB,PEDESTRIAN,Cross/Enter at Intersection,NO IMPROPER ACTIONS,ON ROADWAY AT CROSSWALK,No,SUSPECTED MINOR INJURY,NONE,38.98577167,-77.094735,"(38.98577167, -77.094735)"
MCP26780045,230052801,Montgomery County Police,Injury Crash,09/02/2023 12:30:00 PM,Maryland (State),VEIRS MILL RD,EXIT ONLY FR BUSINESS,,N/A,OTHER CONVEYANCE,STRAIGHT MOVEMENT ANGLE,CLEAR,DRY,DAYLIGHT,NO CONTROLS,NONE DETECTED,NONE DETECTED,3AFD3480-CC52-4A60-ADD9-5ACF821D2CBE,OTHER CONVEYANCE,Walking/Cycling on Sidewalk,NO IMPROPER ACTIONS,SIDEWALK,No,POSSIBLE INJURY,NONE,39.03910517,-77.05367167,"(39.03910517, -77.05367167)"
MCP0973000S,180020154,Montgomery County Police,Injury Crash,04/24/2018 08:49:00 PM,Other Public Roadway,WAVERLY ST,WISCONSIN AVE,,N/A,PEDESTRIAN,SINGLE VEHICLE,RAINING,WET,DARK NO LIGHTS,NO CONTROLS,NONE DETECTED,NONE DETECTED,0387DF02-341C-48FA-AA38-30F2F1A20B6D,PEDESTRIAN,Cross/Enter not at Intersection,IN ROADWAY IMPROPERLY,ON ROADWAY NOT AT CROSSWALK,Yes,SUSPECTED MINOR INJURY,N/A,38.9828436,-77.09319949,"(38.9828436, -77.09319949)"
MCP3148005P,230068578,Montgomery County Police,Injury Crash,11/27/2023 05:42:00 PM,,,,"PARKING GARAGE 1ST FLOOR AT 4935 ST ELMO AVE, BETHESDA, MD 20814",,PEDESTRIAN,OTHER,CLEAR,,DUSK,N/A,UNKNOWN,NONE DETECTED,AC029FAC-B8F7-40C7-8BF0-D4035C3493BD,PEDESTRIAN,Other,NO IMPROPER ACTIONS,OTHER,No,POSSIBLE INJURY,N/A,38.98653167,-77.09835333,"(38.98653167, -77.09835333)"
MCP2846005D,190042940,Montgomery County Police,Injury Crash,09/07/2019 05:45:00 PM,County,ELKIN ST,UNIVERSITY BLVD W,,N/A,BICYCLIST,STRAIGHT MOVEMENT ANGLE,CLEAR,DRY,DAYLIGHT,NO CONTROLS,NONE DETECTED,ALCOHOL PRESENT,B70E668B-1935-4369-A279-44E3CA96E92A,BICYCLIST,Cross/Enter at Intersection,FAILURE TO YIELD RIGHT OF WAY,ON ROADWAY AT CROSSWALK,Yes,POSSIBLE INJURY,NONE,39.041375,-77.05042333,"(39.041375, -77.05042333)"
MCP2246001Y,180005145,Montgomery County Police,Injury Crash,01/30/2018 04:20:00 PM,County,FOREST GROVE DR,BRISBANE ST,,N/A,PEDESTRIAN,OTHER,CLEAR,DRY,DAYLIGHT,NO CONTROLS,NONE DETECTED,NONE DETECTED,1CEB6FF1-037C-4096-A71D-0CB34E6C3D2C,PEDESTRIAN,Cross/Enter not at Intersection,DART DASH,ON ROADWAY NOT AT CROSSWALK,Yes,SUSPECTED MINOR INJURY,NONE,39.02069,-77.03846167,"(39.02069, -77.03846167)"
MCP0899003H,180056281,Montgomery County Police,Injury Crash,11/12/2018 06:48:00 PM,County,ARLINGTON RD,ELM ST,,N/A,PEDESTRIAN,OTHER,RAINING,WET,DARK LIGHTS ON,TRAFFIC SIGNAL,NONE DETECTED,NONE DETECTED,7CDFCAA8-BF6E-4D9A-B8FB-CB7253863692,PEDESTRIAN,Cross/Enter at Intersection,NO IMPROPER ACTIONS,AT INTERSECTION MARKED CROSSWALK,No,SUSPECTED MINOR INJURY,N/A,38.98382833,-77.11531,"(38.98382833, -77.11531)"
MCP9428004S,220046770,Montgomery County Police,Injury Crash,10/25/2022 08:53:00 AM,,,,19208 CIRCLE GATE DRIVE(SENECA PLACE APARTMENT LOT),,OTHER CONVEYANCE,STRAIGHT MOVEMENT ANGLE,N/A,,DAYLIGHT,STOP SIGN,NONE DETECTED,NONE DETECTED,9DB65F35-F7E9-4AC0-9C9D-23C2B6265344,OTHER CONVEYANCE,Cross/Enter at Intersection,NO IMPROPER ACTIONS,ON ROADWAY AT CROSSWALK,No,SUSPECTED SERIOUS INJURY,NONE,39.16947222,-77.26421936,"(39.16947222, -77.26421936)"
MCP2914002D,16002013,Montgomery County Police,Injury Crash,01/11/2016 07:43:00 PM,Maryland (State),NEW HAMPSHIRE AVE,OAKVIEW DR,,N/A,PEDESTRIAN,OTHER,CLEAR,N/A,DARK LIGHTS ON,TRAFFIC SIGNAL,N/A,N/A,4F771404-E990-4F1C-9F4C-6263A51035C3,PEDESTRIAN,Cross/Enter at Intersection,NO IMPROPER ACTIONS,AT INTERSECTION MARKED CROSSWALK,No,SUSPECTED MINOR INJURY,NONE,39.01540339,-76.97794229,"(39.01540339, -76.97794229)"
MCP2546002L,180056820,Montgomery County Police,Injury Crash,11/12/2018 05:20:00 PM,Municipality,BEALL AVE #2,GIBBS STREET,,ROCKVILLE,PEDESTRIAN,OTHER,RAINING,WET,DARK LIGHTS ON,NO CONTROLS,NONE DETECTED,NONE DETECTED,929E3424-88B4-4B92-BBA8-E0063E73B6F4,PEDESTRIAN,Unknown,UNKNOWN,UNKNOWN,Unknown,SUSPECTED SERIOUS INJURY,N/A,39.087058,-77.15198,"(39.087058, -77.15198)"
EJ7869003B,220004545,Gaithersburg Police Depar,Injury Crash,02/02/2022 03:00:00 PM,,,,"474 N FREDERICK AVE GAITHERSBURG, MD 20878",,PEDESTRIAN,OTHER,CLEAR,,DAYLIGHT,N/A,NONE DETECTED,NONE DETECTED,40688F48-3C0C-4F50-9C82-6751344D39ED,PEDESTRIAN,Getting off/on Vehicle,ENTERING EXITING PARKED STANDING VEHICLE,OTHER,Yes,SUSPECTED MINOR INJURY,NONE,39.14864952,-77.20825275,"(39.14864952, -77.20825275)"
MCP24920018,190053921,Montgomery County Police,Injury Crash,11/08/2019 05:45:00 PM,Ramp,RAMP 5 FR MD 187 SB TO RAMP 4 (TO IS495),OLD GEORGETOWN RD,,N/A,BICYCLIST,OTHER,CLEAR,DRY,DARK LIGHTS ON,TRAFFIC SIGNAL,NONE DETECTED,NONE DETECTED,A96301C6-8293-4CDD-9E7E-BC3587392B9A,BICYCLIST,Cross/Enter at Intersection,UNKNOWN,ON ROADWAY AT CROSSWALK,Yes,SUSPECTED SERIOUS INJURY,NONE,39.01519376,-77.11870394,"(39.01519376, -77.11870394)"
DD5617000V,170512462,Rockville Police Departme,Injury Crash,06/08/2017 10:45:00 AM,Municipality,RESEARCH CT,RESEARCH BLVD,,ROCKVILLE,PEDESTRIAN,N/A,CLEAR,N/A,DAYLIGHT,N/A,UNKNOWN,UNKNOWN,FE8E7145-9E4F-43A0-BE3E-61ECCEBE8427,PEDESTRIAN,Cross/Enter not at Intersection,UNKNOWN,ON ROADWAY NOT AT CROSSWALK,Unknown,SUSPECTED MINOR INJURY,NONE,39.10516667,-77.19007833,"(39.10516667, -77.19007833)"
MCP26150037,190047703,Montgomery County Police,Property Damage Crash,10/04/2019 06:38:00 PM,,,,"13855 OUTLET DRIVE,
SILVER SPRING, MD, 20904",,PEDESTRIAN,OTHER,CLEAR,,DAYLIGHT,NO CONTROLS,UNKNOWN,NONE DETECTED,383B9F92-7FE7-4BAE-AAD2-84450AC7095A,PEDESTRIAN,Standing,N/A,OTHER,No,NO APPARENT INJURY,N/A,39.08240609,-76.94673901,"(39.08240609, -76.94673901)"
MCP2936004Q,210046892,Montgomery County Police,Injury Crash,11/18/2021 06:18:00 PM,Maryland (State),ROCKVILLE PIKE,ENT TO MID-PIKE PLAZA,,N/A,PEDESTRIAN,OTHER,RAINING,WET,DARK LIGHTS ON,OTHER,NONE DETECTED,NONE DETECTED,5C05F135-2832-4AA1-838F-764EADC0348D,PEDESTRIAN,Cross/Enter at Intersection,NO IMPROPER ACTIONS,ON ROADWAY AT CROSSWALK,No,SUSPECTED MINOR INJURY,N/A,39.05054007,-77.11484291,"(39.05054007, -77.11484291)"
MCP30380061,220050520,Montgomery County Police,Injury Crash,11/15/2022 05:25:00 PM,County,DALE DR,PINEY BRANCH RD,,N/A,PEDESTRIAN,OTHER,RAINING,WET,DARK LIGHTS ON,TRAFFIC SIGNAL,NONE DETECTED,NONE DETECTED,0FB5511B-4A00-4222-88A1-EF2EA2B410DD,PEDESTRIAN,Cross/Enter at Intersection,NO IMPROPER ACTIONS,AT INTERSECTION MARKED CROSSWALK,No,POSSIBLE INJURY,NONE,38.99369813,-77.0090436,"(38.99369813, -77.0090436)"
MCP3190005G,230064525,Montgomery County Police,Injury Crash,11/04/2023 03:00:00 PM,Maryland (State),GEORGIA AVE,ENT TO LOTTE PLAZA,,N/A,PEDESTRIAN,OTHER,CLEAR,DRY,DAYLIGHT,UNKNOWN,UNKNOWN,UNKNOWN,C98094AD-66D9-44F7-9F51-AA526017C18F,PEDESTRIAN,Cross/Enter at Intersection,UNKNOWN,UNKNOWN,Unknown,SUSPECTED MINOR INJURY,UNKNOWN,39.08029934,-77.07441062,"(39.08029934, -77.07441062)"
MCP2970002V,170513352,Montgomery County Police,Injury Crash,06/13/2017 08:31:00 AM,Maryland (State),UNIVERSITY BLVD W,CROSSOVER,,N/A,PEDESTRIAN,SINGLE VEHICLE,CLEAR,DRY,DAYLIGHT,STOP SIGN,N/A,N/A,953F056A-E4D2-4EAB-BBD7-180DBD00EC37,PEDESTRIAN,Cross/Enter at Intersection,DART DASH,AT INTERSECTION BUT NO CROSSWALK,Yes,SUSPECTED MINOR INJURY,NONE,39.03638333,-77.027125,"(39.03638333, -77.027125)"
MCP2278003X,220026555,Montgomery County Police,Injury Crash,06/20/2022 12:08:00 PM,Maryland (State),WISCONSIN AVE,NOTTINGHAM DR,,N/A,BICYCLIST,STRAIGHT MOVEMENT ANGLE,CLEAR,DRY,DAYLIGHT,STOP SIGN,NONE DETECTED,NONE DETECTED,958D63A9-4D04-4B4A-A57A-D83675B07B93,BICYCLIST,Cross/Enter at Intersection,NO IMPROPER ACTIONS,ON ROADWAY AT CROSSWALK,No,SUSPECTED MINOR INJURY,NONE,38.97637399,-77.09030635,"(38.97637399, -77.09030635)"
MCP1334004Q,17007266,Montgomery County Police,Injury Crash,02/10/2017 09:22:00 AM,Municipality,QUINCE ORCHARD BLVD,RABBITT RD,,GAITHERSBURG,PEDESTRIAN,SINGLE VEHICLE,CLEAR,DRY,DAYLIGHT,N/A,NONE DETECTED,NONE DETECTED,DB908F9F-B715-4AA5-8136-B3894606A373,PEDESTRIAN,Cross/Enter not at Intersection,DART DASH,ON ROADWAY NOT AT CROSSWALK,Yes,SUSPECTED SERIOUS INJURY,NONE,39.14060305,-77.22857192,"(39.14060305, -77.22857192)"
MCP3181001Z,210031154,Montgomery County Police,Injury Crash,08/10/2021 10:41:00 PM,Maryland (State),LAYHILL RD,POST LA,,N/A,PEDESTRIAN,SAME DIR REAR END,FOGGY,WET,DARK LIGHTS ON,NO CONTROLS,N/A,N/A,C100F63A-4E99-436B-89CC-BCE182A0F79C,PEDESTRIAN,Standing,IN ROADWAY IMPROPERLY,ON ROADWAY NOT AT CROSSWALK,Unknown,SUSPECTED MINOR INJURY,NONE,39.08248401,-77.04664901,"(39.08248401, -77.04664901)"
MCP2363000Y,16051042,Montgomery County Police,Injury Crash,10/04/2016 07:15:00 PM,Maryland (State),HUNGERFORD DR,E MIDDLE LA,,ROCKVILLE,PEDESTRIAN,OTHER,CLEAR,DRY,DUSK,TRAFFIC SIGNAL,NONE DETECTED,UNKNOWN,747421AE-843C-485D-9E04-12CBD7B1CB21,PEDESTRIAN,Cross/Enter at Intersection,UNKNOWN,AT INTERSECTION MARKED CROSSWALK,Unknown,SUSPECTED SERIOUS INJURY,NONE,39.08511469,-77.14820623,"(39.08511469, -77.14820623)"
MCP31500006,180012483,Montgomery County Police,Injury Crash,03/12/2018 06:08:00 PM,County,WAYNE AVE,CEDAR ST,,N/A,PEDESTRIAN,N/A,CLEAR,DRY,DAYLIGHT,NO CONTROLS,NONE DETECTED,NONE DETECTED,563E2646-6FA0-4FAE-BD5B-58F56A582213,PEDESTRIAN,Other,UNKNOWN,ON ROADWAY AT CROSSWALK,No,SUSPECTED MINOR INJURY,NONE,38.99688,-77.022125,"(38.99688, -77.022125)"
MCP13010018,190059403,Montgomery County Police,Fatal Crash,12/09/2019 06:51:00 PM,Maryland (State),UNIVERSITY BLVD W,HEMMINGWAY CT,,N/A,PEDESTRIAN,SINGLE VEHICLE,RAINING,WET,DARK LIGHTS ON,NO CONTROLS,NONE DETECTED,NONE DETECTED,A0C6AF2C-BB4B-42C1-AF87-BF834D54947E,PEDESTRIAN,Cross/Enter not at Intersection,FAILURE TO YIELD RIGHT OF WAY,ON ROADWAY NOT AT CROSSWALK,Yes,FATAL INJURY,NONE,39.03621333,-77.02829,"(39.03621333, -77.02829)"
EJ7866007K,200003722,Gaithersburg Police Depar,Injury Crash,01/23/2020 07:04:00 AM,Municipality,S SUMMIT AVE,HUTTON ST,,GAITHERSBURG,PEDESTRIAN,SINGLE VEHICLE,CLOUDY,DRY,DAWN,OTHER,NONE DETECTED,NONE DETECTED,4EBDEF3B-E7D7-4830-8522-E31DC63B51FC,PEDESTRIAN,Walking to/from school,NO IMPROPER ACTIONS,ON ROADWAY AT CROSSWALK,No,SUSPECTED MINOR INJURY,NONE,39.13905,-77.193395,"(39.13905, -77.193395)"
MCP2546001V,16047005,Montgomery County Police,Property Damage Crash,09/13/2016 06:38:00 PM,County,DALEWOOD DR,GOODHILL RD,,N/A,BICYCLIST,STRAIGHT MOVEMENT ANGLE,CLEAR,DRY,DAYLIGHT,STOP SIGN,NONE DETECTED,NONE DETECTED,E7B69922-919A-4156-95C6-82B9C29F7536,BICYCLIST,Cross/Enter at Intersection,FAILURE TO YIELD RIGHT OF WAY,ON ROADWAY NOT AT CROSSWALK,Yes,NO APPARENT INJURY,NONE,39.056985,-77.069705,"(39.056985, -77.069705)"
MCP2372001P,190011587,Montgomery County Police,Injury Crash,03/13/2019 08:20:00 AM,,,,"PARKING LOT OF WESTWOOD SHOPPING CENTER, LOCATED AT 5400 WESTBARD AVENUE, BETHESDA, MD 20816",,PEDESTRIAN,STRAIGHT MOVEMENT ANGLE,CLEAR,,DAYLIGHT,NO CONTROLS,UNKNOWN,NONE DETECTED,4C756BF3-DC08-4A85-9D95-6B43A5470651,PEDESTRIAN,Walking/Cycling on Sidewalk,NO IMPROPER ACTIONS,DRIVEWAY ACCESS MARKED CROSSWALK,No,POSSIBLE INJURY,N/A,38.96522422,-77.10743878,"(38.96522422, -77.10743878)"
MCP30210024,170547549,Montgomery County Police,Injury Crash,12/09/2017 10:10:00 AM,,,,12000 CHERRY HILL ROAD     TARGET PARKING LOT,,PEDESTRIAN,SINGLE VEHICLE,N/A,,DAYLIGHT,N/A,NONE DETECTED,NONE DETECTED,EB2E13D2-636E-4F2F-A922-DF5D1FC90109,PEDESTRIAN,Other,NO IMPROPER ACTIONS,OTHER,No,SUSPECTED MINOR INJURY,NONE,39.051995,-76.956345,"(39.051995, -76.956345)"
MCP9442000J,16043623,Montgomery County Police,Injury Crash,08/27/2016 10:14:00 AM,Maryland (State),FREDERICK RD,PROFESSIONAL DR,,GAITHERSBURG,BICYCLIST,OTHER,CLEAR,DRY,DAYLIGHT,NO CONTROLS,NONE DETECTED,UNKNOWN,CC5169F5-9D42-489F-BA44-D0CD6CFC49BE,BICYCLIST,Other,UNKNOWN,OTHER,No,SUSPECTED SERIOUS INJURY,NONE,39.16304833,-77.22577167,"(39.16304833, -77.22577167)"
MCP30630020,190046416,Montgomery County Police,Injury Crash,09/27/2019 06:51:00 PM,County,HOLLYWOOD AVE,NEW HAMPSHIRE AVE,,N/A,BICYCLIST,N/A,CLEAR,DRY,DAYLIGHT,N/A,N/A,N/A,899B3E60-58D1-4E3B-87D4-4061520D4804,BICYCLIST,Playing,INATTENTIVE,OTHER,Yes,POSSIBLE INJURY,NONE,39.06412222,-76.99740345,"(39.06412222, -76.99740345)"
EJ7826003N,180055326,Gaithersburg Police Depar,Injury Crash,11/04/2018 01:55:00 PM,Municipality,W DEER PARK RD,S FREDERICK RD,,N/A,PEDESTRIAN,OTHER,CLEAR,DRY,DAYLIGHT,TRAFFIC SIGNAL,N/A,N/A,E500FA17-74C5-4C70-94EF-59BA8EB4F110,PEDESTRIAN,Cross/Enter at Intersection,FAILURE TO OBEY TRAFFIC SIGNS SIGNALS OR OFFICER,AT INTERSECTION MARKED CROSSWALK,Yes,POSSIBLE INJURY,NONE,39.13210515,-77.18903474,"(39.13210515, -77.18903474)"
MCP2951002H,180007798,Montgomery County Police,Injury Crash,02/14/2018 05:16:00 PM,,,,PARKING LOT OF 13671 GEORGIA AVE SILVER SPRING MD 20906,,PEDESTRIAN,OTHER,CLEAR,,DAYLIGHT,NO CONTROLS,NONE DETECTED,NONE DETECTED,1C488BE5-7957-495A-915E-A51B07CB4D35,PEDESTRIAN,Other,NO IMPROPER ACTIONS,OTHER,No,POSSIBLE INJURY,N/A,39.079834,-77.07288167,"(39.079834, -77.07288167)"
MCP2203007V,230072598,Montgomery County Police,Property Damage Crash,12/19/2023 03:40:00 PM,County,EDWIN ST,CENTERHILL ST,,N/A,OTHER,SAME DIRECTION SIDESWIPE,CLEAR,DRY,DAYLIGHT,NO CONTROLS,NONE DETECTED,N/A,C5D5D0F5-15E7-4AB5-BF86-5C20F1E5913A,OTHER,N/A,NO IMPROPER ACTIONS,OTHER,No,NO APPARENT INJURY,N/A,39.053241,-77.07055383,"(39.053241, -77.07055383)"
MCP32270047,230009174,Montgomery County Police,Injury Crash,02/23/2023 07:07:00 PM,County,POWDER MILL RD,SWEETBRIAR PKWY,,N/A,PEDESTRIAN,OTHER,CLEAR,DRY,DARK LIGHTS ON,NO CONTROLS,NONE DETECTED,NONE DETECTED,E1421605-F3D7-44C7-88B6-E3CD5F83F5AA,PEDESTRIAN,Cross/Enter not at Intersection,IN ROADWAY IMPROPERLY,ON ROADWAY NOT AT CROSSWALK,Yes,SUSPECTED MINOR INJURY,NONE,39.02376984,-76.97305845,"(39.02376984, -76.97305845)"
MCP2932000B,15027780,Montgomery County Police,Injury Crash,06/08/2015 05:43:00 PM,,,,"Parking lot in front of townhomes at 14650 McKnew Road, Burtonsville, MD 20866",,PEDESTRIAN,SINGLE VEHICLE,CLOUDY,,DAYLIGHT,N/A,NONE DETECTED,NONE DETECTED,B64EF670-0B5B-4CBC-8AF5-02BAE99129AD,PEDESTRIAN,Playing,NO IMPROPER ACTIONS,N/A,,SUSPECTED SERIOUS INJURY,NONE,39.10179753,-76.92762002,"(39.10179753, -76.92762002)"
MCP2861004L,200008191,Montgomery County Police,Injury Crash,02/18/2020 08:17:00 PM,County,WESTLAKE DR,LAKEVIEW DR,,N/A,PEDESTRIAN,SINGLE VEHICLE,CLEAR,DRY,DARK LIGHTS ON,NO CONTROLS,NONE DETECTED,ALCOHOL PRESENT,EF6CC8C4-E78E-4AFA-8377-83968BA1F2DA,PEDESTRIAN,Cross/Enter not at Intersection,IN ROADWAY IMPROPERLY,ON ROADWAY NOT AT CROSSWALK,Yes,SUSPECTED SERIOUS INJURY,NONE,39.025945,-77.14833667,"(39.025945, -77.14833667)"
MCP27070014,170549959,Montgomery County Police,Injury Crash,12/21/2017 03:02:00 PM,County,MONTGOMERY VILLAGE AVE,WHETSTONE DR,,N/A,PEDESTRIAN,STRAIGHT MOVEMENT ANGLE,CLEAR,DRY,DAYLIGHT,STOP SIGN,NONE DETECTED,NONE DETECTED,DD133C23-CB05-4353-BDCD-AA864D8EBF2F,PEDESTRIAN,Cross/Enter at Intersection,NO IMPROPER ACTIONS,ON ROADWAY AT CROSSWALK,No,SUSPECTED MINOR INJURY,NONE,39.17114833,-77.205195,"(39.17114833, -77.205195)"
DD56140045,180052503,Rockville Police Departme,Injury Crash,10/20/2018 04:53:00 PM,Municipality,N WASHINGTON ST,BEALL AVE #2,,ROCKVILLE,PEDESTRIAN,HEAD ON LEFT TURN,CLEAR,DRY,DAYLIGHT,TRAFFIC SIGNAL,NONE DETECTED,NONE DETECTED,360CADDB-89C9-4087-A098-CBBFAC7D6EF7,PEDESTRIAN,Cross/Enter at Intersection,NO IMPROPER ACTIONS,ON ROADWAY AT CROSSWALK,No,SUSPECTED MINOR INJURY,NONE,39.08719883,-77.15308633,"(39.08719883, -77.15308633)"
MCP2656002V,180017252,Montgomery County Police,Injury Crash,04/09/2018 03:55:00 PM,,,,PARKING LOT OF 11271 NEW HAMPSHIRE AVENUE,,PEDESTRIAN,OTHER,N/A,,DAYLIGHT,N/A,N/A,N/A,CDEBB515-229C-4191-AEEA-CB759945E608,PEDESTRIAN,Other,OTHER,OTHER,Yes,POSSIBLE INJURY,N/A,39.04141333,-76.98998167,"(39.04141333, -76.98998167)"
MCP2656000Z,15057405,MONTGOMERY,Injury Crash,11/10/2015 06:25:00 PM,Maryland (State),OLD COLUMBIA PIKE,ENT TO BUSINESS,,N/A,PEDESTRIAN,OTHER,RAINING,WET,DARK NO LIGHTS,TRAFFIC SIGNAL,NONE DETECTED,NONE DETECTED,C8A3F647-7FF8-4E3F-9999-28A550AA105A,PEDESTRIAN,Cross/Enter at Intersection,NO IMPROPER ACTIONS,ON ROADWAY AT CROSSWALK,No,POSSIBLE INJURY,N/A,39.11253333,-76.932735,"(39.11253333, -76.932735)"
MCP2082000K,15050540,MONTGOMERY,Injury Crash,10/24/2015 05:31:00 AM,Maryland (State),GEORGIA AVE,DENNIS AVE,,N/A,PEDESTRIAN,SINGLE VEHICLE,CLEAR,DRY,DARK -- UNKNOWN LIGHTING,FLASHING TRAFFIC SIGNAL,NONE DETECTED,NONE DETECTED,1A570F3F-0029-4907-A5BA-FD1AD4758B92,PEDESTRIAN,Cross/Enter at Intersection,UNKNOWN,N/A,Unknown,POSSIBLE INJURY,N/A,39.02520174,-77.04608917,"(39.02520174, -77.04608917)"
MCP25520031,190018415,Montgomery County Police,Injury Crash,04/19/2019 08:57:00 PM,Municipality,TWINBROOK PKWY,CHAPMAN AVE,,ROCKVILLE,OTHER CONVEYANCE,OTHER,RAINING,WET,DARK LIGHTS ON,TRAFFIC SIGNAL,NONE DETECTED,NONE DETECTED,8C2A95AB-E2AD-4A80-85ED-2E358434C5E8,OTHER CONVEYANCE,Cross/Enter at Intersection,IN ROADWAY IMPROPERLY,ON ROADWAY AT CROSSWALK,Yes,SUSPECTED MINOR INJURY,N/A,39.05864667,-77.11864333,"(39.05864667, -77.11864333)"
MCP32000074,220054061,Montgomery County Police,Injury Crash,12/07/2022 12:56:00 PM,,,,PARKING LOT OF 9905 COUNSELMAN RD,,PEDESTRIAN,OTHER,CLOUDY,,DAYLIGHT,N/A,NONE DETECTED,NONE DETECTED,05BFF8BE-CF76-4EA3-984D-3104E708EDB8,PEDESTRIAN,Other,NO IMPROPER ACTIONS,OTHER,No,POSSIBLE INJURY,NONE,39.01824983,-77.2069875,"(39.01824983, -77.2069875)"
MCP2720006P,220015282,Montgomery County Police,Injury Crash,04/10/2022 01:45:00 PM,County,13TH ST,GEORGIA AVE,,N/A,PEDESTRIAN,SINGLE VEHICLE,CLEAR,DRY,DAYLIGHT,TRAFFIC SIGNAL,UNKNOWN,UNKNOWN,3CB68BF2-F3AF-4993-A0EA-B873A59B55CB,PEDESTRIAN,Cross/Enter at Intersection,UNKNOWN,ON ROADWAY AT CROSSWALK,No,POSSIBLE INJURY,NONE,38.98732533,-77.0267463,"(38.98732533, -77.0267463)"
MCP2001000R,170519887,Montgomery County Police,Injury Crash,07/18/2017 09:23:00 PM,County,CONNECTICUT AVE,GEORGIA AVE,,N/A,PEDESTRIAN,SINGLE VEHICLE,CLEAR,DRY,DARK LIGHTS ON,NO CONTROLS,UNKNOWN,UNKNOWN,01BBCF6C-D9BE-494E-AD0D-758511F15CB8,PEDESTRIAN,Cross/Enter not at Intersection,UNKNOWN,ON ROADWAY NOT AT CROSSWALK,Unknown,SUSPECTED SERIOUS INJURY,N/A,39.08211036,-77.0797348,"(39.08211036, -77.0797348)"
EJ78520010,15030791,Gaithersburg Police Depar,Injury Crash,06/24/2015 12:23:00 PM,Maryland (State),S FREDERICK RD,CEDAR AVE,,GAITHERSBURG,PEDESTRIAN,SAME DIR REAR END,N/A,DRY,DAYLIGHT,OTHER,UNKNOWN,N/A,F0BBBE0E-D1D8-400F-B753-C3300E5EAA75,PEDESTRIAN,Other Working,NO IMPROPER ACTIONS,OTHER,,SUSPECTED SERIOUS INJURY,REFLECTIVE CLOTHING,39.13965546,-77.196486,"(39.13965546, -77.196486)"
MCP11740026,170514526,Montgomery County Police,Injury Crash,06/19/2017 12:54:00 PM,,,,7730 WOODMONT AVE.PARKING GARAGE ENTRANCE TO GARAGE 11.,,PEDESTRIAN,SINGLE VEHICLE,CLEAR,,DAYLIGHT,STOP SIGN,NONE DETECTED,NONE DETECTED,2D76BFAA-131B-4F04-B9A8-E4D6038BF93D,PEDESTRIAN,Walking/Cycling on Sidewalk,NO IMPROPER ACTIONS,SIDEWALK,No,POSSIBLE INJURY,NONE,38.98762637,-77.09616065,"(38.98762637, -77.09616065)"
MCP285900CH,220026307,Montgomery County Police,Injury Crash,06/18/2022 03:36:00 PM,Maryland (State),FREDERICK RD,RAMP 2 FR RP 7 (FR IS370 WB) TO MD355 NB,,N/A,BICYCLIST,OTHER,CLEAR,DRY,DAYLIGHT,NO CONTROLS,NONE DETECTED,NONE DETECTED,CA6999A8-7C82-4FD6-9BF3-6A27BB91A703,BICYCLIST,Cross/Enter not at Intersection,NO IMPROPER ACTIONS,ON ROADWAY AT CROSSWALK,No,SUSPECTED MINOR INJURY,NONE,39.12460926,-77.18016095,"(39.12460926, -77.18016095)"
DD5586000H,15005024,Rockville Police Departme,Injury Crash,01/31/2015 01:40:00 PM,,,,865 Rockville Pike,,PEDESTRIAN,SINGLE VEHICLE,CLEAR,,DAYLIGHT,NO CONTROLS,NONE DETECTED,NONE DETECTED,C5D2F2C6-F00A-4078-8D98-9EF0FF1DAF92,PEDESTRIAN,Cross/Enter at Intersection,INATTENTIVE,AT INTERSECTION MARKED CROSSWALK,,SUSPECTED MINOR INJURY,N/A,39.07357761,-77.14599609,"(39.07357761, -77.14599609)"
MCP2746000S,15023661,Montgomery County Police,Injury Crash,05/17/2015 05:53:00 PM,County,BEL PRE RD,NORTH GATE DR,,N/A,PEDESTRIAN,N/A,CLEAR,DRY,DAYLIGHT,NO CONTROLS,NONE DETECTED,NONE DETECTED,BB058361-E0D4-4F85-BD26-8A95594AEE0D,PEDESTRIAN,Cross/Enter at Intersection,NO IMPROPER ACTIONS,ON ROADWAY AT CROSSWALK,,SUSPECTED MINOR INJURY,N/A,39.09035062,-77.05115318,"(39.09035062, -77.05115318)"