Report Number,Local Case Number,Agency Name,ACRS Report Type,Crash Date/Time,Route Type,Road Name,Cross-Street Name,Off-Road Description,Municipality,Related Non-Motorist,Collision Type,Weather,Surface Condition,Light,Traffic Control,Driver Substance Abuse,Non-Motorist Substance Abuse,Person ID,Pedestrian Type,Pedestrian Movement,Pedestrian Actions,Pedestrian Location,At Fault,Injury Severity,Safety Equipment,Latitude,Longitude,Location
MCP3165004Y,230065903,Montgomery County Police,Injury Crash,11/12/2023 10:45:00 AM,,,,PARKING LOT OF 13817 OUTLET DR SILVER SPRING MD,,PEDESTRIAN,OTHER,CLEAR,,DAYLIGHT,N/A,NONE DETECTED,NONE DETECTED,B2D2F87F-13E6-4C8F-9AD7-F07F12CB6DA8,PEDESTRIAN,N/A,INATTENTIVE,OTHER,Unknown,POSSIBLE INJURY,NONE,39.08271605,-76.94528133,"(39.08271605, -76.94528133)"
MCP28690032,180064933,Montgomery County Police,Injury Crash,12/28/2018 05:15:00 PM,County,REEDIE DR,FERN ST,,N/A,PEDESTRIAN,OTHER,N/A,WET,DARK LIGHTS ON,TRAFFIC SIGNAL,N/A,N/A,B3520C2A-38E7-4745-8FFA-2186DE1DC3D4,PEDESTRIAN,Cross/Enter not at Intersection,IN ROADWAY IMPROPERLY,ON ROADWAY NOT AT CROSSWALK,Yes,POSSIBLE INJURY,N/A,39.03874,-77.04916167,"(39.03874, -77.04916167)"
MCP3060000G,170531313,Montgomery County Police,Injury Crash,09/18/2017 02:56:00 PM,,,,PARKING LOT OF 4749 SANGAMORE RD,,PEDESTRIAN,OTHER,CLOUDY,,DAYLIGHT,N/A,NONE DETECTED,NONE DETECTED,DA02253F-9FB4-4492-B3DA-B6335CAA6AC1,PEDESTRIAN,Other,NO IMPROPER ACTIONS,ON ROADWAY AT CROSSWALK,No,SUSPECTED MINOR INJURY,N/A,38.95057617,-77.11840167,"(38.95057617, -77.11840167)"
MCP2789005G,19003417,Montgomery County Police,Injury Crash,01/22/2019 06:15:00 PM,,,,909 THAYER AVE PARKING LOT,,PEDESTRIAN,SINGLE VEHICLE,CLEAR,,DARK LIGHTS ON,NO CONTROLS,N/A,N/A,3E7A5895-0635-4EC6-9B33-5B3EA7D7837E,PEDESTRIAN,Other,DART DASH,OUTSIDE RIGHT OF WAY,Yes,POSSIBLE INJURY,N/A,38.99313333,-77.02544,"(38.99313333, -77.02544)"
MCP15310011,220044061,Montgomery County Police,Injury Crash,10/08/2022 10:17:00 PM,,,,PARKING LOT OF 10620 RIVER ROAD,,PEDESTRIAN,SINGLE VEHICLE,CLEAR,,DARK LIGHTS ON,NO CONTROLS,NONE DETECTED,NONE DETECTED,92FA6CC0-147D-4273-A7BD-1834BAAF6C4A,PEDESTRIAN,Walking/Riding w/Traffic,NO IMPROPER ACTIONS,ON ROADWAY NOT AT CROSSWALK,No,SUSPECTED MINOR INJURY,NONE,39.0242988,-77.21955542,"(39.0242988, -77.21955542)"
HA22880009,17000154,Maryland-National Capital,Property Damage Crash,02/11/2017 12:10:00 PM,,BEACH DRIVE,CONNECTICUT AVENUE,,N/A,BICYCLIST,SAME DIR REAR END,CLOUDY,DRY,DAYLIGHT,N/A,N/A,N/A,127BCEEC-06C3-43C5-AC67-C066A362F756,BICYCLIST,N/A,INATTENTIVE,N/A,Yes,NO APPARENT INJURY,N/A,39.0080777,-77.0801197,"(39.0080777, -77.0801197)"
MCP3011000Y,16038625,Montgomery County Police,Injury Crash,07/30/2016 09:19:00 PM,,,,7101 DEMOCRACY BLVD PARKING LOT OF MALL IN FRONT OF SEARS AUTO CENTER,,PEDESTRIAN,SINGLE VEHICLE,RAINING,,DARK LIGHTS ON,N/A,NONE DETECTED,NONE DETECTED,E453A5FA-B357-47D6-895E-8DC9631BF758,PEDESTRIAN,Cross/Enter at Intersection,IN ROADWAY IMPROPERLY,AT INTERSECTION BUT NO CROSSWALK,No,SUSPECTED MINOR INJURY,NONE,39.02570167,-77.14429,"(39.02570167, -77.14429)"
MCP26170020,16028374,Montgomery County Police,Injury Crash,06/06/2016 04:07:00 PM,County,GROSVENOR LA,KING CHARLES WAY,,N/A,BICYCLIST,OTHER,CLEAR,DRY,DAYLIGHT,NO CONTROLS,NONE DETECTED,NONE DETECTED,AC028C1A-C329-4D99-A71B-0456AD4D8354,BICYCLIST,Cross/Enter at Intersection,NO IMPROPER ACTIONS,ON ROADWAY AT CROSSWALK,No,SUSPECTED MINOR INJURY,MC/BIKE HELMET,39.02274,-77.105055,"(39.02274, -77.105055)"
MCP30190047,210048774,Montgomery County Police,Injury Crash,12/01/2021 04:00:00 PM,County,BETHESDA AVE,ARLINGTON RD,,N/A,PEDESTRIAN,OTHER,CLEAR,DRY,DUSK,NO CONTROLS,N/A,N/A,2EE74486-5529-42CE-BEEB-3CCD7641E6D9,PEDESTRIAN,Other,N/A,SIDEWALK,No,POSSIBLE INJURY,N/A,38.980945,-77.0974,"(38.980945, -77.0974)"
MCP2948000D,15030901,Montgomery County Police,Injury Crash,06/24/2015 10:00:00 PM,,,,"exiting the shopping plaza onto Georgia Avenue. Off road, just before Georgia Avenue.",,PEDESTRIAN,OTHER,CLEAR,,DARK LIGHTS ON,NO CONTROLS,NONE DETECTED,NONE DETECTED,9C47C16B-B17A-4E1E-B39D-D1F5AABF932E,PEDESTRIAN,Walking/Cycling on Sidewalk,NO IMPROPER ACTIONS,SIDEWALK,,POSSIBLE INJURY,N/A,39.15259507,-77.06695274,"(39.15259507, -77.06695274)"
MCP2870000Y,15039510,MONTGOMERY,Injury Crash,08/08/2015 07:24:00 PM,US (State),COLESVILLE RD,SLIGO CREEK PKWY,,N/A,BICYCLIST,STRAIGHT MOVEMENT ANGLE,CLEAR,DRY,DAYLIGHT,TRAFFIC SIGNAL,NONE DETECTED,NONE DETECTED,4AFC97AE-4D8A-4311-AA2D-F5BFF5BCBED8,BICYCLIST,Cross/Enter at Intersection,NO IMPROPER ACTIONS,AT INTERSECTION MARKED CROSSWALK,No,SUSPECTED MINOR INJURY,MC/BIKE HELMET,39.00747333,-77.02022167,"(39.00747333, -77.02022167)"
MCP2353004H,170539725,Montgomery County Police,Property Damage Crash,10/30/2017 06:43:00 AM,County,EDGEMOOR LA,WOODMONT AVE,,N/A,BICYCLIST,SINGLE VEHICLE,CLOUDY,DRY,DARK LIGHTS ON,TRAFFIC SIGNAL,NONE DETECTED,NONE DETECTED,E3715729-95B2-4DE5-A119-26EAED05703B,BICYCLIST,Cross/Enter at Intersection,NO IMPROPER ACTIONS,ON ROADWAY AT CROSSWALK,No,NO APPARENT INJURY,MC/BIKE HELMET,38.98479302,-77.09673062,"(38.98479302, -77.09673062)"
MCP2664003X,170549210,Montgomery County Police,Injury Crash,12/18/2017 07:40:00 AM,County,VALLEYWOOD DR,VEIRS MILL RD,,N/A,PEDESTRIAN,SINGLE VEHICLE,CLEAR,WET,DAYLIGHT,STOP SIGN,NONE DETECTED,NONE DETECTED,5FB785DC-9B76-4AE3-83D3-961D8AC14FB2,PEDESTRIAN,Cross/Enter at Intersection,NO IMPROPER ACTIONS,ON ROADWAY AT CROSSWALK,No,POSSIBLE INJURY,NONE,39.049585,-77.07058333,"(39.049585, -77.07058333)"
MCP27540014,17002303,Montgomery County Police,Injury Crash,01/13/2017 05:52:00 PM,Maryland (State),PINEY BRANCH RD,ARLISS ST,,N/A,PEDESTRIAN,N/A,CLEAR,DRY,DARK LIGHTS ON,TRAFFIC SIGNAL,NONE DETECTED,UNKNOWN,25A70BF7-306C-4C3C-A26D-17305B2C5444,PEDESTRIAN,Cross/Enter at Intersection,DART DASH,ON ROADWAY AT CROSSWALK,Yes,SUSPECTED MINOR INJURY,UNKNOWN,38.99844582,-77.00106025,"(38.99844582, -77.00106025)"
EJ78580056,200030177,Gaithersburg Police Depar,Injury Crash,08/04/2020 05:45:00 AM,Municipality,ODENDHAL AVE,RUSSELL AVE,,GAITHERSBURG,BICYCLIST,OTHER,RAINING,WET,DARK LIGHTS ON,NO CONTROLS,NONE DETECTED,NONE DETECTED,7919C82E-1F17-46FE-A7C1-49C34416A175,BICYCLIST,Cross/Enter not at Intersection,IN ROADWAY IMPROPERLY,ON ROADWAY NOT AT CROSSWALK,Yes,SUSPECTED MINOR INJURY,NONE,39.15013928,-77.20455055,"(39.15013928, -77.20455055)"
DD5611004L,180011267,Rockville Police Departme,Property Damage Crash,03/05/2018 05:50:00 PM,Municipality,TOWER OAKS BLVD,WOOTTON PKWY,,ROCKVILLE,BICYCLIST,OTHER,CLEAR,DRY,DUSK,NO CONTROLS,NONE DETECTED,NONE DETECTED,D47345D4-E13F-494D-B4EC-5F5A0411E438,BICYCLIST,Walking/Riding w/Traffic,NO IMPROPER ACTIONS,IN BIKEWAY,No,NO APPARENT INJURY,MC/BIKE HELMET,39.06582,-77.15411167,"(39.06582, -77.15411167)"
EJ78950029,220030840,Gaithersburg Police Depar,Injury Crash,07/18/2022 12:35:00 PM,,,,DRIVEWAY OF 340 N SUMMIT AVENUE,,BICYCLIST,STRAIGHT MOVEMENT ANGLE,CLEAR,,DAYLIGHT,NO CONTROLS,NONE DETECTED,NONE DETECTED,030337C2-DE0A-4FE1-B4DA-A48891536DF9,BICYCLIST,Walking/Cycling on Sidewalk,INATTENTIVE,SIDEWALK,Yes,SUSPECTED MINOR INJURY,NONE,39.14100877,-77.20797875,"(39.14100877, -77.20797875)"
MCP2637000X,16016717,Montgomery County Police,Injury Crash,04/06/2016 05:59:00 AM,Maryland (State),FALLS RD,WOOTTON PKWY,,ROCKVILLE,PEDESTRIAN,OTHER,CLEAR,DRY,DARK NO LIGHTS,TRAFFIC SIGNAL,NONE DETECTED,NONE DETECTED,64F14083-39C8-4506-9AB7-0C68AE597AA3,PEDESTRIAN,Cross/Enter at Intersection,FAILURE TO OBEY TRAFFIC SIGNS SIGNALS OR OFFICER,ON ROADWAY NOT AT CROSSWALK,Yes,POSSIBLE INJURY,NONE,39.06994599,-77.16995358,"(39.06994599, -77.16995358)"
MCP3039006J,230060573,Montgomery County Police,Injury Crash,10/14/2023 09:07:00 PM,County,FENTON ST,COLESVILLE RD,,N/A,PEDESTRIAN,OTHER,RAINING,WET,DARK LIGHTS ON,TRAFFIC SIGNAL,NONE DETECTED,NONE DETECTED,9F3779AA-26E9-432C-9F72-AB3AA5DB82BB,PEDESTRIAN,Cross/Enter at Intersection,NO IMPROPER ACTIONS,AT INTERSECTION MARKED CROSSWALK,No,SUSPECTED MINOR INJURY,N/A,38.99750567,-77.02716417,"(38.99750567, -77.02716417)"
MCP3086003D,190054343,Montgomery County Police,Injury Crash,11/11/2019 01:45:00 PM,County,MIDCOUNTY HWY,WASHINGTON GROVE LA,,N/A,BICYCLIST,OTHER,CLEAR,DRY,DAYLIGHT,TRAFFIC SIGNAL,NONE DETECTED,NONE DETECTED,7E2A8F49-8608-4D81-8ACE-F9F075CFD743,BICYCLIST,Cross/Enter at Intersection,NO IMPROPER ACTIONS,AT INTERSECTION MARKED CROSSWALK,No,SUSPECTED MINOR INJURY,NONE,39.14750167,-77.16900817,"(39.14750167, -77.16900817)"
DM8374002K,190048900,Takoma Park Police Depart,Injury Crash,10/11/2019 03:09:00 PM,,,,PARKING LOT 1159 UNIVERSITY BLVD,,PEDESTRIAN,OTHER,CLEAR,,DAYLIGHT,N/A,N/A,N/A,2B08D966-0BAA-4EF0-AEB1-CBF36734F82D,PEDESTRIAN,Other,IN ROADWAY IMPROPERLY,ON ROADWAY NOT AT CROSSWALK,Yes,POSSIBLE INJURY,NONE,38.98876,-76.98915833,"(38.98876, -76.98915833)"
MCP3232001D,200032852,Montgomery County Police,Property Damage Crash,08/22/2020 06:40:00 PM,County,CASHELL RD,BOWIE MILL RD,,N/A,PEDESTRIAN,OTHER,CLEAR,DRY,DAYLIGHT,N/A,NONE DETECTED,NONE DETECTED,B5273266-CDE9-430A-BA77-9F9B62F5D5D5,PEDESTRIAN,Standing,IN ROADWAY IMPROPERLY,ON ROADWAY NOT AT CROSSWALK,Yes,NO APPARENT INJURY,N/A,39.15479088,-77.09495999,"(39.15479088, -77.09495999)"
MCP2351002B,180039734,Montgomery County Police,Injury Crash,08/10/2018 10:47:00 AM,County,BOU AVE,SPUR TO CHAPMAN AVE,,N/A,BICYCLIST,OTHER,CLEAR,DRY,DAYLIGHT,YIELD SIGN,UNKNOWN,NONE DETECTED,268A5B02-7AB2-4A12-8CAF-A5EB4500125D,BICYCLIST,Walking/Riding w/Traffic,NO IMPROPER ACTIONS,ON ROADWAY AT CROSSWALK,No,SUSPECTED MINOR INJURY,UNKNOWN,39.05727446,-77.11769342,"(39.05727446, -77.11769342)"
MCP2689006G,190056912,Montgomery County Police,Injury Crash,11/25/2019 01:58:00 PM,,,,PARKING LOT OF 14921 SHADY GROVE RD,,PEDESTRIAN,SINGLE VEHICLE,CLEAR,,DAYLIGHT,NO CONTROLS,NONE DETECTED,NONE DETECTED,E75E2FF6-5524-49EF-AB17-E52A1E20833F,PEDESTRIAN,Other,NO IMPROPER ACTIONS,OTHER,No,NO APPARENT INJURY,NONE,39.09691989,-77.19311992,"(39.09691989, -77.19311992)"
DD5595001T,15051821,ROCKVILLE,Injury Crash,10/12/2015 08:55:00 PM,Maryland (State),FREDERICK RD,KING FARM BLVD,,ROCKVILLE,PEDESTRIAN,OTHER,CLEAR,DRY,DARK LIGHTS ON,TRAFFIC SIGNAL,NONE DETECTED,UNKNOWN,68D9FCF7-05F4-4139-BE3C-68901E63958E,PEDESTRIAN,Cross/Enter not at Intersection,DART DASH,ON ROADWAY NOT AT CROSSWALK,Yes,POSSIBLE INJURY,N/A,39.11727569,-77.16902018,"(39.11727569, -77.16902018)"
MCP12330039,190048743,Montgomery County Police,Injury Crash,10/10/2019 07:26:00 PM,,,,10526 CONNECTICUT AVE. (PARKING LOT) KENSINGTON,,PEDESTRIAN,HEAD ON LEFT TURN,CLEAR,,DARK NO LIGHTS,NO CONTROLS,NONE DETECTED,NONE DETECTED,5A8F3038-3484-44BD-BC2E-D6734078D5BE,PEDESTRIAN,Other,NO IMPROPER ACTIONS,OTHER,No,SUSPECTED MINOR INJURY,N/A,39.02790167,-77.07686167,"(39.02790167, -77.07686167)"
MCP2752005B,230023160,Montgomery County Police,Injury Crash,05/14/2023 07:45:00 PM,County,SEVEN LOCKS RD,ROSEHILL DR,,N/A,PEDESTRIAN,SINGLE VEHICLE,CLEAR,DRY,DAYLIGHT,NO CONTROLS,N/A,N/A,E392074E-95F2-4AFE-B6FE-98351CA94AF6,PEDESTRIAN,Other,OTHER,OTHER,No,SUSPECTED SERIOUS INJURY,N/A,39.009145,-77.159735,"(39.009145, -77.159735)"
MCP3039004G,190045636,Montgomery County Police,Injury Crash,09/23/2019 07:30:00 PM,,,,SIDEWALK AT 8100 BLOCK OF GEORGIA AVENUE,,"BICYCLIST, PEDESTRIAN",SAME DIR REAR END,CLEAR,,DARK LIGHTS ON,NO CONTROLS,,NONE DETECTED,3D3BE0F3-D1F6-4781-87E9-DC7B4A5C7597,PEDESTRIAN,Walking/Cycling on Sidewalk,NO IMPROPER ACTIONS,SIDEWALK,No,SUSPECTED MINOR INJURY,N/A,38.99117,-77.02694,"(38.99117, -77.02694)"
MCP3026008S,220051197,Montgomery County Police,Injury Crash,11/19/2022 12:39:00 PM,County,W PARKHILL DR,CHANUTE DR,,N/A,PEDESTRIAN,OTHER,CLEAR,DRY,DAYLIGHT,NO CONTROLS,NONE DETECTED,NONE DETECTED,3873A2E6-7D65-4C81-BF8D-FAC16D869B7D,PEDESTRIAN,Getting off/on Vehicle,OTHER,ON ROADWAY NOT AT CROSSWALK,Yes,SUSPECTED SERIOUS INJURY,REFLECTIVE CLOTHING,39.00577383,-77.09149667,"(39.00577383, -77.09149667)"
MCP30110021,170550221,Montgomery County Police,Injury Crash,12/22/2017 05:49:00 PM,Maryland (State),OLD GEORGETOWN RD,BEECH AVE,,N/A,PEDESTRIAN,SINGLE VEHICLE,RAINING,WET,DARK LIGHTS ON,TRAFFIC SIGNAL,NONE DETECTED,NONE DETECTED,E847391A-5087-485E-BE33-1D227D6CB979,PEDESTRIAN,Cross/Enter at Intersection,FAILURE TO OBEY TRAFFIC SIGNS SIGNALS OR OFFICER,ON ROADWAY AT CROSSWALK,Yes,SUSPECTED MINOR INJURY,NONE,39.00971833,-77.11476667,"(39.00971833, -77.11476667)"
MCP23990052,210044183,Montgomery County Police,Injury Crash,11/01/2021 07:37:00 PM,County,ROTHBURY DR,ARROWHEAD RD,,N/A,PEDESTRIAN,OTHER,CLEAR,DRY,DARK NO LIGHTS,STOP SIGN,NONE DETECTED,NONE DETECTED,BCF15EBB-B84D-42BC-8FFE-452829B9B7E2,PEDESTRIAN,Cross/Enter at Intersection,NO IMPROPER ACTIONS,ON ROADWAY AT CROSSWALK,No,SUSPECTED MINOR INJURY,NONE,39.185115,-77.19390333,"(39.185115, -77.19390333)"
MCP2764000R,15032702,MONTGOMERY,Injury Crash,07/04/2015 07:04:00 PM,Maryland (State),VEIRS MILL RD,VALLEYWOOD DR,,N/A,PEDESTRIAN,OTHER,N/A,N/A,DAYLIGHT,NO CONTROLS,NONE DETECTED,NONE DETECTED,D7EF38EC-C4E7-4D7D-BA33-25E6CEAC3240,PEDESTRIAN,Cross/Enter not at Intersection,DART DASH,ON ROADWAY AT CROSSWALK,Unknown,POSSIBLE INJURY,NONE,39.04960212,-77.0709157,"(39.04960212, -77.0709157)"
MCP2637003S,200037858,Montgomery County Police,Injury Crash,09/26/2020 01:04:00 PM,County,DUFIEF MILL RD,AMBERLEA FARM DR,,N/A,BICYCLIST,OTHER,CLOUDY,DRY,DAYLIGHT,STOP SIGN,NONE DETECTED,N/A,EE011378-8F0F-46A0-8B13-4CDCFC6A568F,BICYCLIST,Cross/Enter at Intersection,FAILURE TO YIELD RIGHT OF WAY,AT INTERSECTION BUT NO CROSSWALK,Yes,POSSIBLE INJURY,NONE,39.08889585,-77.23580151,"(39.08889585, -77.23580151)"
MCP2617006T,190002554,Montgomery County Police,Injury Crash,01/16/2019 05:50:00 PM,Maryland (State),GEORGIA AVE,HEWITT AVE,,N/A,PEDESTRIAN,SINGLE VEHICLE,CLOUDY,WET,DARK LIGHTS ON,TRAFFIC SIGNAL,NONE DETECTED,NONE DETECTED,B78E6381-02E4-4D3D-A786-D12ECB76C428,PEDESTRIAN,Cross/Enter at Intersection,DART DASH,ON ROADWAY AT CROSSWALK,Yes,SUSPECTED SERIOUS INJURY,NONE,39.05769833,-77.05041667,"(39.05769833, -77.05041667)"
MCP25630015,210036112,Montgomery County Police,Fatal Crash,09/13/2021 08:59:00 PM,Maryland (State),VEIRS MILL RD,FERRARA AVE,,N/A,PEDESTRIAN,SINGLE VEHICLE,CLEAR,DRY,DARK LIGHTS ON,TRAFFIC SIGNAL,NONE DETECTED,MEDICATION PRESENT,FA1D908E-7495-4D85-A577-CCEA7C376ACA,PEDESTRIAN,Cross/Enter at Intersection,FAILURE TO OBEY TRAFFIC SIGNS SIGNALS OR OFFICER,ON ROADWAY AT CROSSWALK,Yes,FATAL INJURY,NONE,39.052929,-77.076971,"(39.052929, -77.076971)"
MCP3173000K,190025858,Montgomery County Police,Injury Crash,06/12/2019 07:14:00 AM,County,BRUNETT AVE,UNIVERSITY BLVD W,,N/A,PEDESTRIAN,OTHER,CLEAR,DRY,DAWN,STOP SIGN,NONE DETECTED,NONE DETECTED,76D55415-2161-40C9-B09F-7417751F5019,PEDESTRIAN,Cross/Enter at Intersection,NO IMPROPER ACTIONS,ON ROADWAY AT CROSSWALK,No,POSSIBLE INJURY,N/A,39.0229374,-77.01688638,"(39.0229374, -77.01688638)"
MCP29710036,170538587,Montgomery County Police,Injury Crash,10/24/2017 05:52:00 PM,County,FORSYTHIA TERR,FORSYTHIA LA,,N/A,PEDESTRIAN,SINGLE VEHICLE,CLEAR,DRY,DAYLIGHT,NO CONTROLS,,NONE DETECTED,079B69DC-DB92-4B06-BE3F-89F6192BCDCD,PEDESTRIAN,Standing,NO IMPROPER ACTIONS,OTHER,No,SUSPECTED MINOR INJURY,NONE,39.09914777,-76.94162786,"(39.09914777, -76.94162786)"
MCP26010009,15056452,MONTGOMERY,Injury Crash,11/05/2015 08:48:00 PM,Maryland (State),EAST WEST HWY,ENT TO SHOPPING CENTER,,N/A,PEDESTRIAN,OTHER,FOGGY,WET,DARK LIGHTS ON,TRAFFIC SIGNAL,N/A,NONE DETECTED,45C1F4C9-29EA-45C1-91B9-0ADB27248E10,PEDESTRIAN,Cross/Enter at Intersection,FAILURE TO OBEY TRAFFIC SIGNS SIGNALS OR OFFICER,ON ROADWAY AT CROSSWALK,Yes,SUSPECTED MINOR INJURY,N/A,38.99282158,-77.03160524,"(38.99282158, -77.03160524)"
MCP9134000G,16060824,Montgomery County Police,Injury Crash,11/26/2016 10:57:00 PM,County,WAYNE AVE,GEORGIA AVE,,N/A,PEDESTRIAN,OTHER,CLEAR,DRY,DARK LIGHTS ON,TRAFFIC SIGNAL,NONE DETECTED,ALCOHOL PRESENT,A8332BA4-EACB-4534-A1EF-AFFBFE2487BF,PEDESTRIAN,Cross/Enter at Intersection,IN ROADWAY IMPROPERLY,ON ROADWAY AT CROSSWALK,Yes,SUSPECTED MINOR INJURY,NONE,38.99450833,-77.02728667,"(38.99450833, -77.02728667)"
MCP2398001N,170512886,Montgomery County Police,Injury Crash,06/10/2017 12:46:00 PM,Maryland (State),CLOPPER RD,PARKRIDGE DR,,N/A,PEDESTRIAN,STRAIGHT MOVEMENT ANGLE,CLEAR,DRY,DAYLIGHT,NO CONTROLS,NONE DETECTED,NONE DETECTED,55BCE39B-EE0A-4E9A-820F-A587F71498B0,PEDESTRIAN,Cross/Enter at Intersection,IN ROADWAY IMPROPERLY,ON ROADWAY NOT AT CROSSWALK,Yes,SUSPECTED MINOR INJURY,NONE,39.1485,-77.239515,"(39.1485, -77.239515)"
MCP27530027,170504937,Montgomery County Police,Injury Crash,04/29/2017 01:42:00 PM,,,,IN FRONT OF 3834 INTERNATIONAL DRIVE,,PEDESTRIAN,OTHER,CLEAR,,DAYLIGHT,NO CONTROLS,NONE DETECTED,NONE DETECTED,53376429-D91A-4848-B6C8-E9B2E4D8047B,PEDESTRIAN,Cross/Enter not at Intersection,UNKNOWN,ON ROADWAY NOT AT CROSSWALK,No,SUSPECTED MINOR INJURY,N/A,39.10255333,-77.07530833,"(39.10255333, -77.07530833)"
MCP3093004R,230009853,Montgomery County Police,Injury Crash,02/27/2023 07:13:00 PM,Maryland (State),WISCONSIN AVE,STANFORD ST,,N/A,PEDESTRIAN,N/A,RAINING,WET,DARK LIGHTS ON,TRAFFIC SIGNAL,N/A,N/A,5962FCB2-B52F-4AAD-A060-61A591C1D5BF,PEDESTRIAN,Cross/Enter at Intersection,NO IMPROPER ACTIONS,AT INTERSECTION MARKED CROSSWALK,No,POSSIBLE INJURY,NONE,38.99124667,-77.09745,"(38.99124667, -77.09745)"
DD5633004V,210001084,Rockville Police Departme,Injury Crash,01/09/2021 01:00:00 PM,Municipality,BROADWOOD DR,VEIRS MILL RD,,N/A,PEDESTRIAN,OTHER,CLEAR,DRY,DAYLIGHT,TRAFFIC SIGNAL,NONE DETECTED,NONE DETECTED,8E471E0F-353B-4DFF-8770-490355BD921F,PEDESTRIAN,Cross/Enter at Intersection,NO IMPROPER ACTIONS,ON ROADWAY AT CROSSWALK,No,POSSIBLE INJURY,NONE,39.07720979,-77.12379602,"(39.07720979, -77.12379602)"
MCP3233003Q,220056862,Montgomery County Police,Injury Crash,12/22/2022 05:54:00 PM,,,,PARKING LOT OF 1408 HAMPSHIRE WEST COURT,,PEDESTRIAN,SINGLE VEHICLE,RAINING,,DARK LIGHTS ON,NO CONTROLS,NONE DETECTED,NONE DETECTED,695278A4-5252-4111-86F0-4E30EC866F7B,PEDESTRIAN,Standing,NO IMPROPER ACTIONS,OTHER,No,POSSIBLE INJURY,NONE,39.03112033,-77.0041575,"(39.03112033, -77.0041575)"
MCP3097002S,220034594,Montgomery County Police,Injury Crash,08/11/2022 07:42:00 PM,County,SCHUBERT DR,PIANO LA,,N/A,PEDESTRIAN,HEAD ON LEFT TURN,N/A,N/A,DAYLIGHT,STOP SIGN,NONE DETECTED,NONE DETECTED,AD1F3E01-75A2-4AAF-B9F2-4B6006DF4579,PEDESTRIAN,Cross/Enter at Intersection,NO IMPROPER ACTIONS,ON ROADWAY AT CROSSWALK,No,SUSPECTED MINOR INJURY,N/A,39.07104,-76.94924,"(39.07104, -76.94924)"
MCP2845005Z,190061950,Montgomery County Police,Injury Crash,12/24/2019 02:11:00 PM,Maryland (State),UNIVERSITY BLVD E,COLESVILLE RD,,N/A,PEDESTRIAN,STRAIGHT MOVEMENT ANGLE,CLEAR,DRY,DAYLIGHT,TRAFFIC SIGNAL,NONE DETECTED,NONE DETECTED,87A51E90-AA75-450F-8B4D-4C796DBF4D90,PEDESTRIAN,Cross/Enter at Intersection,NO IMPROPER ACTIONS,ON ROADWAY AT CROSSWALK,No,SUSPECTED MINOR INJURY,N/A,39.01948333,-77.01361817,"(39.01948333, -77.01361817)"
MCP29410021,170515017,Montgomery County Police,Injury Crash,06/21/2017 07:40:00 PM,County,FENTON ST,WAYNE AVE,,N/A,PEDESTRIAN,SINGLE VEHICLE,CLEAR,DRY,DAYLIGHT,NO CONTROLS,NONE DETECTED,N/A,8727DA2A-4FC5-4077-BBB6-34062F2AED9A,PEDESTRIAN,Cross/Enter at Intersection,DART DASH,AT INTERSECTION MARKED CROSSWALK,Unknown,POSSIBLE INJURY,NONE,38.99609445,-77.02474952,"(38.99609445, -77.02474952)"
MCP3364000H,230023416,Montgomery County Police,Injury Crash,05/16/2023 09:07:00 AM,County,BALTIMORE RD,STRUC #M0201 ROCK CREEK,,N/A,BICYCLIST,STRAIGHT MOVEMENT ANGLE,CLEAR,DRY,DAYLIGHT,N/A,N/A,N/A,79E62044-B893-4D70-989C-5E00CB5DA418,BICYCLIST,Cross/Enter at Intersection,NO IMPROPER ACTIONS,ON ROADWAY AT CROSSWALK,No,SUSPECTED MINOR INJURY,MC/BIKE HELMET,39.09074562,-77.11497145,"(39.09074562, -77.11497145)"
MCP28530094,230054525,Montgomery County Police,Injury Crash,09/12/2023 08:11:00 PM,Maryland (State),NEW HAMPSHIRE AVE,OAKVIEW DR,,N/A,PEDESTRIAN,OTHER,CLEAR,DRY,DARK LIGHTS ON,TRAFFIC SIGNAL,N/A,N/A,2DE75110-E3A7-4BC9-82C0-EDB7002927D9,PEDESTRIAN,Cross/Enter at Intersection,UNKNOWN,AT INTERSECTION MARKED CROSSWALK,Unknown,SUSPECTED SERIOUS INJURY,N/A,39.015375,-76.97764833,"(39.015375, -76.97764833)"
MCP3109003G,190053471,Montgomery County Police,Property Damage Crash,11/06/2019 01:30:00 PM,,,,DRIVEWAY AT 8120 GEORGIA AVE,,MACHINE OPERATOR/RIDER,STRAIGHT MOVEMENT ANGLE,CLEAR,,DAYLIGHT,NO CONTROLS,NONE DETECTED,NONE DETECTED,A9E7C80C-C0F0-4EC5-9600-47E117B9A6B4,MACHINE OPERATOR/RIDER,Walking/Cycling on Sidewalk,NO IMPROPER ACTIONS,SIDEWALK,No,NO APPARENT INJURY,NONE,38.99114467,-77.02677867,"(38.99114467, -77.02677867)"
MCP10480015,16001954,Montgomery County Police,Injury Crash,01/11/2016 03:20:00 PM,County,SHADY GROVE RD,GAITHER RD,,ROCKVILLE,PEDESTRIAN,SINGLE VEHICLE,CLEAR,DRY,DAYLIGHT,TRAFFIC SIGNAL,NONE DETECTED,NONE DETECTED,AE31FB1B-2200-4977-BE05-546F0AF4FDE6,PEDESTRIAN,Cross/Enter at Intersection,NO IMPROPER ACTIONS,AT INTERSECTION MARKED CROSSWALK,No,POSSIBLE INJURY,N/A,39.11768833,-77.18371,"(39.11768833, -77.18371)"
MCP3034000H,170500805,Montgomery County Police,Property Damage Crash,04/06/2017 11:30:00 PM,,,,PARKING LOT OF TGI FRIDAYS OF TECH RD,,PEDESTRIAN,OTHER,CLEAR,,DARK LIGHTS ON,N/A,UNKNOWN,NONE DETECTED,CE64B78F-85FC-4231-B942-E1126DC776B9,PEDESTRIAN,Standing,NO IMPROPER ACTIONS,OTHER,No,NO APPARENT INJURY,N/A,39.0570339,-76.96662068,"(39.0570339, -76.96662068)"