Report Number,Local Case Number,Agency Name,ACRS Report Type,Crash Date/Time,Route Type,Road Name,Cross-Street Name,Off-Road Description,Municipality,Related Non-Motorist,Collision Type,Weather,Surface Condition,Light,Traffic Control,Driver Substance Abuse,Non-Motorist Substance Abuse,Person ID,Pedestrian Type,Pedestrian Movement,Pedestrian Actions,Pedestrian Location,At Fault,Injury Severity,Safety Equipment,Latitude,Longitude,Location
MCP3257000R,200035349,Montgomery County Police,Injury Crash,09/09/2020 02:01:00 PM,,,,PARKING LOT OF LEDOS PIZZA 5245 RIVER RD,,PEDESTRIAN,OTHER,CLEAR,,DAYLIGHT,NO CONTROLS,UNKNOWN,N/A,C766C177-36C4-4AA1-87C9-D06FC903C9DE,PEDESTRIAN,Standing,N/A,OTHER,No,SUSPECTED MINOR INJURY,NONE,38.96603276,-77.10452051,"(38.96603276, -77.10452051)"
MCP28400013,170504579,Montgomery County Police,Injury Crash,04/27/2017 06:30:00 PM,Maryland (State),NEW HAMPSHIRE AVE,SHAW AVE E,,N/A,PEDESTRIAN,SAME DIR REAR END,N/A,DRY,DAYLIGHT,NO CONTROLS,"N/A, NONE DETECTED",N/A,B4D5073C-DEF5-4D4D-982A-4A1B0D41DC6C,PEDESTRIAN,Standing,NO IMPROPER ACTIONS,SHOULDER,No,SUSPECTED MINOR INJURY,N/A,39.06878816,-77.00289488,"(39.06878816, -77.00289488)"
MCP2592002L,230007232,Montgomery County Police,Injury Crash,02/13/2023 09:40:00 AM,County,GOSHEN RD,SNOUFFERS SCHOOL RD,,N/A,PEDESTRIAN,HEAD ON LEFT TURN,CLEAR,WET,DAYLIGHT,TRAFFIC SIGNAL,NONE DETECTED,NONE DETECTED,F5DA0A76-E05C-4FFF-88FA-35556A299799,PEDESTRIAN,Standing,NO IMPROPER ACTIONS,SIDEWALK,No,SUSPECTED SERIOUS INJURY,NONE,39.18786333,-77.187085,"(39.18786333, -77.187085)"
MCP26870032,180027292,Montgomery County Police,Injury Crash,06/03/2018 02:36:00 PM,Government,SOUTH DR,ROCKVILLE PIKE,,N/A,PEDESTRIAN,SINGLE VEHICLE,RAINING,WET,DAYLIGHT,NO CONTROLS,NONE DETECTED,NONE DETECTED,C72D8A9C-F81E-4F45-B2B5-B26BF9C1BF14,PEDESTRIAN,Cross/Enter at Intersection,NO IMPROPER ACTIONS,ON ROADWAY AT CROSSWALK,No,POSSIBLE INJURY,N/A,38.99958604,-77.09809452,"(38.99958604, -77.09809452)"
MCP31990038,210039544,Montgomery County Police,Injury Crash,10/05/2021 06:33:00 AM,Maryland (State),GEORGIA AVE,SHOREFIELD RD,,N/A,PEDESTRIAN,OTHER,FOGGY,DRY,DARK LIGHTS ON,TRAFFIC SIGNAL,UNKNOWN,NONE DETECTED,49863E10-727F-4567-A18B-402227F552F6,PEDESTRIAN,Cross/Enter at Intersection,NO IMPROPER ACTIONS,ON ROADWAY AT CROSSWALK,No,SUSPECTED MINOR INJURY,NONE,39.05301402,-77.05093333,"(39.05301402, -77.05093333)"
MCP27080043,180064590,Montgomery County Police,Injury Crash,12/26/2018 05:00:00 PM,Maryland (State),PINEY BRANCH RD,FLOWER AVE,,N/A,PEDESTRIAN,HEAD ON LEFT TURN,CLEAR,DRY,DUSK,TRAFFIC SIGNAL,NONE DETECTED,NONE DETECTED,0F06F111-E7C9-4CA0-B271-2EC1F5E2BAC5,PEDESTRIAN,Cross/Enter at Intersection,N/A,AT INTERSECTION MARKED CROSSWALK,No,SUSPECTED MINOR INJURY,NONE,38.99819333,-77.00348,"(38.99819333, -77.00348)"
MCP1174001Z,17012153,Montgomery County Police,Injury Crash,03/08/2017 08:31:00 AM,,,,PARKING GARAGE OF 6800 WISCONSIN AVE.  LEVEL 1.  ENTRENCE FOR GARAGE IS OFF BRADLEY BLVD.,,PEDESTRIAN,SINGLE VEHICLE,N/A,,DARK LIGHTS ON,N/A,N/A,NONE DETECTED,5AB0FBF7-8553-4356-8376-AFD93BF1FFFC,PEDESTRIAN,Other,NO IMPROPER ACTIONS,OTHER,No,SUSPECTED MINOR INJURY,NONE,38.9779771,-77.09241629,"(38.9779771, -77.09241629)"
MCP2695000W,16047338,Montgomery County Police,Injury Crash,09/15/2016 12:01:00 PM,County,LOCKWOOD DR,NEW HAMPSHIRE AVE,,N/A,PEDESTRIAN,SINGLE VEHICLE,CLEAR,DRY,DAYLIGHT,NO CONTROLS,N/A,N/A,A68A07D2-1361-49A9-B844-BDD4E03A0C9B,PEDESTRIAN,Cross/Enter at Intersection,IN ROADWAY IMPROPERLY,ON ROADWAY NOT AT CROSSWALK,No,POSSIBLE INJURY,N/A,39.0393207,-76.99142575,"(39.0393207, -76.99142575)"
MCP3027001C,170541992,Montgomery County Police,Injury Crash,11/10/2017 07:13:00 AM,,,,8301 FENTON ST,,OTHER,OTHER,CLEAR,,DAYLIGHT,N/A,N/A,N/A,901E9F88-EADF-4E9A-98C8-FE9BB15BC478,OTHER,Getting off/on Vehicle,NO IMPROPER ACTIONS,OTHER,No,SUSPECTED MINOR INJURY,NONE,38.99330667,-77.02398167,"(38.99330667, -77.02398167)"
MCP11700020,170514217,Montgomery County Police,Injury Crash,06/17/2017 11:21:00 AM,,,,13716 BRIGEWATER DRIVE,,PEDESTRIAN,SINGLE VEHICLE,CLEAR,,DAYLIGHT,N/A,UNKNOWN,NONE DETECTED,B435C8A3-45E1-4A3A-85E0-3F0AE5009D7F,PEDESTRIAN,Standing,OTHER,OTHER,No,SUSPECTED MINOR INJURY,N/A,39.08086528,-76.96707129,"(39.08086528, -76.96707129)"
MCP1213008D,230058536,Montgomery County Police,Injury Crash,10/04/2023 04:45:00 PM,County,GOOD HOPE RD,SANDY HOLLOW CT,,N/A,PEDESTRIAN,SINGLE VEHICLE,CLEAR,DRY,DAYLIGHT,NO CONTROLS,,NONE DETECTED,8AD7DDE0-812C-47E7-B588-943F8B3F232B,PEDESTRIAN,Standing,ENTERING EXITING PARKED STANDING VEHICLE,ON ROADWAY NOT AT CROSSWALK,Yes,SUSPECTED SERIOUS INJURY,NONE,39.09764333,-76.98539167,"(39.09764333, -76.98539167)"
MCP2552000X,16029030,Montgomery County Police,Injury Crash,06/09/2016 04:42:00 PM,,,,"PARKING LOT OF 12321 PARKLAWN DRIVE, ROCKVILLE, MD 20852",,PEDESTRIAN,OTHER,CLEAR,,DAYLIGHT,N/A,UNKNOWN,N/A,1AFCEF25-F233-4C41-975B-6E1AF1A3DC91,PEDESTRIAN,Other Working,NO IMPROPER ACTIONS,OTHER,No,SUSPECTED MINOR INJURY,N/A,39.059955,-77.11130667,"(39.059955, -77.11130667)"
DM8445001H,17515696,Takoma Park Police Depart,Injury Crash,06/25/2017 02:55:00 PM,,,,"COLLISION OCCURRED WITHIN THE LOT OF 7551 NEW HAMPSHIRE AVE. TAKOMA PARK, MD - CAR WASH",,"OTHER, PEDESTRIAN",SINGLE VEHICLE,CLEAR,,DAYLIGHT,N/A,,N/A,489625C1-9A77-44F5-AF9B-A7D3DA981E3F,OTHER,Other,N/A,N/A,Unknown,NO APPARENT INJURY,N/A,38.98556444,-76.98794156,"(38.98556444, -76.98794156)"
MCP2914003L,16051235,Montgomery County Police,Injury Crash,10/05/2016 05:30:00 AM,Maryland (State),NEW HAMPSHIRE AVE,ADELPHI RD,,N/A,BICYCLIST,OTHER,CLEAR,N/A,DAWN,TRAFFIC SIGNAL,N/A,N/A,4E8CBDF3-8E7D-46E3-8C78-733C69F61AAF,BICYCLIST,Cross/Enter at Intersection,NO IMPROPER ACTIONS,AT INTERSECTION MARKED CROSSWALK,No,SUSPECTED MINOR INJURY,NONE,39.01145616,-76.97879657,"(39.01145616, -76.97879657)"
MCP30040009,16002262,Montgomery County Police,Injury Crash,01/12/2016 10:20:00 PM,,,,THE EXIT OF THE PARKING GARAGE ON WOODGLEN DRIVE,,BICYCLIST,OTHER,CLEAR,,DARK -- UNKNOWN LIGHTING,N/A,NONE DETECTED,UNKNOWN,CE89B5DD-EA02-477A-BB72-66E117D8BED9,BICYCLIST,Walking/Cycling on Sidewalk,NOT VISIBLE,SIDEWALK,Yes,SUSPECTED MINOR INJURY,UNKNOWN,39.04197687,-77.11324498,"(39.04197687, -77.11324498)"
MCP284800BZ,230005556,Montgomery County Police,Injury Crash,02/07/2023 09:39:00 AM,County,PICKERING PL,WATERS LANDING DR,,N/A,PEDESTRIAN,OTHER,N/A,DRY,DAYLIGHT,NO CONTROLS,NONE DETECTED,NONE DETECTED,8A579EFE-33CB-4B75-9826-586DC040BE3E,PEDESTRIAN,Walking to/from school,FAILURE TO YIELD RIGHT OF WAY,ON ROADWAY NOT AT CROSSWALK,Yes,SUSPECTED MINOR INJURY,NONE,39.18998,-77.270155,"(39.18998, -77.270155)"
MCP2767001L,15061598,MONTGOMERY,Injury Crash,12/02/2015 07:20:00 PM,,,,"In parking lot of Target store @ 11160 Veirs Mill Road, Wheaton MD 20902, Westfield Shopping Plaza.",,PEDESTRIAN,SINGLE VEHICLE,RAINING,,DARK LIGHTS ON,NO CONTROLS,NONE DETECTED,NONE DETECTED,1212E1EE-7839-4C3F-8846-51DEBEC33A63,PEDESTRIAN,Cross/Enter at Intersection,FAILURE TO YIELD RIGHT OF WAY,OUTSIDE RIGHT OF WAY,Yes,SUSPECTED MINOR INJURY,N/A,39.03631,-77.056795,"(39.03631, -77.056795)"
MCP2291006V,230023734,Montgomery County Police,Injury Crash,05/17/2023 06:04:00 PM,County,HAMILTON SPRING RD,HAMILTON SPRING CT,,N/A,BICYCLIST,SAME DIRECTION SIDESWIPE,CLEAR,DRY,DAYLIGHT,NO CONTROLS,NONE DETECTED,NONE DETECTED,A8B3B853-B457-4DF5-ACB6-717A2A1B8DA6,BICYCLIST,Walking/Riding w/Traffic,NO IMPROPER ACTIONS,N/A,No,SUSPECTED SERIOUS INJURY,MC/BIKE HELMET,38.98897767,-77.168729,"(38.98897767, -77.168729)"
DD5604002Z,190036284,Rockville Police Departme,Injury Crash,07/30/2019 11:10:00 AM,,,,51 MANNAKEE STREET PARKING LOT #5,,PEDESTRIAN,OTHER,CLEAR,,DAYLIGHT,NO CONTROLS,NONE DETECTED,NONE DETECTED,50FB890C-3913-4F20-8384-DE42EA258E6F,PEDESTRIAN,Other,NO IMPROPER ACTIONS,OTHER,No,POSSIBLE INJURY,NONE,39.09963105,-77.15955905,"(39.09963105, -77.15955905)"
MCP28090049,190032434,Montgomery County Police,Injury Crash,07/08/2019 02:45:00 PM,Maryland (State),GEORGIA AVE,FENWICK LA,,N/A,OTHER CONVEYANCE,OTHER,CLOUDY,DRY,DAYLIGHT,N/A,N/A,N/A,70838C9D-B119-4590-8A8B-769C63FCB18A,OTHER CONVEYANCE,Cross/Enter at Intersection,NO IMPROPER ACTIONS,AT INTERSECTION MARKED CROSSWALK,No,SUSPECTED MINOR INJURY,N/A,38.99823155,-77.03063312,"(38.99823155, -77.03063312)"
MCP2899005Z,220053114,Montgomery County Police,Fatal Crash,12/01/2022 08:41:00 PM,Maryland (State),ROCKVILLE PIKE,TALBOTT ST,,ROCKVILLE,PEDESTRIAN,STRAIGHT MOVEMENT ANGLE,CLEAR,DRY,DARK LIGHTS ON,NO CONTROLS,NONE DETECTED,ALCOHOL CONTRIBUTED,CAA75231-17AE-4085-B460-54FB44B18717,PEDESTRIAN,Cross/Enter not at Intersection,IN ROADWAY IMPROPERLY,ON ROADWAY NOT AT CROSSWALK,Yes,FATAL INJURY,NONE,39.07110667,-77.13198833,"(39.07110667, -77.13198833)"
MCP2534000M,15019024,Montgomery County Police,Injury Crash,04/23/2015 03:20:00 AM,US (State),COLESVILLE RD,UNIVERSITY BLVD E,,N/A,PEDESTRIAN,SINGLE VEHICLE,CLEAR,DRY,DARK LIGHTS ON,TRAFFIC SIGNAL,NONE DETECTED,NONE DETECTED,1A4B4494-92C9-4509-BB99-32930BCF3B41,PEDESTRIAN,Cross/Enter at Intersection,DART DASH,AT INTERSECTION MARKED CROSSWALK,,SUSPECTED SERIOUS INJURY,N/A,39.020365,-77.01277,"(39.020365, -77.01277)"
MCP32580013,210025401,Montgomery County Police,Injury Crash,07/02/2021 12:39:00 PM,County,PRICE AVE,GEORGIA AVE,,N/A,BICYCLIST,SAME DIR REAR END,CLEAR,DRY,DAYLIGHT,N/A,N/A,N/A,2A1469EE-07C0-485C-84EC-5058E82DC486,BICYCLIST,Walking/Riding w/Traffic,UNKNOWN,ON ROADWAY NOT AT CROSSWALK,Unknown,SUSPECTED MINOR INJURY,MC/BIKE HELMET,39.04009167,-77.051125,"(39.04009167, -77.051125)"
MCP2563000R,180034957,Montgomery County Police,Fatal Crash,07/15/2018 08:48:00 AM,,,,PARKING LOT OF 19620 WHITE GROUND ROAD,,PEDESTRIAN,SINGLE VEHICLE,CLEAR,,DAYLIGHT,NO CONTROLS,,UNKNOWN,17F8F349-6498-4021-820B-3E80A0CD8BCE,PEDESTRIAN,Unknown,UNKNOWN,OTHER,Unknown,FATAL INJURY,NONE,39.17753833,-77.32008333,"(39.17753833, -77.32008333)"
MCP1202004T,210010512,Montgomery County Police,Injury Crash,03/20/2021 03:02:00 PM,County,MADAWASKA RD,SANGAMORE RD,,N/A,PEDESTRIAN,OTHER,CLEAR,DRY,DAYLIGHT,STOP SIGN,NONE DETECTED,NONE DETECTED,4D32C7B2-F2E0-427C-811C-0C8DE24A62CA,PEDESTRIAN,Cross/Enter at Intersection,NO IMPROPER ACTIONS,ON ROADWAY AT CROSSWALK,No,SUSPECTED MINOR INJURY,NONE,38.9582,-77.122,"(38.9582, -77.122)"
MCP2177001W,170512885,Montgomery County Police,Injury Crash,06/10/2017 12:30:00 PM,Maryland (State),DARNESTOWN RD,MUDDY BRANCH RD,,N/A,BICYCLIST,SAME DIRECTION RIGHT TURN,CLEAR,DRY,DAYLIGHT,TRAFFIC SIGNAL,UNKNOWN,NONE DETECTED,D611F962-0D1E-4FB0-A7D2-BCE994617E97,BICYCLIST,N/A,NO IMPROPER ACTIONS,IN BIKEWAY,No,SUSPECTED MINOR INJURY,MC/BIKE HELMET,39.102735,-77.22112333,"(39.102735, -77.22112333)"
MCP30680027,190005751,Montgomery County Police,Injury Crash,02/06/2019 10:35:00 AM,County,WISCONSIN CIR,WISCONSIN AVE,,N/A,PEDESTRIAN,N/A,CLEAR,DRY,DARK LIGHTS ON,TRAFFIC SIGNAL,N/A,N/A,32CC3DF7-CD22-4677-BF67-9332CA690A7B,PEDESTRIAN,Cross/Enter at Intersection,NO IMPROPER ACTIONS,AT INTERSECTION MARKED CROSSWALK,No,SUSPECTED MINOR INJURY,N/A,38.96299,-77.08527833,"(38.96299, -77.08527833)"
MCP2760004H,230066932,Montgomery County Police,Injury Crash,11/17/2023 04:10:00 PM,County,MONTGOMERY VILLAGE AVE,CENTERWAY RD,,N/A,PEDESTRIAN,OTHER,CLEAR,DRY,DUSK,NO CONTROLS,N/A,N/A,B7AD6816-0BA4-41B5-886A-0BBBE151CD88,PEDESTRIAN,Cross/Enter not at Intersection,DART DASH,ON ROADWAY NOT AT CROSSWALK,Yes,SUSPECTED MINOR INJURY,N/A,39.17238667,-77.20381167,"(39.17238667, -77.20381167)"
MCP25520028,180000091,Montgomery County Police,Injury Crash,01/01/2018 03:25:00 PM,,,,"PARKING LOT OF 12051 ROCKVILLE PIKE, ROCKVILLE, MD 20851.",,PEDESTRIAN,OTHER,CLEAR,,DAYLIGHT,N/A,N/A,N/A,C4345F08-F201-4AAF-BA22-1B3482F5B76C,PEDESTRIAN,Cross/Enter not at Intersection,NO IMPROPER ACTIONS,ON ROADWAY AT CROSSWALK,No,SUSPECTED MINOR INJURY,N/A,39.05494275,-77.11521506,"(39.05494275, -77.11521506)"
MCP2077002D,180036131,Montgomery County Police,Injury Crash,07/21/2018 11:32:00 AM,,,,"PARKING LOT OF 3860 INTERNATIONAL DR, SILVER SPRING MD (GIANT FOODSTORE)",,PEDESTRIAN,OTHER,RAINING,,DAYLIGHT,N/A,NONE DETECTED,NONE DETECTED,7861D223-6CE5-4C8D-8F7E-7A782C0A50DD,PEDESTRIAN,Other,NO IMPROPER ACTIONS,OTHER,No,SUSPECTED MINOR INJURY,NONE,39.10163,-77.07538,"(39.10163, -77.07538)"
MCP3300001K,220006429,Montgomery County Police,Injury Crash,02/14/2022 01:57:00 PM,,,,COMING OUT OF THE PARKING LOT OF 2601 UNIVERISTY BLVD W,,PEDESTRIAN,OTHER,CLEAR,,DAYLIGHT,NO CONTROLS,NONE DETECTED,NONE DETECTED,FA82322E-7A9C-4C07-BDEA-094BA640C279,PEDESTRIAN,Walking/Cycling on Sidewalk,NO IMPROPER ACTIONS,SIDEWALK,No,POSSIBLE INJURY,NONE,39.04094983,-77.05382283,"(39.04094983, -77.05382283)"
MCP26670029,16002334,Montgomery County Police,Injury Crash,01/13/2016 11:48:00 AM,County,STEDWICK RD,MILLS CHOICE RD,,N/A,PEDESTRIAN,SINGLE VEHICLE,CLEAR,DRY,DAYLIGHT,NO CONTROLS,NONE DETECTED,NONE DETECTED,0B086969-55D7-46E0-8C28-F0F3C0A15B01,PEDESTRIAN,Cross/Enter at Intersection,IN ROADWAY IMPROPERLY,ON ROADWAY NOT AT CROSSWALK,Yes,SUSPECTED MINOR INJURY,NONE,39.17031333,-77.20730667,"(39.17031333, -77.20730667)"
MCP3084001B,180018220,Montgomery County Police,Injury Crash,04/14/2018 09:11:00 AM,County,TUCKERMAN LA,MARCLIFF RD,,N/A,BICYCLIST,HEAD ON LEFT TURN,CLEAR,DRY,DAYLIGHT,NO CONTROLS,NONE DETECTED,NONE DETECTED,503A4237-F3D8-46C2-BB1B-1EF8C28B4858,BICYCLIST,Cross/Enter at Intersection,FAILURE TO YIELD RIGHT OF WAY,SHOULDER,No,SUSPECTED MINOR INJURY,MC/BIKE HELMET,39.03628533,-77.13234633,"(39.03628533, -77.13234633)"
EJ7857001Q,170533688,Gaithersburg Police Depar,Injury Crash,09/28/2017 06:24:00 PM,,,,IN THE PARKING LOT OF CRESTWOOD DRIVE,,OTHER,SINGLE VEHICLE,CLEAR,,DAYLIGHT,NO CONTROLS,NONE DETECTED,NONE DETECTED,4F3583D1-95D0-452F-B95F-AABB40778DA8,OTHER,Playing,IN ROADWAY IMPROPERLY,N/A,Yes,SUSPECTED MINOR INJURY,NONE,39.14680833,-77.192475,"(39.14680833, -77.192475)"
DD55080015,15038763,ROCKVILLE,Injury Crash,08/04/2015 07:52:00 PM,,,,Parking Lot of 1801 Rockville Pike,,PEDESTRIAN,OTHER,RAINING,,DUSK,NO CONTROLS,NONE DETECTED,NONE DETECTED,FA422867-3588-4C94-88D7-F66562789BDB,PEDESTRIAN,Walking/Cycling on Sidewalk,NO IMPROPER ACTIONS,DRIVEWAY ACCESS MARKED CROSSWALK,No,POSSIBLE INJURY,NONE,39.059875,-77.12246667,"(39.059875, -77.12246667)"
DM8477000M,200010750,Takoma Park Police Depart,Injury Crash,03/04/2020 10:59:00 AM,,,,PARKING LOT OF 7-11 LOCATED @ 900 MERRIMAC DRIVE TAKOMA PARK MD 20912,,PEDESTRIAN,OTHER,CLEAR,,DAYLIGHT,N/A,NONE DETECTED,NONE DETECTED,221C4D27-9A45-44AF-B456-1CF9BC5B2C16,PEDESTRIAN,Other,NOT VISIBLE,OTHER,Unknown,POSSIBLE INJURY,N/A,38.992468,-76.992599,"(38.992468, -76.992599)"
MCP2859009P,210000363,Montgomery County Police,Injury Crash,01/04/2021 10:52:00 AM,,,,"PARKING LOT OF 9901 MEDICAL CENTER DR, GAITHERSBURG, MD 20878",,PEDESTRIAN,OTHER,CLOUDY,,DAYLIGHT,NO CONTROLS,NONE DETECTED,NONE DETECTED,667318EC-2F33-4469-B2A9-75ED1384C033,PEDESTRIAN,Other,NO IMPROPER ACTIONS,OTHER,No,POSSIBLE INJURY,NONE,39.09766438,-77.19954882,"(39.09766438, -77.19954882)"
MCP2813006L,190016184,Montgomery County Police,Injury Crash,04/07/2019 08:30:00 PM,Other Public Roadway,GLENMONT CIR #2,GEORGIA AVE,,N/A,PEDESTRIAN,SINGLE VEHICLE,CLOUDY,DRY,DARK LIGHTS ON,TRAFFIC SIGNAL,N/A,N/A,44D01E05-3B4E-40D3-9752-4CE1279E23E9,PEDESTRIAN,Cross/Enter at Intersection,NO IMPROPER ACTIONS,ON ROADWAY AT CROSSWALK,No,SUSPECTED MINOR INJURY,N/A,39.05994167,-77.04713333,"(39.05994167, -77.04713333)"
DD56210017,170517971,Rockville Police Departme,Injury Crash,07/08/2017 12:16:00 PM,Municipality,PARK RD,GRANDIN AVE,,ROCKVILLE,PEDESTRIAN,SAME DIR REAR END,CLEAR,DRY,DAYLIGHT,PERSON,NONE DETECTED,NONE DETECTED,60DD1533-6812-4933-8D4C-D85E0F016498,PEDESTRIAN,Cross/Enter at Intersection,NO IMPROPER ACTIONS,ON ROADWAY AT CROSSWALK,No,NO APPARENT INJURY,NONE,39.0865345,-77.14449583,"(39.0865345, -77.14449583)"
MCP2740001H,15064496,MONTGOMERY,Injury Crash,12/17/2015 03:35:00 PM,County,BUCKINGHAM DR,UNIVERSITY BLVD E,,N/A,PEDESTRIAN,OTHER,RAINING,WET,DAYLIGHT,TRAFFIC SIGNAL,NONE DETECTED,NONE DETECTED,3F588D77-9AE9-4563-AF86-604A5E3066CD,PEDESTRIAN,Cross/Enter at Intersection,NO IMPROPER ACTIONS,ON ROADWAY AT CROSSWALK,No,SUSPECTED MINOR INJURY,NONE,39.00629462,-76.99746877,"(39.00629462, -76.99746877)"
EJ78780033,210034658,Gaithersburg Police Depar,Injury Crash,09/03/2021 09:00:00 PM,County,FIELDS RD,RIO BLVD,,GAITHERSBURG,PEDESTRIAN,N/A,CLEAR,DRY,DARK LIGHTS ON,STOP SIGN,UNKNOWN,N/A,262C1CA7-1F8D-45DB-911E-73582D007A09,PEDESTRIAN,Cross/Enter at Intersection,NO IMPROPER ACTIONS,ON ROADWAY AT CROSSWALK,No,POSSIBLE INJURY,NONE,39.1150137,-77.20491285,"(39.1150137, -77.20491285)"
MCP31690052,220003904,Montgomery County Police,Injury Crash,01/29/2022 12:24:00 PM,,,,PARKING LOT OF 10101 NEW HAMPSHIRE AVE,,PEDESTRIAN,OTHER,CLEAR,,DAYLIGHT,N/A,N/A,N/A,7D31B429-2809-4A67-9156-F190176ACE7A,PEDESTRIAN,Standing,NO IMPROPER ACTIONS,OTHER,No,POSSIBLE INJURY,NONE,39.02121072,-76.97599366,"(39.02121072, -76.97599366)"
MCP003600D7,200023349,Montgomery County Police,Property Damage Crash,06/14/2020 02:13:00 PM,,,,PARKING LOT IN FRONT OF 9821 BETHESDA CHURCH RD,,BICYCLIST,SINGLE VEHICLE,CLEAR,,DAYLIGHT,NO CONTROLS,,NONE DETECTED,99CE466F-C1DF-41FB-B5FD-6CC8D5B8098C,BICYCLIST,Playing,INATTENTIVE,SIDEWALK,Yes,NO APPARENT INJURY,NONE,39.28456717,-77.20466633,"(39.28456717, -77.20466633)"
EJ7809002R,210042155,Gaithersburg Police Depar,Injury Crash,10/20/2021 02:19:00 PM,,,,"842 MUDDY BRANCH RD. (GIANT FOOD PARKING LOT) GAITHERSBURG, MD. 20878",,PEDESTRIAN,OTHER,CLEAR,,DAYLIGHT,NO CONTROLS,NONE DETECTED,NONE DETECTED,E8588356-A497-493D-951C-628DE63774ED,PEDESTRIAN,N/A,NO IMPROPER ACTIONS,OTHER,No,SUSPECTED MINOR INJURY,N/A,39.11471596,-77.21704388,"(39.11471596, -77.21704388)"
MCP2930000J,15027328,Montgomery County Police,Injury Crash,06/05/2015 09:58:00 PM,County,EMORY LA,CASHELL RD,,N/A,PEDESTRIAN,OTHER,CLEAR,DRY,DARK NO LIGHTS,NO CONTROLS,NONE DETECTED,ALCOHOL PRESENT,B4922C3B-433A-4940-8E26-5A151318F262,PEDESTRIAN,Walking/Riding against Traffic,IN ROADWAY IMPROPERLY,ON ROADWAY NOT AT CROSSWALK,,POSSIBLE INJURY,NONE,39.0789081,-77.14599609,"(39.0789081, -77.14599609)"
MCP271700Y2,230059730,Montgomery County Police,Injury Crash,10/10/2023 07:15:00 PM,Maryland (State),GEORGIA AVE,COLESVILLE RD,,N/A,OTHER PEDALCYCLIST,OTHER,CLEAR,DRY,DARK LIGHTS ON,TRAFFIC SIGNAL,NONE DETECTED,UNKNOWN,D03CED89-84B6-462A-81DC-742F18F68294,OTHER PEDALCYCLIST,Cross/Enter at Intersection,UNKNOWN,ON ROADWAY AT CROSSWALK,Unknown,POSSIBLE INJURY,UNKNOWN,38.99628167,-77.02824333,"(38.99628167, -77.02824333)"
MCP3127001B,190051223,Montgomery County Police,Injury Crash,10/24/2019 10:10:00 PM,Maryland (State),ROCKVILLE PIKE,MARINELLI RD,,N/A,PEDESTRIAN,N/A,CLEAR,DRY,DARK LIGHTS ON,OTHER,NONE DETECTED,NONE DETECTED,2E0BF5C8-0DDE-407D-9317-50ED0AA64FBB,PEDESTRIAN,Cross/Enter at Intersection,DART DASH,AT INTERSECTION MARKED CROSSWALK,No,SUSPECTED MINOR INJURY,NONE,39.04712,-77.11308667,"(39.04712, -77.11308667)"
MCP30710029,230020229,Montgomery County Police,Injury Crash,04/27/2023 11:45:00 PM,County,RIDGE RD,OBSERVATION DR,,N/A,BICYCLIST,OTHER,CLEAR,DRY,DARK LIGHTS ON,NO CONTROLS,NONE DETECTED,NONE DETECTED,832A733A-F3D0-4ED0-AF39-584396DFA372,BICYCLIST,Walking/Riding w/Traffic,NOT VISIBLE,OUTSIDE RIGHT OF WAY,Yes,POSSIBLE INJURY,NONE,39.1983498,-77.2618043,"(39.1983498, -77.2618043)"
MCP26350081,230026377,Montgomery County Police,Injury Crash,06/01/2023 06:39:00 PM,Maryland (State),OLNEY LAYTONSVILLE RD,OLNEY POST OFFICE,,N/A,OTHER PEDALCYCLIST,OTHER,CLEAR,DRY,DAYLIGHT,NO CONTROLS,N/A,N/A,82C3BEB2-9182-4E87-A2E9-A6DB66E1580C,OTHER PEDALCYCLIST,Walking/Riding w/Traffic,NO IMPROPER ACTIONS,SHOULDER,No,SUSPECTED MINOR INJURY,MC/BIKE HELMET,39.15564102,-77.07089339,"(39.15564102, -77.07089339)"
MCP3176001R,220023174,Montgomery County Police,Injury Crash,05/30/2022 11:15:00 PM,US (State),COLUMBIA PIKE,HILLWOOD DR,,N/A,PEDESTRIAN,OTHER,CLEAR,DRY,DARK LIGHTS ON,NO CONTROLS,NONE DETECTED,ALCOHOL PRESENT,8F8C212E-F4B9-4B95-A920-A445C623E3A0,PEDESTRIAN,Cross/Enter at Intersection,DART DASH,ON ROADWAY NOT AT CROSSWALK,Yes,SUSPECTED SERIOUS INJURY,NONE,39.032518,-77.003423,"(39.032518, -77.003423)"
MCP2330003M,220023658,Montgomery County Police,Injury Crash,06/03/2022 04:38:00 PM,,,,COSTCO TIRE CENTER @ 11160 VEIRS MILL RD,,PEDESTRIAN,OTHER,RAINING,,DAYLIGHT,NO CONTROLS,NONE DETECTED,NONE DETECTED,21B61811-5B30-4F81-BC8A-B168546A56F4,PEDESTRIAN,Other,N/A,OTHER,No,SUSPECTED MINOR INJURY,NONE,39.034865,-77.05549293,"(39.034865, -77.05549293)"
MCP3209000S,190061016,Montgomery County Police,Injury Crash,12/18/2019 06:41:00 PM,,,,8101 FENTON ST. 7-11 PARKING LOT.,,PEDESTRIAN,SINGLE VEHICLE,CLEAR,,DARK LIGHTS ON,NO CONTROLS,UNKNOWN,NONE DETECTED,4695FCEB-0A18-46D8-8D52-1E9680EE442D,PEDESTRIAN,Other,UNKNOWN,OTHER,No,SUSPECTED MINOR INJURY,N/A,38.99033,-77.023858,"(38.99033, -77.023858)"
MCP2046003V,15021033,Montgomery County Police,Injury Crash,05/04/2015 07:40:00 AM,County,FOREST GLEN RD,STRUC #M0225 SLIGO CREEK,,N/A,BICYCLIST,STRAIGHT MOVEMENT ANGLE,CLEAR,DRY,DAYLIGHT,NO CONTROLS,NONE DETECTED,NONE DETECTED,8C20657B-7B10-42FC-A6AC-2C2714E36177,BICYCLIST,Cross/Enter not at Intersection,NO IMPROPER ACTIONS,ON ROADWAY AT CROSSWALK,,SUSPECTED MINOR INJURY,MC/BIKE HELMET,39.01626667,-77.03280167,"(39.01626667, -77.03280167)"