Report Number,Local Case Number,Agency Name,ACRS Report Type,Crash Date/Time,Route Type,Road Name,Cross-Street Name,Off-Road Description,Municipality,Related Non-Motorist,Collision Type,Weather,Surface Condition,Light,Traffic Control,Driver Substance Abuse,Non-Motorist Substance Abuse,Person ID,Pedestrian Type,Pedestrian Movement,Pedestrian Actions,Pedestrian Location,At Fault,Injury Severity,Safety Equipment,Latitude,Longitude,Location
EJ7833007G,220056645,Gaithersburg Police Depar,Injury Crash,12/21/2022 03:10:00 PM,Municipality,WASHINGTONIAN BLVD,END ROUNDABOUT,,N/A,PEDESTRIAN,SINGLE VEHICLE,CLEAR,DRY,DAYLIGHT,NO CONTROLS,NONE DETECTED,NONE DETECTED,8E6DBBBB-1095-4616-B219-5B8DAF8E36E0,PEDESTRIAN,Cross/Enter at Intersection,NO IMPROPER ACTIONS,AT INTERSECTION MARKED CROSSWALK,Unknown,POSSIBLE INJURY,REFLECTIVE CLOTHING,39.11804855,-77.20324627,"(39.11804855, -77.20324627)"
DD5583000N,15041103,ROCKVILLE,Injury Crash,08/17/2015 01:28:00 PM,,,,PARKING LOT OF THE GIANT FOODS 625 HUNGERFORD DR ROCKVILLE,,PEDESTRIAN,SINGLE VEHICLE,CLEAR,,DAYLIGHT,N/A,NONE DETECTED,NONE DETECTED,8AAF039C-42B9-43F7-9666-A6F1FDDF0A76,PEDESTRIAN,Other,NO IMPROPER ACTIONS,OTHER,No,SUSPECTED MINOR INJURY,N/A,39.09248235,-77.15241194,"(39.09248235, -77.15241194)"
MCP2723001P,16029171,Montgomery County Police,Injury Crash,06/10/2016 10:09:00 AM,Maryland (State),NEW HAMPSHIRE AVE,EDNOR RD,,N/A,BICYCLIST,STRAIGHT MOVEMENT ANGLE,CLEAR,DRY,DAYLIGHT,NO CONTROLS,N/A,N/A,F2A18E84-4B32-4C3C-AA4D-E6AC0ADBF4CC,BICYCLIST,Walking/Riding w/Traffic,NO IMPROPER ACTIONS,ON ROADWAY NOT AT CROSSWALK,No,SUSPECTED SERIOUS INJURY,MC/BIKE HELMET,39.20948333,-77.24713,"(39.20948333, -77.24713)"
MCP2812005H,190060799,Montgomery County Police,Injury Crash,12/17/2019 05:32:00 PM,Maryland (State),GEORGIA AVE,FENWICK LA,,N/A,PEDESTRIAN,OTHER,RAINING,WET,DARK LIGHTS ON,NO CONTROLS,N/A,N/A,33511FFE-97FB-4934-B7E1-C1BABC7A6008,PEDESTRIAN,Cross/Enter at Intersection,UNKNOWN,ON ROADWAY AT CROSSWALK,No,POSSIBLE INJURY,N/A,38.99814,-77.03068,"(38.99814, -77.03068)"
MCP29760024,16050199,Montgomery County Police,Injury Crash,09/30/2016 02:15:00 AM,,,,PARKING LOT OF 12281 TECH RD,,PEDESTRIAN,OTHER,RAINING,,DARK LIGHTS ON,N/A,ALCOHOL PRESENT,NONE DETECTED,2D29F4DB-70FE-4170-BBD7-3062B89F9124,PEDESTRIAN,Standing,NO IMPROPER ACTIONS,OTHER,No,SUSPECTED MINOR INJURY,N/A,39.05669961,-76.96690366,"(39.05669961, -76.96690366)"
DD56050033,17000408,Rockville Police Departme,Injury Crash,01/03/2017 02:41:00 PM,Maryland (State),HUNGERFORD DR,N WASHINGTON ST,,ROCKVILLE,PEDESTRIAN,OTHER,RAINING,WET,DAYLIGHT,OTHER,NONE DETECTED,NONE DETECTED,C96FF6CE-C97E-4E0A-9128-0BF0073AE236,PEDESTRIAN,Cross/Enter at Intersection,NO IMPROPER ACTIONS,SIDEWALK,No,POSSIBLE INJURY,NONE,39.08999167,-77.15239333,"(39.08999167, -77.15239333)"
MCP0942002Z,200027774,Montgomery County Police,Injury Crash,07/17/2020 12:25:00 PM,Maryland (State),OLD GEORGETOWN RD,FAIRMONT AVE,,N/A,BICYCLIST,SINGLE VEHICLE,CLEAR,DRY,DAYLIGHT,NO CONTROLS,NONE DETECTED,NONE DETECTED,075DED8C-9D1A-4ABD-9B2F-C1ECF92B44D7,BICYCLIST,Cross/Enter at Intersection,NO IMPROPER ACTIONS,AT INTERSECTION MARKED CROSSWALK,No,POSSIBLE INJURY,MC/BIKE HELMET,38.98703151,-77.0979798,"(38.98703151, -77.0979798)"
MCP27390034,200006250,Montgomery County Police,Injury Crash,02/06/2020 10:02:00 PM,Maryland (State),UNIVERSITY BLVD W,SUTHERLAND RD,,N/A,PEDESTRIAN,SINGLE VEHICLE,RAINING,WET,DARK LIGHTS ON,N/A,NONE DETECTED,ALCOHOL CONTRIBUTED,161D89ED-46F9-4EFB-BC29-17B9C933FEDE,PEDESTRIAN,Cross/Enter not at Intersection,IN ROADWAY IMPROPERLY,ON ROADWAY NOT AT CROSSWALK,Yes,POSSIBLE INJURY,NONE,39.02032667,-77.014,"(39.02032667, -77.014)"
MCP28090026,15045544,MONTGOMERY,Injury Crash,09/09/2015 01:40:00 PM,,,,Parking lot of 12345 Georgia Avenue,,OTHER,OTHER,N/A,,DAYLIGHT,N/A,UNKNOWN,N/A,29788FD1-54F4-467E-A018-33BA5BD0DC45,OTHER,Other,NO IMPROPER ACTIONS,N/A,No,POSSIBLE INJURY,N/A,39.05783667,-77.04875833,"(39.05783667, -77.04875833)"
MCP3042003M,220004277,Montgomery County Police,Injury Crash,02/01/2022 07:40:00 AM,County,GLENALLAN AVE,LAYHILL RD,,N/A,PEDESTRIAN,OTHER,CLEAR,DRY,DAWN,TRAFFIC SIGNAL,UNKNOWN,NONE DETECTED,1444A6CF-24CF-4763-9295-83BA90D7BB4C,PEDESTRIAN,Cross/Enter at Intersection,NO IMPROPER ACTIONS,ON ROADWAY AT CROSSWALK,No,SUSPECTED MINOR INJURY,NONE,39.06318568,-77.05016024,"(39.06318568, -77.05016024)"
MCP3212000Y,190057885,Montgomery County Police,Injury Crash,12/01/2019 09:09:00 PM,Maryland (State),NEW HAMPSHIRE AVE,OAKVIEW DR,,N/A,PEDESTRIAN,N/A,OTHER,WET,DARK LIGHTS ON,TRAFFIC SIGNAL,NONE DETECTED,NONE DETECTED,28565E9C-0ACF-4596-AD6C-76A3F9D43672,PEDESTRIAN,Cross/Enter at Intersection,NO IMPROPER ACTIONS,ON ROADWAY AT CROSSWALK,No,SUSPECTED MINOR INJURY,NONE,39.01531982,-76.97760212,"(39.01531982, -76.97760212)"
DD56190001,16009838,Rockville Police Departme,Injury Crash,02/27/2016 09:47:00 PM,Municipality,W EDMONSTON DR,WOOTTON PKWY,,ROCKVILLE,PEDESTRIAN,OTHER,CLEAR,DRY,DARK LIGHTS ON,OTHER,NONE DETECTED,NONE DETECTED,289A8B8D-32F9-473A-82BD-DC957CE35E12,PEDESTRIAN,Cross/Enter at Intersection,NO IMPROPER ACTIONS,ON ROADWAY AT CROSSWALK,No,POSSIBLE INJURY,NONE,39.07354333,-77.13685667,"(39.07354333, -77.13685667)"
MCP3330001M,230066422,Montgomery County Police,Injury Crash,11/15/2023 08:23:00 AM,County,AMHERST AVE,ALLEY,,N/A,BICYCLIST,SAME DIRECTION LEFT TURN,CLEAR,DRY,DAYLIGHT,NO CONTROLS,NONE DETECTED,NONE DETECTED,0B260352-7FFA-4A3D-AE40-71BDA24C4F14,BICYCLIST,Cross/Enter not at Intersection,NO IMPROPER ACTIONS,SIDEWALK,No,SUSPECTED SERIOUS INJURY,MC/BIKE HELMET,39.033292,-77.04715867,"(39.033292, -77.04715867)"
MCP30760018,180006535,Montgomery County Police,Injury Crash,02/07/2018 02:25:00 PM,Maryland (State),GEORGIA AVE,FENWICK LA,,N/A,BICYCLIST,STRAIGHT MOVEMENT ANGLE,RAINING,WET,DAYLIGHT,NO CONTROLS,NONE DETECTED,NONE DETECTED,63DCCDF7-4C19-4625-A50C-29E8A1B43E89,BICYCLIST,Cross/Enter at Intersection,FAILURE TO YIELD RIGHT OF WAY,ON ROADWAY NOT AT CROSSWALK,Yes,POSSIBLE INJURY,REFLECTIVE CLOTHING,38.99823833,-77.0304035,"(38.99823833, -77.0304035)"
MCP2782003C,200029591,Montgomery County Police,Injury Crash,07/30/2020 03:48:00 PM,County,BEL PRE RD,PARKER FARM WAY,,N/A,PEDESTRIAN,STRAIGHT MOVEMENT ANGLE,CLEAR,DRY,DAYLIGHT,TRAFFIC SIGNAL,NONE DETECTED,NONE DETECTED,2C2A2188-31C1-4886-A8B8-E01E31908AE1,PEDESTRIAN,Cross/Enter at Intersection,NO IMPROPER ACTIONS,AT INTERSECTION MARKED CROSSWALK,No,SUSPECTED MINOR INJURY,NONE,39.09079,-77.04799533,"(39.09079, -77.04799533)"
MCP14530062,180044711,Montgomery County Police,Injury Crash,09/07/2018 12:23:00 PM,County,WISTERIA DR,WALTER JOHNSON RD,,N/A,PEDESTRIAN,SINGLE VEHICLE,CLOUDY,DRY,DAYLIGHT,STOP SIGN,NONE DETECTED,NONE DETECTED,826AFEA5-CBCE-4554-B041-53D60B365D0C,PEDESTRIAN,Cross/Enter at Intersection,IN ROADWAY IMPROPERLY,ON ROADWAY AT CROSSWALK,Yes,SUSPECTED SERIOUS INJURY,N/A,39.17590333,-77.26840167,"(39.17590333, -77.26840167)"
MCP32380015,210017240,Montgomery County Police,Injury Crash,05/08/2021 02:24:00 AM,,,,PARKING LOT NEAR 8100 FENTON STREET; SILVER SPRING AVENUE @ FENTON STREET,,PEDESTRIAN,OTHER,CLEAR,,DARK LIGHTS ON,NO CONTROLS,ALCOHOL PRESENT,NONE DETECTED,6DF898C0-3FDE-4597-BE76-D2BA0B8AF4EC,PEDESTRIAN,Standing,NO IMPROPER ACTIONS,OTHER,No,SUSPECTED SERIOUS INJURY,NONE,38.99146653,-77.02467114,"(38.99146653, -77.02467114)"
DD56100012,15031619,Rockville Police Departme,Injury Crash,06/28/2015 06:17:00 PM,Municipality,S HORNERS LA,PARK RD,,ROCKVILLE,PEDESTRIAN,OTHER,CLEAR,DRY,DAYLIGHT,NO CONTROLS,N/A,N/A,1F3D3B20-DC68-4FC5-83ED-BDED1F62DD21,PEDESTRIAN,Cross/Enter not at Intersection,IN ROADWAY IMPROPERLY,AT INTERSECTION BUT NO CROSSWALK,,SUSPECTED MINOR INJURY,NONE,39.08679067,-77.1436805,"(39.08679067, -77.1436805)"
MCP2923000J,15028612,Montgomery County Police,Injury Crash,06/11/2015 01:04:00 PM,Maryland (State),FREDERICK RD,MONTGOMERY AVE,,GAITHERSBURG,BICYCLIST,SINGLE VEHICLE,N/A,DRY,DAYLIGHT,NO CONTROLS,NONE DETECTED,NONE DETECTED,5EF86CF0-41CF-4410-A264-5312E2276638,BICYCLIST,Walking/Cycling on Sidewalk,FAILURE TO YIELD RIGHT OF WAY,SIDEWALK,,SUSPECTED MINOR INJURY,NONE,39.14612504,-77.20415711,"(39.14612504, -77.20415711)"
MCP229800S2,200037373,Montgomery County Police,Property Damage Crash,09/23/2020 01:18:00 PM,County,SKYLARK RD,YELLOWWOOD DR,,N/A,BICYCLIST,SINGLE VEHICLE,CLEAR,DRY,DAYLIGHT,NO CONTROLS,NONE DETECTED,NONE DETECTED,D68E79AA-4FB4-453C-A2CA-C593E040D9C9,BICYCLIST,Cross/Enter not at Intersection,DART DASH,OTHER,Yes,NO APPARENT INJURY,NONE,39.23359833,-77.239755,"(39.23359833, -77.239755)"
MCP12510010,17000585,Montgomery County Police,Injury Crash,01/04/2017 01:45:00 PM,Maryland (State),RIVER RD,BRADLEY BLVD,,N/A,BICYCLIST,HEAD ON LEFT TURN,CLEAR,DRY,DAYLIGHT,TRAFFIC SIGNAL,NONE DETECTED,NONE DETECTED,2853495C-7C37-42AD-8831-E52924D95BC7,BICYCLIST,Cross/Enter at Intersection,NO IMPROPER ACTIONS,AT INTERSECTION BUT NO CROSSWALK,No,SUSPECTED MINOR INJURY,MC/BIKE HELMET,39.00204464,-77.18083799,"(39.00204464, -77.18083799)"
MCP2650000H,170505778,Montgomery County Police,Injury Crash,05/03/2017 07:48:00 PM,Maryland (State),WISCONSIN AVE,CHELTENHAM DR,,N/A,BICYCLIST,STRAIGHT MOVEMENT ANGLE,N/A,DRY,DUSK,TRAFFIC SIGNAL,NONE DETECTED,NONE DETECTED,7380CF9D-ECF0-483F-9A59-BB447A35D72A,BICYCLIST,Cross/Enter at Intersection,NO IMPROPER ACTIONS,ON ROADWAY AT CROSSWALK,No,SUSPECTED MINOR INJURY,N/A,38.98834667,-77.09484833,"(38.98834667, -77.09484833)"
MCP23960026,170519725,Montgomery County Police,Injury Crash,07/18/2017 10:10:00 AM,County,BEL PRE RD,HOMECREST RD,,N/A,PEDESTRIAN,HEAD ON LEFT TURN,CLEAR,DRY,DAYLIGHT,TRAFFIC SIGNAL,NONE DETECTED,NONE DETECTED,21D1978F-14AF-4C43-A1BC-80636F70DEE4,PEDESTRIAN,Cross/Enter at Intersection,NO IMPROPER ACTIONS,ON ROADWAY AT CROSSWALK,No,SUSPECTED MINOR INJURY,NONE,39.09161167,-77.06272,"(39.09161167, -77.06272)"
MCP2492000Z,180030762,Montgomery County Police,Fatal Crash,06/21/2018 11:19:00 PM,Maryland (State),NEW HAMPSHIRE AVE,OAKVIEW DR,,N/A,PEDESTRIAN,OTHER,CLEAR,DRY,DARK LIGHTS ON,TRAFFIC SIGNAL,NONE DETECTED,UNKNOWN,5FA9C5FD-2A14-48E0-8BC4-2A12F31C791C,PEDESTRIAN,Cross/Enter at Intersection,UNKNOWN,ON ROADWAY AT CROSSWALK,Unknown,FATAL INJURY,NONE,39.0153591,-76.97775856,"(39.0153591, -76.97775856)"
MCP3153002R,210035766,Montgomery County Police,Property Damage Crash,09/11/2021 01:55:00 PM,County,KEATING ST,INDEPENDENCE ST,,N/A,PEDESTRIAN,HEAD ON,CLEAR,DRY,DAYLIGHT,NO CONTROLS,"ALCOHOL CONTRIBUTED, NONE DETECTED",N/A,1E48DDB3-A930-4AF4-8740-3C7B68D0703D,PEDESTRIAN,Standing,NO IMPROPER ACTIONS,OTHER,No,NO APPARENT INJURY,N/A,39.07431833,-77.09076,"(39.07431833, -77.09076)"
MCP1438002S,16033074,Montgomery County Police,Injury Crash,06/30/2016 10:49:00 AM,County,EPSILON DR,EPSILON PL,,N/A,PEDESTRIAN,SAME DIR REAR END,CLEAR,DRY,DAYLIGHT,NO CONTROLS,NONE DETECTED,NONE DETECTED,A64D706D-54E3-4455-B144-AC1BD0306A35,PEDESTRIAN,Standing,NO IMPROPER ACTIONS,OTHER,No,NO APPARENT INJURY,N/A,39.13841333,-77.16330667,"(39.13841333, -77.16330667)"
MCP1580004X,15062796,MONTGOMERY,Injury Crash,12/09/2015 06:37:00 AM,County,GAITHER RD,SHADY GROVE RD,,N/A,PEDESTRIAN,OTHER,N/A,DRY,DARK LIGHTS ON,TRAFFIC SIGNAL,NONE DETECTED,UNKNOWN,F7C502CF-9CE1-40B0-9186-5614EACFAD09,PEDESTRIAN,Cross/Enter at Intersection,NO IMPROPER ACTIONS,AT INTERSECTION MARKED CROSSWALK,No,POSSIBLE INJURY,N/A,39.11731,-77.18363667,"(39.11731, -77.18363667)"
MCP28660054,180063057,Montgomery County Police,Injury Crash,12/17/2018 07:56:00 PM,County,CEDAR LA,SAUL RD,,N/A,PEDESTRIAN,OTHER,CLEAR,DRY,DARK LIGHTS ON,TRAFFIC SIGNAL,UNKNOWN,NONE DETECTED,18FF8A9B-CC47-4E6E-A8E3-E89F1D975197,PEDESTRIAN,Cross/Enter at Intersection,NO IMPROPER ACTIONS,AT INTERSECTION MARKED CROSSWALK,No,SUSPECTED MINOR INJURY,NONE,39.01665342,-77.08789371,"(39.01665342, -77.08789371)"
EJ7885003K,230057360,Gaithersburg Police Depar,Injury Crash,09/28/2023 06:17:00 PM,,,,IN THE PARKING GARAGE OF 10121 WASHINGTONIAN BLVD,,PEDESTRIAN,OTHER,CLEAR,,DAYLIGHT,NO CONTROLS,UNKNOWN,NONE DETECTED,9E6D56D2-6A46-402C-9ADA-3028BC182D75,PEDESTRIAN,Standing,OTHER,OTHER,No,POSSIBLE INJURY,N/A,39.1202178,-77.2044607,"(39.1202178, -77.2044607)"
MCP2177004T,230047959,Montgomery County Police,Injury Crash,08/05/2023 01:48:00 PM,,,,PARKING LOT OF 880 RUSSELL AVENUE,,PEDESTRIAN,SINGLE VEHICLE,CLOUDY,,DAYLIGHT,N/A,NONE DETECTED,N/A,46AD2293-DB7E-4CE6-BF15-9EEF1DB170B5,PEDESTRIAN,Other,OTHER,OTHER,Unknown,POSSIBLE INJURY,N/A,39.15639822,-77.21397835,"(39.15639822, -77.21397835)"
MCP28500016,180048206,Montgomery County Police,Injury Crash,09/27/2018 03:35:00 AM,County,STEDWICK RD,WATKINS MILL RD,,N/A,PEDESTRIAN,OPPOSITE DIRECTION SIDESWIPE,RAINING,WET,DARK LIGHTS ON,NO CONTROLS,ALCOHOL PRESENT,N/A,322684B3-1FD0-4042-A9FF-C82BC23FB40A,PEDESTRIAN,Standing,NO IMPROPER ACTIONS,ON ROADWAY NOT AT CROSSWALK,No,SUSPECTED SERIOUS INJURY,N/A,39.170935,-77.21022167,"(39.170935, -77.21022167)"
MCP2686002N,180023937,Montgomery County Police,Injury Crash,05/15/2018 05:20:00 PM,Maryland (State),FREDERICK RD,BROOKS AVE,,GAITHERSBURG,BICYCLIST,STRAIGHT MOVEMENT ANGLE,CLEAR,DRY,DAYLIGHT,NO CONTROLS,NONE DETECTED,UNKNOWN,31607F01-B537-4797-8D2A-ED2B36DF33E2,BICYCLIST,Walking/Cycling on Sidewalk,UNKNOWN,SIDEWALK,No,SUSPECTED SERIOUS INJURY,NONE,39.14336167,-77.200995,"(39.14336167, -77.200995)"
MCP2708001D,16045389,Montgomery County Police,Injury Crash,09/05/2016 04:13:00 PM,County,CARROLL AVE,PINEY BRANCH RD,,N/A,BICYCLIST,SAME DIRECTION RIGHT TURN,CLEAR,DRY,DAYLIGHT,TRAFFIC SIGNAL,UNKNOWN,NONE DETECTED,C3A1DCBA-5FE5-480C-A249-CA8E10C6BD56,BICYCLIST,Walking/Cycling on Sidewalk,N/A,ON ROADWAY AT CROSSWALK,Yes,POSSIBLE INJURY,NONE,38.99983,-76.99064,"(38.99983, -76.99064)"
MCP29420019,15061579,MONTGOMERY,Injury Crash,12/02/2015 05:20:00 PM,Maryland (State),WISCONSIN AVE,BRADLEY LA,,N/A,BICYCLIST,STRAIGHT MOVEMENT ANGLE,FOGGY,WET,DARK LIGHTS ON,TRAFFIC SIGNAL,NONE DETECTED,NONE DETECTED,6CB45660-2F5C-4EA5-9324-9EA5046B5A55,BICYCLIST,Walking/Riding w/Traffic,FAILURE TO YIELD RIGHT OF WAY,ON ROADWAY NOT AT CROSSWALK,Yes,SUSPECTED MINOR INJURY,MC/BIKE HELMET,38.97717641,-77.09067822,"(38.97717641, -77.09067822)"
DD5610005Q,190031674,Rockville Police Departme,Injury Crash,07/03/2019 10:53:00 AM,Municipality,MT VERNON PL,ROCKVILLE PIKE,,N/A,PEDESTRIAN,OTHER,CLEAR,DRY,DAYLIGHT,STOP SIGN,NONE DETECTED,N/A,363C98D6-3772-41DC-B9CE-B95CD752E012,PEDESTRIAN,Other,NO IMPROPER ACTIONS,ON ROADWAY AT CROSSWALK,No,POSSIBLE INJURY,N/A,39.07886167,-77.142135,"(39.07886167, -77.142135)"
MCP243600B6,200030650,Montgomery County Police,Injury Crash,08/07/2020 10:15:00 AM,County,HARTWELL RD,BRADFORD RD,,N/A,PEDESTRIAN,SINGLE VEHICLE,CLEAR,DRY,DAYLIGHT,STOP SIGN,UNKNOWN,UNKNOWN,922B2AC7-99B0-475A-9AE9-E48BBF580FD1,PEDESTRIAN,Walking/Riding w/Traffic,UNKNOWN,ON ROADWAY NOT AT CROSSWALK,Yes,SUSPECTED SERIOUS INJURY,NONE,39.00013798,-77.00635538,"(39.00013798, -77.00635538)"
MCP31630060,230055809,Montgomery County Police,Injury Crash,09/19/2023 06:23:00 PM,Maryland (State),ROCKVILLE PIKE,EDSON LA,,N/A,PEDESTRIAN,HEAD ON LEFT TURN,CLEAR,DRY,DAYLIGHT,TRAFFIC SIGNAL,N/A,N/A,6793FB86-BD34-42B6-AF08-1E47C1539A66,PEDESTRIAN,Cross/Enter at Intersection,NO IMPROPER ACTIONS,ON ROADWAY AT CROSSWALK,No,POSSIBLE INJURY,NONE,39.04066867,-77.109677,"(39.04066867, -77.109677)"
MCP9417000Y,15054976,MONTGOMERY,Injury Crash,10/29/2015 12:00:00 PM,County,EDSON LA,WOODGLEN DR,,N/A,PEDESTRIAN,OTHER,CLEAR,DRY,DAYLIGHT,PERSON,UNKNOWN,NONE DETECTED,8E2C6FE6-BDC9-48D8-9028-0FCB2F766DB5,PEDESTRIAN,Standing,NO IMPROPER ACTIONS,OTHER,No,POSSIBLE INJURY,REFLECTIVE CLOTHING,39.04020833,-77.11192667,"(39.04020833, -77.11192667)"
MCP271700W5,210041996,Montgomery County Police,Property Damage Crash,10/19/2021 03:15:00 PM,US (State),COLUMBIA PIKE,TECH RD,,N/A,PEDESTRIAN,OTHER,CLEAR,DRY,DAYLIGHT,TRAFFIC SIGNAL,NONE DETECTED,NONE DETECTED,3B6D1BE4-C94E-4058-B9FB-EC43E11A1FC0,PEDESTRIAN,Cross/Enter at Intersection,NO IMPROPER ACTIONS,ON ROADWAY AT CROSSWALK,No,NO APPARENT INJURY,NONE,39.05789533,-76.96816317,"(39.05789533, -76.96816317)"
MCP31230025,210019038,Montgomery County Police,Injury Crash,05/20/2021 12:58:00 PM,County,WILLOW TREE TERR,WILLOW TREE TERR,,N/A,PEDESTRIAN,OTHER,CLEAR,DRY,DAYLIGHT,N/A,NONE DETECTED,NONE DETECTED,6086F579-800F-45FD-A75D-33B6F8FD7244,PEDESTRIAN,Walking/Cycling on Sidewalk,NO IMPROPER ACTIONS,SIDEWALK,No,POSSIBLE INJURY,N/A,39.086165,-77.20297583,"(39.086165, -77.20297583)"
MCP14530052,180004871,Montgomery County Police,Injury Crash,01/29/2018 06:57:00 AM,County,AIRCRAFT DR,CENTURY BLVD,,N/A,PEDESTRIAN,SINGLE VEHICLE,CLOUDY,DRY,DARK LIGHTS ON,TRAFFIC SIGNAL,NONE DETECTED,NONE DETECTED,A59FDFB3-9543-417D-B43B-DB8CD6AE3ED4,PEDESTRIAN,Cross/Enter at Intersection,FAILURE TO YIELD RIGHT OF WAY,ON ROADWAY AT CROSSWALK,Unknown,SUSPECTED MINOR INJURY,NONE,39.18380167,-77.26145333,"(39.18380167, -77.26145333)"
MCP2372002C,190049760,Montgomery County Police,Injury Crash,10/17/2019 09:31:00 AM,,,,PARKING LOT OF 5214 RIVER ROAD,,PEDESTRIAN,SINGLE VEHICLE,CLEAR,,DAYLIGHT,N/A,NONE DETECTED,NONE DETECTED,B97021D4-97A1-4429-A5F1-A276D73D6D58,PEDESTRIAN,Other,NO IMPROPER ACTIONS,OTHER,No,POSSIBLE INJURY,NONE,38.964625,-77.10461667,"(38.964625, -77.10461667)"
MCP2348005S,200002572,Montgomery County Police,Fatal Crash,01/15/2020 08:41:00 PM,Maryland (State),ROCKVILLE PIKE,ROLLINS AVE,,ROCKVILLE,PEDESTRIAN,SINGLE VEHICLE,CLEAR,DRY,DARK LIGHTS ON,TRAFFIC SIGNAL,NONE DETECTED,UNKNOWN,8B5E5D5B-C526-476F-829D-28228166602C,PEDESTRIAN,Unknown,UNKNOWN,UNKNOWN,Yes,FATAL INJURY,NONE,39.05748,-77.12031,"(39.05748, -77.12031)"
MCP115100BG,190059445,Montgomery County Police,Injury Crash,12/10/2019 08:30:00 AM,County,MIDDLEBROOK RD,ENT TO BUSINESS,,N/A,PEDESTRIAN,OTHER,CLOUDY,WET,DAYLIGHT,NO CONTROLS,UNKNOWN,NONE DETECTED,2DA10919-577C-47F6-82C3-B782B6675207,PEDESTRIAN,Cross/Enter at Intersection,UNKNOWN,AT INTERSECTION BUT NO CROSSWALK,No,SUSPECTED MINOR INJURY,N/A,39.1758385,-77.25480717,"(39.1758385, -77.25480717)"
MCP2586004F,180056363,Montgomery County Police,Injury Crash,11/09/2018 06:31:00 PM,County,STEWART LA,OLD COLUMBIA PIKE,,N/A,PEDESTRIAN,OTHER,CLEAR,DRY,DARK LIGHTS ON,NO CONTROLS,UNKNOWN,NONE DETECTED,25D81DF1-1BA8-4263-A0C8-33EB50D0FC75,PEDESTRIAN,Cross/Enter at Intersection,NO IMPROPER ACTIONS,ON ROADWAY AT CROSSWALK,No,POSSIBLE INJURY,N/A,39.04625267,-76.98656163,"(39.04625267, -76.98656163)"
MCP29050056,220002282,Montgomery County Police,Injury Crash,01/19/2022 06:49:00 AM,County,DEMOCRACY BLVD,BELLS MILL RD,,N/A,PEDESTRIAN,STRAIGHT MOVEMENT ANGLE,CLOUDY,WET,DARK LIGHTS ON,NO CONTROLS,N/A,N/A,2B085D08-63A1-46EE-A069-02200307D912,PEDESTRIAN,Cross/Enter at Intersection,NOT VISIBLE,ON ROADWAY NOT AT CROSSWALK,Unknown,SUSPECTED SERIOUS INJURY,NONE,39.02316607,-77.15377932,"(39.02316607, -77.15377932)"
MCP3238000T,200033959,Montgomery County Police,Injury Crash,08/30/2020 10:07:00 PM,Maryland (State),UNIVERSITY BLVD E,LEXINGTON DR,,N/A,BICYCLIST,SAME DIR REAR END,CLEAR,DRY,DARK LIGHTS ON,NO CONTROLS,UNKNOWN,NONE DETECTED,17454B80-6B72-46AD-B344-93B8F35E678D,BICYCLIST,Walking/Riding w/Traffic,NO IMPROPER ACTIONS,ON ROADWAY NOT AT CROSSWALK,No,SUSPECTED SERIOUS INJURY,LIGHTING,39.01932888,-77.01003382,"(39.01932888, -77.01003382)"
MCP2941003W,190062360,Montgomery County Police,Injury Crash,12/10/2019 06:08:00 PM,Maryland (State),GEORGIA AVE,FENWICK LA,,N/A,PEDESTRIAN,OTHER,RAINING,WET,DARK LIGHTS ON,OTHER,UNKNOWN,NONE DETECTED,9D6432B3-D409-43B8-91A0-306F071F0C08,PEDESTRIAN,Cross/Enter at Intersection,NO IMPROPER ACTIONS,ON ROADWAY AT CROSSWALK,No,POSSIBLE INJURY,NONE,38.99817812,-77.03059596,"(38.99817812, -77.03059596)"
MCP29820026,170547437,Montgomery County Police,Injury Crash,12/08/2017 06:53:00 PM,US (State),COLESVILLE RD,SPRING ST,,N/A,PEDESTRIAN,OTHER,CLEAR,DRY,DARK LIGHTS ON,UNKNOWN,UNKNOWN,NONE DETECTED,1D617DB5-AEA5-49B6-9969-B0DEB24DD89C,PEDESTRIAN,Cross/Enter at Intersection,NO IMPROPER ACTIONS,AT INTERSECTION MARKED CROSSWALK,No,SUSPECTED MINOR INJURY,N/A,38.9990128,-77.02622473,"(38.9990128, -77.02622473)"
MCP2708003N,180041484,Montgomery County Police,Injury Crash,08/20/2018 08:41:00 PM,Maryland (State),NEW HAMPSHIRE AVE,POWDER MILL RD,,N/A,PEDESTRIAN,STRAIGHT MOVEMENT ANGLE,CLEAR,DRY,DARK LIGHTS ON,TRAFFIC SIGNAL,NONE DETECTED,UNKNOWN,9446DC28-CC34-4E46-A636-D2A1970F61DE,PEDESTRIAN,Cross/Enter at Intersection,IN ROADWAY IMPROPERLY,ON ROADWAY AT CROSSWALK,Yes,POSSIBLE INJURY,NONE,39.02223164,-76.97753594,"(39.02223164, -76.97753594)"
MCP3158001F,190026188,Montgomery County Police,Injury Crash,06/01/2019 06:52:00 PM,County,SNOUFFERS SCHOOL RD,WOODFIELD RD,,N/A,PEDESTRIAN,OTHER,CLEAR,DRY,DAYLIGHT,WARNING SIGN,NONE DETECTED,NONE DETECTED,A1885F74-610F-4881-9007-17A7D44A93D1,PEDESTRIAN,Other,NO IMPROPER ACTIONS,ON ROADWAY AT CROSSWALK,No,POSSIBLE INJURY,NONE,39.16084,-77.163385,"(39.16084, -77.163385)"
MCP9318000L,180031038,Montgomery County Police,Injury Crash,06/23/2018 09:15:00 PM,County,CASTLE BLVD,TEAGARDEN CIR,,N/A,PEDESTRIAN,OTHER,CLEAR,DRY,DARK LIGHTS ON,NO CONTROLS,NONE DETECTED,NONE DETECTED,5EA97E46-11C2-4020-95BE-4ABD860524EE,PEDESTRIAN,Cross/Enter not at Intersection,DART DASH,ON ROADWAY NOT AT CROSSWALK,Yes,SUSPECTED SERIOUS INJURY,N/A,39.08186667,-76.94466,"(39.08186667, -76.94466)"
MCP28860010,15057995,MONTGOMERY,Injury Crash,11/13/2015 04:19:00 PM,County,GRIDLEY RD,SELFRIDGE RD,,N/A,PEDESTRIAN,SINGLE VEHICLE,CLEAR,DRY,DAYLIGHT,N/A,NONE DETECTED,NONE DETECTED,AA212CF7-22FD-467D-A997-6CBB4912CF52,PEDESTRIAN,Cross/Enter at Intersection,NO IMPROPER ACTIONS,AT INTERSECTION MARKED CROSSWALK,No,POSSIBLE INJURY,NONE,39.056545,-77.08547,"(39.056545, -77.08547)"