Report Number,Local Case Number,Agency Name,ACRS Report Type,Crash Date/Time,Route Type,Road Name,Cross-Street Name,Off-Road Description,Municipality,Related Non-Motorist,Collision Type,Weather,Surface Condition,Light,Traffic Control,Driver Substance Abuse,Non-Motorist Substance Abuse,Person ID,Pedestrian Type,Pedestrian Movement,Pedestrian Actions,Pedestrian Location,At Fault,Injury Severity,Safety Equipment,Latitude,Longitude,Location
DD5660000M,230065841,Rockville Police Departme,Injury Crash,11/11/2023 09:54:00 PM,Maryland (State),FREDERICK RD,KING FARM BLVD,,ROCKVILLE,PEDESTRIAN,OTHER,N/A,DRY,DARK LIGHTS ON,TRAFFIC SIGNAL,NONE DETECTED,NONE DETECTED,2B6BC5C2-8860-49CE-8D14-98919674821D,PEDESTRIAN,Cross/Enter at Intersection,NO IMPROPER ACTIONS,ON ROADWAY AT CROSSWALK,No,SUSPECTED MINOR INJURY,NONE,39.11714547,-77.16896531,"(39.11714547, -77.16896531)"
MCP3014000P,16032310,Montgomery County Police,Injury Crash,06/26/2016 03:14:00 AM,Maryland (State),GEORGIA AVE,CONNECTICUT AVE,,N/A,PEDESTRIAN,STRAIGHT MOVEMENT ANGLE,CLEAR,DRY,DARK LIGHTS ON,NO CONTROLS,UNKNOWN,ALCOHOL CONTRIBUTED,EB750F75-5C93-472D-A218-D7F9307C26AE,PEDESTRIAN,Cross/Enter not at Intersection,IN ROADWAY IMPROPERLY,ON ROADWAY NOT AT CROSSWALK,Yes,SUSPECTED MINOR INJURY,NONE,39.08314096,-77.07761317,"(39.08314096, -77.07761317)"
MCP2723002Z,170544779,Montgomery County Police,Injury Crash,11/25/2017 09:00:00 AM,County,CASHELL RD,CONTINENTAL DR,,N/A,BICYCLIST,STRAIGHT MOVEMENT ANGLE,CLEAR,DRY,DAYLIGHT,STOP SIGN,N/A,N/A,3568875F-9662-41CE-9383-AAED13BC00C4,BICYCLIST,Standing,NO IMPROPER ACTIONS,AT INTERSECTION MARKED CROSSWALK,No,POSSIBLE INJURY,MC/BIKE HELMET,39.13413667,-77.08583667,"(39.13413667, -77.08583667)"
DM8450000C,15049110,TAKOMA,Property Damage Crash,09/28/2015 08:57:00 AM,Municipality,MAPLE AVE,LEE AVE,,TAKOMA PARK,"BICYCLIST, PEDESTRIAN",OTHER,CLOUDY,DRY,DAYLIGHT,SCHOOL ZONE SIGN DEVICE,,NONE DETECTED,93AE9100-BABB-4D4D-A203-609338F919B6,BICYCLIST,Walking/Riding w/Traffic,FAILURE TO YIELD RIGHT OF WAY,AT INTERSECTION MARKED CROSSWALK,Yes,NO APPARENT INJURY,NONE,38.979885,-77.007915,"(38.979885, -77.007915)"
MCP3160003D,220011176,Montgomery County Police,Injury Crash,03/15/2022 03:23:00 PM,Maryland (State),EAST WEST HWY,BEACH DR,,N/A,BICYCLIST,STRAIGHT MOVEMENT ANGLE,CLEAR,DRY,DAYLIGHT,FLASHING TRAFFIC SIGNAL,NONE DETECTED,NONE DETECTED,A5FAD599-CE6C-4B29-80EC-02135AB8F3B2,BICYCLIST,Cross/Enter at Intersection,UNKNOWN,SHOULDER,No,SUSPECTED SERIOUS INJURY,MC/BIKE HELMET,38.99323167,-77.06343333,"(38.99323167, -77.06343333)"
MCP003600CJ,190060627,Montgomery County Police,Injury Crash,12/16/2019 05:23:00 PM,County,CENTURY BLVD,PINNACLE DR,,N/A,PEDESTRIAN,SINGLE VEHICLE,RAINING,WET,DARK LIGHTS ON,STOP SIGN,NONE DETECTED,NONE DETECTED,D291BCC2-2F2D-4EC0-9C06-68B67932A7DF,PEDESTRIAN,Cross/Enter at Intersection,NO IMPROPER ACTIONS,ON ROADWAY AT CROSSWALK,No,POSSIBLE INJURY,NONE,39.18250383,-77.26570667,"(39.18250383, -77.26570667)"
MCP1334004M,17001589,Montgomery County Police,Injury Crash,01/10/2017 09:56:00 AM,,,,PARKING LOT OF 19227 WATKINS MILL RD,,PEDESTRIAN,SINGLE VEHICLE,CLOUDY,,DAYLIGHT,NO CONTROLS,NONE DETECTED,NONE DETECTED,1608CFB5-7D3A-470B-8B94-4621203DD3D1,PEDESTRIAN,Cross/Enter at Intersection,NO IMPROPER ACTIONS,AT INTERSECTION BUT NO CROSSWALK,No,SUSPECTED MINOR INJURY,NONE,39.17128211,-77.20726177,"(39.17128211, -77.20726177)"
MCP28120011,15005442,Montgomery County Police,Injury Crash,02/03/2015 10:09:00 AM,County,FENTON ST,ELLSWORTH DR,,N/A,PEDESTRIAN,SINGLE VEHICLE,CLEAR,DRY,DAYLIGHT,TRAFFIC SIGNAL,N/A,N/A,2D60AD7C-9329-47B4-9D4C-C951555264DA,PEDESTRIAN,Cross/Enter at Intersection,NO IMPROPER ACTIONS,ON ROADWAY AT CROSSWALK,,POSSIBLE INJURY,N/A,38.99688,-77.02540833,"(38.99688, -77.02540833)"
MCP27100045,220024661,Montgomery County Police,Injury Crash,06/08/2022 07:50:00 PM,County,LONGDRAFT RD,PHEASANT RUN DR,,GAITHERSBURG,MACHINE OPERATOR/RIDER,STRAIGHT MOVEMENT ANGLE,RAINING,WET,DAYLIGHT,N/A,NONE DETECTED,NONE DETECTED,370591B1-A208-4699-B1B7-2A54755452D5,MACHINE OPERATOR/RIDER,Cross/Enter at Intersection,INATTENTIVE,ON ROADWAY NOT AT CROSSWALK,Yes,POSSIBLE INJURY,NONE,39.14463696,-77.23817045,"(39.14463696, -77.23817045)"
MCP31990021,200026750,Montgomery County Police,Injury Crash,07/10/2020 06:23:00 AM,Maryland (State),VEIRS MILL RD,BUSHEY DR,,N/A,OTHER CONVEYANCE,SAME DIR REAR END,CLEAR,DRY,DAYLIGHT,NO CONTROLS,NONE DETECTED,NONE DETECTED,AAB0A796-AA4A-436D-AEC2-97724B8C71F8,OTHER CONVEYANCE,Other,INATTENTIVE,OTHER,Yes,SUSPECTED MINOR INJURY,MC/BIKE HELMET,39.05463833,-77.07975333,"(39.05463833, -77.07975333)"
DM84780019,210047061,Takoma Park Police Depart,Property Damage Crash,11/19/2021 05:00:00 PM,,,,"IN THE DRIVE WAY LOCATED AT  7129 CARROLL AVE TAKOMA PARK, MONTGOMERY COUNTY, MD",,OTHER,SINGLE VEHICLE,N/A,,DARK -- UNKNOWN LIGHTING,NO CONTROLS,NONE DETECTED,NONE DETECTED,4DE1725F-40F8-49E9-9CD2-DA50DBBCDCAE,OTHER,Other,OTHER,OTHER,No,NO APPARENT INJURY,NONE,38.98136667,-77.01028167,"(38.98136667, -77.01028167)"
MCP271700V7,210017608,Montgomery County Police,Injury Crash,05/10/2021 05:50:00 PM,County,PORTER RD,SUNDALE DR,,N/A,BICYCLIST,OTHER,CLEAR,DRY,DAYLIGHT,NO CONTROLS,NONE DETECTED,NONE DETECTED,2A6F2A02-F86F-4D42-9C50-670CAB71DF6A,BICYCLIST,Cross/Enter not at Intersection,DART DASH,ON ROADWAY NOT AT CROSSWALK,Yes,SUSPECTED MINOR INJURY,MC/BIKE HELMET,38.99185067,-77.09790933,"(38.99185067, -77.09790933)"
MCP2641003M,230066732,Montgomery County Police,Injury Crash,11/16/2023 03:20:00 PM,Maryland (State),GEORGIA AVE,GOLD MINE RD,,N/A,BICYCLIST,HEAD ON LEFT TURN,CLEAR,DRY,DAYLIGHT,TRAFFIC SIGNAL,NONE DETECTED,NONE DETECTED,EDBA9767-FA15-44BB-B64E-7E329333CF09,BICYCLIST,Cross/Enter at Intersection,NO IMPROPER ACTIONS,ON ROADWAY NOT AT CROSSWALK,No,POSSIBLE INJURY,MC/BIKE HELMET,39.17206833,-77.05902167,"(39.17206833, -77.05902167)"
MCP1227000V,190004078,Montgomery County Police,Fatal Crash,01/26/2019 12:03:00 AM,Maryland (State),LAYHILL RD,GREENERY LA,,N/A,PEDESTRIAN,SINGLE VEHICLE,CLEAR,DRY,DARK LIGHTS ON,NO CONTROLS,NONE DETECTED,NONE DETECTED,63148ABF-E7B5-4782-A800-D8301F878238,PEDESTRIAN,Cross/Enter not at Intersection,UNKNOWN,OUTSIDE RIGHT OF WAY,No,FATAL INJURY,NONE,39.0609988,-77.05084079,"(39.0609988, -77.05084079)"
MCP28590073,190032715,Montgomery County Police,Injury Crash,07/12/2019 09:00:00 AM,,,,"GARAGE BEHIND 9420 KEY WEST AVE, GAITHERSBURG, MD, 20878",,PEDESTRIAN,OTHER,CLEAR,,DARK -- UNKNOWN LIGHTING,NO CONTROLS,UNKNOWN,NONE DETECTED,4281002E-5997-4A77-878D-B73AD3B4042F,PEDESTRIAN,Cross/Enter not at Intersection,NO IMPROPER ACTIONS,OTHER,No,POSSIBLE INJURY,NONE,39.10298535,-77.19419552,"(39.10298535, -77.19419552)"
MCP93790012,16066977,Montgomery County Police,Injury Crash,12/29/2016 02:14:00 PM,Municipality,S STONESTREET AVE,BALTIMORE RD,,N/A,PEDESTRIAN,STRAIGHT MOVEMENT ANGLE,CLEAR,DRY,DAYLIGHT,N/A,NONE DETECTED,NONE DETECTED,7C3D19DE-B48A-4D76-8FF2-0729398A79F2,PEDESTRIAN,Cross/Enter at Intersection,NO IMPROPER ACTIONS,AT INTERSECTION MARKED CROSSWALK,No,POSSIBLE INJURY,NONE,39.08284532,-77.14354187,"(39.08284532, -77.14354187)"
MCP2722004Z,230063091,Montgomery County Police,Injury Crash,10/28/2023 05:04:00 PM,,,,PARKING LOT OF 2904 N LEISURE WORLD BLVD,,PEDESTRIAN,SINGLE VEHICLE,CLEAR,,DAYLIGHT,NO CONTROLS,NONE DETECTED,NONE DETECTED,502693D8-67C1-4A01-84C0-EAE77A72CCF3,PEDESTRIAN,Other,NO IMPROPER ACTIONS,OTHER,No,SUSPECTED MINOR INJURY,NONE,39.104894,-77.05995717,"(39.104894, -77.05995717)"
MCP2844001W,16063618,Montgomery County Police,Injury Crash,12/11/2016 06:36:00 PM,Maryland (State),VEIRS MILL RD,ENT TO WHEATON PLAZA,,N/A,PEDESTRIAN,OTHER,N/A,DRY,DARK LIGHTS ON,NO CONTROLS,NONE DETECTED,NONE DETECTED,F0FE77EC-9195-4412-BA92-43224C97B2DD,PEDESTRIAN,Cross/Enter not at Intersection,NO IMPROPER ACTIONS,ON ROADWAY AT CROSSWALK,No,SUSPECTED MINOR INJURY,N/A,39.0372884,-77.05765218,"(39.0372884, -77.05765218)"
MCP33420017,230057592,Montgomery County Police,Injury Crash,09/29/2023 09:47:00 PM,County,VEIRS MILL RD,VEIRS MILL RD,,N/A,PEDESTRIAN,OTHER,N/A,WET,DARK NO LIGHTS,TRAFFIC SIGNAL,UNKNOWN,ALCOHOL PRESENT,57FEB7CA-E2E5-4AB6-A50E-BD16F7AB074F,PEDESTRIAN,Unknown,UNKNOWN,UNKNOWN,Unknown,SUSPECTED SERIOUS INJURY,NONE,39.0448662,-77.06478595,"(39.0448662, -77.06478595)"
DD5604003K,200029470,Rockville Police Departme,Injury Crash,07/29/2020 04:41:00 PM,Municipality,EDMONSTON DR,VEIRS MILL SERV RD,,ROCKVILLE,BICYCLIST,STRAIGHT MOVEMENT ANGLE,CLEAR,DRY,DAYLIGHT,STOP SIGN,NONE DETECTED,NONE DETECTED,4B48EDD0-1673-45E3-B932-BF4C2A25AF77,BICYCLIST,Walking/Riding w/Traffic,FAILURE TO OBEY TRAFFIC SIGNS SIGNALS OR OFFICER,ON ROADWAY NOT AT CROSSWALK,Yes,SUSPECTED MINOR INJURY,NONE,39.078304,-77.13051683,"(39.078304, -77.13051683)"
MCP2714001L,200008878,Montgomery County Police,Injury Crash,02/22/2020 03:20:00 PM,,,,PARKING LOT IN FRONT OF 12214 VEIRS MILL RD,,PEDESTRIAN,HEAD ON LEFT TURN,CLEAR,,DAYLIGHT,N/A,UNKNOWN,N/A,7E3B5855-D973-4416-8C39-B57518704F3E,PEDESTRIAN,Push/Work on Vehicle,INATTENTIVE,SIDEWALK,No,POSSIBLE INJURY,NONE,39.05647487,-77.08386766,"(39.05647487, -77.08386766)"
MCP3197003W,230072585,Montgomery County Police,Injury Crash,12/19/2023 03:22:00 PM,County,BEL PRE RD,RIPPLING BROOK DR,,N/A,PEDESTRIAN,STRAIGHT MOVEMENT ANGLE,CLEAR,DRY,DAYLIGHT,NO CONTROLS,NONE DETECTED,NONE DETECTED,E1BFF353-344C-4CA1-9450-28C8D3D3CB5C,PEDESTRIAN,Cross/Enter at Intersection,NO IMPROPER ACTIONS,ON ROADWAY AT CROSSWALK,No,SUSPECTED SERIOUS INJURY,NONE,39.09041416,-77.05300905,"(39.09041416, -77.05300905)"
MCP3121000R,180018114,Montgomery County Police,Injury Crash,04/13/2018 06:34:00 PM,County,CONTOUR RD,LOST KNIFE RD,,N/A,PEDESTRIAN,OTHER,CLEAR,DRY,DAYLIGHT,NO CONTROLS,NONE DETECTED,NONE DETECTED,BFFB6424-E8D2-4C98-8F32-9973FF730F3A,PEDESTRIAN,Cross/Enter not at Intersection,IN ROADWAY IMPROPERLY,ON ROADWAY NOT AT CROSSWALK,Yes,SUSPECTED MINOR INJURY,N/A,39.155415,-77.20033333,"(39.155415, -77.20033333)"
DD56330083,230008437,Rockville Police Departme,Injury Crash,02/19/2023 08:00:00 PM,Maryland (State),VEIRS MILL RD,ATLANTIC AVE,,ROCKVILLE,PEDESTRIAN,OTHER,CLEAR,DRY,DARK LIGHTS ON,TRAFFIC SIGNAL,NONE DETECTED,NONE DETECTED,7E21D8A2-62BF-4C98-AE11-49A11302D4F2,PEDESTRIAN,Cross/Enter not at Intersection,DART DASH,ON ROADWAY NOT AT CROSSWALK,Yes,SUSPECTED MINOR INJURY,NONE,39.07491545,-77.11553743,"(39.07491545, -77.11553743)"
MCP2707001D,180062919,Montgomery County Police,Injury Crash,12/17/2018 08:00:00 AM,Maryland (State),FREDERICK RD,RAMP 8 FR MD 355 SB TO IS 370 WB,,N/A,PEDESTRIAN,SAME DIRECTION RIGHT TURN,CLEAR,DRY,DAYLIGHT,N/A,UNKNOWN,NONE DETECTED,0A3109EA-795A-49B6-94DB-8F54EA8E1C55,PEDESTRIAN,Cross/Enter at Intersection,INATTENTIVE,AT INTERSECTION MARKED CROSSWALK,No,SUSPECTED MINOR INJURY,NONE,39.12366524,-77.17905555,"(39.12366524, -77.17905555)"
MCP30680008,170526461,Montgomery County Police,Injury Crash,08/23/2017 07:24:00 PM,Maryland (State),OLD GEORGETOWN RD,RAMP 4 FR MD 187 NB TO IS 495 EB,,N/A,BICYCLIST,HEAD ON LEFT TURN,CLEAR,DRY,DAYLIGHT,TRAFFIC SIGNAL,N/A,N/A,3792D5EB-1C1F-4090-9B6F-8C739F70A506,BICYCLIST,Walking/Cycling on Sidewalk,FAILURE TO OBEY TRAFFIC SIGNS SIGNALS OR OFFICER,ON ROADWAY AT CROSSWALK,Yes,POSSIBLE INJURY,MC/BIKE HELMET,39.01504167,-77.118695,"(39.01504167, -77.118695)"
MCP3129007V,230057809,Montgomery County Police,Injury Crash,10/01/2023 07:30:00 AM,Maryland (State),GEORGIA AVE,ASPEN HILL RD,,N/A,PEDESTRIAN,OTHER,CLEAR,DRY,DAYLIGHT,TRAFFIC SIGNAL,NONE DETECTED,NONE DETECTED,04305442-8938-4E80-965B-97877E01430B,PEDESTRIAN,Unknown,INATTENTIVE,UNKNOWN,Unknown,SUSPECTED MINOR INJURY,NONE,39.08041082,-77.07525236,"(39.08041082, -77.07525236)"
MCP3012006Y,200031220,Montgomery County Police,Fatal Crash,08/11/2020 10:09:00 AM,County,BEL PRE RD,LONDON LA,,N/A,PEDESTRIAN,SINGLE VEHICLE,CLEAR,DRY,DAYLIGHT,NO CONTROLS,UNKNOWN,N/A,200A8E58-E5FA-4BA9-B7DC-D4F49531776B,PEDESTRIAN,Standing,ENTERING EXITING PARKED STANDING VEHICLE,OTHER,No,FATAL INJURY,N/A,39.092935,-77.08049333,"(39.092935, -77.08049333)"
MCP3004003D,190051575,Montgomery County Police,Injury Crash,10/26/2019 08:04:00 PM,County,WASHINGTON AVE,COLSTON DR,,N/A,PEDESTRIAN,OTHER,CLEAR,DRY,DARK LIGHTS ON,N/A,NONE DETECTED,NONE DETECTED,710023B6-991A-4BE0-A9B9-D70464BBD123,PEDESTRIAN,Other,FAILURE TO YIELD RIGHT OF WAY,OTHER,Yes,SUSPECTED MINOR INJURY,NONE,38.99313155,-77.04768358,"(38.99313155, -77.04768358)"
DD5615003D,170508051,Rockville Police Departme,Injury Crash,05/16/2017 09:44:00 AM,Maryland (State),HUNGERFORD DR,FREDERICK AVE #2,,ROCKVILLE,PEDESTRIAN,OTHER,CLEAR,DRY,DAYLIGHT,NO CONTROLS,NONE DETECTED,NONE DETECTED,C13115A6-3D85-4FFD-ADB1-FA97086F90C0,PEDESTRIAN,Cross/Enter not at Intersection,FAILURE TO YIELD RIGHT OF WAY,OUTSIDE RIGHT OF WAY,Yes,POSSIBLE INJURY,NONE,39.09451,-77.15309667,"(39.09451, -77.15309667)"
MCP2991003W,190040989,Montgomery County Police,Injury Crash,08/26/2019 08:20:00 PM,County,HINES RD,WELLFLEET DR,,N/A,PEDESTRIAN,SINGLE VEHICLE,CLEAR,DRY,DARK LIGHTS ON,N/A,N/A,N/A,C404D28E-0035-45B1-A0A7-C8CF71E68B88,PEDESTRIAN,Cross/Enter at Intersection,NO IMPROPER ACTIONS,AT INTERSECTION MARKED CROSSWALK,No,POSSIBLE INJURY,NONE,39.14143267,-77.07796833,"(39.14143267, -77.07796833)"
MCP2411003F,190027727,Montgomery County Police,Injury Crash,06/10/2019 04:08:00 PM,,,,PARKING LOT OF UNIQUE THRIFT STORE,,PEDESTRIAN,OTHER,CLOUDY,,DAYLIGHT,UNKNOWN,UNKNOWN,ALCOHOL PRESENT,BC47460A-0554-45D8-9425-11F7FFC8FA28,PEDESTRIAN,Unknown,UNKNOWN,UNKNOWN,Unknown,POSSIBLE INJURY,N/A,39.05699503,-77.08239273,"(39.05699503, -77.08239273)"
MCP26500016,230050435,Montgomery County Police,Injury Crash,08/20/2023 09:26:00 PM,County,HILLANDALE RD,BRADLEY BLVD,,N/A,PEDESTRIAN,SINGLE VEHICLE,CLEAR,DRY,DARK LIGHTS ON,TRAFFIC SIGNAL,NONE DETECTED,NONE DETECTED,40E0881A-7D2D-414E-8A63-0CE960474748,PEDESTRIAN,Cross/Enter at Intersection,NO IMPROPER ACTIONS,ON ROADWAY AT CROSSWALK,No,SUSPECTED MINOR INJURY,N/A,38.9778,-77.09670833,"(38.9778, -77.09670833)"
MCP21070039,210024485,Montgomery County Police,Injury Crash,06/26/2021 09:09:00 AM,County,BARNESVILLE RD,MT EPHRAIM RD,,N/A,BICYCLIST,SAME DIR REAR END,CLEAR,DRY,DAYLIGHT,NO CONTROLS,NONE DETECTED,NONE DETECTED,0F2B82F9-E612-4714-87E5-73A19033D525,BICYCLIST,Walking/Riding w/Traffic,NO IMPROPER ACTIONS,OTHER,No,SUSPECTED MINOR INJURY,MC/BIKE HELMET,39.22623333,-77.40316167,"(39.22623333, -77.40316167)"
MCP30780038,200022250,Montgomery County Police,Injury Crash,06/06/2020 04:15:00 AM,,,,SLEISURE WORLD BLVD AND EDELMAR TERRACE,,PEDESTRIAN,OTHER,CLEAR,,DARK LIGHTS ON,NO CONTROLS,UNKNOWN,NONE DETECTED,70357CAA-4036-4C0B-9FA7-78F9773E2E2F,PEDESTRIAN,Walking/Riding w/Traffic,NO IMPROPER ACTIONS,SIDEWALK,No,SUSPECTED MINOR INJURY,NONE,39.09483298,-77.0696517,"(39.09483298, -77.0696517)"
MCP28910040,170523155,Montgomery County Police,Injury Crash,08/05/2017 11:34:00 AM,Maryland (State),GEORGIA AVE,FOREST GLEN RD,,N/A,PEDESTRIAN,SINGLE VEHICLE,CLEAR,DRY,DAYLIGHT,TRAFFIC SIGNAL,NONE DETECTED,NONE DETECTED,5A11D6D5-2A15-4381-B0E6-ECB4014CA598,PEDESTRIAN,Cross/Enter at Intersection,OTHER,AT INTERSECTION MARKED CROSSWALK,No,SUSPECTED SERIOUS INJURY,NONE,39.01587583,-77.0427145,"(39.01587583, -77.0427145)"
MCP2934003R,190031395,Montgomery County Police,Injury Crash,07/01/2019 06:46:00 PM,County,WESTLAKE TERR,AUTO PARK AVE,,N/A,PEDESTRIAN,OTHER,CLEAR,DRY,DAYLIGHT,TRAFFIC SIGNAL,NONE DETECTED,NONE DETECTED,20202D83-D6A2-4674-B4F6-3B699236EC2D,PEDESTRIAN,Cross/Enter at Intersection,NO IMPROPER ACTIONS,ON ROADWAY AT CROSSWALK,No,POSSIBLE INJURY,NONE,39.02661289,-77.14558403,"(39.02661289, -77.14558403)"
MCP2046006W,170510819,Montgomery County Police,Injury Crash,05/31/2017 07:20:00 AM,County,DENNIS AVE,ROYALTON RD,,N/A,PEDESTRIAN,STRAIGHT MOVEMENT ANGLE,CLOUDY,WET,DAYLIGHT,NO CONTROLS,NONE DETECTED,NONE DETECTED,00585223-14D1-4513-AEDD-56F688689028,PEDESTRIAN,Cross/Enter not at Intersection,IN ROADWAY IMPROPERLY,ON ROADWAY NOT AT CROSSWALK,Yes,POSSIBLE INJURY,N/A,39.02742088,-77.01719239,"(39.02742088, -77.01719239)"
MCP3080002K,200012073,Montgomery County Police,Injury Crash,03/12/2020 06:31:00 PM,County,MIDDLEBROOK RD,CRYSTAL ROCK DR,,N/A,BICYCLIST,N/A,CLEAR,DRY,DAYLIGHT,TRAFFIC SIGNAL,NONE DETECTED,N/A,FCCD6E79-8D0A-4FE4-B215-75E1CBA68449,BICYCLIST,Cross/Enter at Intersection,N/A,AT INTERSECTION MARKED CROSSWALK,No,POSSIBLE INJURY,NONE,39.17686072,-77.26440422,"(39.17686072, -77.26440422)"
MCP2919005L,180060267,Montgomery County Police,Injury Crash,12/02/2018 05:29:00 PM,Maryland (State),UNIVERSITY BLVD E,PATTON DR,,N/A,PEDESTRIAN,OTHER,CLEAR,DRY,DARK LIGHTS ON,N/A,NONE DETECTED,NONE DETECTED,FE7F5EAE-B949-413D-B117-696B3473A989,PEDESTRIAN,Cross/Enter not at Intersection,IN ROADWAY IMPROPERLY,ON ROADWAY NOT AT CROSSWALK,Yes,SUSPECTED SERIOUS INJURY,N/A,39.00212667,-76.99577667,"(39.00212667, -76.99577667)"
MCP2008000M,15002220,Montgomery County Police,Injury Crash,01/14/2015 05:17:00 PM,County,SANGAMORE RD,BROOKES LA,,N/A,PEDESTRIAN,OTHER,CLOUDY,DRY,DUSK,STOP SIGN,UNKNOWN,NONE DETECTED,7A26980B-BFE5-42F4-9E96-BA18E59616C6,PEDESTRIAN,Cross/Enter at Intersection,NO IMPROPER ACTIONS,ON ROADWAY AT CROSSWALK,,POSSIBLE INJURY,N/A,38.94900833,-77.12020333,"(38.94900833, -77.12020333)"
MCP2982004F,220042750,Montgomery County Police,Injury Crash,09/30/2022 09:05:00 PM,County,SPRING ST,FIRST AVE,,N/A,PEDESTRIAN,OTHER,CLEAR,WET,DARK LIGHTS ON,NO CONTROLS,NONE DETECTED,N/A,7013A708-8B0B-407A-9FBB-D3238EC49AB2,PEDESTRIAN,Cross/Enter not at Intersection,FAILURE TO YIELD RIGHT OF WAY,SHOULDER,Yes,POSSIBLE INJURY,NONE,38.99897853,-77.03279139,"(38.99897853, -77.03279139)"
MCP0619000K,15051175,MONTGOMERY,Injury Crash,10/09/2015 07:39:00 AM,County,GLEN MILL RD,DARNESTOWN RD,,N/A,BICYCLIST,STRAIGHT MOVEMENT ANGLE,N/A,WET,DAYLIGHT,TRAFFIC SIGNAL,,N/A,11F7F021-C91A-4017-A52B-CD40488B9E89,BICYCLIST,Cross/Enter at Intersection,FAILURE TO OBEY TRAFFIC SIGNS SIGNALS OR OFFICER,ON ROADWAY AT CROSSWALK,Yes,POSSIBLE INJURY,MC/BIKE HELMET,39.09213667,-77.19454167,"(39.09213667, -77.19454167)"
MCP2722002S,170550433,Montgomery County Police,Injury Crash,12/23/2017 08:08:00 PM,Maryland (State),GEORGIA AVE,ENT TO APTS,,N/A,PEDESTRIAN,SINGLE VEHICLE,N/A,WET,DARK LIGHTS ON,STOP SIGN,N/A,N/A,04D3E27F-2A9F-4A12-9B9A-2E1DF1C1BB34,PEDESTRIAN,Cross/Enter at Intersection,NO IMPROPER ACTIONS,AT INTERSECTION BUT NO CROSSWALK,No,POSSIBLE INJURY,NONE,39.09050167,-77.07965,"(39.09050167, -77.07965)"
MCP23530041,170513155,Montgomery County Police,Injury Crash,06/12/2017 06:18:00 AM,Maryland (State),EAST WEST HWY,SPUR FR JONES MILL RD,,N/A,BICYCLIST,STRAIGHT MOVEMENT ANGLE,CLOUDY,DRY,DAYLIGHT,NO CONTROLS,NONE DETECTED,NONE DETECTED,A1114331-0C38-40AF-8935-0257D6D6B277,BICYCLIST,Cross/Enter not at Intersection,INATTENTIVE,OUTSIDE RIGHT OF WAY,Yes,SUSPECTED MINOR INJURY,MC/BIKE HELMET,38.99326333,-77.06411,"(38.99326333, -77.06411)"
MCP30480056,190023306,Montgomery County Police,Injury Crash,05/17/2019 11:14:00 AM,County,MADISON ST,ANDERSON RD,,N/A,"OTHER, PEDESTRIAN",OTHER,CLOUDY,DRY,DAYLIGHT,NO CONTROLS,N/A,N/A,AA0C6665-C0DA-4C32-A388-547F3C0C8E95,OTHER,Other,N/A,N/A,No,NO APPARENT INJURY,N/A,39.03666667,-77.07016333,"(39.03666667, -77.07016333)"
MCP28810053,220051496,Montgomery County Police,Injury Crash,11/21/2022 02:20:00 PM,,,,11530 MIDDLEBROOK RD,,PEDESTRIAN,SINGLE VEHICLE,CLEAR,,DAYLIGHT,NO CONTROLS,UNKNOWN,N/A,F4EA78D5-F385-4308-8E9F-C121D6B99C96,PEDESTRIAN,Standing,NO IMPROPER ACTIONS,INSIDE BUILDING,No,POSSIBLE INJURY,N/A,39.17965167,-77.239425,"(39.17965167, -77.239425)"
MCP25460029,17007535,Montgomery County Police,Property Damage Crash,02/11/2017 04:19:00 PM,County,ATHERTON DR,ISBELL ST,,N/A,BICYCLIST,SINGLE VEHICLE,CLOUDY,DRY,DAYLIGHT,NO CONTROLS,NONE DETECTED,NONE DETECTED,F7624F05-DF97-475B-8248-155A5E23844D,BICYCLIST,Playing,DART DASH,ON ROADWAY NOT AT CROSSWALK,Yes,NO APPARENT INJURY,NONE,39.06413333,-77.07593167,"(39.06413333, -77.07593167)"
MCP2717009T,17010018,Montgomery County Police,Property Damage Crash,02/24/2017 03:00:00 PM,,,,10201 OLD GEORGETOWN ROAD (WILDWOOD SHOPPING CENTER PARKING-LOT),,PEDESTRIAN,SINGLE VEHICLE,CLEAR,,DAYLIGHT,NO CONTROLS,UNKNOWN,NONE DETECTED,2A278E7E-53D4-404A-88FA-459CA0EB0D09,PEDESTRIAN,Cross/Enter at Intersection,NO IMPROPER ACTIONS,ON ROADWAY AT CROSSWALK,No,NO APPARENT INJURY,NONE,39.02411833,-77.12386717,"(39.02411833, -77.12386717)"
DD5601002Q,17012008,Rockville Police Departme,Injury Crash,03/07/2017 01:45:00 PM,Municipality,WOOTTON PKWY,SEVEN LOCKS RD,,ROCKVILLE,BICYCLIST,OTHER,CLEAR,DRY,DAYLIGHT,TRAFFIC SIGNAL,N/A,N/A,27A9C2D0-0873-4EC4-96A0-7665BEDE37D4,BICYCLIST,Walking/Riding against Traffic,UNKNOWN,ON ROADWAY AT CROSSWALK,Unknown,SUSPECTED MINOR INJURY,MC/BIKE HELMET,39.06696392,-77.16167092,"(39.06696392, -77.16167092)"
MCP29540045,170537648,Montgomery County Police,Injury Crash,10/19/2017 06:52:00 PM,,,,1008 QUEBEC TER APT 101,,OTHER,SAME DIRECTION SIDESWIPE,CLEAR,,DARK -- UNKNOWN LIGHTING,NO CONTROLS,ALCOHOL PRESENT,N/A,A14AB852-7D3B-42A4-BC61-399EFBACF86F,OTHER,Other,NO IMPROPER ACTIONS,INSIDE BUILDING,No,SUSPECTED MINOR INJURY,N/A,38.99984,-76.98938667,"(38.99984, -76.98938667)"
DM8434001S,190010565,Takoma Park Police Depart,Injury Crash,03/07/2019 04:13:00 AM,Maryland (State),PINEY BRANCH RD,PHILADELPHIA AVE,,N/A,OTHER,SINGLE VEHICLE,CLEAR,DRY,DARK LIGHTS ON,PERSON,UNKNOWN,N/A,67E506EE-B483-45E3-B3A6-F36749345583,OTHER,Standing,NO IMPROPER ACTIONS,ON ROADWAY NOT AT CROSSWALK,No,POSSIBLE INJURY,REFLECTIVE CLOTHING,38.98354667,-77.01549167,"(38.98354667, -77.01549167)"