Report Number,Local Case Number,Agency Name,ACRS Report Type,Crash Date/Time,Route Type,Road Name,Cross-Street Name,Off-Road Description,Municipality,Related Non-Motorist,Collision Type,Weather,Surface Condition,Light,Traffic Control,Driver Substance Abuse,Non-Motorist Substance Abuse,Person ID,Pedestrian Type,Pedestrian Movement,Pedestrian Actions,Pedestrian Location,At Fault,Injury Severity,Safety Equipment,Latitude,Longitude,Location
DD56050083,230066468,Rockville Police Departme,Injury Crash,11/15/2023 12:00:00 PM,Maryland (State),ROCKVILLE PIKE,WOOTTON PKWY,,ROCKVILLE,PEDESTRIAN,OTHER,CLEAR,DRY,DAYLIGHT,TRAFFIC SIGNAL,UNKNOWN,N/A,B11845F6-08D5-42D7-85D5-1C4A0926E9F5,PEDESTRIAN,Cross/Enter at Intersection,NO IMPROPER ACTIONS,ON ROADWAY AT CROSSWALK,No,POSSIBLE INJURY,N/A,39.07695037,-77.13949521,"(39.07695037, -77.13949521)"
MCP2967001L,16044742,Montgomery County Police,Injury Crash,09/01/2016 08:35:00 PM,Maryland (State),CONNECTICUT AVE,RAYMOND ST,,CHEVY CHASE #3,PEDESTRIAN,SINGLE VEHICLE,RAINING,WET,DARK LIGHTS ON,TRAFFIC SIGNAL,N/A,N/A,7975393E-8274-4EF2-A5CA-A854F0F4CE16,PEDESTRIAN,Cross/Enter at Intersection,NO IMPROPER ACTIONS,ON ROADWAY AT CROSSWALK,No,SUSPECTED MINOR INJURY,NONE,38.97806833,-77.07701833,"(38.97806833, -77.07701833)"
MCP2905003G,170544293,Montgomery County Police,Injury Crash,11/22/2017 11:38:00 AM,County,ROSS RD,GRUBB RD,,N/A,OTHER,OTHER,CLEAR,DRY,DAYLIGHT,N/A,N/A,UNKNOWN,81B80E0D-82BC-43B1-970E-BD072AFBFF94,OTHER,Other Working,NOT VISIBLE,OTHER,Unknown,POSSIBLE INJURY,UNKNOWN,38.99452667,-77.05458833,"(38.99452667, -77.05458833)"
MCP2689000X,15023448,Montgomery County Police,Injury Crash,05/16/2015 11:17:00 AM,Maryland (State),ROCKVILLE PIKE,TWINBROOK PKWY,,ROCKVILLE,BICYCLIST,SAME DIRECTION RIGHT TURN,CLEAR,DRY,DAYLIGHT,TRAFFIC SIGNAL,NONE DETECTED,NONE DETECTED,F5C60ED5-D31F-48B4-A863-866B78184E25,BICYCLIST,Walking/Riding w/Traffic,NO IMPROPER ACTIONS,ON ROADWAY NOT AT CROSSWALK,,SUSPECTED MINOR INJURY,MC/BIKE HELMET,39.059225,-77.12142833,"(39.059225, -77.12142833)"
MCP2814002R,210040568,Montgomery County Police,Injury Crash,10/11/2021 07:28:00 AM,County,BLACKBERRY DR,DARNESTOWN RD,,N/A,BICYCLIST,OTHER,N/A,DRY,DAYLIGHT,STOP SIGN,UNKNOWN,NONE DETECTED,107A527E-561E-4A56-9B39-8B806DDC7894,BICYCLIST,Cross/Enter at Intersection,WRONG WAY RIDING OR WALKING,AT INTERSECTION MARKED CROSSWALK,Yes,SUSPECTED MINOR INJURY,MC/BIKE HELMET,39.11650767,-77.24864083,"(39.11650767, -77.24864083)"
MCP3138000F,180050688,Montgomery County Police,Injury Crash,10/04/2018 05:00:00 PM,,,,MACY'S PARKING LOT @ WHEATON PLAZA,,PEDESTRIAN,OTHER,UNKNOWN,,UNKNOWN,N/A,UNKNOWN,UNKNOWN,9819D366-266D-426C-8B54-227D1B8AD523,PEDESTRIAN,Other,NO IMPROPER ACTIONS,OTHER,No,POSSIBLE INJURY,UNKNOWN,39.03756997,-77.05633537,"(39.03756997, -77.05633537)"
DD5637000Y,200001711,Rockville Police Departme,Injury Crash,01/10/2020 04:59:00 PM,,,,PARKING LOT OF 1900 ROCKVILLE PIKE,,PEDESTRIAN,SINGLE VEHICLE,CLEAR,,DAWN,NO CONTROLS,NONE DETECTED,NONE DETECTED,2B6802D0-1F24-4866-8DB9-F312C77BCAE2,PEDESTRIAN,Walking/Cycling on Sidewalk,NO IMPROPER ACTIONS,SIDEWALK,No,POSSIBLE INJURY,NONE,39.05914867,-77.12140233,"(39.05914867, -77.12140233)"
EJ78510067,210008384,Gaithersburg Police Depar,Injury Crash,03/05/2021 05:53:00 PM,,,,BEHIND 422 MARKET STREET (PARKING LOT),,PEDESTRIAN,OTHER,CLEAR,,DAYLIGHT,NO CONTROLS,UNKNOWN,NONE DETECTED,81D5F8AD-E529-4618-BD83-6F70465A4E5A,PEDESTRIAN,Other,INATTENTIVE,OTHER,No,SUSPECTED MINOR INJURY,NONE,39.12174383,-77.23678555,"(39.12174383, -77.23678555)"
MCP2016001C,16052613,Montgomery County Police,Injury Crash,10/13/2016 09:12:00 AM,,,,"DRIVEWAY OF 11105 POTOMAC CREST DR
POTOMAC, MD 20854",,PEDESTRIAN,OTHER,CLEAR,,DAYLIGHT,N/A,NONE DETECTED,N/A,49B53CD8-B9D6-435F-A172-86F04B84F083,PEDESTRIAN,Standing,NO IMPROPER ACTIONS,N/A,No,SUSPECTED MINOR INJURY,N/A,39.038255,-77.1602,"(39.038255, -77.1602)"
MCP1438002S,16033074,Montgomery County Police,Injury Crash,06/30/2016 10:49:00 AM,County,EPSILON DR,EPSILON PL,,N/A,PEDESTRIAN,SAME DIR REAR END,CLEAR,DRY,DAYLIGHT,NO CONTROLS,NONE DETECTED,NONE DETECTED,AC0672E8-9703-45E4-ABE0-720582A93649,PEDESTRIAN,Standing,NO IMPROPER ACTIONS,OTHER,No,SUSPECTED SERIOUS INJURY,N/A,39.13841333,-77.16330667,"(39.13841333, -77.16330667)"
MCP243600GL,230021112,Montgomery County Police,Injury Crash,05/03/2023 10:15:00 AM,County,ROYAL RD,LA GRANDE RD,,N/A,PEDESTRIAN,OTHER,CLEAR,DRY,DAYLIGHT,NO CONTROLS,NONE DETECTED,NONE DETECTED,69ADEE45-6E70-4DF6-BA4E-17542392B800,PEDESTRIAN,Cross/Enter not at Intersection,DART DASH,ON ROADWAY NOT AT CROSSWALK,No,POSSIBLE INJURY,NONE,39.02655898,-76.98563193,"(39.02655898, -76.98563193)"
MCP28610054,210046882,Montgomery County Police,Injury Crash,11/18/2021 05:40:00 PM,County,WESTLAKE DR,LAKEVIEW DR,,N/A,PEDESTRIAN,OTHER,CLEAR,DRY,DARK LIGHTS ON,TRAFFIC SIGNAL,NONE DETECTED,NONE DETECTED,A72065E4-569E-4275-BF79-E1D5CC806585,PEDESTRIAN,Cross/Enter at Intersection,FAILURE TO YIELD RIGHT OF WAY,ON ROADWAY AT CROSSWALK,Yes,SUSPECTED SERIOUS INJURY,NONE,39.02475333,-77.149,"(39.02475333, -77.149)"
MCP2508000C,16014050,MONTGOMERY,Injury Crash,03/22/2016 02:30:00 PM,,,,PARKING LOT OF 19840 CENTURY BLVD.,,PEDESTRIAN,OTHER,CLEAR,,DAYLIGHT,NO CONTROLS,NONE DETECTED,NONE DETECTED,52C05DB0-1E0C-4A41-A1D5-A97CF93A89E5,PEDESTRIAN,Cross/Enter not at Intersection,NO IMPROPER ACTIONS,ON ROADWAY NOT AT CROSSWALK,No,POSSIBLE INJURY,NONE,39.18159167,-77.26644667,"(39.18159167, -77.26644667)"
MCP2475001V,170508891,Montgomery County Police,Injury Crash,05/20/2017 03:31:00 PM,,,,IN PARKING LOT OF 8750 ARLISS ST.,,PEDESTRIAN,OTHER,N/A,,DAYLIGHT,N/A,UNKNOWN,N/A,387137AE-57B1-4718-819A-E951D91A3F9F,PEDESTRIAN,Other Working,OTHER,OTHER,No,POSSIBLE INJURY,NONE,38.99927545,-77.00235844,"(38.99927545, -77.00235844)"
MCP9390000L,16010150,Montgomery County Police,Injury Crash,02/29/2016 06:53:00 PM,Maryland (State),CLOPPER RD,METROPOLITAN GROVE RD,,GAITHERSBURG,PEDESTRIAN,OTHER,CLEAR,DRY,DARK LIGHTS ON,TRAFFIC SIGNAL,N/A,N/A,3BB2A7F7-F150-4FCA-B19A-2253460EDB75,PEDESTRIAN,Cross/Enter at Intersection,FAILURE TO OBEY TRAFFIC SIGNS SIGNALS OR OFFICER,AT INTERSECTION MARKED CROSSWALK,Yes,SUSPECTED MINOR INJURY,N/A,39.14603767,-77.22830772,"(39.14603767, -77.22830772)"
MCP20160019,16042551,Montgomery County Police,Injury Crash,08/22/2016 08:55:00 AM,,,,"AMAZON SHIPPING WAREHOUSE LOCATED AT 861 E GUDE DRIVE ROCKVILLE, MD 20852",,PEDESTRIAN,OTHER,N/A,,DAYLIGHT,N/A,N/A,N/A,4FCFA298-6A89-454B-99C5-DC0877E803D1,PEDESTRIAN,Other,NO IMPROPER ACTIONS,N/A,No,SUSPECTED MINOR INJURY,N/A,39.10652333,-77.15140833,"(39.10652333, -77.15140833)"
DM83390013,180002657,Takoma Park Police Depart,Injury Crash,01/17/2018 09:33:00 AM,,,,PARKING LOT OF 7676 NEW HAMPSHIRE AVE,,PEDESTRIAN,OTHER,CLOUDY,,DAYLIGHT,NO CONTROLS,NONE DETECTED,N/A,F7B6235F-EE38-46E8-8318-ACE69119CF2F,PEDESTRIAN,Getting off/on Vehicle,ENTERING EXITING PARKED STANDING VEHICLE,N/A,Unknown,POSSIBLE INJURY,N/A,38.98684667,-76.98909333,"(38.98684667, -76.98909333)"
MCP3050003X,190047996,Montgomery County Police,Injury Crash,10/06/2019 06:17:00 PM,County,GRENOBLE CT,GRENOBLE DR,,N/A,BICYCLIST,SINGLE VEHICLE,CLEAR,DRY,DAYLIGHT,NO CONTROLS,NONE DETECTED,NONE DETECTED,FE8A870F-390C-485F-99ED-77C3D0B40ED6,BICYCLIST,Other,DART DASH,AT INTERSECTION BUT NO CROSSWALK,No,SUSPECTED MINOR INJURY,MC/BIKE HELMET,39.07023734,-77.08879965,"(39.07023734, -77.08879965)"
MCP3040003B,190016492,Montgomery County Police,Injury Crash,04/09/2019 03:23:00 PM,,,,PARKING LOT OF 16800 GEORGIA AVE,,PEDESTRIAN,OTHER,CLEAR,,DAYLIGHT,N/A,N/A,N/A,1F756549-2C86-4435-A690-D824C4EF5743,PEDESTRIAN,Other,ENTERING EXITING PARKED STANDING VEHICLE,OTHER,No,SUSPECTED SERIOUS INJURY,N/A,39.13253102,-77.07068139,"(39.13253102, -77.07068139)"
MCP3080003N,230048977,Montgomery County Police,Injury Crash,08/11/2023 06:20:00 PM,,STILT ST,FULMER AVE,,N/A,BICYCLIST,OTHER,CLEAR,DRY,DAYLIGHT,NO CONTROLS,N/A,N/A,82BA7200-87BB-43E7-BDCB-7AF8B0F77C96,BICYCLIST,Walking/Riding against Traffic,NO IMPROPER ACTIONS,ON ROADWAY NOT AT CROSSWALK,Yes,SUSPECTED MINOR INJURY,MC/BIKE HELMET,39.2195385,-77.2905295,"(39.2195385, -77.2905295)"
MCP28790012,16047439,Montgomery County Police,Injury Crash,09/15/2016 08:35:00 PM,County,REDLAND RD,CRABBS BRANCH WAY,,N/A,PEDESTRIAN,N/A,CLEAR,DRY,DARK LIGHTS ON,N/A,NONE DETECTED,ALCOHOL CONTRIBUTED,FE764741-4EFE-46A3-9863-63CA585B883F,PEDESTRIAN,Cross/Enter not at Intersection,DART DASH,ON ROADWAY NOT AT CROSSWALK,Yes,SUSPECTED MINOR INJURY,N/A,39.12066333,-77.15898667,"(39.12066333, -77.15898667)"
MCP20720074,230055914,Montgomery County Police,Injury Crash,09/20/2023 12:18:00 PM,,,,"19700 FREDERICK  ROAD GERMANTOWN 
(7-ELEVEN PARKING LOT)",,PEDESTRIAN,OTHER,CLEAR,,DAYLIGHT,NO CONTROLS,ALCOHOL PRESENT,NONE DETECTED,2CCD4876-935A-48DA-B40F-FC51E746C968,PEDESTRIAN,N/A,NO IMPROPER ACTIONS,CURB,No,POSSIBLE INJURY,N/A,39.17879833,-77.23895667,"(39.17879833, -77.23895667)"
MCP1334008D,190043816,Montgomery County Police,Injury Crash,09/13/2019 06:55:00 AM,County,WIGHTMAN RD,PLEASANT RIDGE DR,,N/A,PEDESTRIAN,SINGLE VEHICLE,CLOUDY,DRY,DAYLIGHT,TRAFFIC SIGNAL,UNKNOWN,NONE DETECTED,DD0CE177-E4B0-44D1-A7B0-256A712173F1,PEDESTRIAN,Cross/Enter at Intersection,IN ROADWAY IMPROPERLY,ON ROADWAY AT CROSSWALK,Yes,SUSPECTED MINOR INJURY,NONE,39.19060996,-77.19192752,"(39.19060996, -77.19192752)"
MCP3222002H,230017338,Montgomery County Police,Injury Crash,04/11/2023 09:02:00 PM,County,MAIDEN LA,OLD CHESTER RD,,N/A,PEDESTRIAN,N/A,CLEAR,DRY,DARK LIGHTS ON,NO CONTROLS,NONE DETECTED,NONE DETECTED,CF07CF85-B800-46FB-A72A-1D4E42020D46,PEDESTRIAN,Walking/Riding w/Traffic,NO IMPROPER ACTIONS,SHOULDER,No,POSSIBLE INJURY,NONE,38.98575316,-77.11819636,"(38.98575316, -77.11819636)"
MCP23480063,210045409,Montgomery County Police,Fatal Crash,11/09/2021 03:04:00 PM,,ASBURY DRIVE,FELLOWSHIP CIRCLE,,N/A,PEDESTRIAN,SINGLE VEHICLE,CLEAR,DRY,DAYLIGHT,STOP SIGN,NONE DETECTED,UNKNOWN,A26A5D68-AEF0-4561-9C1C-A41AA013B402,PEDESTRIAN,Cross/Enter at Intersection,IN ROADWAY IMPROPERLY,ON ROADWAY NOT AT CROSSWALK,Yes,FATAL INJURY,N/A,39.15142833,-77.19793,"(39.15142833, -77.19793)"
MCP137800WW,210009336,Montgomery County Police,Injury Crash,03/12/2021 03:33:00 PM,,,,PARKING LOT OF 8097 SNOUFFER SCHOOL RD,,OTHER,SINGLE VEHICLE,CLEAR,,DAYLIGHT,N/A,NONE DETECTED,NONE DETECTED,5C4B6491-454C-45F9-A7D9-60F8FE0E2DEE,OTHER,Other,NO IMPROPER ACTIONS,OTHER,No,SUSPECTED MINOR INJURY,N/A,39.16229092,-77.16519664,"(39.16229092, -77.16519664)"
MCP1020001T,16058598,Montgomery County Police,Injury Crash,11/14/2016 07:37:00 AM,County,TAPWOOD RD,SCHAEFFER RD,,N/A,PEDESTRIAN,SAME DIR REAR END,CLEAR,DRY,DAYLIGHT,NO CONTROLS,NONE DETECTED,NONE DETECTED,C92D0957-62FF-48F3-B128-03473B80CD68,PEDESTRIAN,Walking/Riding w/Traffic,NO IMPROPER ACTIONS,ON ROADWAY NOT AT CROSSWALK,No,SUSPECTED MINOR INJURY,N/A,39.15917333,-77.29155167,"(39.15917333, -77.29155167)"
MCP1121003J,170551486,Montgomery County Police,Injury Crash,12/31/2017 04:59:00 PM,Municipality,ODENDHAL AVE,FREDERICK RD,,N/A,PEDESTRIAN,OTHER,CLEAR,DRY,DARK LIGHTS ON,TRAFFIC SIGNAL,UNKNOWN,NONE DETECTED,616491BA-C21E-4B11-8D37-27802B30029C,PEDESTRIAN,Cross/Enter at Intersection,NO IMPROPER ACTIONS,AT INTERSECTION MARKED CROSSWALK,No,SUSPECTED MINOR INJURY,NONE,39.14855,-77.20680833,"(39.14855, -77.20680833)"
MCP25860024,16048616,Montgomery County Police,Injury Crash,09/21/2016 07:35:00 PM,County,ROBEY RD,BRIGGS CHANEY RD,,N/A,PEDESTRIAN,OTHER,CLEAR,DRY,DARK NO LIGHTS,N/A,UNKNOWN,NONE DETECTED,815FF899-3F06-4946-9BEB-679DC778F4B6,PEDESTRIAN,Getting off/on Vehicle,NO IMPROPER ACTIONS,OTHER,No,SUSPECTED MINOR INJURY,N/A,39.0809673,-76.9424057,"(39.0809673, -76.9424057)"
MCP23530053,180011153,Montgomery County Police,Injury Crash,03/05/2018 08:12:00 AM,County,NEWPORT MILL RD,UNIVERSITY BLVD W,,N/A,PEDESTRIAN,SINGLE VEHICLE,CLEAR,DRY,DAYLIGHT,PERSON,NONE DETECTED,NONE DETECTED,A1321944-CFBF-4285-8BEC-63AC04DD3CCB,PEDESTRIAN,Cross/Enter at Intersection,NO IMPROPER ACTIONS,ON ROADWAY AT CROSSWALK,No,POSSIBLE INJURY,NONE,39.03391951,-77.07243919,"(39.03391951, -77.07243919)"
MCP2909000V,15057599,MONTGOMERY,Property Damage Crash,11/11/2015 06:09:00 PM,Maryland (State),OLD GEORGETOWN RD,DEL RAY AVE,,N/A,BICYCLIST,OTHER,CLEAR,N/A,DARK LIGHTS ON,N/A,NONE DETECTED,NONE DETECTED,5A5B0280-A135-45FD-984B-5298C02580D7,BICYCLIST,Other,NO IMPROPER ACTIONS,ON ROADWAY NOT AT CROSSWALK,No,NO APPARENT INJURY,NONE,38.990655,-77.09964167,"(38.990655, -77.09964167)"
MCP0704000F,15006634,Montgomery County Police,Injury Crash,02/09/2015 08:20:00 PM,County,WOODMONT AVE,HAMPDEN LA,,N/A,PEDESTRIAN,SINGLE VEHICLE,RAINING,WET,DARK LIGHTS ON,N/A,NONE DETECTED,NONE DETECTED,0411D836-4E7E-41EF-A50B-5118BC972717,PEDESTRIAN,Cross/Enter at Intersection,NO IMPROPER ACTIONS,ON ROADWAY AT CROSSWALK,,POSSIBLE INJURY,N/A,38.982665,-77.09581333,"(38.982665, -77.09581333)"
MCP27540018,170505519,Montgomery County Police,Injury Crash,05/02/2017 06:21:00 PM,Maryland (State),PINEY BRANCH RD,ENT TO APTS,,N/A,PEDESTRIAN,OTHER,OTHER,DRY,DAYLIGHT,N/A,NONE DETECTED,N/A,775922F7-4D73-41D3-900C-8B9A6E082A50,PEDESTRIAN,Walking/Cycling on Sidewalk,NO IMPROPER ACTIONS,SIDEWALK,No,POSSIBLE INJURY,N/A,38.99862667,-77.00000667,"(38.99862667, -77.00000667)"
MCP22700016,230019535,Montgomery County Police,Injury Crash,04/24/2023 11:50:00 AM,County,RUGBY AVE,DEL RAY AVE,,N/A,PEDESTRIAN,OTHER,CLEAR,DRY,DAYLIGHT,NO CONTROLS,NONE DETECTED,NONE DETECTED,7EA4C5C2-D6AC-4612-9487-E225542A8A7D,PEDESTRIAN,Other,IN ROADWAY IMPROPERLY,SIDEWALK,Yes,POSSIBLE INJURY,NONE,38.991275,-77.09777667,"(38.991275, -77.09777667)"
MCP2944000R,15038282,MONTGOMERY,Injury Crash,08/02/2015 11:06:00 AM,County,MACARTHUR BLVD,MARYLAND AVE,,N/A,BICYCLIST,STRAIGHT MOVEMENT ANGLE,CLEAR,DRY,DAYLIGHT,STOP SIGN,NONE DETECTED,NONE DETECTED,FF989DF8-ED17-452D-9B69-D5D8E84351F9,BICYCLIST,Cross/Enter at Intersection,FAILURE TO OBEY TRAFFIC SIGNS SIGNALS OR OFFICER,SIDEWALK,Yes,SUSPECTED MINOR INJURY,MC/BIKE HELMET,38.94555864,-77.12035418,"(38.94555864, -77.12035418)"
MCP13340045,16045767,Montgomery County Police,Injury Crash,09/07/2016 01:06:00 PM,Maryland (State),WOODFIELD RD,HADLEY FARMS DR,,N/A,PEDESTRIAN,SINGLE VEHICLE,CLEAR,DRY,DAYLIGHT,TRAFFIC SIGNAL,NONE DETECTED,NONE DETECTED,BFE79DEE-E76B-495C-9911-8156EB0CE3C7,PEDESTRIAN,Cross/Enter at Intersection,IN ROADWAY IMPROPERLY,ON ROADWAY AT CROSSWALK,Yes,SUSPECTED SERIOUS INJURY,N/A,39.18002446,-77.15061218,"(39.18002446, -77.15061218)"
MCP29190010,15059249,MONTGOMERY,Injury Crash,11/20/2015 08:44:00 AM,Maryland (State),16TH ST,EAST WEST HWY,,N/A,PEDESTRIAN,SINGLE VEHICLE,CLEAR,DRY,DAYLIGHT,PERSON,NONE DETECTED,NONE DETECTED,3CDB75AB-A77F-437A-BF69-F0C057ED9BDE,PEDESTRIAN,Cross/Enter at Intersection,NO IMPROPER ACTIONS,ON ROADWAY AT CROSSWALK,No,POSSIBLE INJURY,N/A,38.99442259,-77.03610063,"(38.99442259, -77.03610063)"
MCP3115005Q,220007955,Montgomery County Police,Injury Crash,02/23/2022 03:00:00 PM,,,,PARKING LOT OF 3116 GRACEFIELD ROAD,,MACHINE OPERATOR/RIDER,N/A,CLEAR,,N/A,STOP SIGN,N/A,N/A,5907E3A7-5599-41F1-B91A-974C52192072,MACHINE OPERATOR/RIDER,Walking/Riding against Traffic,NOT VISIBLE,ON ROADWAY NOT AT CROSSWALK,Yes,POSSIBLE INJURY,NONE,39.050635,-76.95096667,"(39.050635, -76.95096667)"
MCP2363000B,15008007,Montgomery County Police,Fatal Crash,02/18/2015 11:16:00 AM,County,CRESTHAVEN DR,DEVERE DR,,N/A,PEDESTRIAN,OTHER,CLEAR,DRY,DAYLIGHT,NO CONTROLS,ALCOHOL PRESENT,UNKNOWN,1D48AAD0-93CB-4FE6-9D0C-87EEE153A101,PEDESTRIAN,Standing,NO IMPROPER ACTIONS,CURB,No,FATAL INJURY,NONE,39.021585,-76.987954,"(39.021585, -76.987954)"
MCP30390027,180020086,Montgomery County Police,Injury Crash,04/24/2018 03:40:00 PM,Municipality,KENSINGTON PKWY,WASHINGTON ST,,KENSINGTON,BICYCLIST,OTHER,RAINING,WET,DAYLIGHT,STOP SIGN,NONE DETECTED,NONE DETECTED,9BC1E8B7-BC67-4292-B802-1451AA7D29D5,BICYCLIST,Cross/Enter at Intersection,NO IMPROPER ACTIONS,AT INTERSECTION BUT NO CROSSWALK,No,SUSPECTED MINOR INJURY,MC/BIKE HELMET,39.02185667,-77.07288833,"(39.02185667, -77.07288833)"
MCP3014000M,16017776,Montgomery County Police,Injury Crash,04/11/2016 06:00:00 PM,,,,PEDESTRIAN STRUCK ON SIDEWALK IN THE ENTRANCE TO PARKING LOT OF 13205 TWINBROOK PKWY.,,PEDESTRIAN,STRAIGHT MOVEMENT ANGLE,UNKNOWN,,UNKNOWN,NO CONTROLS,UNKNOWN,NONE DETECTED,F4623942-C3AD-47C9-B843-DB8A17587FC0,PEDESTRIAN,Walking/Cycling on Sidewalk,N/A,SIDEWALK,No,SUSPECTED MINOR INJURY,N/A,39.07276031,-77.11248726,"(39.07276031, -77.11248726)"
MCP2008001G,15057569,MONTGOMERY,Injury Crash,11/11/2015 03:53:00 PM,,,,Parking lot of 7103 Democracy Blvd (Sears-Montgomery Mall),,PEDESTRIAN,OTHER,CLEAR,,DAYLIGHT,N/A,NONE DETECTED,NONE DETECTED,C4272973-F77D-4E6E-8556-5590AEF77944,PEDESTRIAN,Cross/Enter not at Intersection,IN ROADWAY IMPROPERLY,ON ROADWAY NOT AT CROSSWALK,Yes,POSSIBLE INJURY,N/A,39.02492669,-77.14436531,"(39.02492669, -77.14436531)"
MCP28090020,15028357,Montgomery County Police,Injury Crash,06/11/2015 01:37:00 PM,Maryland (State),UNIVERSITY BLVD W,GABEL ST,,N/A,PEDESTRIAN,OTHER,N/A,DRY,DAYLIGHT,TRAFFIC SIGNAL,N/A,N/A,A39FA0D6-8792-4F2C-A996-6CF8D2419E8A,PEDESTRIAN,Cross/Enter not at Intersection,DART DASH,ON ROADWAY NOT AT CROSSWALK,,POSSIBLE INJURY,N/A,39.033415,-77.02409333,"(39.033415, -77.02409333)"
MCP2311004N,180050637,Montgomery County Police,Injury Crash,10/10/2018 08:33:00 AM,County,QUAIL VALLEY BLVD,GROSBEAK TERR,,N/A,PEDESTRIAN,SINGLE VEHICLE,CLEAR,DRY,DAYLIGHT,STOP SIGN,N/A,N/A,2BF0FA6B-679D-4704-AE7C-5FE61A823456,PEDESTRIAN,Cross/Enter at Intersection,NO IMPROPER ACTIONS,ON ROADWAY AT CROSSWALK,No,POSSIBLE INJURY,NONE,39.161745,-77.18564833,"(39.161745, -77.18564833)"
MCP2674001K,190060477,Montgomery County Police,Injury Crash,12/15/2019 06:34:00 PM,,,,PARKING LOT OF 21000 FREDERICK RD,,OTHER,SINGLE VEHICLE,CLEAR,,DARK LIGHTS ON,NO CONTROLS,NONE DETECTED,NONE DETECTED,E4D6DD1C-C24C-46D9-BF1A-3948E8E021A8,OTHER,Standing,N/A,INSIDE BUILDING,No,SUSPECTED MINOR INJURY,NONE,39.20059667,-77.24620833,"(39.20059667, -77.24620833)"
MCP27550018,180005786,Montgomery County Police,Injury Crash,02/02/2018 08:18:00 PM,County,RANDOLPH RD,GLENMONT CIR #1,,N/A,PEDESTRIAN,OTHER,N/A,N/A,DARK -- UNKNOWN LIGHTING,TRAFFIC SIGNAL,NONE DETECTED,NONE DETECTED,1F75E722-ED50-43A0-BE2D-8D209C2F2837,PEDESTRIAN,Standing,IN ROADWAY IMPROPERLY,OTHER,Yes,POSSIBLE INJURY,N/A,39.0590927,-77.04755098,"(39.0590927, -77.04755098)"
MCP3201001W,210025891,Montgomery County Police,Injury Crash,07/06/2021 10:19:00 AM,County,GREY EAGLE CT,GREAT SENECA HWY,,N/A,BICYCLIST,OTHER,CLEAR,DRY,DAYLIGHT,STOP SIGN,N/A,N/A,1A336117-683D-489A-83DA-F4E42B51782B,BICYCLIST,Cross/Enter at Intersection,NO IMPROPER ACTIONS,ON ROADWAY AT CROSSWALK,No,SUSPECTED MINOR INJURY,NONE,39.169312,-77.2639625,"(39.169312, -77.2639625)"
MCP3052000F,170529958,Montgomery County Police,Injury Crash,09/11/2017 06:33:00 PM,,,,PARKING LOT OF LOWES,,BICYCLIST,SINGLE VEHICLE,CLEAR,,DAYLIGHT,N/A,NONE DETECTED,NONE DETECTED,A51FB3FE-AC27-4503-A57D-B32394F39AF8,BICYCLIST,Walking/Riding w/Traffic,NO IMPROPER ACTIONS,ON ROADWAY NOT AT CROSSWALK,No,SUSPECTED MINOR INJURY,MC/BIKE HELMET,39.12475027,-77.23576427,"(39.12475027, -77.23576427)"
MCP2695001F,170508116,Montgomery County Police,Injury Crash,05/16/2017 02:56:00 PM,Maryland (State),SANDY SPRING RD,DINO DR,,N/A,PEDESTRIAN,SINGLE VEHICLE,CLEAR,DRY,DAYLIGHT,NO CONTROLS,N/A,N/A,46FCBE15-A586-4438-A914-14FB6512A9CC,PEDESTRIAN,Other,NO IMPROPER ACTIONS,SHOULDER,No,SUSPECTED SERIOUS INJURY,N/A,39.10860151,-76.92221403,"(39.10860151, -76.92221403)"
MCP31090047,200012150,Montgomery County Police,Injury Crash,03/12/2020 08:52:00 AM,Other Public Roadway,PERSHING DR,WAYNE AVE,,N/A,PEDESTRIAN,SINGLE VEHICLE,CLEAR,DRY,DAYLIGHT,NO CONTROLS,UNKNOWN,NONE DETECTED,C4165AF2-8BEE-45BD-A0E2-F9092FC1E35D,PEDESTRIAN,Walking/Riding w/Traffic,NO IMPROPER ACTIONS,ON ROADWAY NOT AT CROSSWALK,Unknown,POSSIBLE INJURY,N/A,38.99387884,-77.02615967,"(38.99387884, -77.02615967)"
MCP27570010,15066325,MONTGOMERY,Injury Crash,12/26/2015 11:04:00 PM,Maryland (State),LAYHILL RD,GLENALLAN AVE,,N/A,PEDESTRIAN,SINGLE VEHICLE,RAINING,WET,DARK LIGHTS ON,TRAFFIC SIGNAL,NONE DETECTED,NONE DETECTED,1D71B8A1-052D-4F08-8BC5-ECFCE9C42C18,PEDESTRIAN,Cross/Enter at Intersection,NO IMPROPER ACTIONS,AT INTERSECTION MARKED CROSSWALK,No,POSSIBLE INJURY,NONE,39.06319659,-77.05016613,"(39.06319659, -77.05016613)"
MCP2348004K,190001848,Montgomery County Police,Injury Crash,01/11/2019 08:30:00 PM,,,,PARKING LOT OF 12345 GEORGIA AVE,,PEDESTRIAN,SINGLE VEHICLE,CLEAR,,DARK LIGHTS ON,NO CONTROLS,NONE DETECTED,NONE DETECTED,481A5CEC-DA9D-4BF6-9F48-CF86DC471133,PEDESTRIAN,Cross/Enter not at Intersection,DART DASH,ON ROADWAY NOT AT CROSSWALK,Yes,POSSIBLE INJURY,NONE,39.06083167,-77.04947667,"(39.06083167, -77.04947667)"
MCP29370045,220013985,Montgomery County Police,Injury Crash,04/14/2022 12:45:00 AM,County,ROBEY RD,BRIGGS CHANEY RD,,N/A,PEDESTRIAN,SINGLE VEHICLE,N/A,DRY,DARK LIGHTS ON,NO CONTROLS,UNKNOWN,NONE DETECTED,B01CBB4C-2CC9-4C00-851C-BD21EC916254,PEDESTRIAN,Unknown,UNKNOWN,UNKNOWN,Unknown,SUSPECTED SERIOUS INJURY,NONE,39.07990715,-76.94437646,"(39.07990715, -76.94437646)"