Report Number,Local Case Number,Agency Name,ACRS Report Type,Crash Date/Time,Route Type,Road Name,Cross-Street Name,Off-Road Description,Municipality,Related Non-Motorist,Collision Type,Weather,Surface Condition,Light,Traffic Control,Driver Substance Abuse,Non-Motorist Substance Abuse,Person ID,Pedestrian Type,Pedestrian Movement,Pedestrian Actions,Pedestrian Location,At Fault,Injury Severity,Safety Equipment,Latitude,Longitude,Location
MCP21340010,170508547,Montgomery County Police,Fatal Crash,05/18/2017 06:27:00 PM,Maryland (State),WOODFIELD RD,EMORY GROVE RD,,N/A,PEDESTRIAN,SINGLE VEHICLE,N/A,N/A,DAYLIGHT,TRAFFIC SIGNAL,NONE DETECTED,UNKNOWN,5F39F32D-3725-4A9F-971A-137D950FC4D6,PEDESTRIAN,Cross/Enter at Intersection,FAILURE TO OBEY TRAFFIC SIGNS SIGNALS OR OFFICER,ON ROADWAY AT CROSSWALK,Unknown,FATAL INJURY,NONE,39.15204492,-77.17238903,"(39.15204492, -77.17238903)"
MCP26080010,15039489,MONTGOMERY,Injury Crash,08/08/2015 05:38:00 PM,County,WAYNE AVE,SLIGO CREEK PKWY,,N/A,BICYCLIST,OTHER,CLEAR,DRY,DAYLIGHT,OTHER,NONE DETECTED,NONE DETECTED,A124F21E-99B7-4DC7-8C5D-0C23A2D52653,BICYCLIST,Cross/Enter at Intersection,NO IMPROPER ACTIONS,IN BIKEWAY,No,SUSPECTED MINOR INJURY,MC/BIKE HELMET,38.99973,-77.01094,"(38.99973, -77.01094)"
MCP2290000J,17012018,Montgomery County Police,Injury Crash,03/07/2017 02:05:00 PM,County,CRABBS BRANCH WAY,INDIANOLA DR,,N/A,PEDESTRIAN,SINGLE VEHICLE,CLEAR,DRY,DAYLIGHT,TRAFFIC SIGNAL,NONE DETECTED,NONE DETECTED,54677785-90AA-4647-8F2A-C237DA8DA9B3,PEDESTRIAN,Cross/Enter at Intersection,NO IMPROPER ACTIONS,ON ROADWAY AT CROSSWALK,No,POSSIBLE INJURY,NONE,39.11474513,-77.15701059,"(39.11474513, -77.15701059)"
MCP2846000Q,15016215,Montgomery County Police,Injury Crash,04/08/2015 09:00:00 AM,Maryland (State),CONNECTICUT AVE,VEIRS MILL RD,,N/A,BICYCLIST,STRAIGHT MOVEMENT ANGLE,RAINING,WET,DAYLIGHT,YIELD SIGN,NONE DETECTED,NONE DETECTED,A4FB5533-F216-4062-9A93-954C63C7752D,BICYCLIST,Cross/Enter at Intersection,NO IMPROPER ACTIONS,ON ROADWAY AT CROSSWALK,,POSSIBLE INJURY,MC/BIKE HELMET,39.05179833,-77.07453833,"(39.05179833, -77.07453833)"
MCP10220046,16009028,Montgomery County Police,Injury Crash,02/23/2016 10:09:00 AM,Maryland (State),GERMANTOWN RD,CRYSTAL ROCK DR,,N/A,PEDESTRIAN,SINGLE VEHICLE,RAINING,WET,DAYLIGHT,TRAFFIC SIGNAL,NONE DETECTED,NONE DETECTED,086B24E4-8070-4559-8201-79C806FCCC22,PEDESTRIAN,Cross/Enter at Intersection,IN ROADWAY IMPROPERLY,AT INTERSECTION BUT NO CROSSWALK,Yes,SUSPECTED SERIOUS INJURY,NONE,39.18114333,-77.26191833,"(39.18114333, -77.26191833)"
MCP2565004X,170544171,Montgomery County Police,Injury Crash,11/21/2017 06:00:00 PM,Maryland (State),WISCONSIN AVE,MONTGOMERY AVE,,N/A,PEDESTRIAN,OTHER,CLEAR,DRY,DARK LIGHTS ON,TRAFFIC SIGNAL,N/A,NONE DETECTED,EE1C1B88-99FE-4FDB-8B07-47D72D724110,PEDESTRIAN,Cross/Enter at Intersection,NO IMPROPER ACTIONS,ON ROADWAY AT CROSSWALK,No,POSSIBLE INJURY,NONE,38.98377833,-77.09380333,"(38.98377833, -77.09380333)"
MCP30180019,170524271,Montgomery County Police,Injury Crash,08/09/2017 09:00:00 AM,,,,"PARKING LOT OF PANERA BREAD LOCATED AT 8541 GEORGIA AVENUE, SILVER SPRING, MD 20901",,PEDESTRIAN,OTHER,CLEAR,,DAYLIGHT,NO CONTROLS,UNKNOWN,UNKNOWN,3820D825-3AEA-47D9-A0F1-CA1C07DC8A56,PEDESTRIAN,Other,NO IMPROPER ACTIONS,OTHER,No,SUSPECTED MINOR INJURY,N/A,38.9960736,-77.02783942,"(38.9960736, -77.02783942)"
MCP2727000Q,15043407,MONTGOMERY,Injury Crash,08/29/2015 12:09:00 PM,,,,"PARKINGLOT OF 20910 FREDERICK ROAD GERMANTOWN, MD 20876",,PEDESTRIAN,OTHER,CLEAR,,DAYLIGHT,NO CONTROLS,NONE DETECTED,NONE DETECTED,B0C34B5B-0995-4764-805E-76EB33C09F05,PEDESTRIAN,Other,NO IMPROPER ACTIONS,OTHER,No,POSSIBLE INJURY,N/A,39.20296833,-77.25091167,"(39.20296833, -77.25091167)"
MCP3289002S,230064542,Montgomery County Police,Property Damage Crash,11/05/2023 01:58:00 PM,,,,PARKING LOT OG 1280 EAST WEST HIGHWAY,,PEDESTRIAN,SINGLE VEHICLE,CLEAR,,DAYLIGHT,NO CONTROLS,UNKNOWN,NONE DETECTED,865F5AEB-2F29-4364-8C33-0ED0CFD30BE1,PEDESTRIAN,Cross/Enter not at Intersection,NO IMPROPER ACTIONS,OTHER,No,NO APPARENT INJURY,NONE,38.99176207,-77.03202414,"(38.99176207, -77.03202414)"
MCP3005000S,16018653,Montgomery County Police,Injury Crash,04/16/2016 11:54:00 AM,County,CHESTER MILL RD,NARROWS TERR,,N/A,BICYCLIST,HEAD ON LEFT TURN,N/A,DRY,DAYLIGHT,NO CONTROLS,NONE DETECTED,NONE DETECTED,B1F190BA-91AD-4E08-A6FB-5F79FC7F15BD,BICYCLIST,Cross/Enter at Intersection,FAILURE TO YIELD RIGHT OF WAY,ON ROADWAY NOT AT CROSSWALK,Yes,POSSIBLE INJURY,NONE,39.11881833,-77.04032167,"(39.11881833, -77.04032167)"
MCP2446002H,17004357,Montgomery County Police,Injury Crash,01/25/2017 03:22:00 PM,,,,IN THE PARKING LOT OF 19911 AIRCRAFT DR. GERMANTOWN MD.,,MACHINE OPERATOR/RIDER,OTHER,CLEAR,,DAYLIGHT,NO CONTROLS,NONE DETECTED,NONE DETECTED,DA93DEE9-DCE7-498F-872F-1CA9A82DAD54,MACHINE OPERATOR/RIDER,Standing,NO IMPROPER ACTIONS,OTHER,No,POSSIBLE INJURY,N/A,39.1825537,-77.26042248,"(39.1825537, -77.26042248)"
MCP2357000V,15015825,Montgomery County Police,Injury Crash,04/06/2015 10:25:00 AM,County,FLORA LA,PIN OAK DR,,N/A,PEDESTRIAN,OTHER,CLEAR,DRY,DAYLIGHT,N/A,NONE DETECTED,NONE DETECTED,6FB88B68-7007-498E-8374-80D678DF0ED3,PEDESTRIAN,Standing,N/A,OTHER,,SUSPECTED SERIOUS INJURY,N/A,39.01227667,-77.03274833,"(39.01227667, -77.03274833)"
MCP30900068,220034656,Montgomery County Police,Injury Crash,08/12/2022 08:41:00 AM,,,,"PARKING LOT OF 805 RUSSELL AVE GAITHERSBURG,MD",,PEDESTRIAN,SINGLE VEHICLE,CLEAR,,DAYLIGHT,NO CONTROLS,N/A,N/A,94DBD28E-D76C-4620-9DD2-CCF6E74F5FDB,PEDESTRIAN,Other,NO IMPROPER ACTIONS,OTHER,No,POSSIBLE INJURY,N/A,39.15685,-77.21019,"(39.15685, -77.21019)"
MCP31960033,220014568,Montgomery County Police,Injury Crash,04/05/2022 09:42:00 PM,Maryland (State),FREDERICK RD,MIDDLEBROOK RD,,N/A,BICYCLIST,STRAIGHT MOVEMENT ANGLE,RAINING,WET,N/A,TRAFFIC SIGNAL,NONE DETECTED,NONE DETECTED,10B72421-7889-4D96-A788-9F094535B611,BICYCLIST,Other,IN ROADWAY IMPROPERLY,UNKNOWN,Yes,SUSPECTED MINOR INJURY,N/A,39.1809698,-77.23853506,"(39.1809698, -77.23853506)"
EJ7851001F,16014440,Gaithersburg Police Depar,Injury Crash,03/24/2016 08:00:00 AM,Maryland (State),FREDERICK RD,DALAMAR ST,,GAITHERSBURG,PEDESTRIAN,OTHER,CLEAR,DRY,DAYLIGHT,N/A,NONE DETECTED,NONE DETECTED,A284AA65-5A49-41A6-A106-ACDCC31B9813,PEDESTRIAN,Cross/Enter at Intersection,NO IMPROPER ACTIONS,SIDEWALK,No,POSSIBLE INJURY,NONE,39.14614584,-77.20441461,"(39.14614584, -77.20441461)"
MCP29020016,16008347,Montgomery County Police,Injury Crash,02/19/2016 02:01:00 PM,,,,MILESTONE PARKING LOT,,PEDESTRIAN,N/A,CLEAR,,DAYLIGHT,NO CONTROLS,N/A,NONE DETECTED,FFD702E0-A793-41B1-A7D2-34D9812E2CFD,PEDESTRIAN,Other,UNKNOWN,OTHER,Yes,POSSIBLE INJURY,NONE,39.20264833,-77.24698333,"(39.20264833, -77.24698333)"
MCP3030005C,230025334,Montgomery County Police,Injury Crash,05/26/2023 04:25:00 PM,Maryland (State),WISCONSIN AVE,LELAND ST,,N/A,PEDESTRIAN,OTHER,CLEAR,DRY,DAYLIGHT,TRAFFIC SIGNAL,N/A,N/A,38470A6C-7E25-4810-AAA1-A3A7DA1F26D7,PEDESTRIAN,Cross/Enter not at Intersection,INATTENTIVE,ON ROADWAY NOT AT CROSSWALK,Yes,POSSIBLE INJURY,NONE,38.98013167,-77.09211,"(38.98013167, -77.09211)"
EJ7884000Q,200039679,Gaithersburg Police Depar,Injury Crash,10/08/2020 05:40:00 PM,County,MUDDY BRANCH RD,DIAMONDBACK DR,,N/A,PEDESTRIAN,N/A,CLEAR,DRY,DAYLIGHT,TRAFFIC SIGNAL,NONE DETECTED,NONE DETECTED,75A2642B-2EA3-4E11-BB1E-AA9A3E51EF76,PEDESTRIAN,Cross/Enter at Intersection,UNKNOWN,ON ROADWAY AT CROSSWALK,No,SUSPECTED MINOR INJURY,N/A,39.11511135,-77.21595598,"(39.11511135, -77.21595598)"
MCP2757001K,17005896,Montgomery County Police,Injury Crash,02/03/2017 04:57:00 AM,Maryland (State),GEORGIA AVE,RANDOLPH RD,,N/A,PEDESTRIAN,SINGLE VEHICLE,CLEAR,DRY,DARK LIGHTS ON,TRAFFIC SIGNAL,NONE DETECTED,NONE DETECTED,B09B25D9-5D5C-429C-B39E-FC5AE27013E4,PEDESTRIAN,Cross/Enter at Intersection,DART DASH,ON ROADWAY NOT AT CROSSWALK,Yes,SUSPECTED MINOR INJURY,NONE,39.0580305,-77.04965785,"(39.0580305, -77.04965785)"
MCP28670019,15023259,Montgomery County Police,Injury Crash,05/15/2015 02:52:00 PM,US (State),COLESVILLE RD,UNIVERSITY BLVD E,,N/A,PEDESTRIAN,OTHER,CLEAR,DRY,DAYLIGHT,TRAFFIC SIGNAL,NONE DETECTED,NONE DETECTED,A4128C5D-74CC-40FB-AFF4-D7603639885B,PEDESTRIAN,Cross/Enter at Intersection,NO IMPROPER ACTIONS,ON ROADWAY AT CROSSWALK,,SUSPECTED MINOR INJURY,N/A,39.02033333,-77.01328667,"(39.02033333, -77.01328667)"
MCP3164001J,190019146,Montgomery County Police,Injury Crash,04/24/2019 07:00:00 AM,Maryland (State),VEIRS MILL RD,NEWPORT MILL RD,,N/A,PEDESTRIAN,HEAD ON LEFT TURN,CLEAR,DRY,DAYLIGHT,TRAFFIC SIGNAL,N/A,N/A,F6A53DF0-C986-433E-99A8-BB5900666264,PEDESTRIAN,Cross/Enter at Intersection,NO IMPROPER ACTIONS,ON ROADWAY AT CROSSWALK,No,SUSPECTED MINOR INJURY,NONE,39.04459667,-77.06430333,"(39.04459667, -77.06430333)"
MCP2992002T,200009229,Montgomery County Police,Injury Crash,02/24/2020 06:35:00 PM,,,,DRIVEWAY OF 13625 NORTH GATE DR,,PEDESTRIAN,OTHER,N/A,,DARK LIGHTS ON,N/A,NONE DETECTED,N/A,29BB7FCB-8831-4BD3-9E3D-95C50ABC40FE,PEDESTRIAN,Other,NO IMPROPER ACTIONS,OTHER,No,SUSPECTED MINOR INJURY,N/A,39.082715,-77.048455,"(39.082715, -77.048455)"
MCP2723007G,230049438,Montgomery County Police,Injury Crash,08/15/2023 08:00:00 AM,Maryland (State),VEIRS MILL RD,FIRST ST,,N/A,PEDESTRIAN,SINGLE VEHICLE,UNKNOWN,UNKNOWN,DAYLIGHT,TRAFFIC SIGNAL,UNKNOWN,NONE DETECTED,CB2EB8A4-AC53-4343-9013-DCE3187E54BD,PEDESTRIAN,Cross/Enter at Intersection,UNKNOWN,ON ROADWAY AT CROSSWALK,Unknown,SUSPECTED SERIOUS INJURY,UNKNOWN,39.07990316,-77.13781415,"(39.07990316, -77.13781415)"
MCP3010004F,190044523,Montgomery County Police,Injury Crash,09/17/2019 01:23:00 PM,Maryland (State),ROCKVILLE PIKE,ENT TO WHITE FLINT MALL,,N/A,OTHER CONVEYANCE,OTHER,CLEAR,DRY,DAYLIGHT,YIELD SIGN,N/A,N/A,93BC58B3-7CA2-4056-8584-515B2E15946C,OTHER CONVEYANCE,Cross/Enter at Intersection,NO IMPROPER ACTIONS,AT INTERSECTION BUT NO CROSSWALK,No,SUSPECTED MINOR INJURY,NONE,39.043295,-77.11060167,"(39.043295, -77.11060167)"
MCP20460039,15004131,Montgomery County Police,Injury Crash,01/26/2015 06:53:00 AM,Maryland (State),EAST WEST HWY,COLESVILLE RD,,N/A,PEDESTRIAN,ANGLE MEETS LEFT TURN,SNOW,WET,DARK LIGHTS ON,TRAFFIC SIGNAL,NONE DETECTED,NONE DETECTED,05805778-D6B9-47CC-9870-6F4D3F9174CD,PEDESTRIAN,Cross/Enter at Intersection,NO IMPROPER ACTIONS,ON ROADWAY AT CROSSWALK,,SUSPECTED MINOR INJURY,N/A,38.993415,-77.03198667,"(38.993415, -77.03198667)"
MCP2853008R,230029489,Montgomery County Police,Injury Crash,06/19/2023 08:15:00 PM,County,NORTHAMPTON DR,BEACON RD,,N/A,PEDESTRIAN,OTHER,CLEAR,DRY,DUSK,NO CONTROLS,N/A,N/A,0A451F72-DCA2-47AC-AB55-F4DC6830B3D9,PEDESTRIAN,Other,INATTENTIVE,ON ROADWAY NOT AT CROSSWALK,Yes,POSSIBLE INJURY,N/A,39.00839654,-76.98531459,"(39.00839654, -76.98531459)"
DD5610000V,15016000,Rockville Police Departme,Injury Crash,04/07/2015 07:53:00 AM,Maryland (State),ROCKVILLE PIKE,VEIRS MILL RD,,N/A,BICYCLIST,SINGLE VEHICLE,RAINING,WET,DAYLIGHT,YIELD SIGN,N/A,N/A,CF5B8CFF-2B1E-48BC-B24B-7000ED9E408A,BICYCLIST,Cross/Enter at Intersection,UNKNOWN,AT INTERSECTION MARKED CROSSWALK,,SUSPECTED SERIOUS INJURY,N/A,39.07707333,-77.13926333,"(39.07707333, -77.13926333)"
DD56170011,170519620,Rockville Police Departme,Injury Crash,07/17/2017 07:01:00 PM,,,,PARKING LOT OF 225 N WASHINGTON AVE,,PEDESTRIAN,SINGLE VEHICLE,CLEAR,,DUSK,NO CONTROLS,N/A,N/A,33F0F599-631D-449D-B4C2-27BF7A1087C9,PEDESTRIAN,Other,NO IMPROPER ACTIONS,OTHER,No,SUSPECTED MINOR INJURY,NONE,39.08618,-77.152725,"(39.08618, -77.152725)"
DD5624001M,180056733,Rockville Police Departme,Injury Crash,11/10/2018 02:15:00 PM,Municipality,HALPINE RD,ROCKVILLE PIKE,,N/A,PEDESTRIAN,OTHER,UNKNOWN,UNKNOWN,UNKNOWN,TRAFFIC SIGNAL,UNKNOWN,NONE DETECTED,9A13E283-8AC7-4F71-98FD-783ADFEEB139,PEDESTRIAN,Cross/Enter at Intersection,NO IMPROPER ACTIONS,ON ROADWAY AT CROSSWALK,Unknown,POSSIBLE INJURY,NONE,39.06191817,-77.12396861,"(39.06191817, -77.12396861)"
MCP2810000K,16001457,Montgomery County Police,Injury Crash,01/08/2016 06:34:00 PM,,,,"PARKING LOT OF 9649 LOST KNIFE RD ,MCG",,PEDESTRIAN,OTHER,RAINING,,DARK LIGHTS ON,N/A,UNKNOWN,N/A,F5EC6FD5-C64A-4A40-AB11-54A59AF25265,PEDESTRIAN,Other,NO IMPROPER ACTIONS,OTHER,No,SUSPECTED MINOR INJURY,N/A,39.15383368,-77.19800279,"(39.15383368, -77.19800279)"
MCP3137000T,190025697,Montgomery County Police,Injury Crash,05/29/2019 11:31:00 PM,County,RUATAN ST,QUEBEC ST,,N/A,PEDESTRIAN,HEAD ON,CLEAR,DRY,DARK LIGHTS ON,N/A,NONE DETECTED,NONE DETECTED,5AE0D82F-924C-4BCF-8FE0-8C91C7E31135,PEDESTRIAN,Standing,NO IMPROPER ACTIONS,OTHER,No,POSSIBLE INJURY,N/A,39.00036175,-76.98955953,"(39.00036175, -76.98955953)"
MCP2635002C,15042668,MONTGOMERY,Injury Crash,08/25/2015 06:19:00 PM,Maryland (State),DAMASCUS RD,SUNDOWN RD,,N/A,BICYCLIST,HEAD ON LEFT TURN,CLEAR,DRY,DAYLIGHT,NO CONTROLS,N/A,N/A,805B5A5A-B285-462C-AD0D-1BC498E414E3,BICYCLIST,Walking/Riding w/Traffic,NO IMPROPER ACTIONS,SHOULDER,No,POSSIBLE INJURY,MC/BIKE HELMET,39.22647833,-77.06983667,"(39.22647833, -77.06983667)"
MCP3184000J,190019033,Montgomery County Police,Injury Crash,04/23/2019 01:50:00 PM,Maryland (State),GEORGIA AVE,UNIVERSITY BLVD W,,N/A,PEDESTRIAN,SINGLE VEHICLE,CLEAR,DRY,DAYLIGHT,N/A,N/A,N/A,45FA0818-B5C4-4B8C-B9DE-665D00994A99,PEDESTRIAN,Cross/Enter not at Intersection,INATTENTIVE,ON ROADWAY NOT AT CROSSWALK,Yes,SUSPECTED MINOR INJURY,NONE,39.04134636,-77.05164483,"(39.04134636, -77.05164483)"
MCP23470033,210040488,Montgomery County Police,Injury Crash,10/10/2021 01:10:00 PM,County,CALVERTON BLVD,LEMAR ST,,N/A,BICYCLIST,OTHER,CLEAR,DRY,DAYLIGHT,NO CONTROLS,UNKNOWN,NONE DETECTED,8CBAB9D0-3FAC-4A75-A303-9EBEAF64F9A0,BICYCLIST,Other,WRONG WAY RIDING OR WALKING,IN BIKEWAY,No,SUSPECTED SERIOUS INJURY,NONE,39.05707483,-76.95069383,"(39.05707483, -76.95069383)"
MCP2891007S,190015784,Montgomery County Police,Injury Crash,04/05/2019 06:20:00 AM,Maryland (State),BURLINGTON AVE,GEORGIA AVE,,N/A,PEDESTRIAN,SINGLE VEHICLE,RAINING,WET,DARK LIGHTS ON,TRAFFIC SIGNAL,NONE DETECTED,NONE DETECTED,5FFC6858-3C3B-487D-A302-77D45DFCD950,PEDESTRIAN,Cross/Enter at Intersection,NO IMPROPER ACTIONS,ON ROADWAY AT CROSSWALK,No,POSSIBLE INJURY,NONE,38.98728667,-77.02627833,"(38.98728667, -77.02627833)"
MCP2683005V,220022703,Montgomery County Police,Property Damage Crash,05/27/2022 04:23:00 PM,County,LOST KNIFE RD,CONTOUR RD,,N/A,BICYCLIST,OTHER,CLOUDY,WET,DAYLIGHT,STOP SIGN,NONE DETECTED,N/A,D1311E5B-FCE1-40A8-AE36-73287AC992A1,BICYCLIST,Cross/Enter at Intersection,NO IMPROPER ACTIONS,AT INTERSECTION BUT NO CROSSWALK,No,NO APPARENT INJURY,NONE,39.1549356,-77.2010206,"(39.1549356, -77.2010206)"
MCP3192002D,210042051,Montgomery County Police,Injury Crash,10/19/2021 08:05:00 PM,County,GLENHAVEN PKWY,ALBERTI DR,,N/A,OTHER PEDALCYCLIST,SINGLE VEHICLE,CLEAR,DRY,DARK LIGHTS ON,STOP SIGN,NONE DETECTED,NONE DETECTED,EC486484-68EB-4F34-941F-FD3F15D56627,OTHER PEDALCYCLIST,Other,IN ROADWAY IMPROPERLY,ON ROADWAY NOT AT CROSSWALK,Yes,SUSPECTED MINOR INJURY,NONE,39.034687,-77.04074217,"(39.034687, -77.04074217)"
MCP2639001Q,17002140,Montgomery County Police,Injury Crash,01/12/2017 11:45:00 PM,Maryland (State),GEORGIA AVE,REEDIE DR,,N/A,PEDESTRIAN,STRAIGHT MOVEMENT ANGLE,CLOUDY,DRY,DARK LIGHTS ON,TRAFFIC SIGNAL,NONE DETECTED,ALCOHOL CONTRIBUTED,E1C46BDA-07C1-4AB0-BD55-D318002D62CE,PEDESTRIAN,Cross/Enter not at Intersection,DART DASH,ON ROADWAY NOT AT CROSSWALK,Yes,SUSPECTED SERIOUS INJURY,NONE,39.03885167,-77.050735,"(39.03885167, -77.050735)"
MCP2969001M,16008349,Montgomery County Police,Injury Crash,02/19/2016 01:50:00 PM,Maryland (State),UNIVERSITY BLVD W,VEIRS MILL RD,,N/A,PEDESTRIAN,STRAIGHT MOVEMENT ANGLE,CLEAR,DRY,DAYLIGHT,NO CONTROLS,NONE DETECTED,NONE DETECTED,D4177A07-3D58-4297-B761-DF11617ED777,PEDESTRIAN,Cross/Enter not at Intersection,FAILURE TO YIELD RIGHT OF WAY,ON ROADWAY NOT AT CROSSWALK,Yes,SUSPECTED MINOR INJURY,NONE,39.03987167,-77.05632667,"(39.03987167, -77.05632667)"
MCP31210051,220050528,Montgomery County Police,Injury Crash,11/15/2022 05:44:00 PM,County,ARROWHEAD RD,ROTHBURY DR,,N/A,PEDESTRIAN,SINGLE VEHICLE,RAINING,WET,DARK NO LIGHTS,STOP SIGN,NONE DETECTED,NONE DETECTED,B4CFEFFF-B542-43AB-A085-48B53F67ED06,PEDESTRIAN,Cross/Enter at Intersection,NO IMPROPER ACTIONS,AT INTERSECTION MARKED CROSSWALK,No,POSSIBLE INJURY,NONE,39.18521736,-77.19379783,"(39.18521736, -77.19379783)"
MCP2612001K,16061094,Montgomery County Police,Injury Crash,11/28/2016 05:21:00 PM,Maryland (State),CONNECTICUT AVE,ASPEN HILL RD,,N/A,PEDESTRIAN,OTHER,CLEAR,DRY,DARK LIGHTS ON,OTHER,NONE DETECTED,NONE DETECTED,76F2ED77-1EAD-4A21-A185-A66102DB85E6,PEDESTRIAN,Cross/Enter at Intersection,NO IMPROPER ACTIONS,ON ROADWAY AT CROSSWALK,No,SUSPECTED MINOR INJURY,N/A,39.08044333,-77.08018333,"(39.08044333, -77.08018333)"
MCP2720002P,17011450,Montgomery County Police,Injury Crash,03/05/2017 02:48:00 AM,County,WINDMILL LA,ROSSITER CT,,N/A,PEDESTRIAN,SINGLE VEHICLE,CLEAR,DRY,DARK -- UNKNOWN LIGHTING,NO CONTROLS,UNKNOWN,NONE DETECTED,1EB10340-F9FC-42DA-B2A2-F4AC99F81092,PEDESTRIAN,Other,NO IMPROPER ACTIONS,CURB,No,SUSPECTED MINOR INJURY,NONE,39.09209167,-77.06885333,"(39.09209167, -77.06885333)"
MCP2805004G,210045575,Montgomery County Police,Injury Crash,11/10/2021 02:47:00 PM,,,,"PL OF COSTCO, 880 RUSSELL AVE, GAITHERSBURG, MD",,PEDESTRIAN,SAME DIR REAR END,CLEAR,,DAYLIGHT,N/A,NONE DETECTED,NONE DETECTED,7ECB82FD-7F96-4A4B-BD97-82E3D8277ED7,PEDESTRIAN,Standing,NOT VISIBLE,CURB,No,SUSPECTED MINOR INJURY,N/A,39.15713833,-77.214125,"(39.15713833, -77.214125)"
MCP3161003C,210042969,Montgomery County Police,Injury Crash,10/25/2021 03:03:00 PM,Maryland (State),ROCKVILLE PIKE,CEDAR LA,,N/A,PEDESTRIAN,SINGLE VEHICLE,CLEAR,DRY,DAYLIGHT,NO CONTROLS,NONE DETECTED,NONE DETECTED,8B35DAE4-7417-4A97-8807-1DE8C94C9404,PEDESTRIAN,Cross/Enter not at Intersection,IN ROADWAY IMPROPERLY,ON ROADWAY NOT AT CROSSWALK,Yes,SUSPECTED SERIOUS INJURY,NONE,38.99746667,-77.10965833,"(38.99746667, -77.10965833)"
MCP2288000J,180026145,Montgomery County Police,Injury Crash,05/28/2018 10:10:00 AM,Maryland (State),OLD GEORGETOWN RD,ARLINGTON RD,,N/A,BICYCLIST,SAME DIRECTION RIGHT TURN,CLOUDY,DRY,DAYLIGHT,TRAFFIC SIGNAL,NONE DETECTED,NONE DETECTED,2498DA32-177A-4F75-90FC-6F8A21370D8F,BICYCLIST,Walking/Riding w/Traffic,NO IMPROPER ACTIONS,CURB,No,POSSIBLE INJURY,NONE,38.98750649,-77.0988214,"(38.98750649, -77.0988214)"
MCP23720035,200032047,Montgomery County Police,Injury Crash,08/17/2020 07:00:00 AM,Maryland (State),OLD GEORGETOWN RD,CEDAR LA,,N/A,OTHER,STRAIGHT MOVEMENT ANGLE,CLEAR,DRY,DAYLIGHT,TRAFFIC SIGNAL,NONE DETECTED,NONE DETECTED,E6BD807F-7D85-486C-8AF8-2D432B05C502,OTHER,Cross/Enter at Intersection,NO IMPROPER ACTIONS,AT INTERSECTION MARKED CROSSWALK,No,SUSPECTED MINOR INJURY,MC/BIKE HELMET,39.00459917,-77.110397,"(39.00459917, -77.110397)"
MCP2001000Z,180059739,Montgomery County Police,Fatal Crash,11/29/2018 05:25:00 PM,County,OLD GEORGETOWN RD,KINGSWOOD RD,,N/A,PEDESTRIAN,SINGLE VEHICLE,CLEAR,DRY,DARK NO LIGHTS,NO CONTROLS,NONE DETECTED,N/A,D3246F17-B64E-42AA-93E3-C81E3CB85EDE,PEDESTRIAN,Cross/Enter not at Intersection,UNKNOWN,ON ROADWAY NOT AT CROSSWALK,Unknown,FATAL INJURY,N/A,39.01835167,-77.12049,"(39.01835167, -77.12049)"
MCP28050038,190005766,Montgomery County Police,Property Damage Crash,02/05/2019 07:05:00 PM,Maryland (State),MIDCOUNTY HWY,PIER POINT PL,,N/A,PEDESTRIAN,SINGLE VEHICLE,CLEAR,DRY,DARK LIGHTS ON,NO CONTROLS,NONE DETECTED,ALCOHOL PRESENT,22F78DEC-44EA-43E1-B015-8C9439CA6704,PEDESTRIAN,Cross/Enter at Intersection,IN ROADWAY IMPROPERLY,ON ROADWAY NOT AT CROSSWALK,Yes,NO APPARENT INJURY,N/A,39.15932833,-77.19835333,"(39.15932833, -77.19835333)"
MCP2663000C,170535544,Montgomery County Police,Injury Crash,10/08/2017 10:26:00 PM,Maryland (State),EAST WEST HWY,ROSEMARY HILLS RD,,N/A,PEDESTRIAN,SINGLE VEHICLE,RAINING,WET,DARK LIGHTS ON,TRAFFIC SIGNAL,NONE DETECTED,NONE DETECTED,3185EB49-1650-4291-AC91-E11A06402128,PEDESTRIAN,Walking/Riding w/Traffic,NO IMPROPER ACTIONS,ON ROADWAY AT CROSSWALK,No,POSSIBLE INJURY,N/A,38.99520167,-77.04244167,"(38.99520167, -77.04244167)"
DD56140022,17006536,Rockville Police Departme,Injury Crash,02/06/2017 06:15:00 PM,Municipality,MONROE ST,MONROE PL,,N/A,PEDESTRIAN,STRAIGHT MOVEMENT ANGLE,CLEAR,DRY,DARK LIGHTS ON,STOP SIGN,NONE DETECTED,NONE DETECTED,C1816816-AADD-423D-AEB1-10873A6BE69E,PEDESTRIAN,Cross/Enter at Intersection,NO IMPROPER ACTIONS,ON ROADWAY AT CROSSWALK,No,POSSIBLE INJURY,NONE,39.08324367,-77.14895067,"(39.08324367, -77.14895067)"
MCP30050055,200036016,Montgomery County Police,Injury Crash,09/14/2020 02:30:00 PM,County,ARCOLA AVE,KENBROOK DR,,N/A,MACHINE OPERATOR/RIDER,SINGLE VEHICLE,N/A,DRY,DAYLIGHT,STOP SIGN,NONE DETECTED,NONE DETECTED,8F35EC6B-3415-4650-9613-8CE54C76AE56,MACHINE OPERATOR/RIDER,Cross/Enter at Intersection,NO IMPROPER ACTIONS,AT INTERSECTION MARKED CROSSWALK,No,POSSIBLE INJURY,NONE,39.03915333,-77.027725,"(39.03915333, -77.027725)"
MCP2789003Z,180000883,Montgomery County Police,Injury Crash,01/06/2018 03:30:00 PM,,,,PARKING LOT OF 8315 GEORGIA AVE,,PEDESTRIAN,SINGLE VEHICLE,N/A,,DAYLIGHT,NO CONTROLS,N/A,N/A,7F3C9432-0EF3-46F0-9A43-A6A4F4EF7938,PEDESTRIAN,Other,IN ROADWAY IMPROPERLY,OTHER,Yes,POSSIBLE INJURY,N/A,39.01437333,-77.03431667,"(39.01437333, -77.03431667)"
MCP31190010,180048683,Montgomery County Police,Injury Crash,09/29/2018 12:49:00 PM,County,CROSS COUNTRY LA,STRAWBERRY KNOLL RD,,N/A,PEDESTRIAN,SINGLE VEHICLE,CLEAR,DRY,DAYLIGHT,NO CONTROLS,NONE DETECTED,NONE DETECTED,CFE9B1CB-5E05-4237-A76D-5077D3D7D3B7,PEDESTRIAN,Other,IN ROADWAY IMPROPERLY,ON ROADWAY NOT AT CROSSWALK,Yes,SUSPECTED MINOR INJURY,NONE,39.1623846,-77.18265876,"(39.1623846, -77.18265876)"