Report Number,Local Case Number,Agency Name,ACRS Report Type,Crash Date/Time,Route Type,Road Name,Cross-Street Name,Off-Road Description,Municipality,Related Non-Motorist,Collision Type,Weather,Surface Condition,Light,Traffic Control,Driver Substance Abuse,Non-Motorist Substance Abuse,Person ID,Pedestrian Type,Pedestrian Movement,Pedestrian Actions,Pedestrian Location,At Fault,Injury Severity,Safety Equipment,Latitude,Longitude,Location
MCP271700SD,200034582,Montgomery County Police,Injury Crash,09/03/2020 08:30:00 PM,Maryland (State),UNIVERSITY BLVD W,ST PAUL ST,,N/A,PEDESTRIAN,OTHER,CLOUDY,WET,DARK LIGHTS ON,NO CONTROLS,NONE DETECTED,NONE DETECTED,E7B4F333-12BA-44B3-87AC-33D7A9F301EE,PEDESTRIAN,Cross/Enter at Intersection,NO IMPROPER ACTIONS,ON ROADWAY AT CROSSWALK,No,SUSPECTED SERIOUS INJURY,NONE,38.99764383,-77.10979817,"(38.99764383, -77.10979817)"
MCP2195005S,230004805,Montgomery County Police,Injury Crash,01/30/2023 06:30:00 AM,,,,PARKING LOT 16651 CRABBS BRANCH WAY,,PEDESTRIAN,OTHER,CLEAR,,DARK LIGHTS ON,NO CONTROLS,NONE DETECTED,NONE DETECTED,388A4E62-F4CC-4669-AAAF-1B5C475251DE,PEDESTRIAN,Other,FAILURE TO YIELD RIGHT OF WAY,OTHER,Yes,POSSIBLE INJURY,N/A,39.12764833,-77.16462333,"(39.12764833, -77.16462333)"
EJ78520070,230004374,Gaithersburg Police Depar,Injury Crash,01/26/2023 08:05:00 PM,Municipality,GIRARD ST,LARKSPUR WAY,,GAITHERSBURG,BICYCLIST,HEAD ON LEFT TURN,N/A,DRY,DARK LIGHTS ON,NO CONTROLS,NONE DETECTED,NONE DETECTED,46552CE2-6055-4346-93C6-477E3CD9D2C0,BICYCLIST,N/A,FAILURE TO YIELD RIGHT OF WAY,ON ROADWAY NOT AT CROSSWALK,Yes,SUSPECTED MINOR INJURY,UNKNOWN,39.14810642,-77.18608087,"(39.14810642, -77.18608087)"
MCP23480052,190024574,Montgomery County Police,Injury Crash,05/23/2019 05:30:00 PM,Maryland (State),GEORGIA AVE,UNIVERSITY BLVD W,,N/A,PEDESTRIAN,OTHER,CLEAR,DRY,DAYLIGHT,TRAFFIC SIGNAL,NONE DETECTED,NONE DETECTED,BA019151-C3B9-4D35-91CE-A52BF1E90460,PEDESTRIAN,Cross/Enter at Intersection,NO IMPROPER ACTIONS,ON ROADWAY AT CROSSWALK,No,SUSPECTED SERIOUS INJURY,N/A,39.04165333,-77.05187667,"(39.04165333, -77.05187667)"
MCP3232000R,200017966,Montgomery County Police,Injury Crash,05/02/2020 05:55:00 PM,Maryland (State),GEORGIA AVE,GEORGIAN WAY,,N/A,BICYCLIST,STRAIGHT MOVEMENT ANGLE,CLEAR,DRY,DAYLIGHT,NO CONTROLS,NONE DETECTED,NONE DETECTED,D12A7C3F-38BD-4A12-AB85-9A414A8AA6EB,BICYCLIST,Cross/Enter at Intersection,N/A,SIDEWALK,No,SUSPECTED MINOR INJURY,MC/BIKE HELMET,39.05439,-77.050395,"(39.05439, -77.050395)"
MCP263900D0,210041923,Montgomery County Police,Injury Crash,10/19/2021 07:40:00 AM,,SNOWDEN FARM PKWY,SWEETSPIRE DR,,N/A,BICYCLIST,STRAIGHT MOVEMENT ANGLE,CLEAR,DRY,DAYLIGHT,N/A,NONE DETECTED,NONE DETECTED,08591482-AE4C-4E70-91E7-3FA870F0BA44,BICYCLIST,Cross/Enter at Intersection,DART DASH,AT INTERSECTION MARKED CROSSWALK,Yes,POSSIBLE INJURY,MC/BIKE HELMET,39.226935,-77.24847833,"(39.226935, -77.24847833)"
MCP9369001S,210019431,Montgomery County Police,Injury Crash,05/23/2021 02:15:00 AM,Maryland (State),FREDERICK RD,RIDGEMONT AVE,,ROCKVILLE,PEDESTRIAN,SINGLE VEHICLE,CLEAR,DRY,DARK LIGHTS ON,NO CONTROLS,NONE DETECTED,NONE DETECTED,D77E4A56-49F7-456A-A139-DFBE28EAB47E,PEDESTRIAN,Walking/Riding w/Traffic,IN ROADWAY IMPROPERLY,ON ROADWAY NOT AT CROSSWALK,Yes,SUSPECTED SERIOUS INJURY,NONE,39.12004667,-77.17367167,"(39.12004667, -77.17367167)"
MCP3068003R,220002996,Montgomery County Police,Injury Crash,01/23/2022 07:40:00 PM,,,,PARKING LOT,,PEDESTRIAN,SINGLE VEHICLE,CLEAR,,DARK LIGHTS ON,N/A,N/A,N/A,CD081A3F-D4B5-41E2-B1CD-02C836F0A3E5,PEDESTRIAN,Other,NO IMPROPER ACTIONS,OUTSIDE RIGHT OF WAY,No,POSSIBLE INJURY,NONE,39.014625,-77.10509,"(39.014625, -77.10509)"
MCP11740066,230022157,Montgomery County Police,Injury Crash,05/09/2023 07:43:00 AM,Maryland (State),EAST WEST HWY (W/B COUPLET),PEARL ST,,N/A,BICYCLIST,SINGLE VEHICLE,CLEAR,DRY,DAYLIGHT,TRAFFIC SIGNAL,NONE DETECTED,N/A,12E1213E-97E7-4D3C-A589-C8D5F0F414E9,BICYCLIST,Cross/Enter at Intersection,NO IMPROPER ACTIONS,AT INTERSECTION MARKED CROSSWALK,No,SUSPECTED MINOR INJURY,NONE,38.98502108,-77.09101622,"(38.98502108, -77.09101622)"
MCP1433004P,230000395,Montgomery County Police,Injury Crash,01/03/2023 06:45:00 PM,Maryland (State),ROCKVILLE PIKE,ENT TO FEDERAL PLAZA S.C.,,N/A,PEDESTRIAN,OTHER,CLEAR,WET,DARK LIGHTS ON,TRAFFIC SIGNAL,NONE DETECTED,NONE DETECTED,3942760D-CFA0-440B-B831-4BC11D7788D0,PEDESTRIAN,Walking/Riding against Traffic,NO IMPROPER ACTIONS,ON ROADWAY AT CROSSWALK,No,SUSPECTED MINOR INJURY,N/A,39.05739905,-77.12037172,"(39.05739905, -77.12037172)"
MCP3232000J,200011852,Montgomery County Police,Injury Crash,03/10/2020 06:29:00 PM,,,,DRIVE WAY ACCESS TO 2305 SHORFIELD RD.,,OTHER PEDALCYCLIST,STRAIGHT MOVEMENT ANGLE,N/A,,DAYLIGHT,N/A,NONE DETECTED,NONE DETECTED,2D628B5C-0719-45D2-8C5F-242B5D6837EC,OTHER PEDALCYCLIST,N/A,N/A,SIDEWALK,No,SUSPECTED MINOR INJURY,N/A,39.05302332,-77.0501063,"(39.05302332, -77.0501063)"
DD5620003Q,190010161,Rockville Police Departme,Injury Crash,03/04/2019 07:30:00 PM,Municipality,N WASHINGTON ST,BEALL AVE #2,,ROCKVILLE,PEDESTRIAN,OTHER,CLEAR,DRY,DARK LIGHTS ON,TRAFFIC SIGNAL,N/A,NONE DETECTED,6F996E75-121A-4364-AA3A-146C2839AE6A,PEDESTRIAN,Cross/Enter at Intersection,NO IMPROPER ACTIONS,AT INTERSECTION MARKED CROSSWALK,No,POSSIBLE INJURY,NONE,39.08810917,-77.15384,"(39.08810917, -77.15384)"
DD56170024,190054253,Rockville Police Departme,Injury Crash,11/09/2019 11:00:00 PM,Municipality,PARK RD,HUNGERFORD DR,,N/A,PEDESTRIAN,OTHER,CLEAR,N/A,DARK LIGHTS ON,TRAFFIC SIGNAL,UNKNOWN,UNKNOWN,04BAE178-E0DA-4243-B3E3-97659BAA8E60,PEDESTRIAN,Cross/Enter at Intersection,UNKNOWN,AT INTERSECTION MARKED CROSSWALK,Unknown,SUSPECTED MINOR INJURY,NONE,39.08526596,-77.14809588,"(39.08526596, -77.14809588)"
DD5649003K,230074413,Rockville Police Departme,Injury Crash,12/31/2023 05:25:00 PM,Municipality,MONROE ST,E JEFFERSON ST,,N/A,PEDESTRIAN,OTHER,CLEAR,DRY,DARK LIGHTS ON,TRAFFIC SIGNAL,NONE DETECTED,NONE DETECTED,2CA6776A-3D5D-47B3-8DA9-B1EC99D9CCAC,PEDESTRIAN,Cross/Enter at Intersection,NO IMPROPER ACTIONS,ON ROADWAY AT CROSSWALK,No,SUSPECTED SERIOUS INJURY,NONE,39.08181926,-77.14892365,"(39.08181926, -77.14892365)"
MCP2799004L,180061322,Montgomery County Police,Injury Crash,12/13/2018 12:00:00 AM,County,CHERRY HILL RD,BROADBIRCH DR,,N/A,PEDESTRIAN,SINGLE VEHICLE,CLEAR,DRY,DARK LIGHTS ON,NO CONTROLS,ILLEGAL DRUG CONTRIBUTED,NONE DETECTED,A7BDDB32-BD6D-4D15-A8C4-EDF60BBCBD15,PEDESTRIAN,Other,OTHER,SHOULDER,No,SUSPECTED MINOR INJURY,NONE,39.09495667,-76.92988833,"(39.09495667, -76.92988833)"
MCP2818001H,15063888,MONTGOMERY,Injury Crash,12/14/2015 05:20:00 PM,Maryland (State),GEORGIA AVE,CAMERON ST,,N/A,PEDESTRIAN,N/A,RAINING,WET,DARK NO LIGHTS,TRAFFIC SIGNAL,UNKNOWN,NONE DETECTED,14582517-2166-4199-AFA6-6D30E9185F65,PEDESTRIAN,Cross/Enter at Intersection,NO IMPROPER ACTIONS,AT INTERSECTION MARKED CROSSWALK,No,SUSPECTED MINOR INJURY,N/A,38.99755333,-77.02970333,"(38.99755333, -77.02970333)"
MCP2766001Q,15044823,MONTGOMERY,Injury Crash,09/05/2015 07:14:00 PM,,,,At the entrance to the Citgo located at 13615 Georgia Ave,,BICYCLIST,STRAIGHT MOVEMENT ANGLE,CLEAR,,DAYLIGHT,N/A,NONE DETECTED,ALCOHOL PRESENT,B5EA0A9A-A4D0-482B-AFC2-F38F491B0527,BICYCLIST,Walking/Cycling on Sidewalk,INATTENTIVE,SIDEWALK,Yes,POSSIBLE INJURY,NONE,39.07800028,-77.07120538,"(39.07800028, -77.07120538)"
MCP2274001J,170519122,Montgomery County Police,Injury Crash,07/14/2017 04:57:00 PM,,,,"PARKING LOT OF 455 N. FREDERICK AVE, GAITHERSBURG, MONTGOMERY COUTNY, MARYLAND",,BICYCLIST,STRAIGHT MOVEMENT ANGLE,CLOUDY,,DAYLIGHT,NO CONTROLS,NONE DETECTED,NONE DETECTED,79FA7296-98DD-4755-85CF-461003B40A90,BICYCLIST,Walking/Cycling on Sidewalk,NO IMPROPER ACTIONS,SIDEWALK,No,SUSPECTED MINOR INJURY,NONE,39.14836833,-77.206515,"(39.14836833, -77.206515)"
MCP15650014,15030756,Montgomery County Police,Injury Crash,06/24/2015 08:54:00 AM,Maryland (State),CONNECTICUT AVE,INDEPENDENCE ST,,N/A,BICYCLIST,OTHER,CLEAR,DRY,DAYLIGHT,TRAFFIC SIGNAL,NONE DETECTED,NONE DETECTED,F2D19952-FFF9-4A65-93F4-1EC89AFB6618,BICYCLIST,Cross/Enter at Intersection,NO IMPROPER ACTIONS,AT INTERSECTION MARKED CROSSWALK,,POSSIBLE INJURY,NONE,39.07672667,-77.0803,"(39.07672667, -77.0803)"
MCP3051001B,180005944,Montgomery County Police,Injury Crash,02/03/2018 08:50:00 PM,Maryland (State),OLD GEORGETOWN RD,LONE OAK DR,,N/A,PEDESTRIAN,OTHER,CLEAR,DRY,DARK NO LIGHTS,NO CONTROLS,NONE DETECTED,ALCOHOL PRESENT,496907D8-326A-40F6-B1E0-10DFF177CBFE,PEDESTRIAN,Cross/Enter not at Intersection,FAILURE TO YIELD RIGHT OF WAY,ON ROADWAY NOT AT CROSSWALK,Yes,SUSPECTED SERIOUS INJURY,NONE,39.02009175,-77.1219521,"(39.02009175, -77.1219521)"
MCP31680049,220018235,Montgomery County Police,Injury Crash,04/29/2022 03:00:00 PM,,,,ENTERANCE/EXIT OF 12151 ROCKVILLE PIKE,,BICYCLIST,STRAIGHT MOVEMENT ANGLE,CLEAR,,DAYLIGHT,NO CONTROLS,NONE DETECTED,NONE DETECTED,5773DC59-65C9-486D-9579-733397973A4B,BICYCLIST,Cross/Enter at Intersection,NO IMPROPER ACTIONS,SIDEWALK,No,POSSIBLE INJURY,MC/BIKE HELMET,39.05814,-77.12053833,"(39.05814, -77.12053833)"
MCP2466001R,16064424,Montgomery County Police,Injury Crash,12/14/2016 06:45:00 PM,Maryland (State),NEW HAMPSHIRE AVE,MCNEIL LA,,N/A,BICYCLIST,STRAIGHT MOVEMENT ANGLE,CLEAR,N/A,DARK LIGHTS ON,NO CONTROLS,UNKNOWN,UNKNOWN,C23A4E98-A76F-4FCE-A278-3895979F5A15,BICYCLIST,Walking/Riding against Traffic,WRONG WAY RIDING OR WALKING,SHOULDER,Yes,SUSPECTED MINOR INJURY,MC/BIKE HELMET,39.115075,-76.99268,"(39.115075, -76.99268)"
MCP0613001W,20035972,Montgomery County Police,Injury Crash,09/14/2020 08:42:00 AM,County,BATCHELLORS FOREST RD,GEORGIA AVE,,N/A,BICYCLIST,SINGLE VEHICLE,CLOUDY,DRY,DAYLIGHT,STOP SIGN,NONE DETECTED,NONE DETECTED,C46C66C9-6039-41DC-A5FA-02913DB1F880,BICYCLIST,Walking/Cycling on Sidewalk,NO IMPROPER ACTIONS,AT INTERSECTION MARKED CROSSWALK,No,SUSPECTED MINOR INJURY,MC/BIKE HELMET,39.12372811,-77.0725345,"(39.12372811, -77.0725345)"
MCP2347002H,190061641,Montgomery County Police,Injury Crash,12/22/2019 01:41:00 PM,,,,2144 INDUSTRIAL PARKWAY PARKING LOT,,PEDESTRIAN,N/A,CLEAR,,DAYLIGHT,NO CONTROLS,NONE DETECTED,NONE DETECTED,5BB59111-847D-47F3-A95D-8446AF54C93A,PEDESTRIAN,Other,OTHER,OTHER,No,SUSPECTED MINOR INJURY,NONE,39.054455,-76.96905333,"(39.054455, -76.96905333)"
MCP2848002L,16010452,MONTGOMERY,Injury Crash,03/02/2016 02:02:00 PM,,,,"PARKING LOT OF 8617 CHATEAU DRIVE POTOMAC, MARYLAND 20854",,PEDESTRIAN,OTHER,CLEAR,,DAYLIGHT,NO CONTROLS,,NONE DETECTED,C8D33519-D867-436E-AF2D-0E539B5FFF38,PEDESTRIAN,Standing,N/A,OTHER,No,SUSPECTED MINOR INJURY,N/A,39.01001333,-77.17794167,"(39.01001333, -77.17794167)"
MCP0936001M,16031943,Montgomery County Police,Injury Crash,06/24/2016 10:40:00 AM,,,,10550 CONNECTICUT AVENUE,,PEDESTRIAN,SINGLE VEHICLE,CLOUDY,,DAYLIGHT,N/A,NONE DETECTED,NONE DETECTED,FB5E7D7B-C056-487A-9808-72D516CF3656,PEDESTRIAN,Other,NO IMPROPER ACTIONS,OTHER,No,POSSIBLE INJURY,N/A,39.02775843,-77.07669318,"(39.02775843, -77.07669318)"
MCP295400BV,220026993,Montgomery County Police,Injury Crash,06/22/2022 08:50:00 PM,Maryland (State),UNIVERSITY BLVD E,PATTON DR,,N/A,PEDESTRIAN,STRAIGHT MOVEMENT ANGLE,RAINING,WET,DARK -- UNKNOWN LIGHTING,NO CONTROLS,NONE DETECTED,ALCOHOL PRESENT,46533662-9065-487B-B8BA-3CCA6EFBB463,PEDESTRIAN,Cross/Enter not at Intersection,FAILURE TO YIELD RIGHT OF WAY,ON ROADWAY NOT AT CROSSWALK,Yes,POSSIBLE INJURY,NONE,39.00114405,-76.99546947,"(39.00114405, -76.99546947)"
MCP3005006Q,220032865,Montgomery County Police,Injury Crash,07/31/2022 11:50:00 AM,County,SELFRIDGE RD,MAHAN RD,,N/A,PEDESTRIAN,SINGLE VEHICLE,CLEAR,DRY,DAYLIGHT,NO CONTROLS,NONE DETECTED,NONE DETECTED,682792F0-7C86-44D0-A32B-E84E5CC9B165,PEDESTRIAN,Standing,OTHER,OTHER,Unknown,POSSIBLE INJURY,N/A,39.05519,-77.08034,"(39.05519, -77.08034)"
MCP3190002M,210030914,Montgomery County Police,Injury Crash,08/09/2021 10:42:00 AM,,,,14000 GEORGIA AVE (HOME DEPOT PARKING LOT),,PEDESTRIAN,OTHER,CLEAR,,DAYLIGHT,NO CONTROLS,UNKNOWN,NONE DETECTED,3A662C4A-5B9C-4564-929D-C1E41872883F,PEDESTRIAN,Other,NOT VISIBLE,OTHER,No,SUSPECTED MINOR INJURY,NONE,39.08429974,-77.07955183,"(39.08429974, -77.07955183)"
DD5522002B,15060186,ROCKVILLE,Injury Crash,11/24/2015 10:45:00 PM,Municipality,CABIN JOHN PKWY,W LYNFIELD DR,,ROCKVILLE,PEDESTRIAN,OTHER,CLEAR,DRY,DARK LIGHTS ON,NO CONTROLS,NONE DETECTED,NONE DETECTED,5A854FC2-6E51-4175-9A0A-754BFAA32F2A,PEDESTRIAN,Walking/Riding w/Traffic,UNKNOWN,CURB,Yes,POSSIBLE INJURY,NONE,39.08370833,-77.15323167,"(39.08370833, -77.15323167)"
MCP2886001L,16026787,Montgomery County Police,Injury Crash,05/29/2016 03:03:00 PM,Maryland (State),CONNECTICUT AVE,WELLER RD,,N/A,PEDESTRIAN,SINGLE VEHICLE,CLEAR,DRY,DAYLIGHT,N/A,NONE DETECTED,NONE DETECTED,E47CB9B1-F806-471B-8FD6-FABD055329E7,PEDESTRIAN,Cross/Enter at Intersection,NO IMPROPER ACTIONS,ON ROADWAY AT CROSSWALK,No,POSSIBLE INJURY,NONE,39.063535,-77.07347167,"(39.063535, -77.07347167)"
MCP2964000V,15044621,MONTGOMERY,Injury Crash,09/04/2015 05:00:00 PM,County,MIDDLEBROOK RD,FREDERICK RD,,N/A,BICYCLIST,STRAIGHT MOVEMENT ANGLE,CLEAR,DRY,DAYLIGHT,YIELD SIGN,NONE DETECTED,NONE DETECTED,A2B7366D-7142-416C-AD68-9BE9487645B1,BICYCLIST,Cross/Enter at Intersection,NO IMPROPER ACTIONS,AT INTERSECTION MARKED CROSSWALK,No,SUSPECTED MINOR INJURY,NONE,39.18076775,-77.23862886,"(39.18076775, -77.23862886)"
MCP22600017,16017022,Montgomery County Police,Injury Crash,04/07/2016 06:11:00 PM,,,,PARKING LOT OF 1776 EAST JEFFERSON STREET,,PEDESTRIAN,SINGLE VEHICLE,N/A,,DAYLIGHT,N/A,N/A,N/A,C2A5315E-EFD2-4147-AF84-B9FE5C3CFAAC,PEDESTRIAN,Other,NO IMPROPER ACTIONS,OTHER,No,SUSPECTED MINOR INJURY,N/A,39.057725,-77.124665,"(39.057725, -77.124665)"
MCP32120012,200003809,Montgomery County Police,Injury Crash,01/23/2020 03:47:00 PM,,,,PRIVATE DRIVE OFF 10000 BRUNSWICK AVE,,PEDESTRIAN,OTHER,CLEAR,,DAYLIGHT,NO CONTROLS,NONE DETECTED,NONE DETECTED,52DCA9D6-297D-4611-B12D-9E8465DCAA58,PEDESTRIAN,Walking/Riding against Traffic,N/A,ON ROADWAY NOT AT CROSSWALK,No,POSSIBLE INJURY,NONE,39.01943483,-77.05721367,"(39.01943483, -77.05721367)"
MCP15800047,15046473,MONTGOMERY,Injury Crash,09/14/2015 11:34:00 AM,,,,115 S FREDERICK AVE.   ST. MARTINS CATHOLIC CHURCH PARKING  LOT,,PEDESTRIAN,OTHER,CLEAR,,DAYLIGHT,NO CONTROLS,NONE DETECTED,NONE DETECTED,A7975367-F0D8-4D47-892F-EEC42EBC84B7,PEDESTRIAN,Standing,OTHER,OTHER,Unknown,POSSIBLE INJURY,NONE,39.13950667,-77.19561167,"(39.13950667, -77.19561167)"
EJ78330028,16045623,Gaithersburg Police Depar,Injury Crash,09/06/2016 06:28:00 PM,Municipality,FALLBROOK ST,STERNWHEELER CT,,GAITHERSBURG,PEDESTRIAN,OTHER,CLEAR,DRY,DAYLIGHT,NO CONTROLS,NONE DETECTED,NONE DETECTED,101AD7C5-157E-4F20-90B2-B7C5B20598A7,PEDESTRIAN,Playing,DART DASH,ON ROADWAY NOT AT CROSSWALK,Yes,SUSPECTED MINOR INJURY,NONE,39.14544,-77.187215,"(39.14544, -77.187215)"
MCP2789000K,15003826,Montgomery County Police,Injury Crash,01/23/2015 08:10:00 PM,Maryland (State),COLESVILLE RD,GEORGIA AVE,,N/A,PEDESTRIAN,SINGLE VEHICLE,RAINING,WET,DARK LIGHTS ON,TRAFFIC SIGNAL,N/A,N/A,BE95E8A5-2271-404B-9A7E-665E6DAF897F,PEDESTRIAN,Cross/Enter at Intersection,NO IMPROPER ACTIONS,AT INTERSECTION MARKED CROSSWALK,,SUSPECTED MINOR INJURY,N/A,38.99734667,-77.029575,"(38.99734667, -77.029575)"
MCP33050010,210039823,Montgomery County Police,Injury Crash,10/06/2021 01:33:00 PM,Maryland (State),GEORGIA AVE,CAMERON ST,,N/A,PEDESTRIAN,SAME DIRECTION RIGHT TURN,CLOUDY,DRY,DAYLIGHT,TRAFFIC SIGNAL,NONE DETECTED,NONE DETECTED,1FC31874-481D-479F-BECF-3EC5F869CE4B,PEDESTRIAN,Cross/Enter at Intersection,NO IMPROPER ACTIONS,ON ROADWAY AT CROSSWALK,No,SUSPECTED MINOR INJURY,N/A,38.9976706,-77.02961255,"(38.9976706, -77.02961255)"
MCP22030066,220039488,Montgomery County Police,Injury Crash,09/11/2022 01:20:00 PM,,,,PARKING LOT OF 12029 GEORGIA AVE,,PEDESTRIAN,N/A,RAINING,,DAYLIGHT,N/A,N/A,NONE DETECTED,4F2D6CFF-A874-4681-9636-C81F69FE760E,PEDESTRIAN,Cross/Enter not at Intersection,NO IMPROPER ACTIONS,ON ROADWAY NOT AT CROSSWALK,No,POSSIBLE INJURY,N/A,39.0529015,-77.0502545,"(39.0529015, -77.0502545)"
MCP24200047,220022518,Montgomery County Police,Property Damage Crash,06/01/2022 02:15:00 PM,,,,PARKING LOT OF 12389 GEORGIA AVE,,PEDESTRIAN,OTHER,CLEAR,,DAYLIGHT,NO CONTROLS,N/A,NONE DETECTED,E2FE718F-2E2D-4790-8010-D79A7B6EA85B,PEDESTRIAN,Other,NO IMPROPER ACTIONS,OTHER,No,NO APPARENT INJURY,N/A,39.14941667,-77.06661833,"(39.14941667, -77.06661833)"
MCP15750061,170545427,Montgomery County Police,Injury Crash,11/28/2017 03:45:00 PM,County,SHADY GROVE RD,DARNESTOWN RD,,N/A,BICYCLIST,STRAIGHT MOVEMENT ANGLE,CLEAR,DRY,DAYLIGHT,TRAFFIC SIGNAL,NONE DETECTED,NONE DETECTED,DBFBE688-8FB5-4654-B195-829CBEE6B0FD,BICYCLIST,Cross/Enter at Intersection,NO IMPROPER ACTIONS,ON ROADWAY AT CROSSWALK,No,POSSIBLE INJURY,NONE,39.09298509,-77.19645984,"(39.09298509, -77.19645984)"
MCP3114002Z,230018017,Montgomery County Police,Injury Crash,04/15/2023 06:03:00 PM,,,,PARKING LOT OF 10151 COLESVILLE ROAD,,PEDESTRIAN,SAME DIRECTION SIDESWIPE,CLEAR,,DAYLIGHT,N/A,N/A,N/A,E1D200F4-B541-432C-B7F7-D1DC70F9855F,PEDESTRIAN,Standing,NO IMPROPER ACTIONS,CURB,No,SUSPECTED MINOR INJURY,N/A,39.02129667,-77.01142583,"(39.02129667, -77.01142583)"
MCP2134001R,180058159,Montgomery County Police,Fatal Crash,11/20/2018 06:44:00 AM,Municipality,S SUMMIT AVE,WELLS AVE,,GAITHERSBURG,PEDESTRIAN,OTHER,CLEAR,N/A,DAWN,OTHER,N/A,UNKNOWN,3472140D-AE30-4C4F-AE41-2212B1289F04,PEDESTRIAN,Cross/Enter at Intersection,UNKNOWN,ON ROADWAY AT CROSSWALK,Unknown,FATAL INJURY,NONE,39.14136392,-77.19350721,"(39.14136392, -77.19350721)"
MCP2906001X,180046170,Montgomery County Police,Injury Crash,09/15/2018 07:00:00 PM,Municipality,WASHINGTONIAN BLVD,BOARDWALK PL,,N/A,PEDESTRIAN,STRAIGHT MOVEMENT ANGLE,CLEAR,DRY,DAYLIGHT,N/A,N/A,N/A,D86D412F-1271-4D08-BC05-F9607B1A28FD,PEDESTRIAN,Cross/Enter at Intersection,INATTENTIVE,ON ROADWAY AT CROSSWALK,Yes,SUSPECTED MINOR INJURY,NONE,39.11727593,-77.19916649,"(39.11727593, -77.19916649)"
MCP32800029,220028685,Montgomery County Police,Injury Crash,07/04/2022 02:12:00 PM,Maryland (State),SANDY SPRING RD,DINO DR,,N/A,"BICYCLIST, OTHER",ANGLE MEETS RIGHT TURN,CLEAR,DRY,DAYLIGHT,TRAFFIC SIGNAL,NONE DETECTED,NONE DETECTED,FA1E617F-5474-42B6-8EB7-961D6F8C58EF,BICYCLIST,Cross/Enter at Intersection,FAILURE TO YIELD RIGHT OF WAY,OUTSIDE RIGHT OF WAY,Yes,SUSPECTED SERIOUS INJURY,NONE,39.10874,-76.92343667,"(39.10874, -76.92343667)"
MCP9419002N,200030096,Montgomery County Police,Injury Crash,08/03/2020 01:49:00 PM,,,,PARKING LOT OF 12409 BRAXFIELD CT.,,PEDESTRIAN,OTHER,CLOUDY,,DAYLIGHT,NO CONTROLS,NONE DETECTED,NONE DETECTED,38464FA5-1EAE-4209-B0A6-139F2C434B6D,PEDESTRIAN,Other,N/A,OTHER,No,SUSPECTED MINOR INJURY,NONE,39.05966701,-77.10486404,"(39.05966701, -77.10486404)"
MCP2712001F,17000094,Montgomery County Police,Injury Crash,01/01/2017 12:02:00 PM,Maryland (State),NEW HAMPSHIRE AVE,ENT TO WHITE OAK SHOPPING CENTER,,N/A,PEDESTRIAN,OTHER,CLEAR,DRY,DAYLIGHT,STOP SIGN,NONE DETECTED,NONE DETECTED,DE54AC36-C656-4E20-8CFA-2FA6B0FE51AE,PEDESTRIAN,Cross/Enter at Intersection,NO IMPROPER ACTIONS,ON ROADWAY AT CROSSWALK,No,POSSIBLE INJURY,NONE,39.04091754,-76.99099258,"(39.04091754, -76.99099258)"
HA2389000D,15001213,MCPARK,Injury Crash,11/02/2015 05:46:00 PM,,,,"OCCURRED ON NE CAPITAL CRESCENT TRAIL, APPROXIMATELY 50 FEET PRIOR TO DORSET AVENUE INTERSECTION.",,BICYCLIST,HEAD ON,CLEAR,,DARK -- UNKNOWN LIGHTING,N/A,,UNKNOWN,56920666-4276-4E05-8DDA-E910B16642CE,BICYCLIST,N/A,IMPROPER PASSING,SHARED USE PATH OR TRAILS,Yes,NO APPARENT INJURY,UNKNOWN,38.96842663,-77.10256577,"(38.96842663, -77.10256577)"
MCP3078002L,180061491,Montgomery County Police,Injury Crash,12/09/2018 02:23:00 AM,,,,14400 TAOS COURT,,PEDESTRIAN,OTHER,CLEAR,,DARK LIGHTS ON,N/A,UNKNOWN,NONE DETECTED,D456826E-F980-45C2-880C-0ACE34EE5999,PEDESTRIAN,Standing,NO IMPROPER ACTIONS,OTHER,No,SUSPECTED MINOR INJURY,N/A,39.03722,-77.04036,"(39.03722, -77.04036)"
MCP31390036,220023142,Montgomery County Police,Injury Crash,05/30/2022 07:19:00 PM,,,,3660 CHILDRESS TERRACE,,OTHER,OTHER,CLEAR,,DAYLIGHT,NO CONTROLS,NONE DETECTED,N/A,A39584E4-94ED-4A03-B462-FF7ACB2CF16F,OTHER,N/A,NO IMPROPER ACTIONS,INSIDE BUILDING,No,NO APPARENT INJURY,N/A,39.091989,-76.93580717,"(39.091989, -76.93580717)"
MCP1233003R,210001754,Montgomery County Police,Injury Crash,01/14/2021 03:28:00 PM,Maryland (State),UNIVERSITY BLVD W,HOBSON ST,,N/A,PEDESTRIAN,STRAIGHT MOVEMENT ANGLE,CLEAR,DRY,DAYLIGHT,TRAFFIC SIGNAL,NONE DETECTED,NONE DETECTED,BA600D47-CB18-4010-83E4-7EF4EB546284,PEDESTRIAN,Other,NO IMPROPER ACTIONS,N/A,No,SUSPECTED SERIOUS INJURY,NONE,39.03581667,-77.064925,"(39.03581667, -77.064925)"
MCP2968000T,15041885,MONTGOMERY,Property Damage Crash,08/21/2015 02:01:00 PM,Maryland (State),DARNESTOWN RD,BLACKBERRY DR,,N/A,BICYCLIST,SINGLE VEHICLE,CLEAR,DRY,DAYLIGHT,TRAFFIC SIGNAL,N/A,N/A,1402DDE6-933D-4433-BC4A-FDBB38771EE9,BICYCLIST,Walking/Riding w/Traffic,N/A,SHOULDER,No,NO APPARENT INJURY,MC/BIKE HELMET,39.11539443,-77.24898219,"(39.11539443, -77.24898219)"
MCP30510029,180050769,Montgomery County Police,Injury Crash,10/10/2018 07:50:00 PM,Other Public Roadway,MONTROSE PKWY,E JEFFERSON ST,,N/A,PEDESTRIAN,OTHER,CLEAR,DRY,DARK LIGHTS ON,TRAFFIC SIGNAL,NONE DETECTED,NONE DETECTED,A967266F-B6F0-46F7-BD88-6E3C68FCAA40,PEDESTRIAN,Cross/Enter at Intersection,NO IMPROPER ACTIONS,ON ROADWAY AT CROSSWALK,No,POSSIBLE INJURY,REFLECTIVE CLOTHING,39.05093961,-77.12610848,"(39.05093961, -77.12610848)"