Report Number,Local Case Number,Agency Name,ACRS Report Type,Crash Date/Time,Route Type,Road Name,Cross-Street Name,Off-Road Description,Municipality,Related Non-Motorist,Collision Type,Weather,Surface Condition,Light,Traffic Control,Driver Substance Abuse,Non-Motorist Substance Abuse,Person ID,Pedestrian Type,Pedestrian Movement,Pedestrian Actions,Pedestrian Location,At Fault,Injury Severity,Safety Equipment,Latitude,Longitude,Location
MCP3220003F,220055228,Montgomery County Police,Injury Crash,12/12/2022 03:10:00 PM,,,,PARKING LOT OF 880 RUSSELL AVE,,PEDESTRIAN,SINGLE VEHICLE,CLEAR,,DAYLIGHT,NO CONTROLS,UNKNOWN,UNKNOWN,A4D302A7-D73C-4CDA-B597-7A766267ED6D,PEDESTRIAN,Standing,NO IMPROPER ACTIONS,OTHER,Unknown,SUSPECTED MINOR INJURY,NONE,39.15647387,-77.21351338,"(39.15647387, -77.21351338)"
MCP2866000W,15008034,Montgomery County Police,Injury Crash,02/18/2015 03:33:00 PM,,,,"PARKING LOT OF 4968 WYACONDA ROAD, ROCKVILLE, MD",,PEDESTRIAN,OTHER,CLEAR,,DAYLIGHT,NO CONTROLS,NONE DETECTED,NONE DETECTED,60E0E977-F1BD-4412-B92C-C27CC8DABF68,PEDESTRIAN,Push/Work on Vehicle,OTHER,OTHER,,SUSPECTED MINOR INJURY,NONE,39.044955,-77.099185,"(39.044955, -77.099185)"
MCP2617002X,16066614,Montgomery County Police,Injury Crash,12/27/2016 05:03:00 PM,,,,IN FRONT OF 7700 SCOTLAND DR. (PARKING LOT),,PEDESTRIAN,OTHER,CLEAR,,DUSK,NO CONTROLS,NONE DETECTED,NONE DETECTED,5E06C77E-6A82-424E-8F9E-F3AF14CE195B,PEDESTRIAN,Playing,DART DASH,OTHER,Yes,SUSPECTED MINOR INJURY,NONE,39.06536333,-77.15902833,"(39.06536333, -77.15902833)"
MCP2859009J,200048151,Montgomery County Police,Property Damage Crash,12/07/2020 07:10:00 AM,County,MUDDY BRANCH RD,HARMONY HALL RD,,N/A,PEDESTRIAN,OTHER,N/A,DRY,DUSK,STOP SIGN,NONE DETECTED,NONE DETECTED,4EAF8799-427D-4FDA-93D8-85E8D9FC054F,PEDESTRIAN,Cross/Enter at Intersection,NO IMPROPER ACTIONS,ON ROADWAY AT CROSSWALK,Yes,NO APPARENT INJURY,NONE,39.13658667,-77.20536,"(39.13658667, -77.20536)"
EJ77470015,15030436,Gaithersburg Police Depar,Injury Crash,06/22/2015 12:45:00 PM,Municipality,CHESTERTOWN ST,LITTLE QUARRY RD,,GAITHERSBURG,PEDESTRIAN,HEAD ON LEFT TURN,N/A,DRY,DAYLIGHT,NO CONTROLS,NONE DETECTED,NONE DETECTED,3CB1A0A3-365E-4869-8F36-50239E572364,PEDESTRIAN,Cross/Enter not at Intersection,N/A,ON ROADWAY NOT AT CROSSWALK,,POSSIBLE INJURY,N/A,39.123305,-77.24685333,"(39.123305, -77.24685333)"
MCP2757001P,170536392,Montgomery County Police,Property Damage Crash,10/13/2017 05:44:00 AM,County,KINGSWELL DR,LIVINGSTON ST,,N/A,PEDESTRIAN,SINGLE VEHICLE,N/A,N/A,DARK LIGHTS ON,NO CONTROLS,NONE DETECTED,NONE DETECTED,55BCA61C-5267-41A3-B9A5-B15963311238,PEDESTRIAN,Standing,OTHER,SHOULDER,No,NO APPARENT INJURY,N/A,39.05451784,-77.05814302,"(39.05451784, -77.05814302)"
MCP2052003G,230066205,Montgomery County Police,Injury Crash,11/14/2023 08:28:00 AM,Maryland (State),FREDERICK RD,WATKINS MILL RD,,GAITHERSBURG,PEDESTRIAN,SINGLE VEHICLE,CLEAR,DRY,DAYLIGHT,N/A,N/A,NONE DETECTED,51E26710-6162-44B1-AD58-4196B2282A02,PEDESTRIAN,Cross/Enter not at Intersection,IN ROADWAY IMPROPERLY,MEDIAN,Yes,POSSIBLE INJURY,N/A,39.15993144,-77.21981594,"(39.15993144, -77.21981594)"
MCP3068004M,230018175,Montgomery County Police,Injury Crash,04/16/2023 07:05:00 PM,County,ELM ST,ARLINGTON RD,,N/A,PEDESTRIAN,STRAIGHT MOVEMENT ANGLE,CLEAR,DRY,DAYLIGHT,TRAFFIC SIGNAL,N/A,N/A,59CC4794-D99A-4DC8-A7E1-D2A0651552A4,PEDESTRIAN,Cross/Enter at Intersection,NO IMPROPER ACTIONS,ON ROADWAY AT CROSSWALK,No,SUSPECTED MINOR INJURY,N/A,38.982098,-77.09860583,"(38.982098, -77.09860583)"
MCP2617008S,200043720,Montgomery County Police,Injury Crash,11/05/2020 05:52:00 PM,Maryland (State),LAYHILL RD,POST LA,,N/A,BICYCLIST,OTHER,CLEAR,DRY,DARK NO LIGHTS,NO CONTROLS,NONE DETECTED,NONE DETECTED,7F433424-2B36-452E-B696-4DEF66DD6E5E,BICYCLIST,Cross/Enter at Intersection,UNKNOWN,AT INTERSECTION BUT NO CROSSWALK,Unknown,SUSPECTED MINOR INJURY,MC/BIKE HELMET,39.0840475,-77.04641833,"(39.0840475, -77.04641833)"
MCP3080002V,200040688,Montgomery County Police,Injury Crash,10/15/2020 04:28:00 PM,Maryland (State),GREAT SENECA HWY,CLIMBING IVY DR,,N/A,PEDESTRIAN,OTHER,CLEAR,DRY,DAYLIGHT,TRAFFIC SIGNAL,NONE DETECTED,NONE DETECTED,969EC6CE-EA0B-4264-8C08-3FE9E527CF01,PEDESTRIAN,Cross/Enter at Intersection,NO IMPROPER ACTIONS,AT INTERSECTION MARKED CROSSWALK,No,POSSIBLE INJURY,NONE,39.16653148,-77.27062088,"(39.16653148, -77.27062088)"
MCP29910021,170536253,Montgomery County Police,Injury Crash,10/12/2017 01:58:00 PM,,,,PARKING LOT OF 3410 OLNEY LAYTONSVILLE RD (SIDE PARKING LOT EXIT),,PEDESTRIAN,SINGLE VEHICLE,CLEAR,,DAYLIGHT,N/A,NONE DETECTED,NONE DETECTED,5BF81DB6-F0E4-4AB4-96AE-316C6805C64B,PEDESTRIAN,Walking/Cycling on Sidewalk,NO IMPROPER ACTIONS,SIDEWALK,No,POSSIBLE INJURY,N/A,39.15259833,-77.06701167,"(39.15259833, -77.06701167)"
MCP1151002J,15010827,Montgomery County Police,Injury Crash,03/09/2015 08:19:00 AM,County,CRYSTAL ROCK DR,GERMANTOWN RD,,N/A,PEDESTRIAN,OTHER,CLEAR,DRY,DAYLIGHT,NO CONTROLS,NONE DETECTED,NONE DETECTED,21E5AE0E-C781-46BF-B7C1-8BBC1DE6159D,PEDESTRIAN,Cross/Enter not at Intersection,IN ROADWAY IMPROPERLY,ON ROADWAY NOT AT CROSSWALK,,POSSIBLE INJURY,N/A,39.181835,-77.26275,"(39.181835, -77.26275)"
MCP25040013,16000449,Montgomery County Police,Injury Crash,01/03/2016 05:40:00 PM,,,,PARKING LOT ROADWAY IN FRONT OF 7901 TUCKERMAN LANE,,PEDESTRIAN,STRAIGHT MOVEMENT ANGLE,CLEAR,,DUSK,OTHER,NONE DETECTED,NONE DETECTED,7D2231B3-619F-47BC-A5FD-C190EC7DF2C9,PEDESTRIAN,Cross/Enter at Intersection,NO IMPROPER ACTIONS,ON ROADWAY AT CROSSWALK,No,SUSPECTED MINOR INJURY,N/A,39.039952,-77.15729,"(39.039952, -77.15729)"
MCP9301004J,230024890,Montgomery County Police,Injury Crash,05/24/2023 12:40:00 PM,,,,PARKING LOT OF 132 DUVALL LANE,,PEDESTRIAN,SINGLE VEHICLE,CLEAR,,DAYLIGHT,N/A,N/A,N/A,43F5DA71-A184-459F-AE2A-81AA029D1917,PEDESTRIAN,Playing,DART DASH,OTHER,Yes,SUSPECTED MINOR INJURY,N/A,39.12779522,-77.2007719,"(39.12779522, -77.2007719)"
MCP30480098,230005096,Montgomery County Police,Injury Crash,01/31/2023 03:30:00 PM,Maryland (State),ROCKVILLE PIKE,CEDAR LA,,N/A,PEDESTRIAN,OTHER,CLEAR,DRY,DAYLIGHT,TRAFFIC SIGNAL,N/A,N/A,843F9A7D-6597-4120-A1A5-07495D4ECBD8,PEDESTRIAN,Cross/Enter at Intersection,NO IMPROPER ACTIONS,AT INTERSECTION MARKED CROSSWALK,No,SUSPECTED MINOR INJURY,N/A,39.00177117,-77.05545783,"(39.00177117, -77.05545783)"
MCP28000052,220014387,Montgomery County Police,Injury Crash,04/04/2022 09:32:00 PM,,,,GARAGE DRIVEWAY ACCESS OF WF MARKET 11355 WOODGLEN DR/CROSSWALK  FACING EXECUTIVE BLVD AT PASSEO DR,,OTHER CONVEYANCE,OTHER,CLEAR,,DARK LIGHTS ON,NO CONTROLS,NONE DETECTED,NONE DETECTED,4F458A28-67BD-4C20-8477-AADE4D6F3289,OTHER CONVEYANCE,Walking/Cycling on Sidewalk,NO IMPROPER ACTIONS,DRIVEWAY ACCESS MARKED CROSSWALK,No,SUSPECTED MINOR INJURY,N/A,39.04329667,-77.11219167,"(39.04329667, -77.11219167)"
MCP1233002C,180027204,Montgomery County Police,Injury Crash,06/02/2018 07:44:00 PM,,,,DRIVE WAY OF 10625 CONNECTICUT AVE.,,PEDESTRIAN,N/A,CLOUDY,,DAYLIGHT,NO CONTROLS,NONE DETECTED,NONE DETECTED,0606246C-B190-49DC-8EF5-5971C0163C4F,PEDESTRIAN,Walking/Cycling on Sidewalk,NO IMPROPER ACTIONS,SIDEWALK,No,POSSIBLE INJURY,N/A,39.03041167,-77.07531,"(39.03041167, -77.07531)"
MCP2181002D,190000573,Montgomery County Police,Property Damage Crash,01/04/2019 09:48:00 AM,Maryland (State),OLNEY LAYTONSVILLE RD,DORSEY RD,,N/A,PEDESTRIAN,OTHER,CLOUDY,DRY,DAYLIGHT,NO CONTROLS,N/A,N/A,524C88D3-37BE-4935-BEEE-565BD33ED55B,PEDESTRIAN,Other,DISABLED VEHICLE RELATED,AT INTERSECTION BUT NO CROSSWALK,Yes,NO APPARENT INJURY,NONE,39.19619833,-77.13016,"(39.19619833, -77.13016)"
MCP9439000J,170530242,Montgomery County Police,Injury Crash,09/12/2017 11:09:00 PM,County,IZAAK WALTON WAY,W WILLARD RD,,N/A,PEDESTRIAN,SINGLE VEHICLE,CLEAR,DRY,DARK NO LIGHTS,N/A,,NONE DETECTED,5B2DA453-67E9-4E60-B67D-6CCA3AC2C7D2,PEDESTRIAN,Getting off/on Vehicle,OTHER,OTHER,Yes,SUSPECTED MINOR INJURY,N/A,39.10005948,-77.41992474,"(39.10005948, -77.41992474)"
MCP3150000G,180032133,Montgomery County Police,Injury Crash,06/29/2018 06:30:00 PM,County,FOREST GLEN RD,SLIGO CREEK PKWY,,N/A,BICYCLIST,STRAIGHT MOVEMENT ANGLE,CLEAR,DRY,DAYLIGHT,OTHER,N/A,N/A,F87DE2F1-B113-43B7-BAF2-BB294985E735,BICYCLIST,Other,IN ROADWAY IMPROPERLY,OTHER,Yes,SUSPECTED MINOR INJURY,NONE,39.01599108,-77.03529596,"(39.01599108, -77.03529596)"
MCP2761003T,220044472,Montgomery County Police,Injury Crash,10/11/2022 04:20:00 PM,County,RICHTER FARM RD,GERMANTOWN RD,,N/A,PEDESTRIAN,OTHER,CLEAR,DRY,DAYLIGHT,NO CONTROLS,UNKNOWN,NONE DETECTED,4F1F54A0-02E2-472F-B39F-9FEADBAB38F7,PEDESTRIAN,Other Working,NO IMPROPER ACTIONS,OTHER,No,POSSIBLE INJURY,N/A,39.15365908,-77.28666362,"(39.15365908, -77.28666362)"
EJ7890000N,210043582,Gaithersburg Police Depar,Injury Crash,10/28/2021 07:09:00 PM,Maryland (State),FREDERICK RD,TRAVIS AVE,,GAITHERSBURG,OTHER,SAME DIR REAR END,CLEAR,DRY,DARK LIGHTS ON,NO CONTROLS,NONE DETECTED,NONE DETECTED,A9B33CE0-D050-4B20-8753-EAB1A2796EC2,OTHER,Standing,DISABLED VEHICLE RELATED,ON ROADWAY NOT AT CROSSWALK,No,SUSPECTED SERIOUS INJURY,N/A,39.16083498,-77.22127842,"(39.16083498, -77.22127842)"
EJ7837004Z,20012459,Gaithersburg Police Depar,Injury Crash,03/13/2020 06:30:00 PM,,,,DRIVEWAY OF 302 SUMMIT HALL RD,,PEDESTRIAN,SINGLE VEHICLE,CLEAR,,DUSK,NO CONTROLS,N/A,N/A,E7E95277-1D2A-46BA-9FE7-065C7D828A46,PEDESTRIAN,Walking/Cycling on Sidewalk,N/A,SIDEWALK,No,SUSPECTED MINOR INJURY,NONE,39.12967272,-77.19785541,"(39.12967272, -77.19785541)"
MCP1017000R,15005676,Montgomery County Police,Injury Crash,02/04/2015 01:00:00 PM,,,,"Parking lot of 7400 Arlington Road, Bethesda, MD",,PEDESTRIAN,SINGLE VEHICLE,CLEAR,,DAYLIGHT,NO CONTROLS,NONE DETECTED,NONE DETECTED,1D8FD011-6F2B-4415-BBA9-9DCB548E4A07,PEDESTRIAN,Other,NO IMPROPER ACTIONS,OTHER,,SUSPECTED MINOR INJURY,N/A,38.983485,-77.098805,"(38.983485, -77.098805)"
MCP2849001Q,15053479,MONTGOMERY,Injury Crash,10/21/2015 06:46:00 PM,County,SHERWOOD FOREST DR,NOTLEY RD,,N/A,PEDESTRIAN,SINGLE VEHICLE,CLEAR,DRY,DARK NO LIGHTS,NO CONTROLS,NONE DETECTED,ALCOHOL PRESENT,FB407500-B4BE-459A-AC3F-B28D16814925,PEDESTRIAN,Cross/Enter not at Intersection,IN ROADWAY IMPROPERLY,ON ROADWAY NOT AT CROSSWALK,Yes,SUSPECTED MINOR INJURY,N/A,39.08128833,-77.00841333,"(39.08128833, -77.00841333)"
EJ7894003D,230057431,Gaithersburg Police Depar,Injury Crash,09/29/2023 06:20:00 AM,Maryland (State),FREDERICK RD,S WESTLAND DR,,N/A,PEDESTRIAN,SINGLE VEHICLE,CLEAR,DRY,DARK LIGHTS ON,TRAFFIC SIGNAL,NONE DETECTED,NONE DETECTED,B2343CD1-6A82-4BCB-91A3-A1810596EFD7,PEDESTRIAN,Cross/Enter at Intersection,UNKNOWN,AT INTERSECTION MARKED CROSSWALK,Unknown,SUSPECTED MINOR INJURY,NONE,39.12589946,-77.182744,"(39.12589946, -77.182744)"
MCP31610044,220037550,Montgomery County Police,Injury Crash,08/30/2022 03:12:00 PM,Maryland (State),KNOWLES AVE,CONNECTICUT AVE,,N/A,PEDESTRIAN,SINGLE VEHICLE,CLEAR,DRY,DAYLIGHT,TRAFFIC SIGNAL,NONE DETECTED,NONE DETECTED,C8540B04-90A7-4838-8D70-93E3DE6E5223,PEDESTRIAN,Cross/Enter not at Intersection,IN ROADWAY IMPROPERLY,ON ROADWAY NOT AT CROSSWALK,Yes,SUSPECTED MINOR INJURY,NONE,39.027,-77.077,"(39.027, -77.077)"
MCP2513001W,200002066,Montgomery County Police,Injury Crash,01/14/2020 07:15:00 AM,,,,"PARKING LOT OF PAINT BRANCH HIGH SCHOOL, LOCATED AT 14121 OLD COLUMBIA PIKE, BURTONSVILLE, MD 20877",,PEDESTRIAN,OTHER,CLEAR,,DAWN,N/A,NONE DETECTED,NONE DETECTED,DFA8FA9A-BE62-4907-B8D4-B0203A25CF0A,PEDESTRIAN,Walking to/from school,NO IMPROPER ACTIONS,OTHER,No,SUSPECTED SERIOUS INJURY,N/A,39.08461833,-76.946185,"(39.08461833, -76.946185)"
MCP33110021,230057186,Montgomery County Police,Injury Crash,09/27/2023 07:27:00 PM,US (State),GEORGIA AVE,STRUC #15078,,N/A,BICYCLIST,OTHER,CLEAR,DRY,DARK NO LIGHTS,NO CONTROLS,N/A,N/A,8BC9CC87-894E-49F0-964A-684F4A881668,BICYCLIST,Cross/Enter at Intersection,INATTENTIVE,ON ROADWAY AT CROSSWALK,Yes,SUSPECTED MINOR INJURY,MC/BIKE HELMET,38.98894783,-77.02688267,"(38.98894783, -77.02688267)"
MCP10200031,180009851,Montgomery County Police,Injury Crash,02/26/2018 09:04:00 AM,County,BOLAND FARM RD,FREDERICK RD,,N/A,BICYCLIST,OTHER,CLEAR,DRY,DAYLIGHT,OTHER,NONE DETECTED,NONE DETECTED,431C6187-045B-45A6-9A44-E8243F9A54BD,BICYCLIST,Cross/Enter at Intersection,NO IMPROPER ACTIONS,ON ROADWAY AT CROSSWALK,No,SUSPECTED SERIOUS INJURY,UNKNOWN,39.195328,-77.2446005,"(39.195328, -77.2446005)"
MCP2177001J,17012955,Montgomery County Police,Injury Crash,03/12/2017 12:27:00 PM,County,GLEN MILL RD,BALD CYPRESS DR,,N/A,BICYCLIST,SAME DIR REAR END,N/A,DRY,DAYLIGHT,NO CONTROLS,NONE DETECTED,NONE DETECTED,638675C0-C6ED-48C2-8EA0-9B0C94873D95,BICYCLIST,Walking/Riding w/Traffic,INATTENTIVE,OTHER,Yes,SUSPECTED SERIOUS INJURY,MC/BIKE HELMET,39.08259333,-77.198755,"(39.08259333, -77.198755)"
MCP30480056,190023306,Montgomery County Police,Injury Crash,05/17/2019 11:14:00 AM,County,MADISON ST,ANDERSON RD,,N/A,"OTHER, PEDESTRIAN",OTHER,CLOUDY,DRY,DAYLIGHT,NO CONTROLS,N/A,N/A,9A9611F8-832B-419B-87D7-6AD02C5195C7,PEDESTRIAN,Other,NO IMPROPER ACTIONS,ON ROADWAY AT CROSSWALK,No,POSSIBLE INJURY,N/A,39.03666667,-77.07016333,"(39.03666667, -77.07016333)"
MCP271700KK,180046630,Montgomery County Police,Injury Crash,09/18/2018 02:45:00 PM,County,PIERCE DR,TIMBERWOOD AVE,,N/A,PEDESTRIAN,OTHER,CLEAR,WET,DAYLIGHT,NO CONTROLS,NONE DETECTED,NONE DETECTED,EB59FEF9-F046-4631-9875-D24F61D5C271,PEDESTRIAN,Cross/Enter not at Intersection,DART DASH,ON ROADWAY NOT AT CROSSWALK,Yes,SUSPECTED MINOR INJURY,NONE,39.02162467,-77.0105055,"(39.02162467, -77.0105055)"
MCP30580052,230059208,Montgomery County Police,Injury Crash,10/07/2023 11:26:00 PM,County,SHADY GROVE RD,GAITHER RD,,N/A,PEDESTRIAN,OTHER,CLEAR,DRY,DARK LIGHTS ON,TRAFFIC SIGNAL,NONE DETECTED,ALCOHOL CONTRIBUTED,2612EDDC-05FA-4263-939D-43F946405906,PEDESTRIAN,Cross/Enter at Intersection,INATTENTIVE,ON ROADWAY AT CROSSWALK,Unknown,SUSPECTED MINOR INJURY,NONE,39.117575,-77.183435,"(39.117575, -77.183435)"
MCP32330038,220039399,Montgomery County Police,Injury Crash,09/10/2022 06:56:00 PM,Maryland (State),PINEY BRANCH RD,CARROLL AVE,,N/A,PEDESTRIAN,SINGLE VEHICLE,CLEAR,DRY,DAWN,WARNING SIGN,NONE DETECTED,NONE DETECTED,4ADAE45E-0669-49B5-B1B7-18B59C51C050,PEDESTRIAN,Cross/Enter not at Intersection,NO IMPROPER ACTIONS,ON ROADWAY AT CROSSWALK,No,SUSPECTED MINOR INJURY,NONE,39.03362783,-77.00331017,"(39.03362783, -77.00331017)"
MCP3038006J,230060111,Montgomery County Police,Injury Crash,10/12/2023 03:46:00 PM,County,ELLSWORTH DR,FENTON ST,,N/A,BICYCLIST,OTHER,CLEAR,DRY,DAYLIGHT,NO CONTROLS,NONE DETECTED,NONE DETECTED,F16F1CD9-5E3C-4B9A-91CE-5B791FB524CA,BICYCLIST,Walking/Riding w/Traffic,NO IMPROPER ACTIONS,ON ROADWAY NOT AT CROSSWALK,No,SUSPECTED MINOR INJURY,MC/BIKE HELMET,38.99732156,-77.02495353,"(38.99732156, -77.02495353)"
EJ7826004D,190022707,Gaithersburg Police Depar,Injury Crash,05/14/2019 12:17:00 PM,,ELLINGTON BLVD,FIELDS RD,,N/A,PEDESTRIAN,OTHER,CLOUDY,DRY,DAYLIGHT,N/A,N/A,N/A,004FB443-B5D0-45DA-8F3B-9888F495EC96,PEDESTRIAN,Cross/Enter at Intersection,NO IMPROPER ACTIONS,ON ROADWAY AT CROSSWALK,No,POSSIBLE INJURY,NONE,39.11518833,-77.20483333,"(39.11518833, -77.20483333)"
MCP2228000P,200001033,Montgomery County Police,Injury Crash,01/07/2020 09:40:00 AM,County,MONTROSE RD,TILDENWOOD DR,,ROCKVILLE,PEDESTRIAN,SINGLE VEHICLE,N/A,DRY,DAYLIGHT,TRAFFIC SIGNAL,NONE DETECTED,NONE DETECTED,55A250BA-F78E-45D8-98A8-2FADF6807426,PEDESTRIAN,Cross/Enter at Intersection,NO IMPROPER ACTIONS,ON ROADWAY AT CROSSWALK,No,SUSPECTED MINOR INJURY,NONE,39.053775,-77.13771333,"(39.053775, -77.13771333)"
MCP20460098,180059937,Montgomery County Police,Injury Crash,11/30/2018 05:32:00 PM,County,BRIGGS CHANEY RD,ASTON MANOR DR,,N/A,PEDESTRIAN,OTHER,CLEAR,DRY,DARK LIGHTS ON,NO CONTROLS,NONE DETECTED,NONE DETECTED,9A37E85E-CAB4-48ED-841F-E9862B93C8D0,PEDESTRIAN,Cross/Enter at Intersection,NO IMPROPER ACTIONS,AT INTERSECTION BUT NO CROSSWALK,No,POSSIBLE INJURY,N/A,39.07589015,-76.94114938,"(39.07589015, -76.94114938)"
MCP3038005B,210039517,Montgomery County Police,Injury Crash,10/04/2021 08:06:00 PM,County,FENTON ST,SLIGO AVE,,N/A,PEDESTRIAN,OTHER,CLEAR,DRY,DARK LIGHTS ON,TRAFFIC SIGNAL,NONE DETECTED,NONE DETECTED,DFB15920-8562-44D6-A6CC-C1388694F245,PEDESTRIAN,Cross/Enter not at Intersection,IN ROADWAY IMPROPERLY,ON ROADWAY NOT AT CROSSWALK,Yes,POSSIBLE INJURY,N/A,38.99007051,-77.02390053,"(38.99007051, -77.02390053)"
MCP32450045,230005127,Montgomery County Police,Injury Crash,01/31/2023 05:35:00 PM,County,OMEGA DR,RESEARCH BLVD,,N/A,PEDESTRIAN,N/A,RAINING,WET,DARK LIGHTS ON,NO CONTROLS,NONE DETECTED,NONE DETECTED,128E2078-BE75-4D57-8289-B0F516541775,PEDESTRIAN,Cross/Enter not at Intersection,DART DASH,ON ROADWAY NOT AT CROSSWALK,Yes,POSSIBLE INJURY,NONE,39.10871833,-77.19306417,"(39.10871833, -77.19306417)"
MCP2832002M,17015784,Montgomery County Police,Injury Crash,03/28/2017 01:38:00 PM,Maryland (State),EAST WEST HWY,GRUBB RD,,N/A,PEDESTRIAN,SINGLE VEHICLE,CLOUDY,DRY,DAYLIGHT,TRAFFIC SIGNAL,NONE DETECTED,NONE DETECTED,C453E4F1-F934-48E4-AF1F-8F114534F46E,PEDESTRIAN,Cross/Enter at Intersection,NO IMPROPER ACTIONS,ON ROADWAY AT CROSSWALK,No,SUSPECTED MINOR INJURY,N/A,38.99381333,-77.05224833,"(38.99381333, -77.05224833)"
MCP2291005S,220006216,Montgomery County Police,Injury Crash,02/12/2022 04:11:00 PM,Maryland (State),OLD GEORGETOWN RD,BEECH AVE,,N/A,BICYCLIST,HEAD ON LEFT TURN,CLEAR,DRY,DAYLIGHT,TRAFFIC SIGNAL,NONE DETECTED,NONE DETECTED,C48ACC2E-1FEC-4072-A715-0E3E6BA2EDB1,BICYCLIST,Standing,NO IMPROPER ACTIONS,SIDEWALK,No,POSSIBLE INJURY,MC/BIKE HELMET,39.01002068,-77.11475414,"(39.01002068, -77.11475414)"
DM8453000L,16052032,Takoma Park Police Depart,Injury Crash,10/10/2016 08:53:00 AM,Maryland (State),PHILADELPHIA AVE,CHICAGO AVE,,TAKOMA PARK,PEDESTRIAN,OTHER,CLEAR,DRY,DAYLIGHT,N/A,NONE DETECTED,NONE DETECTED,AB8EF9FA-B6CE-44B5-A508-3A9F59997B1C,PEDESTRIAN,Cross/Enter at Intersection,UNKNOWN,AT INTERSECTION MARKED CROSSWALK,Unknown,SUSPECTED MINOR INJURY,N/A,38.98666317,-77.02147186,"(38.98666317, -77.02147186)"
MCP31430029,200027271,Montgomery County Police,Injury Crash,07/14/2020 06:30:00 AM,County,MARINELLI RD,ROCKVILLE PIKE,,N/A,PEDESTRIAN,OTHER,CLEAR,DRY,DAYLIGHT,TRAFFIC SIGNAL,NONE DETECTED,NONE DETECTED,741A060D-E358-4268-9F6A-A7B7FC70DDB4,PEDESTRIAN,Cross/Enter at Intersection,NO IMPROPER ACTIONS,ON ROADWAY AT CROSSWALK,Unknown,POSSIBLE INJURY,NONE,39.04735167,-77.11233833,"(39.04735167, -77.11233833)"
MCP3130004H,220006366,Montgomery County Police,Injury Crash,02/14/2022 07:00:00 AM,Maryland (State),CONNECTICUT AVE,WELLER RD,,N/A,PEDESTRIAN,STRAIGHT MOVEMENT ANGLE,CLOUDY,DRY,DAYLIGHT,TRAFFIC SIGNAL,NONE DETECTED,NONE DETECTED,73D2F379-3DB2-41CC-86F9-DEA59003D2D4,PEDESTRIAN,Walking to/from school,NO IMPROPER ACTIONS,AT INTERSECTION MARKED CROSSWALK,No,SUSPECTED MINOR INJURY,N/A,39.06367167,-77.07343,"(39.06367167, -77.07343)"
MCP23480047,180049336,Montgomery County Police,Injury Crash,10/02/2018 10:11:00 PM,,,,PARKING LOT OF KNIGHTS OF PYTHIAS LODGE AT 11011 GAME PRESERVE RD,,PEDESTRIAN,SINGLE VEHICLE,CLEAR,,DARK LIGHTS ON,NO CONTROLS,NONE DETECTED,NONE DETECTED,CF1B4D4E-FB75-47FF-AB81-8933E6390E9F,PEDESTRIAN,Other,OTHER,OTHER,No,SUSPECTED MINOR INJURY,N/A,39.16405734,-77.2294604,"(39.16405734, -77.2294604)"
MCP3280002R,220050990,Montgomery County Police,Injury Crash,11/18/2022 10:28:00 AM,,,,PARKING LOT OF 2300 BROADBIRCH RD,,PEDESTRIAN,OTHER,CLEAR,,DAYLIGHT,NO CONTROLS,NONE DETECTED,NONE DETECTED,53247BF7-7EC7-4F73-B25C-9454E6881334,PEDESTRIAN,Other,NO IMPROPER ACTIONS,OTHER,No,POSSIBLE INJURY,NONE,39.05816833,-76.96123833,"(39.05816833, -76.96123833)"
MCP2951002B,170516494,Montgomery County Police,Injury Crash,06/29/2017 07:20:00 PM,Maryland (State),GEORGIA AVE,LOTTE PLAZA,,N/A,BICYCLIST,SINGLE VEHICLE,CLEAR,DRY,DAYLIGHT,STOP SIGN,NONE DETECTED,NONE DETECTED,D423F8B6-EADD-45F2-8C5F-8D7266F96947,BICYCLIST,Walking/Cycling on Sidewalk,NO IMPROPER ACTIONS,CURB,No,POSSIBLE INJURY,NONE,39.07996167,-77.07373383,"(39.07996167, -77.07373383)"
MCP137800RS,190037868,Montgomery County Police,Injury Crash,08/08/2019 04:32:00 PM,Maryland (State),QUINCE ORCHARD RD,ORCHARD RIDGE DR,,GAITHERSBURG,PEDESTRIAN,SINGLE VEHICLE,CLOUDY,DRY,DAYLIGHT,TRAFFIC SIGNAL,NONE DETECTED,NONE DETECTED,D87A57A4-751A-4781-A1F2-E324D0912438,PEDESTRIAN,Cross/Enter at Intersection,NO IMPROPER ACTIONS,ON ROADWAY AT CROSSWALK,No,SUSPECTED MINOR INJURY,NONE,39.12906759,-77.23353053,"(39.12906759, -77.23353053)"
MCP2639008Z,200008439,Montgomery County Police,Injury Crash,02/20/2020 07:57:00 AM,County,ARCOLA AVE,LAMBERTON DR,,N/A,BICYCLIST,HEAD ON LEFT TURN,CLOUDY,DRY,DAYLIGHT,NO CONTROLS,NONE DETECTED,NONE DETECTED,8A8F995B-92D6-4640-AE8E-9524B35A12D6,BICYCLIST,Walking/Riding w/Traffic,IMPROPER PASSING,SHOULDER,Yes,POSSIBLE INJURY,MC/BIKE HELMET,39.04224,-77.02996333,"(39.04224, -77.02996333)"
MCP31290022,200026231,Montgomery County Police,Injury Crash,07/06/2020 03:47:00 PM,County,SPARTAN RD,GEORGIA AVE,,N/A,OTHER CONVEYANCE,SINGLE VEHICLE,CLEAR,DRY,DAYLIGHT,NO CONTROLS,NONE DETECTED,NONE DETECTED,F77D3000-E430-4400-B86A-4557820455D0,OTHER CONVEYANCE,Cross/Enter at Intersection,IN ROADWAY IMPROPERLY,OUTSIDE RIGHT OF WAY,Yes,SUSPECTED SERIOUS INJURY,NONE,39.15007064,-77.06526871,"(39.15007064, -77.06526871)"
MCP2829003K,170538120,Montgomery County Police,Injury Crash,10/22/2017 07:55:00 AM,County,SPRING ST,ROEDER RD,,N/A,PEDESTRIAN,OTHER,CLEAR,DRY,DAYLIGHT,NO CONTROLS,NONE DETECTED,NONE DETECTED,AE6CB71A-87D8-407B-9D12-76CE8D58B56B,PEDESTRIAN,Cross/Enter not at Intersection,IN ROADWAY IMPROPERLY,ON ROADWAY NOT AT CROSSWALK,Yes,SUSPECTED MINOR INJURY,N/A,38.99901697,-77.02503785,"(38.99901697, -77.02503785)"