Report Number,Local Case Number,Agency Name,ACRS Report Type,Crash Date/Time,Route Type,Road Name,Cross-Street Name,Off-Road Description,Municipality,Related Non-Motorist,Collision Type,Weather,Surface Condition,Light,Traffic Control,Driver Substance Abuse,Non-Motorist Substance Abuse,Person ID,Pedestrian Type,Pedestrian Movement,Pedestrian Actions,Pedestrian Location,At Fault,Injury Severity,Safety Equipment,Latitude,Longitude,Location
MCP229800L8,180053322,Montgomery County Police,Injury Crash,10/24/2018 05:33:00 PM,,,,PARKING LOT OF 22222 DAVIS MILL RD,,"MACHINE OPERATOR/RIDER, OTHER",OTHER,CLEAR,,DAYLIGHT,NO CONTROLS,,NONE DETECTED,9B46E634-02FE-4FB2-A79F-5F5601A80AFA,MACHINE OPERATOR/RIDER,N/A,OTHER,OTHER,Unknown,POSSIBLE INJURY,N/A,39.221495,-77.2227965,"(39.221495, -77.2227965)"
MCP2664005M,220010551,Montgomery County Police,Injury Crash,03/11/2022 04:02:00 PM,Maryland (State),OLNEY LAYTONSVILLE RD,ENT TO SHOPPING CENTER,,N/A,BICYCLIST,SINGLE VEHICLE,CLEAR,DRY,DAYLIGHT,STOP SIGN,NONE DETECTED,NONE DETECTED,F2A0E6DB-05B2-47CA-AE37-0851A0E03920,BICYCLIST,Cross/Enter at Intersection,NO IMPROPER ACTIONS,ON ROADWAY AT CROSSWALK,No,SUSPECTED MINOR INJURY,MC/BIKE HELMET,39.15379386,-77.06830777,"(39.15379386, -77.06830777)"
DD5583007T,230005382,Rockville Police Departme,Property Damage Crash,02/02/2023 09:00:00 AM,Service Road,S CAMPUS DR,ENT TO PARKING,,N/A,PEDESTRIAN,SINGLE VEHICLE,CLEAR,DRY,DAYLIGHT,N/A,NONE DETECTED,UNKNOWN,C7EC8AD6-64E7-4CCE-AEB1-4E7DF44A91AD,PEDESTRIAN,Cross/Enter not at Intersection,DART DASH,ON ROADWAY NOT AT CROSSWALK,Yes,NO APPARENT INJURY,NONE,39.09637809,-77.15823874,"(39.09637809, -77.15823874)"
MCP2738004D,220052755,Montgomery County Police,Injury Crash,11/29/2022 09:53:00 PM,Maryland (State),NEW HAMPSHIRE AVE,LOCKWOOD DR,,N/A,PEDESTRIAN,OTHER,CLEAR,DRY,N/A,TRAFFIC SIGNAL,N/A,N/A,9C39FDED-12CA-48F9-8DBC-6E3DB9034031,PEDESTRIAN,Standing,UNKNOWN,MEDIAN,Unknown,SUSPECTED MINOR INJURY,N/A,39.0393995,-76.990528,"(39.0393995, -76.990528)"
MCP22990008,16044954,Montgomery County Police,Injury Crash,09/02/2016 06:23:00 PM,,,,"MONTGOMERY COUNTY PARKING LOT 20
8212 COLONIAL LANE SILVER SPRING, MD",,OTHER CONVEYANCE,SINGLE VEHICLE,CLEAR,,DAYLIGHT,N/A,NONE DETECTED,N/A,69070CA7-9E68-4664-AA78-4BCDA510CE29,OTHER CONVEYANCE,Other,UNKNOWN,ON ROADWAY NOT AT CROSSWALK,Yes,POSSIBLE INJURY,NONE,38.99172607,-77.02797085,"(38.99172607, -77.02797085)"
MCP2177004S,230046972,Montgomery County Police,Injury Crash,07/30/2023 02:40:00 PM,Municipality,RUSSELL AVE,SPUR TO ODENDHAL AVE,,N/A,PEDESTRIAN,SINGLE VEHICLE,CLEAR,DRY,DAYLIGHT,N/A,NONE DETECTED,NONE DETECTED,E688F882-C73E-4F32-84FF-B8ABD359ACE5,PEDESTRIAN,Cross/Enter at Intersection,NO IMPROPER ACTIONS,ON ROADWAY AT CROSSWALK,No,SUSPECTED MINOR INJURY,N/A,39.15050159,-77.2043814,"(39.15050159, -77.2043814)"
MCP3271001C,210035483,Montgomery County Police,Injury Crash,09/09/2021 04:25:00 PM,County,RIDGEFIELD RD,WESTBARD AVE,,N/A,OTHER CONVEYANCE,SINGLE VEHICLE,CLEAR,DRY,DAYLIGHT,TRAFFIC SIGNAL,NONE DETECTED,NONE DETECTED,58BEA775-C448-4969-A5C7-62BDA6569DDD,OTHER CONVEYANCE,Cross/Enter at Intersection,NO IMPROPER ACTIONS,ON ROADWAY AT CROSSWALK,No,POSSIBLE INJURY,NONE,38.96594412,-77.10744591,"(38.96594412, -77.10744591)"
MCP29520022,16027591,Montgomery County Police,Injury Crash,06/02/2016 02:53:00 PM,,,,ALLEY BEHIND LA FITNESS CONNECTING GEORGIA AVE AND DRIVEWAY TO PARKING GARAGE.,,OTHER CONVEYANCE,OTHER,CLEAR,,DAYLIGHT,NO CONTROLS,NONE DETECTED,NONE DETECTED,F9D18D7B-0CEB-4EAA-8F77-A79E76EFBDA7,OTHER CONVEYANCE,Other,NO IMPROPER ACTIONS,OTHER,No,POSSIBLE INJURY,NONE,38.99858667,-77.02928,"(38.99858667, -77.02928)"
MCP2813005J,180046686,Montgomery County Police,Injury Crash,09/18/2018 07:50:00 PM,County,WINDHAM LA,GEORGIA AVE,,N/A,PEDESTRIAN,SINGLE VEHICLE,CLEAR,DRY,DARK NO LIGHTS,TRAFFIC SIGNAL,N/A,N/A,D33485BE-C2F4-42DD-B7BE-EB3AFD9657D8,PEDESTRIAN,Walking/Riding against Traffic,FAILURE TO YIELD RIGHT OF WAY,ON ROADWAY AT CROSSWALK,Yes,SUSPECTED MINOR INJURY,N/A,38.99719833,-77.02999,"(38.99719833, -77.02999)"
MCP32000061,220029471,Montgomery County Police,Injury Crash,07/09/2022 12:24:00 PM,County,MONTROSE RD,EVELYN DR,,ROCKVILLE,PEDESTRIAN,OTHER,RAINING,WET,DAYLIGHT,STOP SIGN,NONE DETECTED,NONE DETECTED,443D3B8C-0747-47D7-984F-FEE4FCD26BDD,PEDESTRIAN,Cross/Enter at Intersection,NO IMPROPER ACTIONS,ON ROADWAY NOT AT CROSSWALK,No,SUSPECTED MINOR INJURY,NONE,39.05342,-77.13329233,"(39.05342, -77.13329233)"
MCP29950055,190047077,Montgomery County Police,Injury Crash,10/02/2019 04:35:00 PM,,,,"PARKING LOT OF 4101 RANDOLPH RD. SILVER SPRING, MD 20906. (SHELL GAS STATION)",,PEDESTRIAN,N/A,CLEAR,,DAYLIGHT,NO CONTROLS,NONE DETECTED,NONE DETECTED,3ACB19FD-9E19-4DE0-9820-391345037DA0,PEDESTRIAN,Standing,OTHER,OTHER,No,POSSIBLE INJURY,N/A,39.09205,-77.06954167,"(39.09205, -77.06954167)"
MCP15500018,15020472,Montgomery County Police,Injury Crash,04/30/2015 07:19:00 PM,Municipality,FREDERICK PL,FREDERICK AVE,,KENSINGTON,PEDESTRIAN,SINGLE VEHICLE,CLOUDY,N/A,DAYLIGHT,N/A,NONE DETECTED,NONE DETECTED,77710985-FE06-4BE3-B3C4-F1C8408BAB45,PEDESTRIAN,Standing,N/A,OTHER,,SUSPECTED SERIOUS INJURY,N/A,39.020775,-77.07114333,"(39.020775, -77.07114333)"
DD5602000F,16041851,Rockville Police Departme,Injury Crash,08/18/2016 01:35:00 AM,Municipality,MONROE ST,MT VERNON PL,,ROCKVILLE,PEDESTRIAN,OTHER,N/A,WET,DARK NO LIGHTS,NO CONTROLS,UNKNOWN,ALCOHOL PRESENT,BA21D37A-8CDC-49D6-AD3B-906F263182D5,PEDESTRIAN,Walking/Riding w/Traffic,IN ROADWAY IMPROPERLY,ON ROADWAY NOT AT CROSSWALK,Yes,POSSIBLE INJURY,NONE,39.07894833,-77.15103,"(39.07894833, -77.15103)"
DM84760036,220005815,Takoma Park Police Depart,Injury Crash,02/10/2022 10:58:00 AM,Maryland (State),NEW HAMPSHIRE AVE,HOLTON LA,,TAKOMA PARK,PEDESTRIAN,SINGLE VEHICLE,CLEAR,DRY,DAYLIGHT,TRAFFIC SIGNAL,N/A,N/A,1411A1A9-3D6B-4E9A-ACE4-C33240B88357,PEDESTRIAN,Cross/Enter at Intersection,NO IMPROPER ACTIONS,ON ROADWAY AT CROSSWALK,No,SUSPECTED SERIOUS INJURY,N/A,38.98603167,-76.98817933,"(38.98603167, -76.98817933)"
MCP3002002J,180022566,Montgomery County Police,Injury Crash,05/08/2018 10:06:00 AM,,,,12277 NEBEL STREET,,PEDESTRIAN,OTHER,CLEAR,,DAYLIGHT,N/A,NONE DETECTED,NONE DETECTED,FB9D7E2E-5647-49EC-83B0-BBB99BF6150F,PEDESTRIAN,Standing,OTHER,OTHER,No,POSSIBLE INJURY,NONE,39.05222833,-77.10930833,"(39.05222833, -77.10930833)"
MCP1512001C,170550918,Montgomery County Police,Injury Crash,12/27/2017 05:46:00 PM,Maryland (State),CLOPPER RD,METROPOLITAN GROVE RD,,GAITHERSBURG,PEDESTRIAN,SINGLE VEHICLE,CLEAR,DRY,DARK LIGHTS ON,NO CONTROLS,NONE DETECTED,NONE DETECTED,5524EE95-046C-493B-9130-132A1E0E1E67,PEDESTRIAN,Cross/Enter not at Intersection,FAILURE TO YIELD RIGHT OF WAY,ON ROADWAY NOT AT CROSSWALK,Yes,SUSPECTED MINOR INJURY,NONE,39.14486,-77.22616167,"(39.14486, -77.22616167)"
MCP20080033,16063764,Montgomery County Police,Injury Crash,12/12/2016 03:18:00 PM,County,MACARTHUR BLVD,HARVARD AVE,,GLEN ECHO,BICYCLIST,ANGLE MEETS LEFT TURN,CLEAR,DRY,DAYLIGHT,N/A,NONE DETECTED,NONE DETECTED,AD68D665-AED3-4D15-B14F-84E2324A0306,BICYCLIST,Cross/Enter at Intersection,NO IMPROPER ACTIONS,IN BIKEWAY,No,POSSIBLE INJURY,MC/BIKE HELMET,38.969655,-77.14156833,"(38.969655, -77.14156833)"
MCP2953000L,15052867,MONTGOMERY,Injury Crash,10/18/2015 01:02:00 PM,,,,Northgate Shopping Center,,PEDESTRIAN,OTHER,CLEAR,,DAYLIGHT,NO CONTROLS,NONE DETECTED,NONE DETECTED,52E6B298-8A74-462A-BA2F-255D7AC6DF2A,PEDESTRIAN,Cross/Enter not at Intersection,FAILURE TO YIELD RIGHT OF WAY,OUTSIDE RIGHT OF WAY,Yes,SUSPECTED SERIOUS INJURY,N/A,39.08131,-77.07788833,"(39.08131, -77.07788833)"
MCP2087002Q,190004828,Montgomery County Police,Injury Crash,01/31/2019 06:43:00 AM,Maryland (State),GEORGIA AVE,CONNECTICUT AVE,,N/A,PEDESTRIAN,SINGLE VEHICLE,CLEAR,DRY,DAWN,TRAFFIC SIGNAL,NONE DETECTED,NONE DETECTED,B1B00341-3E2B-49B9-AF58-C81E2D01486E,PEDESTRIAN,Cross/Enter at Intersection,NO IMPROPER ACTIONS,ON ROADWAY AT CROSSWALK,No,POSSIBLE INJURY,N/A,39.08375333,-77.07751333,"(39.08375333, -77.07751333)"
MCP13790042,15051918,MONTGOMERY,Injury Crash,10/13/2015 11:34:00 AM,,,,"Parking lot of 12021 Georgia Ave Silver Spring, MD 20906",,PEDESTRIAN,OTHER,CLEAR,,DAYLIGHT,NO CONTROLS,NONE DETECTED,NONE DETECTED,45BFEA63-C173-44B2-9F8C-C124D2CEDA2F,PEDESTRIAN,Other,NO IMPROPER ACTIONS,OTHER,No,POSSIBLE INJURY,NONE,39.05274667,-77.049875,"(39.05274667, -77.049875)"
MCP2611000H,15009794,Montgomery County Police,Injury Crash,03/01/2015 07:14:00 PM,County,OLD COLUMBIA PIKE,CARRIAGE HOUSE TERR,,N/A,OTHER,STRAIGHT MOVEMENT ANGLE,WINTRY MIX,SNOW,DARK LIGHTS ON,NO CONTROLS,N/A,N/A,9B5F32EA-0740-40F9-BA07-0364B6AF53CC,OTHER,Standing,NO IMPROPER ACTIONS,OTHER,,NO APPARENT INJURY,N/A,39.0491856,-76.9795622,"(39.0491856, -76.9795622)"
MCP11280043,15051173,MONTGOMERY,Injury Crash,10/09/2015 07:28:00 AM,Maryland (State),WISCONSIN AVE,ELM ST,,N/A,BICYCLIST,OTHER,CLOUDY,WET,DAWN,TRAFFIC SIGNAL,NONE DETECTED,NONE DETECTED,04EABA0B-B9A8-4C7C-ADA9-737ABF0E747F,BICYCLIST,Cross/Enter at Intersection,NO IMPROPER ACTIONS,ON ROADWAY AT CROSSWALK,No,SUSPECTED MINOR INJURY,NONE,38.98281167,-77.09328167,"(38.98281167, -77.09328167)"
MCP2830006B,230024335,Montgomery County Police,Injury Crash,05/21/2023 11:33:00 AM,County,QUEEN ELIZABETH DR,HERITAGE HILLS DR,,N/A,PEDESTRIAN,OTHER,CLEAR,DRY,DAYLIGHT,STOP SIGN,NONE DETECTED,NONE DETECTED,F6723E40-BA71-4B5F-A8DD-9C4180544BF1,PEDESTRIAN,Cross/Enter at Intersection,NO IMPROPER ACTIONS,ON ROADWAY AT CROSSWALK,No,SUSPECTED MINOR INJURY,NONE,39.16158201,-77.07134938,"(39.16158201, -77.07134938)"
MCP2946002X,180056753,Montgomery County Police,Injury Crash,11/12/2018 02:07:00 PM,,,,9936 MAIN STREET,,PEDESTRIAN,SINGLE VEHICLE,CLOUDY,,DAYLIGHT,NO CONTROLS,NONE DETECTED,NONE DETECTED,4ECAB87B-955F-4431-9862-E07135F4BDC4,PEDESTRIAN,Cross/Enter at Intersection,UNKNOWN,AT INTERSECTION BUT NO CROSSWALK,No,POSSIBLE INJURY,N/A,39.2883,-77.20557333,"(39.2883, -77.20557333)"
MCP2847001W,170507160,Montgomery County Police,Injury Crash,05/11/2017 02:20:00 AM,County,CONNECTICUT AVE,ROAD END - GATE,,N/A,OTHER,SINGLE VEHICLE,CLEAR,DRY,DARK LIGHTS ON,NO CONTROLS,,N/A,683EABA1-22F7-446A-9986-9AF970829AF4,OTHER,Other,OTHER,OTHER,Yes,SUSPECTED MINOR INJURY,N/A,39.093625,-77.06889,"(39.093625, -77.06889)"
MCP9301000S,15066413,Montgomery County Police,Injury Crash,12/27/2015 01:11:00 PM,Municipality,BOOTH ST,MIDTOWN RD,,GAITHERSBURG,PEDESTRIAN,SINGLE VEHICLE,N/A,N/A,DAYLIGHT,STOP SIGN,NONE DETECTED,NONE DETECTED,014563E6-4450-4FF0-A855-1B157E536DFB,PEDESTRIAN,Cross/Enter at Intersection,UNKNOWN,AT INTERSECTION MARKED CROSSWALK,Unknown,SUSPECTED MINOR INJURY,NONE,39.15428833,-77.21278,"(39.15428833, -77.21278)"
MCP3041000D,170504434,Montgomery County Police,Injury Crash,04/26/2017 11:18:00 PM,Municipality,ROLLINS AVE,ROAD END,,N/A,PEDESTRIAN,SINGLE VEHICLE,CLEAR,DRY,DARK -- UNKNOWN LIGHTING,N/A,N/A,ALCOHOL PRESENT,027D9AB4-A0F2-4BCA-9368-CAA4DA3F9561,PEDESTRIAN,Standing,UNKNOWN,OTHER,Unknown,POSSIBLE INJURY,N/A,39.05758375,-77.13183403,"(39.05758375, -77.13183403)"
MCP28480033,16033490,Montgomery County Police,Injury Crash,07/02/2016 07:57:00 AM,County,MACARTHUR BLVD,TOMLINSON AVE,,N/A,BICYCLIST,HEAD ON LEFT TURN,CLEAR,N/A,DAYLIGHT,NO CONTROLS,NONE DETECTED,NONE DETECTED,39692AC2-1098-4AC4-91B8-188A7EE2F353,BICYCLIST,Cross/Enter not at Intersection,NO IMPROPER ACTIONS,ON ROADWAY NOT AT CROSSWALK,No,SUSPECTED MINOR INJURY,MC/BIKE HELMET,38.97353333,-77.15563,"(38.97353333, -77.15563)"
MCP2612002P,180002973,Montgomery County Police,Property Damage Crash,01/18/2018 08:00:00 PM,Maryland (State),GEORGIA AVE,BEL PRE RD,,N/A,OTHER,OTHER,CLEAR,DRY,DARK LIGHTS ON,N/A,N/A,N/A,BE73EBA2-F3C8-4433-AFB4-D3F8AB4D9BF8,OTHER,Other Working,OTHER,OTHER,Yes,NO APPARENT INJURY,N/A,39.09332333,-77.07959,"(39.09332333, -77.07959)"
MCP29300039,230024625,Montgomery County Police,Injury Crash,05/22/2023 09:20:00 PM,Maryland (State),GEORGIA AVE,WELLER RD,,N/A,PEDESTRIAN,SINGLE VEHICLE,CLEAR,DRY,DARK NO LIGHTS,NO CONTROLS,NONE DETECTED,UNKNOWN,23EC0FDC-6C76-4C57-83EF-DDC2BE300E2A,PEDESTRIAN,Walking/Riding w/Traffic,IN ROADWAY IMPROPERLY,ON ROADWAY NOT AT CROSSWALK,Yes,SUSPECTED MINOR INJURY,NONE,39.06744833,-77.06039167,"(39.06744833, -77.06039167)"
MCP2846007Z,220021835,Montgomery County Police,Injury Crash,05/22/2022 03:15:00 PM,Maryland (State),GEORGIA AVE,BLUERIDGE AVE,,N/A,PEDESTRIAN,HEAD ON LEFT TURN,CLEAR,DRY,DAYLIGHT,PERSON,NONE DETECTED,NONE DETECTED,5774AC8B-CA66-4240-9325-D4065FF845E1,PEDESTRIAN,Cross/Enter at Intersection,NO IMPROPER ACTIONS,ON ROADWAY AT CROSSWALK,No,POSSIBLE INJURY,N/A,39.04295333,-77.05214333,"(39.04295333, -77.05214333)"
MCP2464000J,16015960,Montgomery County Police,Injury Crash,04/01/2016 05:24:00 PM,County,DEMOCRACY BLVD,FERNWOOD RD,,N/A,BICYCLIST,STRAIGHT MOVEMENT ANGLE,CLEAR,DRY,DAYLIGHT,TRAFFIC SIGNAL,NONE DETECTED,NONE DETECTED,3878E335-34FC-4D8D-BACD-3EC374E7784D,BICYCLIST,Cross/Enter at Intersection,FAILURE TO YIELD RIGHT OF WAY,ON ROADWAY AT CROSSWALK,Yes,SUSPECTED MINOR INJURY,NONE,39.02188167,-77.1351,"(39.02188167, -77.1351)"
MCP1064005H,17011626,Montgomery County Police,Property Damage Crash,03/05/2017 10:46:00 AM,,,,"SIDE WALK
8600 BLOCK COLESVILLE RD

SILVER SPRING, MD 20910",,BICYCLIST,OTHER,CLEAR,,DAYLIGHT,STOP SIGN,N/A,N/A,39BDEA4F-FE2F-4FF7-B5B8-107DEF8E47C1,BICYCLIST,Walking/Cycling on Sidewalk,N/A,SIDEWALK,No,NO APPARENT INJURY,MC/BIKE HELMET,38.99643167,-77.02789667,"(38.99643167, -77.02789667)"
MCP3055002T,210017989,Montgomery County Police,Injury Crash,05/13/2021 11:55:00 AM,,,,PARKING LOT AT 13781 CONNECTICUT AVE (GIANT),,PEDESTRIAN,OTHER,CLEAR,,DAYLIGHT,NO CONTROLS,N/A,N/A,E52457EE-6113-46A7-8A98-3FFA961F04BA,PEDESTRIAN,Other,NO IMPROPER ACTIONS,OTHER,No,SUSPECTED MINOR INJURY,NONE,39.07962,-77.07936,"(39.07962, -77.07936)"
MCP3339000V,220049986,Montgomery County Police,Injury Crash,11/04/2022 01:40:00 PM,,,,"2119 UNIVERSITY BOULEVARD WEST, SILVER SPRING, MD 20904",,PEDESTRIAN,OTHER,UNKNOWN,,DAYLIGHT,N/A,UNKNOWN,UNKNOWN,972E9C99-DC0A-448C-8C44-A5A6655E77D7,PEDESTRIAN,Standing,ENTERING EXITING PARKED STANDING VEHICLE,OTHER,No,POSSIBLE INJURY,NONE,39.04141068,-77.0473585,"(39.04141068, -77.0473585)"
DD5574000K,16038539,Rockville Police Departme,Property Damage Crash,07/29/2016 12:45:00 PM,Municipality,VINSON ST,S WASHINGTON ST,,ROCKVILLE,OTHER CONVEYANCE,STRAIGHT MOVEMENT ANGLE,CLEAR,DRY,DAYLIGHT,NO CONTROLS,N/A,N/A,B01EEC2B-A167-41DF-BDE8-56F30F0303ED,OTHER CONVEYANCE,Cross/Enter at Intersection,N/A,ON ROADWAY AT CROSSWALK,No,NO APPARENT INJURY,MC/BIKE HELMET,39.08208333,-77.15273333,"(39.08208333, -77.15273333)"
MCP26270010,16007866,Montgomery County Police,Injury Crash,02/16/2016 10:00:00 PM,Maryland (State),RIVER RD,ROYAL DOMINION DR,,N/A,PEDESTRIAN,SINGLE VEHICLE,CLEAR,DRY,DARK NO LIGHTS,NO CONTROLS,NONE DETECTED,NONE DETECTED,A51FB142-FB16-42E7-8FCA-E0D83282E041,PEDESTRIAN,Other,IN ROADWAY IMPROPERLY,AT INTERSECTION BUT NO CROSSWALK,Yes,SUSPECTED MINOR INJURY,NONE,38.987945,-77.14669,"(38.987945, -77.14669)"
MCP28510023,16057442,Montgomery County Police,Injury Crash,11/07/2016 03:47:00 PM,Maryland (State),GREAT SENECA HWY,MIDDLEBROOK RD,,N/A,PEDESTRIAN,SINGLE VEHICLE,CLEAR,DRY,DAYLIGHT,TRAFFIC SIGNAL,NONE DETECTED,NONE DETECTED,4F693368-D7C0-4535-AA41-CAAF0129485B,PEDESTRIAN,Cross/Enter at Intersection,FAILURE TO OBEY TRAFFIC SIGNS SIGNALS OR OFFICER,ON ROADWAY AT CROSSWALK,Yes,SUSPECTED MINOR INJURY,NONE,39.17465833,-77.26129667,"(39.17465833, -77.26129667)"
MCP3037002H,190012244,Montgomery County Police,Injury Crash,03/16/2019 07:54:00 PM,,,,"PARKING LOT OF 501 QUINCE ORCHARD RD, GAITHERSBURG, MD",,PEDESTRIAN,SINGLE VEHICLE,N/A,,DARK LIGHTS ON,N/A,UNKNOWN,NONE DETECTED,3932B4AA-1DE9-45C5-8313-77B5816147E6,PEDESTRIAN,Other,NO IMPROPER ACTIONS,OTHER,No,SUSPECTED MINOR INJURY,N/A,39.18419667,-77.26345167,"(39.18419667, -77.26345167)"
MCP9128000D,16004931,Montgomery County Police,Injury Crash,01/30/2016 01:13:00 PM,,,,PARKING LOT OF 10901 GEORGIA AVE,,PEDESTRIAN,OTHER,CLEAR,,DAYLIGHT,NO CONTROLS,NONE DETECTED,NONE DETECTED,60FEB910-B12B-429E-ABBC-5183813C1C38,PEDESTRIAN,Other,NO IMPROPER ACTIONS,OTHER,No,SUSPECTED MINOR INJURY,N/A,39.03390833,-77.04842,"(39.03390833, -77.04842)"
DM8434001P,190005950,Takoma Park Police Depart,Injury Crash,02/06/2019 05:50:00 PM,Municipality,PHILADELPHIA AVE,CEDAR AVE,,TAKOMA PARK,PEDESTRIAN,SINGLE VEHICLE,RAINING,WET,DARK LIGHTS ON,N/A,NONE DETECTED,NONE DETECTED,76C8DCA2-F4C2-403D-A339-A1F60EAD1ABA,PEDESTRIAN,Cross/Enter at Intersection,DART DASH,ON ROADWAY AT CROSSWALK,No,SUSPECTED SERIOUS INJURY,REFLECTIVE CLOTHING,38.927975,-77.01557667,"(38.927975, -77.01557667)"
MCP29480029,180009623,Montgomery County Police,Injury Crash,02/24/2018 05:10:00 PM,Maryland (State),GEORGIA AVE,PRICE AVE,,N/A,PEDESTRIAN,OTHER,RAINING,WET,DAYLIGHT,N/A,NONE DETECTED,NONE DETECTED,833B8594-1005-4A97-93F2-BCF2E1BFCB06,PEDESTRIAN,Cross/Enter at Intersection,NO IMPROPER ACTIONS,AT INTERSECTION MARKED CROSSWALK,No,SUSPECTED MINOR INJURY,NONE,39.04027,-77.05134167,"(39.04027, -77.05134167)"
DD5651003T,230053976,Rockville Police Departme,Injury Crash,09/09/2023 02:28:00 PM,,,,SAFEWAY PARKING LOT,,PEDESTRIAN,OTHER,CLEAR,,DAYLIGHT,NO CONTROLS,NONE DETECTED,NONE DETECTED,D1EC857D-F0ED-46A0-9E67-460B3AECC195,PEDESTRIAN,Other,NO IMPROPER ACTIONS,OTHER,No,POSSIBLE INJURY,N/A,39.11283043,-77.17165995,"(39.11283043, -77.17165995)"
EJ7829001N,15057386,GAITHERSBURG,Injury Crash,11/10/2015 05:40:00 PM,Municipality,PALM SPRING DR,PALMTREE DR,,GAITHERSBURG,PEDESTRIAN,SINGLE VEHICLE,RAINING,WET,DARK LIGHTS ON,NO CONTROLS,NONE DETECTED,NONE DETECTED,78111F0E-1331-4D51-ABF1-3A6D0256A7BB,PEDESTRIAN,Cross/Enter at Intersection,FAILURE TO YIELD RIGHT OF WAY,ON ROADWAY AT CROSSWALK,No,SUSPECTED MINOR INJURY,N/A,39.12377667,-77.21204167,"(39.12377667, -77.21204167)"
MCP3123006Q,230074174,Montgomery County Police,Injury Crash,12/29/2023 04:31:00 PM,County,MEDICAL CENTER DR,GREAT SENECA HWY,,N/A,BICYCLIST,STRAIGHT MOVEMENT ANGLE,CLEAR,DRY,DAYLIGHT,TRAFFIC SIGNAL,N/A,N/A,12929414-CCD8-41DF-B022-B393FD194A57,BICYCLIST,Walking/Cycling on Sidewalk,DART DASH,AT INTERSECTION MARKED CROSSWALK,Yes,SUSPECTED MINOR INJURY,MC/BIKE HELMET,39.09868686,-77.20405464,"(39.09868686, -77.20405464)"
MCP2330003R,220041478,Montgomery County Police,Property Damage Crash,09/23/2022 01:17:00 PM,,,,2229 UNIVERSITY BLVD W,,OTHER,SINGLE VEHICLE,CLEAR,,DAYLIGHT,NO CONTROLS,NONE DETECTED,NONE DETECTED,98FCE520-F814-44F5-8A3D-69AC5006E8F4,OTHER,N/A,N/A,INSIDE BUILDING,No,NO APPARENT INJURY,N/A,39.04178826,-77.04921585,"(39.04178826, -77.04921585)"
MCP3112005R,210053334,Montgomery County Police,Injury Crash,12/31/2021 12:18:00 PM,Maryland (State),WISCONSIN AVE,CHESTNUT ST,,N/A,PEDESTRIAN,OTHER,CLOUDY,DRY,DAYLIGHT,NO CONTROLS,NONE DETECTED,NONE DETECTED,04F1C0FC-3A11-4E17-9259-172DC64BCE85,PEDESTRIAN,Cross/Enter at Intersection,NO IMPROPER ACTIONS,AT INTERSECTION MARKED CROSSWALK,No,SUSPECTED MINOR INJURY,NONE,38.99348833,-77.09561,"(38.99348833, -77.09561)"
MCP28460021,16032703,Montgomery County Police,Injury Crash,06/28/2016 01:15:00 PM,County,SHOREFIELD RD,GEORGIA AVE,,N/A,PEDESTRIAN,OTHER,CLOUDY,DRY,DAYLIGHT,TRAFFIC SIGNAL,NONE DETECTED,NONE DETECTED,AE9A8913-1B4B-4010-A12A-E3F88D9A0C46,PEDESTRIAN,Cross/Enter at Intersection,NO IMPROPER ACTIONS,ON ROADWAY AT CROSSWALK,No,POSSIBLE INJURY,NONE,39.05316667,-77.050735,"(39.05316667, -77.050735)"
MCP2693001B,16004084,Montgomery County Police,Injury Crash,01/24/2016 04:04:00 PM,County,BAUER DR,BURNSIDE DR,,N/A,PEDESTRIAN,SINGLE VEHICLE,CLEAR,SNOW,DAYLIGHT,NO CONTROLS,NONE DETECTED,NONE DETECTED,58E7003A-C511-4120-B577-8D09C9E5CA69,PEDESTRIAN,Walking/Riding w/Traffic,NO IMPROPER ACTIONS,SHOULDER,No,POSSIBLE INJURY,N/A,39.094385,-77.10942667,"(39.094385, -77.10942667)"
MCP2931005Z,220033947,Montgomery County Police,Injury Crash,08/07/2022 07:53:00 PM,,,,PARKING LOT OF 12266 ROCKVILLE PIKE,,PEDESTRIAN,STRAIGHT MOVEMENT ANGLE,CLEAR,,DAYLIGHT,NO CONTROLS,NONE DETECTED,NONE DETECTED,6B80FE70-B664-4E07-A531-9C3B09F9DB4E,PEDESTRIAN,Other,NO IMPROPER ACTIONS,ON ROADWAY AT CROSSWALK,No,POSSIBLE INJURY,NONE,39.05719333,-77.12165333,"(39.05719333, -77.12165333)"
MCP2203003L,180057062,Montgomery County Police,Injury Crash,11/14/2018 06:12:00 AM,Maryland (State),VEIRS MILL RD,CENTERHILL ST,,N/A,PEDESTRIAN,STRAIGHT MOVEMENT ANGLE,CLEAR,DRY,DARK NO LIGHTS,NO CONTROLS,UNKNOWN,NONE DETECTED,016CD83F-DC56-448A-9842-55EEFE49F413,PEDESTRIAN,Cross/Enter not at Intersection,IN ROADWAY IMPROPERLY,ON ROADWAY NOT AT CROSSWALK,Yes,POSSIBLE INJURY,N/A,39.05034667,-77.072875,"(39.05034667, -77.072875)"
MCP2689002G,16051905,Montgomery County Police,Injury Crash,10/09/2016 10:59:00 AM,County,ARDENNES AVE,TWINBROOK PKWY,,N/A,BICYCLIST,SINGLE VEHICLE,CLEAR,DRY,DAYLIGHT,TRAFFIC SIGNAL,NONE DETECTED,NONE DETECTED,F391FD4D-1E2D-45B9-82A9-BC17CDB054F2,BICYCLIST,Cross/Enter at Intersection,NO IMPROPER ACTIONS,ON ROADWAY AT CROSSWALK,No,POSSIBLE INJURY,NONE,39.06370266,-77.11632818,"(39.06370266, -77.11632818)"
MCP2339002G,170512551,Montgomery County Police,Injury Crash,06/08/2017 07:32:00 AM,County,BRIGGS CHANEY RD,GOOD HOPE RD,,N/A,BICYCLIST,HEAD ON LEFT TURN,N/A,DRY,DAYLIGHT,NO CONTROLS,NONE DETECTED,NONE DETECTED,BBA9D4FB-1414-4CA9-9C38-58CEC03FB028,BICYCLIST,Cross/Enter at Intersection,N/A,AT INTERSECTION BUT NO CROSSWALK,No,SUSPECTED MINOR INJURY,MC/BIKE HELMET,39.101519,-76.980297,"(39.101519, -76.980297)"
MCP3196002X,220003322,Montgomery County Police,Injury Crash,01/25/2022 05:52:00 PM,County,WISTERIA DR,FATHER HURLEY BLVD,,N/A,OTHER,OTHER,CLEAR,DRY,UNKNOWN,TRAFFIC SIGNAL,NONE DETECTED,NONE DETECTED,99E4A7AF-B08E-4A55-8C39-11FFD38EB7AD,OTHER,Cross/Enter at Intersection,N/A,ON ROADWAY AT CROSSWALK,No,POSSIBLE INJURY,N/A,39.18136567,-77.27657533,"(39.18136567, -77.27657533)"