Report Number,Local Case Number,Agency Name,ACRS Report Type,Crash Date/Time,Route Type,Road Name,Cross-Street Name,Off-Road Description,Municipality,Related Non-Motorist,Collision Type,Weather,Surface Condition,Light,Traffic Control,Driver Substance Abuse,Non-Motorist Substance Abuse,Person ID,Pedestrian Type,Pedestrian Movement,Pedestrian Actions,Pedestrian Location,At Fault,Injury Severity,Safety Equipment,Latitude,Longitude,Location
MCP29300021,210049298,Montgomery County Police,Injury Crash,12/04/2021 08:30:00 PM,,,,PARKING LOT AT 12301 GEORGIA AVE (MCDONALDS),,PEDESTRIAN,OTHER,CLEAR,,DARK LIGHTS ON,NO CONTROLS,UNKNOWN,NONE DETECTED,4C488E43-F17C-4A4D-B621-C17ABFC2DB02,PEDESTRIAN,Other,UNKNOWN,OTHER,No,POSSIBLE INJURY,NONE,39.05915086,-77.04962114,"(39.05915086, -77.04962114)"
DM8463000L,180009268,Takoma Park Police Depart,Injury Crash,02/22/2018 03:18:00 PM,,,,"PARKING LOT OF 6300 NEW HAMPSHIRE AVE, TAKOMA PARK, MD 20912",,PEDESTRIAN,SINGLE VEHICLE,RAINING,,DAYLIGHT,N/A,UNKNOWN,N/A,C8346045-CF2B-469F-807E-94ADB11BB7AE,PEDESTRIAN,Standing,OTHER,OTHER,No,SUSPECTED SERIOUS INJURY,N/A,38.96627446,-77.00259447,"(38.96627446, -77.00259447)"
MCP1580004J,15054696,MONTGOMERY,Injury Crash,10/28/2015 09:18:00 AM,County,MONTGOMERY VILLAGE AVE,WHETSTONE DR,,N/A,PEDESTRIAN,OTHER,CLOUDY,WET,DAYLIGHT,STOP SIGN,NONE DETECTED,NONE DETECTED,CB63F7F2-312B-401B-8A15-5D40B6D4CA7E,PEDESTRIAN,Cross/Enter at Intersection,NO IMPROPER ACTIONS,DRIVEWAY ACCESS MARKED CROSSWALK,No,POSSIBLE INJURY,N/A,39.17076833,-77.204165,"(39.17076833, -77.204165)"
MCP23110071,230027025,Montgomery County Police,Injury Crash,06/05/2023 04:38:00 PM,County,GREENTREE RD,BRADMOOR DR,,N/A,PEDESTRIAN,HEAD ON,CLEAR,DRY,DAYLIGHT,NO CONTROLS,NONE DETECTED,NONE DETECTED,0E09DC0E-F908-4226-A00E-363302A29B8C,PEDESTRIAN,Cross/Enter at Intersection,DART DASH,AT INTERSECTION BUT NO CROSSWALK,Yes,POSSIBLE INJURY,NONE,39.00093833,-77.12096167,"(39.00093833, -77.12096167)"
MCP137800PQ,190006725,Montgomery County Police,Injury Crash,02/11/2019 06:14:00 PM,County,MONTGOMERY VILLAGE AVE,CROSSOVER,,N/A,PEDESTRIAN,SINGLE VEHICLE,RAINING,WET,DARK LIGHTS ON,NO CONTROLS,NONE DETECTED,NONE DETECTED,DC070AD4-673D-4CB2-ABC2-DB1CBF227BD4,PEDESTRIAN,Cross/Enter at Intersection,NO IMPROPER ACTIONS,AT INTERSECTION BUT NO CROSSWALK,No,POSSIBLE INJURY,NONE,39.16801667,-77.20546667,"(39.16801667, -77.20546667)"
MCP2952001X,16024236,Montgomery County Police,Injury Crash,05/16/2016 07:36:00 AM,Maryland (State),16TH ST,EAST WEST HWY,,N/A,BICYCLIST,HEAD ON LEFT TURN,CLEAR,DRY,DAYLIGHT,TRAFFIC SIGNAL,NONE DETECTED,NONE DETECTED,9A1BC954-DCA3-4202-A7D6-830D9F402958,BICYCLIST,Other,NO IMPROPER ACTIONS,SIDEWALK,No,SUSPECTED MINOR INJURY,NONE,38.99429,-77.03634833,"(38.99429, -77.03634833)"
MCP3126002C,200040224,Montgomery County Police,Property Damage Crash,10/12/2020 07:15:00 PM,Interstate (State),EISENHOWER MEMORIAL HWY,EXIT #16,,N/A,PEDESTRIAN,SAME DIR REAR END,RAINING,WET,DARK LIGHTS ON,NO CONTROLS,NONE DETECTED,NONE DETECTED,4285FC3D-C52F-47C9-839A-489C6290C417,PEDESTRIAN,Cross/Enter not at Intersection,FAILURE TO YIELD RIGHT OF WAY,OTHER,Yes,NO APPARENT INJURY,NONE,39.18905667,-77.25816833,"(39.18905667, -77.25816833)"
MCP32680017,210041737,Montgomery County Police,Injury Crash,10/18/2021 06:32:00 AM,County,BROADBIRCH DR,TECH RD,,N/A,PEDESTRIAN,N/A,N/A,DRY,DARK LIGHTS ON,STOP SIGN,N/A,N/A,0E2C2542-D181-4A58-8E53-451452AC9238,PEDESTRIAN,Cross/Enter at Intersection,NO IMPROPER ACTIONS,SIDEWALK,No,POSSIBLE INJURY,N/A,39.05594117,-76.96627683,"(39.05594117, -76.96627683)"
MCP2689001Y,16032179,Montgomery County Police,Injury Crash,06/25/2016 01:17:00 PM,,,,IN PARKING LOT TO THE NORTH OF 12216 PARKLAWN DR,,PEDESTRIAN,SINGLE VEHICLE,CLEAR,,DAYLIGHT,NO CONTROLS,NONE DETECTED,NONE DETECTED,EF8E26EF-505B-46B7-B316-B9B2D3344893,PEDESTRIAN,Other,INATTENTIVE,OTHER,Yes,POSSIBLE INJURY,NONE,39.05756292,-77.11069152,"(39.05756292, -77.11069152)"
MCP9321001J,170522720,Montgomery County Police,Injury Crash,08/03/2017 11:09:00 AM,County,RANDOLPH RD,GLENMONT CIR #1,,N/A,PEDESTRIAN,SINGLE VEHICLE,CLEAR,DRY,DAYLIGHT,TRAFFIC SIGNAL,NONE DETECTED,NONE DETECTED,4D55F6AB-9505-416F-BC1B-3535CB32CD74,PEDESTRIAN,Cross/Enter at Intersection,NO IMPROPER ACTIONS,ON ROADWAY AT CROSSWALK,No,SUSPECTED SERIOUS INJURY,N/A,39.05913833,-77.047445,"(39.05913833, -77.047445)"
MCP10220036,15050564,MONTGOMERY,Injury Crash,10/06/2015 07:30:00 AM,Maryland (State),GREAT SENECA HWY,WISTERIA DR,,N/A,BICYCLIST,SINGLE VEHICLE,N/A,DRY,DAYLIGHT,TRAFFIC SIGNAL,,NONE DETECTED,D0FB7959-855C-4F89-970D-7EAD2438051D,BICYCLIST,Cross/Enter at Intersection,NO IMPROPER ACTIONS,ON ROADWAY AT CROSSWALK,No,SUSPECTED MINOR INJURY,MC/BIKE HELMET,39.17105338,-77.26269364,"(39.17105338, -77.26269364)"
MCP20080089,210009231,Montgomery County Police,Fatal Crash,03/11/2021 09:08:00 PM,Maryland (State),NEW HAMPSHIRE AVE,CAPITAL BELTWAY,,N/A,PEDESTRIAN,OTHER,CLEAR,DRY,DARK NO LIGHTS,NO CONTROLS,NONE DETECTED,NONE DETECTED,951350A3-5590-418F-AD4A-14442DEF10BF,PEDESTRIAN,Cross/Enter not at Intersection,IN ROADWAY IMPROPERLY,ON ROADWAY NOT AT CROSSWALK,Yes,FATAL INJURY,N/A,39.01722684,-76.97709106,"(39.01722684, -76.97709106)"
MCP31930037,20016483,Montgomery County Police,Property Damage Crash,04/18/2022 04:00:00 PM,County,SEMINARY RD,SELWAY LA,,N/A,PEDESTRIAN,OTHER,RAINING,WET,DAYLIGHT,UNKNOWN,UNKNOWN,NONE DETECTED,F3923552-7D22-432E-A32D-1ABF54307E0C,PEDESTRIAN,Cross/Enter at Intersection,INATTENTIVE,CURB,No,NO APPARENT INJURY,NONE,39.00951005,-77.04136017,"(39.00951005, -77.04136017)"
MCP29340048,210027767,Montgomery County Police,Injury Crash,07/18/2021 04:20:00 PM,Maryland (State),OLD GEORGETOWN RD,ROCK SPRING DR,,N/A,BICYCLIST,OTHER,CLEAR,DRY,DAYLIGHT,TRAFFIC SIGNAL,NONE DETECTED,NONE DETECTED,34ABDF8A-2748-43CF-A722-98D737317442,BICYCLIST,Cross/Enter at Intersection,FAILURE TO YIELD RIGHT OF WAY,AT INTERSECTION MARKED CROSSWALK,Yes,POSSIBLE INJURY,MC/BIKE HELMET,39.02685239,-77.12636166,"(39.02685239, -77.12636166)"
MCP3199001X,200021288,Montgomery County Police,Injury Crash,05/29/2020 02:12:00 PM,,,,PARKING LOT AT 2205 GEORGIAN WAY,,PEDESTRIAN,OTHER,CLOUDY,,DAYLIGHT,NO CONTROLS,NONE DETECTED,NONE DETECTED,018C90C2-0C67-4C20-BE6D-55CFB0C7DD52,PEDESTRIAN,Other,NO IMPROPER ACTIONS,OTHER,No,SUSPECTED MINOR INJURY,NONE,39.05454333,-77.04696,"(39.05454333, -77.04696)"
MCP137800R1,190029100,Montgomery County Police,Injury Crash,06/18/2019 12:03:00 PM,,,,PARKING LOT OF 19230 WOODFIELD RD,,PEDESTRIAN,SINGLE VEHICLE,CLOUDY,,DAYLIGHT,NO CONTROLS,NONE DETECTED,NONE DETECTED,186C1D61-591D-4E2F-983B-4E5FA2B43298,PEDESTRIAN,Other,NO IMPROPER ACTIONS,OTHER,No,SUSPECTED MINOR INJURY,NONE,39.17218667,-77.15340333,"(39.17218667, -77.15340333)"
MCP1616002K,15051176,MONTGOMERY,Injury Crash,10/09/2015 07:39:00 AM,Maryland (State),ROCKVILLE PIKE,LOCUST HILL RD,,N/A,BICYCLIST,SAME DIR REAR END,CLOUDY,WET,DUSK,NO CONTROLS,NONE DETECTED,NONE DETECTED,00CC188C-BC90-4458-959A-E2571AA2D729,BICYCLIST,Walking/Riding w/Traffic,NO IMPROPER ACTIONS,ON ROADWAY NOT AT CROSSWALK,No,POSSIBLE INJURY,MC/BIKE HELMET,39.00999167,-77.09724333,"(39.00999167, -77.09724333)"
MCP2866003Z,170525191,Montgomery County Police,Injury Crash,08/16/2017 05:40:00 PM,Maryland (State),OLD GEORGETOWN RD,BATTERY LA,,N/A,BICYCLIST,STRAIGHT MOVEMENT ANGLE,CLEAR,DRY,DAYLIGHT,TRAFFIC SIGNAL,NONE DETECTED,NONE DETECTED,C4C4A38D-B951-4599-B8C1-27F9683C26F8,BICYCLIST,Walking/Riding against Traffic,WRONG WAY RIDING OR WALKING,AT INTERSECTION MARKED CROSSWALK,Yes,POSSIBLE INJURY,NONE,38.99046667,-77.10370833,"(38.99046667, -77.10370833)"
MCP30040032,190022097,Montgomery County Police,Injury Crash,05/10/2019 11:00:00 AM,County,DORSET AVE,KENNEDY DR,,N/A,BICYCLIST,OTHER,UNKNOWN,UNKNOWN,DAYLIGHT,N/A,N/A,N/A,E6AF3FDD-40AB-4E34-A900-D769C05958A8,BICYCLIST,Cross/Enter at Intersection,UNKNOWN,ON ROADWAY AT CROSSWALK,Unknown,SUSPECTED MINOR INJURY,UNKNOWN,38.9692008,-77.1056713,"(38.9692008, -77.1056713)"
MCP1301001Z,220050810,Montgomery County Police,Fatal Crash,11/17/2022 08:29:00 AM,County,MEDICAL CENTER WAY,MEDICAL CENTER DR,,N/A,PEDESTRIAN,SINGLE VEHICLE,CLEAR,DRY,DAYLIGHT,STOP SIGN,NONE DETECTED,NONE DETECTED,6B218916-770E-423A-9E45-4CF6679E219A,PEDESTRIAN,Cross/Enter at Intersection,NO IMPROPER ACTIONS,ON ROADWAY AT CROSSWALK,No,FATAL INJURY,N/A,39.09741,-77.19563333,"(39.09741, -77.19563333)"
DD56510020,220032828,Rockville Police Departme,Injury Crash,07/31/2022 04:08:00 AM,,,,1001 ROCKVILLE PIKE PARKING LOT,,PEDESTRIAN,OTHER,CLEAR,,DARK NO LIGHTS,N/A,UNKNOWN,NONE DETECTED,96131BBC-8439-4B9E-9AAD-EEF5456CAA0B,PEDESTRIAN,Other,NO IMPROPER ACTIONS,OTHER,No,SUSPECTED MINOR INJURY,NONE,39.0618885,-77.12498919,"(39.0618885, -77.12498919)"
MCP3306000C,210030830,Montgomery County Police,Injury Crash,08/08/2021 04:39:00 PM,,,,"PARKING LOT OF CHEESECAKE FACTORY LOCATED AT 7101 DEMOCRACY BLVD BETHESDA, MD 20817",,PEDESTRIAN,OTHER,CLEAR,,DAYLIGHT,NO CONTROLS,NONE DETECTED,NONE DETECTED,EEA80CFA-25DE-49BC-B10D-59414F91F08D,PEDESTRIAN,Other,NO IMPROPER ACTIONS,N/A,No,POSSIBLE INJURY,N/A,39.0259264,-77.146167,"(39.0259264, -77.146167)"
MCP3126003B,220022002,Montgomery County Police,Injury Crash,05/23/2022 04:45:00 PM,County,CLARKSBURG RD,OVERLOOK PARK DR,,N/A,BICYCLIST,OTHER,CLEAR,DRY,DAYLIGHT,NO CONTROLS,NONE DETECTED,NONE DETECTED,10A93DE5-89C6-43EF-ABE1-12B324B20581,BICYCLIST,Walking/Riding w/Traffic,IN ROADWAY IMPROPERLY,ON ROADWAY NOT AT CROSSWALK,Yes,POSSIBLE INJURY,NONE,39.245105,-77.277885,"(39.245105, -77.277885)"
MCP3084002D,180052716,Montgomery County Police,Injury Crash,10/21/2018 10:35:00 AM,Municipality,DORSET AVE,WISCONSIN AVE,,N/A,BICYCLIST,OTHER,CLEAR,DRY,DAYLIGHT,TRAFFIC SIGNAL,NONE DETECTED,NONE DETECTED,B19460AD-26EC-46D2-B40D-F393D6B08236,BICYCLIST,Cross/Enter at Intersection,IN ROADWAY IMPROPERLY,ON ROADWAY AT CROSSWALK,Yes,POSSIBLE INJURY,MC/BIKE HELMET,38.96733,-77.08852667,"(38.96733, -77.08852667)"
MCP20160065,220017857,Montgomery County Police,Injury Crash,04/27/2022 12:58:00 PM,Maryland (State),ROCKVILLE PIKE,FIRST ST,,N/A,OTHER PEDALCYCLIST,OTHER,CLEAR,DRY,DAYLIGHT,N/A,N/A,N/A,A683C053-B349-4FAB-AC2D-9D9E165E3ECE,OTHER PEDALCYCLIST,Cross/Enter at Intersection,FAILURE TO YIELD RIGHT OF WAY,SIDEWALK,Yes,POSSIBLE INJURY,N/A,39.11254,-77.23547667,"(39.11254, -77.23547667)"
MCP28940030,16051577,Montgomery County Police,Property Damage Crash,10/07/2016 01:12:00 PM,County,BREEZEWOOD TERR,STONEWOOD LA,,N/A,PEDESTRIAN,SINGLE VEHICLE,CLOUDY,DRY,DAYLIGHT,NO CONTROLS,NONE DETECTED,NONE DETECTED,3E6E439D-EB48-4BB8-97C4-C4D7B9389C6D,PEDESTRIAN,Other,NO IMPROPER ACTIONS,ON ROADWAY NOT AT CROSSWALK,No,NO APPARENT INJURY,REFLECTIVE CLOTHING,39.04810234,-77.14024544,"(39.04810234, -77.14024544)"
MCP2971003X,180025399,Montgomery County Police,Injury Crash,05/23/2018 10:24:00 PM,County,BRIGGS CHANEY RD,ASTON MANOR DR,,N/A,BICYCLIST,SAME DIR REAR END,CLEAR,DRY,DARK LIGHTS ON,N/A,ALCOHOL PRESENT,NONE DETECTED,689D924C-B5CD-4F15-AEA4-22919CB5D5C4,BICYCLIST,Walking/Riding w/Traffic,NO IMPROPER ACTIONS,ON ROADWAY NOT AT CROSSWALK,No,SUSPECTED SERIOUS INJURY,NONE,39.07495167,-76.940635,"(39.07495167, -76.940635)"
MCP28920093,210000732,Montgomery County Police,Injury Crash,01/06/2021 05:17:00 PM,Maryland (State),GEORGIA AVE,FOREST GLEN RD,,N/A,PEDESTRIAN,SINGLE VEHICLE,CLEAR,DRY,DARK LIGHTS ON,TRAFFIC SIGNAL,NONE DETECTED,NONE DETECTED,5563C982-1DD6-4E00-BDB6-30B31E4A20BB,PEDESTRIAN,Cross/Enter not at Intersection,DART DASH,ON ROADWAY NOT AT CROSSWALK,Yes,POSSIBLE INJURY,NONE,39.01551847,-77.04255305,"(39.01551847, -77.04255305)"
MCP2798005C,220050333,Montgomery County Police,Injury Crash,11/15/2022 04:28:00 PM,County,FATHER HURLEY BLVD,CRYSTAL ROCK DR,,N/A,PEDESTRIAN,OTHER,N/A,DRY,DAYLIGHT,TRAFFIC SIGNAL,NONE DETECTED,NONE DETECTED,C35513A4-313B-47D6-AD11-327FD2F303C4,PEDESTRIAN,Cross/Enter at Intersection,NO IMPROPER ACTIONS,AT INTERSECTION MARKED CROSSWALK,No,POSSIBLE INJURY,NONE,39.18486333,-77.2605,"(39.18486333, -77.2605)"
MCP2846008N,230011235,Montgomery County Police,Injury Crash,03/07/2023 05:15:00 PM,Maryland (State),GEORGIA AVE,SHOREFIELD RD,,N/A,PEDESTRIAN,SINGLE VEHICLE,CLEAR,DRY,DAYLIGHT,TRAFFIC SIGNAL,NONE DETECTED,NONE DETECTED,90811964-A978-4FF4-9A0E-FA91A07BAFB8,PEDESTRIAN,Cross/Enter at Intersection,NO IMPROPER ACTIONS,ON ROADWAY AT CROSSWALK,No,POSSIBLE INJURY,NONE,39.0529,-77.05126667,"(39.0529, -77.05126667)"
MCP32110035,220043805,Montgomery County Police,Injury Crash,10/07/2022 10:22:00 AM,County,STONEYBROOK DR,BEACH DR,,N/A,BICYCLIST,STRAIGHT MOVEMENT ANGLE,N/A,DRY,DAYLIGHT,STOP SIGN,NONE DETECTED,N/A,398AFCD4-3443-43E8-A69A-3AD400346089,BICYCLIST,Cross/Enter at Intersection,NO IMPROPER ACTIONS,ON ROADWAY NOT AT CROSSWALK,No,POSSIBLE INJURY,MC/BIKE HELMET,39.01251963,-77.06408817,"(39.01251963, -77.06408817)"
MCP2789005L,190007068,Montgomery County Police,Property Damage Crash,02/13/2019 04:20:00 PM,,,,PARKING LOT OF FLORA SINGER ELEMENTARY SCHOOL,,PEDESTRIAN,SINGLE VEHICLE,CLEAR,,DAYLIGHT,PERSON,UNKNOWN,N/A,B3F3ECAA-D4A2-48B0-9613-D424BFAD98BB,PEDESTRIAN,Other Working,NO IMPROPER ACTIONS,OTHER,No,NO APPARENT INJURY,N/A,39.00571,-77.03852167,"(39.00571, -77.03852167)"
MCP3012005Z,200003610,Montgomery County Police,Injury Crash,01/22/2020 03:03:00 PM,Maryland (State),GEORGIA AVE,HATHAWAY DR,,N/A,PEDESTRIAN,OTHER,CLEAR,DRY,DAYLIGHT,TRAFFIC SIGNAL,N/A,N/A,FE0F0BE4-9565-4F09-9902-95B09B90A2B6,PEDESTRIAN,Walking/Riding against Traffic,IN ROADWAY IMPROPERLY,ON ROADWAY AT CROSSWALK,Yes,POSSIBLE INJURY,N/A,39.06811736,-77.0608396,"(39.06811736, -77.0608396)"
DD5583001V,16051391,Rockville Police Departme,Injury Crash,10/06/2016 02:00:00 PM,,,,"PARKING LOT OF GIANT FOOD, 625 HUNGERFORD DRIVE, ROCKVILLE",,PEDESTRIAN,OTHER,CLOUDY,,DAYLIGHT,N/A,UNKNOWN,NONE DETECTED,0F99B57D-29FE-4396-9536-EC9C2D673F73,PEDESTRIAN,Other,NO IMPROPER ACTIONS,OTHER,No,POSSIBLE INJURY,N/A,39.09294866,-77.15273112,"(39.09294866, -77.15273112)"
MCP3372001Y,230067838,Montgomery County Police,Injury Crash,11/22/2023 03:06:00 PM,County,CONNECTICUT AVE,BEL PRE RD,,N/A,PEDESTRIAN,SINGLE VEHICLE,CLEAR,DRY,DAYLIGHT,TRAFFIC SIGNAL,NONE DETECTED,NONE DETECTED,804CB5E0-45B3-4E78-B317-68535C8BCB2B,PEDESTRIAN,Cross/Enter at Intersection,NO IMPROPER ACTIONS,ON ROADWAY AT CROSSWALK,No,POSSIBLE INJURY,N/A,39.09196775,-77.07041842,"(39.09196775, -77.07041842)"
MCP24050009,15010068,Montgomery County Police,Injury Crash,03/03/2015 06:20:00 PM,Maryland (State),EAST WEST HWY,BLAIR MILL WAY,,N/A,PEDESTRIAN,STRAIGHT MOVEMENT ANGLE,RAINING,WET,DARK LIGHTS ON,NO CONTROLS,NONE DETECTED,NONE DETECTED,C23C6B18-5F51-4C06-B890-903E512ECD43,PEDESTRIAN,Cross/Enter at Intersection,NO IMPROPER ACTIONS,ON ROADWAY AT CROSSWALK,,POSSIBLE INJURY,N/A,38.98973202,-77.02835709,"(38.98973202, -77.02835709)"
MCP2939005N,210024258,Montgomery County Police,Injury Crash,06/24/2021 06:18:00 PM,County,SUNDOWN RD,HOWARD CHAPEL RD,,N/A,BICYCLIST,SAME DIR REAR END,CLEAR,DRY,DAYLIGHT,NO CONTROLS,NONE DETECTED,N/A,B36504C3-A059-4F71-AAE2-B75E9FC37CEF,BICYCLIST,Cross/Enter at Intersection,NO IMPROPER ACTIONS,ON ROADWAY NOT AT CROSSWALK,No,SUSPECTED MINOR INJURY,MC/BIKE HELMET,39.22366167,-77.07680333,"(39.22366167, -77.07680333)"
MCP2768000B,16021724,Montgomery County Police,Injury Crash,05/02/2016 10:00:00 PM,,,,PARKING LOT,,PEDESTRIAN,OTHER,RAINING,,DARK LIGHTS ON,N/A,UNKNOWN,NONE DETECTED,80A344E5-5078-405D-930B-6BE83A06A249,PEDESTRIAN,Cross/Enter not at Intersection,INATTENTIVE,ON ROADWAY NOT AT CROSSWALK,No,SUSPECTED MINOR INJURY,NONE,39.12399702,-77.20119596,"(39.12399702, -77.20119596)"
MCP29830034,180054646,Montgomery County Police,Injury Crash,10/31/2018 06:30:00 PM,County,BELVEDERE BLVD,GEORGIA AVE,,N/A,BICYCLIST,STRAIGHT MOVEMENT ANGLE,CLEAR,DRY,DARK NO LIGHTS,STOP SIGN,NONE DETECTED,NONE DETECTED,33C0304F-5CBD-4399-969D-DA72C0281B80,BICYCLIST,Cross/Enter at Intersection,NOT VISIBLE,SIDEWALK,No,POSSIBLE INJURY,MC/BIKE HELMET,39.019225,-77.04421833,"(39.019225, -77.04421833)"
MCP24920009,15020994,Montgomery County Police,Injury Crash,05/03/2015 10:06:00 PM,Maryland (State),FREDERICK RD,MAGNOLIA DR,,N/A,PEDESTRIAN,OTHER,CLEAR,DRY,DARK NO LIGHTS,NO CONTROLS,NONE DETECTED,UNKNOWN,38FD4162-7386-49B3-99B6-D916A01318CE,PEDESTRIAN,Cross/Enter not at Intersection,UNKNOWN,ON ROADWAY NOT AT CROSSWALK,,SUSPECTED SERIOUS INJURY,N/A,39.17761156,-77.23842904,"(39.17761156, -77.23842904)"
MCP3317000W,230002745,Montgomery County Police,Injury Crash,01/17/2023 08:13:00 PM,County,PATTON DR,UNIVERSITY BLVD E,,N/A,PEDESTRIAN,SINGLE VEHICLE,CLEAR,DRY,DARK LIGHTS ON,NO CONTROLS,UNKNOWN,NONE DETECTED,601C02C3-A386-410F-9683-2A53CD07D863,PEDESTRIAN,Cross/Enter at Intersection,NO IMPROPER ACTIONS,ON ROADWAY AT CROSSWALK,No,SUSPECTED MINOR INJURY,NONE,39.00256455,-76.99565913,"(39.00256455, -76.99565913)"
DM83360036,200008082,Takoma Park Police Depart,Injury Crash,02/18/2020 09:29:00 AM,Municipality,RITCHIE AVE,OSWEGO AVE,,TAKOMA PARK,PEDESTRIAN,OTHER,CLEAR,DRY,DAYLIGHT,NO CONTROLS,,N/A,6297A942-DEE2-49E5-A541-6C20E2A1E31E,PEDESTRIAN,Other,OTHER,N/A,Yes,SUSPECTED MINOR INJURY,N/A,38.98614597,-77.00901046,"(38.98614597, -77.00901046)"
MCP1205001L,15059306,MONTGOMERY,Injury Crash,11/20/2015 01:36:00 PM,,,,Parking area of 7851 Old Georgetown Road.,,PEDESTRIAN,OTHER,CLEAR,,DAYLIGHT,N/A,NONE DETECTED,NONE DETECTED,742381F1-6DE6-42A6-B5F0-312A65D25D6C,PEDESTRIAN,Other,NO IMPROPER ACTIONS,OTHER,No,SUSPECTED MINOR INJURY,N/A,38.98836856,-77.10028052,"(38.98836856, -77.10028052)"
MCP29300020,210046908,Montgomery County Police,Injury Crash,11/18/2021 08:15:00 PM,County,BEL PRE RD,PARKER FARM WAY,,N/A,PEDESTRIAN,OTHER,RAINING,WET,DARK LIGHTS ON,TRAFFIC SIGNAL,NONE DETECTED,NONE DETECTED,AF171322-9C8B-4167-B9F4-9129AD0F3997,PEDESTRIAN,Cross/Enter at Intersection,NO IMPROPER ACTIONS,AT INTERSECTION MARKED CROSSWALK,No,SUSPECTED MINOR INJURY,N/A,39.09076333,-77.048355,"(39.09076333, -77.048355)"
MCP2450003V,220000178,Montgomery County Police,Injury Crash,01/02/2022 04:20:00 PM,Maryland (State),PINEY BRANCH RD,UNIVERSITY BLVD E,,N/A,PEDESTRIAN,OTHER,N/A,WET,UNKNOWN,OTHER,N/A,ALCOHOL CONTRIBUTED,32D36CC3-596D-4D22-A61A-B527E8B134D5,PEDESTRIAN,Unknown,UNKNOWN,CURB,Yes,SUSPECTED SERIOUS INJURY,N/A,38.99956189,-76.99609516,"(38.99956189, -76.99609516)"
MCP158000BJ,190026998,Montgomery County Police,Injury Crash,06/06/2019 07:40:00 AM,County,CENTER CT,MONTGOMERY VILLAGE AVE,,N/A,BICYCLIST,SINGLE VEHICLE,CLOUDY,WET,DAYLIGHT,STOP SIGN,NONE DETECTED,NONE DETECTED,C4EC57A8-7B17-45DF-9309-5D525F2493ED,BICYCLIST,Cross/Enter at Intersection,NO IMPROPER ACTIONS,ON ROADWAY AT CROSSWALK,No,SUSPECTED MINOR INJURY,NONE,39.16800667,-77.205625,"(39.16800667, -77.205625)"
MCP13890026,190013061,Montgomery County Police,Injury Crash,03/21/2019 03:15:00 PM,County,STEDWICK RD,MONTGOMERY VILLAGE AVE,,N/A,BICYCLIST,STRAIGHT MOVEMENT ANGLE,RAINING,WET,DAYLIGHT,NO CONTROLS,NONE DETECTED,NONE DETECTED,21A2D781-EB9C-4578-A49F-EEE6B2B2D841,BICYCLIST,Cross/Enter not at Intersection,IN ROADWAY IMPROPERLY,OUTSIDE RIGHT OF WAY,Yes,SUSPECTED MINOR INJURY,MC/BIKE HELMET,39.16996671,-77.20606495,"(39.16996671, -77.20606495)"
MCP2977002F,170507852,Montgomery County Police,Injury Crash,05/15/2017 10:22:00 AM,County,MANCHESTER RD,BRADFORD RD,,N/A,PEDESTRIAN,OTHER,CLEAR,DRY,DAYLIGHT,NO CONTROLS,N/A,N/A,179229BD-A698-4490-B31C-15DEFBD314FE,PEDESTRIAN,Cross/Enter at Intersection,OTHER,ON ROADWAY NOT AT CROSSWALK,Yes,POSSIBLE INJURY,NONE,38.99829833,-77.00686,"(38.99829833, -77.00686)"
MCP28570037,210001882,Montgomery County Police,Injury Crash,01/15/2021 04:26:00 PM,,,,"PARKING LOT OF 18625 MOONEY DRIVE, GAITHERSBURG, MD 20879",,PEDESTRIAN,SINGLE VEHICLE,CLOUDY,,DAYLIGHT,N/A,NONE DETECTED,NONE DETECTED,9828D9BA-5524-448C-9987-0A272669F3EB,PEDESTRIAN,Other Working,UNKNOWN,N/A,No,SUSPECTED MINOR INJURY,N/A,39.16289373,-77.16414513,"(39.16289373, -77.16414513)"
MCP2921001G,16064255,Montgomery County Police,Injury Crash,12/14/2016 08:04:00 PM,,,,IN AREA BETWEEN THE BEST BUY STORE (20914 FREDERICK RD) AND THE BEST BUY PARKING LOT.,,PEDESTRIAN,SINGLE VEHICLE,CLEAR,,DARK LIGHTS ON,N/A,NONE DETECTED,NONE DETECTED,457CCBB6-CB41-4FAF-BD14-55CCA2E200ED,PEDESTRIAN,Cross/Enter at Intersection,NO IMPROPER ACTIONS,ON ROADWAY AT CROSSWALK,No,POSSIBLE INJURY,N/A,39.25777667,-77.20923333,"(39.25777667, -77.20923333)"
EJ7833003W,170524565,Gaithersburg Police Depar,Injury Crash,08/12/2017 11:38:00 PM,,,,"PARKING LOT OF 111 WATKINS STATION CIRCLE IN GAITHERSBURG, MD 20877",,PEDESTRIAN,OTHER,N/A,,DARK LIGHTS ON,NO CONTROLS,UNKNOWN,NONE DETECTED,8612D1E8-980E-47B4-AC2D-462CFE3AA978,PEDESTRIAN,Standing,OTHER,OTHER,No,POSSIBLE INJURY,NONE,39.16057648,-77.2195711,"(39.16057648, -77.2195711)"
MCP302600BX,230065061,Montgomery County Police,Injury Crash,11/08/2023 08:22:00 AM,County,BEECH AVE,SINGLETON DR,,N/A,PEDESTRIAN,SINGLE VEHICLE,CLEAR,DRY,DAYLIGHT,STOP SIGN,NONE DETECTED,NONE DETECTED,94345AF9-B1C7-45FF-87D8-72EE9F8F645B,PEDESTRIAN,Cross/Enter at Intersection,NOT VISIBLE,ON ROADWAY NOT AT CROSSWALK,No,SUSPECTED MINOR INJURY,NONE,39.00973033,-77.11581167,"(39.00973033, -77.11581167)"
MCP3350001Q,230062613,Montgomery County Police,Injury Crash,10/26/2023 07:20:00 AM,,GROSVENOR PL,GROSVENOR LN,,N/A,PEDESTRIAN,SINGLE VEHICLE,CLEAR,DRY,DUSK,NO CONTROLS,NONE DETECTED,NONE DETECTED,5AE3FE1D-931A-49F8-A216-4E5CEDFBB242,PEDESTRIAN,Cross/Enter at Intersection,NO IMPROPER ACTIONS,AT INTERSECTION MARKED CROSSWALK,No,SUSPECTED MINOR INJURY,N/A,39.02299667,-77.10580833,"(39.02299667, -77.10580833)"