Report Number,Local Case Number,Agency Name,ACRS Report Type,Crash Date/Time,Route Type,Road Name,Cross-Street Name,Off-Road Description,Municipality,Related Non-Motorist,Collision Type,Weather,Surface Condition,Light,Traffic Control,Driver Substance Abuse,Non-Motorist Substance Abuse,Person ID,Pedestrian Type,Pedestrian Movement,Pedestrian Actions,Pedestrian Location,At Fault,Injury Severity,Safety Equipment,Latitude,Longitude,Location
MCP3339001V,230018092,Montgomery County Police,Injury Crash,04/16/2023 08:02:00 AM,,,,"13531 CONNECTICUT AVE, ASPEN HILL, MD 20906",,PEDESTRIAN,OTHER,CLEAR,,DAYLIGHT,N/A,NONE DETECTED,NONE DETECTED,78D473C0-ECE9-4DFB-8BA8-4D641BD59482,PEDESTRIAN,Other Working,NO IMPROPER ACTIONS,OTHER,No,POSSIBLE INJURY,NONE,39.07744483,-77.079981,"(39.07744483, -77.079981)"
MCP3268000F,200036194,Montgomery County Police,Injury Crash,09/15/2020 04:43:00 PM,Maryland (State),GEORGIA AVE,AUGUST DR,,N/A,PEDESTRIAN,N/A,CLEAR,DRY,DAYLIGHT,N/A,NONE DETECTED,N/A,7A8B4ECF-9866-4143-A007-508A50EE08C8,PEDESTRIAN,Cross/Enter not at Intersection,DART DASH,MEDIAN,Yes,SUSPECTED SERIOUS INJURY,N/A,39.02182648,-77.04473542,"(39.02182648, -77.04473542)"
MCP263900DL,220002119,Montgomery County Police,Property Damage Crash,01/18/2022 07:46:00 AM,County,CRYSTAL ROCK DR,WISTERIA DR,,N/A,PEDESTRIAN,STRAIGHT MOVEMENT ANGLE,CLOUDY,SNOW,DAYLIGHT,NO CONTROLS,NONE DETECTED,NONE DETECTED,D3B73550-DAB0-42D2-B311-E745785BE1D4,PEDESTRIAN,Cross/Enter not at Intersection,DART DASH,ON ROADWAY NOT AT CROSSWALK,Yes,NO APPARENT INJURY,NONE,39.17400833,-77.26557833,"(39.17400833, -77.26557833)"
DD5624000G,180011754,Rockville Police Departme,Injury Crash,03/08/2018 01:25:00 PM,Municipality,KING FARM BLVD,PICCARD DR,,ROCKVILLE,PEDESTRIAN,OTHER,CLEAR,DRY,DAYLIGHT,STOP SIGN,ALCOHOL PRESENT,NONE DETECTED,66E4D4DF-9C97-48C5-9E53-DC30CEC8DFBD,PEDESTRIAN,Cross/Enter at Intersection,NO IMPROPER ACTIONS,AT INTERSECTION MARKED CROSSWALK,No,SUSPECTED MINOR INJURY,N/A,39.11058284,-77.18243122,"(39.11058284, -77.18243122)"
MCP3021005F,200041083,Montgomery County Police,Injury Crash,10/18/2020 12:30:00 PM,,,,12012 CHERRY HILL RD - ALDI PARKING LOT,,PEDESTRIAN,SINGLE VEHICLE,CLEAR,,DAYLIGHT,NO CONTROLS,NONE DETECTED,NONE DETECTED,9981D314-3241-41E7-9F0E-0E7E947151E7,PEDESTRIAN,Standing,NO IMPROPER ACTIONS,OTHER,No,POSSIBLE INJURY,N/A,39.052725,-76.95676833,"(39.052725, -76.95676833)"
MCP25080007,15014007,Montgomery County Police,Injury Crash,03/26/2015 07:44:00 PM,,,,PARKING LOT OF 13408 KINGSVIEW VILLAGE AVE,,PEDESTRIAN,SINGLE VEHICLE,RAINING,,DARK LIGHTS ON,NO CONTROLS,NONE DETECTED,NONE DETECTED,5F62CB21-8ADC-45DB-8432-1E52943CB6A9,PEDESTRIAN,Other,NOT VISIBLE,OTHER,,POSSIBLE INJURY,NONE,39.15988333,-77.27945,"(39.15988333, -77.27945)"
MCP3328001G,230001561,Montgomery County Police,Injury Crash,01/10/2023 05:40:00 PM,County,RANDOLPH RD,KEMP MILL RD,,N/A,PEDESTRIAN,OTHER,CLEAR,DRY,DARK LIGHTS ON,TRAFFIC SIGNAL,UNKNOWN,UNKNOWN,E12F4DD3-23B3-431D-9B74-1D8E2AB26FB7,PEDESTRIAN,Cross/Enter at Intersection,FAILURE TO OBEY TRAFFIC SIGNS SIGNALS OR OFFICER,AT INTERSECTION MARKED CROSSWALK,Yes,SUSPECTED SERIOUS INJURY,NONE,39.06641242,-77.03036487,"(39.06641242, -77.03036487)"
MCP28770090,210022660,Montgomery County Police,Injury Crash,06/14/2021 08:23:00 AM,County,WILLARD AVE,FRIENDSHIP BLVD,,N/A,PEDESTRIAN,OTHER,CLEAR,DRY,DAYLIGHT,TRAFFIC SIGNAL,NONE DETECTED,NONE DETECTED,FD4BB509-886F-48E5-A1C0-5BFBF0A7917A,PEDESTRIAN,Cross/Enter at Intersection,NO IMPROPER ACTIONS,AT INTERSECTION MARKED CROSSWALK,No,SUSPECTED MINOR INJURY,NONE,38.96214079,-77.08894879,"(38.96214079, -77.08894879)"
EJ78840042,220008914,Gaithersburg Police Depar,Property Damage Crash,03/01/2022 07:19:00 PM,Municipality,WASHINGTONIAN BLVD,ROUNDABOUT,,N/A,PEDESTRIAN,SAME DIRECTION SIDESWIPE,CLEAR,DRY,DARK LIGHTS ON,N/A,N/A,N/A,13D09074-8A79-421F-90D3-4A0562CE8A1C,PEDESTRIAN,Walking/Riding w/Traffic,NO IMPROPER ACTIONS,ON ROADWAY NOT AT CROSSWALK,Unknown,NO APPARENT INJURY,LIGHTING,39.1178945,-77.20217447,"(39.1178945, -77.20217447)"
EJ785600BS,220051981,Gaithersburg Police Depar,Injury Crash,11/24/2022 05:18:00 PM,Maryland (State),QUINCE ORCHARD RD,FIRSTFIELD RD,,GAITHERSBURG,PEDESTRIAN,OTHER,CLEAR,DRY,DARK LIGHTS ON,TRAFFIC SIGNAL,N/A,ALCOHOL PRESENT,59C4A90E-2740-4D5B-A16A-7F13EB3C7492,PEDESTRIAN,Unknown,DART DASH,UNKNOWN,Unknown,SUSPECTED MINOR INJURY,NONE,39.14475985,-77.21946533,"(39.14475985, -77.21946533)"
MCP3270000T,200045439,Montgomery County Police,Property Damage Crash,11/17/2020 06:36:00 PM,Maryland (State),NEW HAMPSHIRE AVE,IN CORP LMTS TAKOMA PARK,,N/A,BICYCLIST,STRAIGHT MOVEMENT ANGLE,CLEAR,DRY,DARK LIGHTS ON,N/A,UNKNOWN,NONE DETECTED,3A6BF28C-53BF-44BE-B913-210842B262B2,BICYCLIST,Cross/Enter at Intersection,NO IMPROPER ACTIONS,AT INTERSECTION MARKED CROSSWALK,No,NO APPARENT INJURY,NONE,39.04090188,-76.99101255,"(39.04090188, -76.99101255)"
MCP30700016,190059496,Montgomery County Police,Injury Crash,12/10/2019 10:30:00 AM,County,COMMERCE LA,WISCONSIN AVE,,N/A,PEDESTRIAN,SINGLE VEHICLE,RAINING,WET,DAYLIGHT,TRAFFIC SIGNAL,N/A,N/A,22D8E7A3-5124-4FE6-86F9-B0854EBB2693,PEDESTRIAN,Cross/Enter at Intersection,UNKNOWN,AT INTERSECTION MARKED CROSSWALK,Unknown,POSSIBLE INJURY,NONE,38.98592806,-77.09472495,"(38.98592806, -77.09472495)"
MCP29700014,15058902,MONTGOMERY,Injury Crash,11/18/2015 01:54:00 PM,County,GRANDVIEW AVE,ENNALLS AVE,,N/A,PEDESTRIAN,SINGLE VEHICLE,CLOUDY,DRY,DAYLIGHT,STOP SIGN,N/A,N/A,EF5ED284-D620-4B88-A2CD-78DAB2E97A0D,PEDESTRIAN,Cross/Enter at Intersection,NO IMPROPER ACTIONS,ON ROADWAY AT CROSSWALK,No,SUSPECTED MINOR INJURY,N/A,39.04006912,-77.05277927,"(39.04006912, -77.05277927)"
MCP1305003Z,200006511,Montgomery County Police,Property Damage Crash,02/08/2020 02:52:00 PM,,,,PARKING LOT AT 22 TINDALL SRPINGS CT,,OTHER,OTHER,CLEAR,,DAYLIGHT,NO CONTROLS,NONE DETECTED,N/A,C29B8ED9-C74D-4F71-8804-6A0CE6219D80,OTHER,N/A,NO IMPROPER ACTIONS,INSIDE BUILDING,No,NO APPARENT INJURY,N/A,39.18515167,-77.17692833,"(39.18515167, -77.17692833)"
EJ7847000V,15008084,Gaithersburg Police Depar,Injury Crash,02/18/2015 09:09:00 PM,Maryland (State),FREDERICK RD,SPUR FR MD 124,,N/A,PEDESTRIAN,OTHER,CLOUDY,WET,DARK LIGHTS ON,NO CONTROLS,N/A,ALCOHOL CONTRIBUTED,D7365F4F-19AA-4007-B7D5-EA4CD68DDC02,PEDESTRIAN,Walking/Riding w/Traffic,IN ROADWAY IMPROPERLY,ON ROADWAY NOT AT CROSSWALK,,SUSPECTED MINOR INJURY,NONE,39.15197167,-77.21152833,"(39.15197167, -77.21152833)"
MCP2753000Q,15015658,Montgomery County Police,Injury Crash,04/05/2015 07:45:00 AM,County,BAUER DR,LAKE DR,,N/A,OTHER,SINGLE VEHICLE,CLEAR,DRY,DAYLIGHT,NO CONTROLS,ALCOHOL PRESENT,N/A,2BE5EB42-40BE-4BB2-BC62-1D8A2A23ACBE,OTHER,N/A,NO IMPROPER ACTIONS,OTHER,,NO APPARENT INJURY,N/A,39.09835,-77.110915,"(39.09835, -77.110915)"
MCP1342001Y,180003303,Montgomery County Police,Injury Crash,01/20/2018 02:10:00 PM,County,CARRY BACK DR,NATIVE DANCER RD,,N/A,BICYCLIST,SAME DIRECTION RIGHT TURN,CLEAR,DRY,DAYLIGHT,NO CONTROLS,MEDICATION PRESENT,NONE DETECTED,E843508C-1B39-4BD8-BE2A-4812D5B7BFC2,BICYCLIST,Walking/Riding w/Traffic,NO IMPROPER ACTIONS,OTHER,No,SUSPECTED MINOR INJURY,MC/BIKE HELMET,39.10126333,-77.26250333,"(39.10126333, -77.26250333)"
EJ78510083,220035553,Gaithersburg Police Depar,Injury Crash,08/18/2022 08:30:00 PM,Maryland (State),W DIAMOND AVE,RAMP 1 FR IS 270 NB TO MD 117 WB,,N/A,PEDESTRIAN,OTHER,CLEAR,DRY,DARK LIGHTS ON,TRAFFIC SIGNAL,NONE DETECTED,NONE DETECTED,4C5790CC-8ABE-4A90-A086-46D2FADDB111,PEDESTRIAN,Cross/Enter at Intersection,NO IMPROPER ACTIONS,AT INTERSECTION MARKED CROSSWALK,No,SUSPECTED MINOR INJURY,NONE,39.15165993,-77.21974894,"(39.15165993, -77.21974894)"
MCP3299000V,210041546,Montgomery County Police,Injury Crash,10/16/2021 03:39:00 PM,,,,11160 VEIRS MILL ROAD. COSTCO/TARGET PARKING LOT.,,PEDESTRIAN,OTHER,RAINING,,DAYLIGHT,NO CONTROLS,NONE DETECTED,NONE DETECTED,97E52A8A-5E6D-4ABD-9208-5627D8CA3BEC,PEDESTRIAN,Cross/Enter not at Intersection,INATTENTIVE,OTHER,Yes,POSSIBLE INJURY,NONE,39.03576029,-77.05606393,"(39.03576029, -77.05606393)"
MCP1417005K,16034135,Montgomery County Police,Injury Crash,07/06/2016 06:39:00 AM,,,,"DRIVEWAY OF
20211 GOSHEN ROAD",,PEDESTRIAN,SINGLE VEHICLE,CLEAR,,DAYLIGHT,NO CONTROLS,NONE DETECTED,NONE DETECTED,399630BF-45EE-4B79-8F2F-C4327491C8AF,PEDESTRIAN,Other,DART DASH,OTHER,Yes,SUSPECTED MINOR INJURY,NONE,39.18907963,-77.18577325,"(39.18907963, -77.18577325)"
MCP2750004V,200016263,Montgomery County Police,Injury Crash,04/17/2020 09:35:00 AM,,,,12313 GEORGIA AVE,,PEDESTRIAN,STRAIGHT MOVEMENT ANGLE,CLEAR,,DAYLIGHT,NO CONTROLS,NONE DETECTED,NONE DETECTED,9CDABA14-1A2B-4247-B97C-D0985BD01B04,PEDESTRIAN,Walking/Cycling on Sidewalk,NO IMPROPER ACTIONS,SIDEWALK,No,SUSPECTED MINOR INJURY,NONE,39.05927333,-77.04997333,"(39.05927333, -77.04997333)"
MCP21950009,15035166,Montgomery County Police,Injury Crash,02/22/2017 12:10:00 PM,County,E GUDE DR,FREDERICK RD,,N/A,BICYCLIST,OTHER,CLEAR,DRY,DAYLIGHT,NO CONTROLS,NONE DETECTED,NONE DETECTED,0382707F-A1D8-41D5-B842-59380286DA85,BICYCLIST,Walking/Cycling on Sidewalk,NO IMPROPER ACTIONS,SIDEWALK,No,POSSIBLE INJURY,NONE,39.10954983,-77.18127283,"(39.10954983, -77.18127283)"
MCP158000CM,200008049,Montgomery County Police,Injury Crash,02/18/2020 06:11:00 AM,County,MONTGOMERY VILLAGE AVE,CLUB HOUSE RD,,N/A,PEDESTRIAN,SINGLE VEHICLE,CLOUDY,DRY,DARK LIGHTS ON,TRAFFIC SIGNAL,NONE DETECTED,NONE DETECTED,8EC4F423-145E-419B-9D56-5D61B3760FB7,PEDESTRIAN,Cross/Enter at Intersection,NO IMPROPER ACTIONS,AT INTERSECTION MARKED CROSSWALK,No,SUSPECTED MINOR INJURY,N/A,39.174405,-77.20391833,"(39.174405, -77.20391833)"
MCP2970001Q,16033110,Montgomery County Police,Injury Crash,06/30/2016 01:34:00 PM,Maryland (State),UNIVERSITY BLVD W,DRUMM AVE,,N/A,PEDESTRIAN,SINGLE VEHICLE,CLEAR,DRY,DAYLIGHT,YIELD SIGN,N/A,N/A,CAD841F5-42D1-4E1C-9829-753D952D7EE8,PEDESTRIAN,Cross/Enter at Intersection,NO IMPROPER ACTIONS,ON ROADWAY AT CROSSWALK,No,SUSPECTED SERIOUS INJURY,N/A,39.03668,-77.06152,"(39.03668, -77.06152)"
MCP2588006P,190055048,Montgomery County Police,Injury Crash,11/15/2019 08:10:00 AM,County,GRENOBLE DR,KEATING ST,,N/A,OTHER,SAME DIRECTION SIDESWIPE,CLEAR,DRY,DAYLIGHT,NO CONTROLS,NONE DETECTED,NONE DETECTED,2F0A1CE5-DD1B-46C8-B6F9-8B5236F43A3A,OTHER,Other Working,NO IMPROPER ACTIONS,OTHER,No,POSSIBLE INJURY,REFLECTIVE CLOTHING,39.07689793,-77.09058001,"(39.07689793, -77.09058001)"
MCP2001001S,220027189,Montgomery County Police,Fatal Crash,06/24/2022 04:30:00 AM,Maryland (State),GEORGIA AVE,ROSSMOOR BLVD,,N/A,PEDESTRIAN,SINGLE VEHICLE,CLEAR,DRY,DARK NO LIGHTS,NO CONTROLS,NONE DETECTED,N/A,47FBE4D0-CEC8-4C4C-900A-7D45E68A1A18,PEDESTRIAN,Cross/Enter not at Intersection,IN ROADWAY IMPROPERLY,ON ROADWAY NOT AT CROSSWALK,Yes,FATAL INJURY,N/A,39.09968167,-77.07761667,"(39.09968167, -77.07761667)"
MCP2777004Z,180062705,Montgomery County Police,Injury Crash,12/15/2018 05:40:00 PM,County,WOODMONT AVE,HAMPDEN LA,,N/A,PEDESTRIAN,OTHER,RAINING,WET,DARK LIGHTS ON,TRAFFIC SIGNAL,NONE DETECTED,NONE DETECTED,127ED9F2-9A58-4C6E-BA9D-83C78C196CDE,PEDESTRIAN,Cross/Enter at Intersection,NO IMPROPER ACTIONS,ON ROADWAY AT CROSSWALK,No,POSSIBLE INJURY,NONE,38.98231333,-77.09590833,"(38.98231333, -77.09590833)"
MCP2420004T,230018104,Montgomery County Police,Injury Crash,04/16/2023 09:01:00 AM,Maryland (State),LAYHILL RD,BRIGGS RD,,N/A,BICYCLIST,OTHER,CLEAR,DRY,DAYLIGHT,TRAFFIC SIGNAL,NONE DETECTED,NONE DETECTED,5B01D49C-277B-4770-8C8F-B3E0F597E07E,BICYCLIST,Cross/Enter at Intersection,NO IMPROPER ACTIONS,ON ROADWAY AT CROSSWALK,No,SUSPECTED MINOR INJURY,MC/BIKE HELMET,39.0691727,-77.0455124,"(39.0691727, -77.0455124)"
MCP3022001N,180015324,Montgomery County Police,Injury Crash,03/22/2018 12:30:00 PM,,,,"PARKING LOT OF 7ELEVEN LOCATED AT 13001 WISTERIA DRIVE, GERMANTOWN, MD 20874",,PEDESTRIAN,OPPOSITE DIR BOTH LEFT TURN,CLEAR,,DAYLIGHT,STOP SIGN,UNKNOWN,UNKNOWN,FA9A83C1-92ED-4AB6-A0EC-F198348119E8,PEDESTRIAN,Cross/Enter at Intersection,N/A,AT INTERSECTION BUT NO CROSSWALK,No,SUSPECTED MINOR INJURY,N/A,39.17844221,-77.27031916,"(39.17844221, -77.27031916)"
MCP229800B9,16057493,Montgomery County Police,Injury Crash,11/07/2016 08:01:00 PM,Maryland (State),CLOPPER RD,LIBERTY MILL RD,,N/A,BICYCLIST,OTHER,CLEAR,N/A,DARK LIGHTS ON,NO CONTROLS,NONE DETECTED,ILLEGAL DRUG PRESENT,73047F75-5907-4BF0-9951-374611F33CF0,BICYCLIST,Cross/Enter at Intersection,NO IMPROPER ACTIONS,AT INTERSECTION BUT NO CROSSWALK,No,POSSIBLE INJURY,NONE,39.16217474,-77.28160657,"(39.16217474, -77.28160657)"
MCP26650010,15024061,Montgomery County Police,Injury Crash,05/19/2015 06:48:00 PM,County,CHESHIRE DR,OLD GEORGETOWN RD,,N/A,PEDESTRIAN,OTHER,CLEAR,DRY,DAYLIGHT,TRAFFIC SIGNAL,N/A,N/A,3BED917E-F2A2-451E-859A-88F7712D4083,PEDESTRIAN,Cross/Enter at Intersection,NO IMPROPER ACTIONS,AT INTERSECTION MARKED CROSSWALK,,POSSIBLE INJURY,N/A,39.02256833,-77.12319667,"(39.02256833, -77.12319667)"
MCP30710013,180062823,Montgomery County Police,Property Damage Crash,12/16/2018 06:01:00 PM,,,,IN FRONT OF 11408 BROOK RUN DR,,PEDESTRIAN,OTHER,CLEAR,,DARK LIGHTS ON,NO CONTROLS,,NONE DETECTED,309B8CEE-3CB5-4976-8A54-C72814BFAEAF,PEDESTRIAN,Other,NO IMPROPER ACTIONS,SIDEWALK,Yes,NO APPARENT INJURY,NONE,39.19364333,-77.23738333,"(39.19364333, -77.23738333)"
MCP23480025,16060327,Montgomery County Police,Injury Crash,11/23/2016 07:13:00 PM,,,,DRIVEWAY OF 10820 GEORGIA AVE.,,PEDESTRIAN,SINGLE VEHICLE,CLEAR,,DARK LIGHTS ON,NO CONTROLS,NONE DETECTED,NONE DETECTED,46F97782-4222-4A49-BE41-2E4903AC42EB,PEDESTRIAN,Walking/Cycling on Sidewalk,NO IMPROPER ACTIONS,SIDEWALK,No,SUSPECTED MINOR INJURY,N/A,39.03336333,-77.04893667,"(39.03336333, -77.04893667)"
MCP3126004N,230032900,Montgomery County Police,Injury Crash,07/10/2023 07:15:00 PM,County,WEST OLD BALTIMORE RD,FREDERICK RD,,N/A,PEDESTRIAN,OTHER,CLEAR,DRY,DAYLIGHT,TRAFFIC SIGNAL,NONE DETECTED,NONE DETECTED,DD985A25-D9D9-41D9-AF24-C54A20369898,PEDESTRIAN,Cross/Enter at Intersection,IN ROADWAY IMPROPERLY,MEDIAN,Yes,SUSPECTED MINOR INJURY,NONE,39.21552826,-77.2530279,"(39.21552826, -77.2530279)"
DD55080033,17003277,Rockville Police Departme,Injury Crash,01/19/2017 12:58:00 PM,Municipality,N STONESTREET AVE,PARK RD,,ROCKVILLE,PEDESTRIAN,OTHER,CLEAR,DRY,DAYLIGHT,NO CONTROLS,NONE DETECTED,NONE DETECTED,FC4B81C3-4D9E-4973-AD92-5DA0DECC8106,PEDESTRIAN,Cross/Enter not at Intersection,IN ROADWAY IMPROPERLY,ON ROADWAY NOT AT CROSSWALK,Yes,SUSPECTED MINOR INJURY,NONE,39.08628667,-77.14729667,"(39.08628667, -77.14729667)"
MCP3059001D,180002551,Montgomery County Police,Injury Crash,01/16/2018 06:30:00 PM,County,RANDOLPH RD,DALEWOOD DR,,N/A,PEDESTRIAN,OTHER,CLEAR,DRY,DARK LIGHTS ON,TRAFFIC SIGNAL,NONE DETECTED,NONE DETECTED,5611F368-8854-40C2-9F9C-D8467E7C70F8,PEDESTRIAN,Cross/Enter at Intersection,NO IMPROPER ACTIONS,ON ROADWAY AT CROSSWALK,No,POSSIBLE INJURY,N/A,39.05900333,-77.069125,"(39.05900333, -77.069125)"
MCP3069000Z,190003886,Montgomery County Police,Injury Crash,01/25/2019 04:13:00 AM,County,PARKLAWN DR,RANDOLPH RD,,N/A,PEDESTRIAN,OTHER,CLEAR,DRY,DARK LIGHTS ON,NO CONTROLS,UNKNOWN,NONE DETECTED,6BE4F743-4664-4348-8165-6E52964601FC,PEDESTRIAN,Walking/Riding w/Traffic,IN ROADWAY IMPROPERLY,ON ROADWAY NOT AT CROSSWALK,Yes,SUSPECTED SERIOUS INJURY,NONE,39.0167002,-76.98613548,"(39.0167002, -76.98613548)"
MCP2637003T,200038008,Montgomery County Police,Injury Crash,09/27/2020 02:29:00 PM,County,TRAILRIDGE DR,WINTERSET TERR,,N/A,PEDESTRIAN,OTHER,CLEAR,DRY,DAYLIGHT,STOP SIGN,NONE DETECTED,NONE DETECTED,8E3AC0BF-B1B8-45BA-827A-DB1D9282D754,PEDESTRIAN,Walking/Riding w/Traffic,UNKNOWN,ON ROADWAY NOT AT CROSSWALK,No,POSSIBLE INJURY,N/A,39.05231395,-77.19480654,"(39.05231395, -77.19480654)"
MCP2689007X,210040510,Montgomery County Police,Injury Crash,10/10/2021 02:35:00 PM,County,ST JAMES RD,RED CHURCH CT,,N/A,PEDESTRIAN,SINGLE VEHICLE,CLOUDY,DRY,DAYLIGHT,NO CONTROLS,NONE DETECTED,NONE DETECTED,557E2BBE-BD06-435B-8B05-30EABD66082F,PEDESTRIAN,Walking/Riding w/Traffic,NO IMPROPER ACTIONS,ON ROADWAY NOT AT CROSSWALK,No,SUSPECTED SERIOUS INJURY,NONE,39.05638869,-77.20221929,"(39.05638869, -77.20221929)"
MCP1064006G,170532114,Montgomery County Police,Injury Crash,09/22/2017 08:48:00 AM,County,OLD COLUMBIA PIKE,PERRYWOOD DR,,N/A,PEDESTRIAN,OTHER,CLOUDY,DRY,DAYLIGHT,N/A,N/A,N/A,6EA74B2E-DE15-4265-A093-D27E2D955ACE,PEDESTRIAN,Cross/Enter not at Intersection,IN ROADWAY IMPROPERLY,ON ROADWAY NOT AT CROSSWALK,Yes,POSSIBLE INJURY,N/A,39.09638,-76.947085,"(39.09638, -76.947085)"
DD5614002K,170503761,Rockville Police Departme,Injury Crash,04/23/2017 07:06:00 PM,Municipality,MARTINS LA,N WASHINGTON ST,,ROCKVILLE,PEDESTRIAN,STRAIGHT MOVEMENT ANGLE,CLOUDY,DRY,DAYLIGHT,NO CONTROLS,UNKNOWN,UNKNOWN,10D6F775-63C0-41C2-8C5E-534F6DFE7D39,PEDESTRIAN,Cross/Enter at Intersection,DART DASH,ON ROADWAY NOT AT CROSSWALK,Yes,SUSPECTED MINOR INJURY,N/A,39.09118333,-77.15502977,"(39.09118333, -77.15502977)"
MCP2900003G,200049682,Montgomery County Police,Injury Crash,12/17/2020 06:09:00 PM,County,MONTGOMERY VILLAGE AVE,CENTERWAY RD,,N/A,PEDESTRIAN,OTHER,N/A,WET,DARK NO LIGHTS,N/A,N/A,N/A,465CDA7D-03F0-4815-8636-AFD8BFD57BB4,PEDESTRIAN,Cross/Enter not at Intersection,IN ROADWAY IMPROPERLY,ON ROADWAY NOT AT CROSSWALK,Yes,SUSPECTED MINOR INJURY,NONE,39.17379917,-77.2037745,"(39.17379917, -77.2037745)"
MCP1393001B,170526301,Montgomery County Police,Injury Crash,08/22/2017 09:15:00 PM,County,NEWCUT RD,ARORA HILLS DR,,N/A,PEDESTRIAN,SINGLE VEHICLE,CLEAR,DRY,DARK LIGHTS ON,OTHER,UNKNOWN,NONE DETECTED,12AF5987-8895-46EB-99E5-E46F52ACD236,PEDESTRIAN,Standing,NO IMPROPER ACTIONS,ON ROADWAY NOT AT CROSSWALK,No,SUSPECTED MINOR INJURY,N/A,39.23057167,-77.24775333,"(39.23057167, -77.24775333)"
MCP3022003C,200028913,Montgomery County Police,Injury Crash,07/20/2020 05:09:00 PM,County,HUNTMASTER RD,FOXLAIR RD,,N/A,BICYCLIST,SAME DIRECTION SIDESWIPE,CLEAR,DRY,DAYLIGHT,STOP SIGN,UNKNOWN,NONE DETECTED,4A16CB72-7153-4682-9C08-8CF25AF1E9E6,BICYCLIST,Walking/Riding w/Traffic,NO IMPROPER ACTIONS,SHOULDER,No,SUSPECTED MINOR INJURY,UNKNOWN,39.21527,-77.19485167,"(39.21527, -77.19485167)"
MCP2134001J,180028448,Montgomery County Police,Fatal Crash,06/09/2018 03:23:00 AM,Maryland (State),UNIVERSITY BLVD W,FERN ST,,N/A,PEDESTRIAN,OTHER,CLEAR,DRY,DARK LIGHTS ON,N/A,ALCOHOL PRESENT,UNKNOWN,F11B67A0-1CE4-41FB-A54D-1E922BB33437,PEDESTRIAN,Walking/Cycling on Sidewalk,UNKNOWN,SIDEWALK,Unknown,FATAL INJURY,N/A,39.04133575,-77.04889007,"(39.04133575, -77.04889007)"
MCP2962002Y,180050267,Montgomery County Police,Injury Crash,10/08/2018 10:17:00 AM,,,,INTERSECTION OF CHATTERLY WAY AND CHATTERLY CT.,,PEDESTRIAN,OTHER,CLOUDY,,DAYLIGHT,N/A,UNKNOWN,NONE DETECTED,9F70A6C6-FBE8-4545-9005-60CA87542C6C,PEDESTRIAN,Getting off/on Vehicle,NO IMPROPER ACTIONS,OTHER,No,POSSIBLE INJURY,N/A,39.15249377,-77.28965524,"(39.15249377, -77.28965524)"
MCP3300001V,220024084,Montgomery County Police,Injury Crash,06/05/2022 02:39:00 PM,County,LINDELL ST,LIVINGSTON ST,,N/A,PEDESTRIAN,OTHER,CLEAR,DRY,DAYLIGHT,NO CONTROLS,NONE DETECTED,NONE DETECTED,4B0F328F-55D2-4D5F-8004-7B1C06D61714,PEDESTRIAN,Cross/Enter not at Intersection,NOT VISIBLE,ON ROADWAY NOT AT CROSSWALK,No,POSSIBLE INJURY,NONE,39.0559565,-77.05680483,"(39.0559565, -77.05680483)"
MCP2674003P,230012338,Montgomery County Police,Property Damage Crash,03/13/2023 06:45:00 PM,County,DOXDAM TERR,SEVERNDALE TERR,,N/A,PEDESTRIAN,SINGLE VEHICLE,CLEAR,DRY,DAYLIGHT,NO CONTROLS,UNKNOWN,NONE DETECTED,84F1240B-AA30-4BA0-AE29-4ABD62CFE7D7,PEDESTRIAN,Cross/Enter at Intersection,NO IMPROPER ACTIONS,ON ROADWAY NOT AT CROSSWALK,No,NO APPARENT INJURY,NONE,39.19930469,-77.24274173,"(39.19930469, -77.24274173)"
MCP3005000F,16005979,Montgomery County Police,Injury Crash,02/05/2016 09:07:00 AM,County,VANDALIA DR,JOPLIN DR,,N/A,PEDESTRIAN,SINGLE VEHICLE,N/A,N/A,DAYLIGHT,NO CONTROLS,NONE DETECTED,NONE DETECTED,517141D6-01F1-488B-A4E2-62DEC2DD6E28,PEDESTRIAN,Approach/Leaving Schoolbus,DART DASH,ON ROADWAY NOT AT CROSSWALK,Yes,POSSIBLE INJURY,N/A,39.07634702,-77.08463386,"(39.07634702, -77.08463386)"
MCP1086000C,220053805,Montgomery County Police,Injury Crash,12/06/2022 07:42:00 AM,,,,NORTHWOOD HIGH SCHOOL 919 UNIVERSITY BLVD W. PARKING LOT,,PEDESTRIAN,OTHER,FOGGY,,OTHER,N/A,NONE DETECTED,NONE DETECTED,17AE2D3F-80C4-4677-B7B0-02B77012A9F5,PEDESTRIAN,Walking to/from school,NO IMPROPER ACTIONS,ON ROADWAY AT CROSSWALK,No,SUSPECTED MINOR INJURY,N/A,39.03556167,-77.02450667,"(39.03556167, -77.02450667)"
MCP9422001H,180025275,Montgomery County Police,Injury Crash,05/23/2018 10:30:00 AM,County,PLUM ORCHARD DR,CHERRY HILL RD,,N/A,PEDESTRIAN,STRAIGHT MOVEMENT ANGLE,CLEAR,DRY,DAYLIGHT,TRAFFIC SIGNAL,NONE DETECTED,NONE DETECTED,DD7C0E17-B122-4EB7-B8CE-ACB3341B9240,PEDESTRIAN,Cross/Enter at Intersection,NO IMPROPER ACTIONS,AT INTERSECTION MARKED CROSSWALK,No,POSSIBLE INJURY,N/A,39.052505,-76.953375,"(39.052505, -76.953375)"
MCP26830030,180027780,Montgomery County Police,Property Damage Crash,06/05/2018 11:19:00 PM,,,,"9864 HELLINGLY PL
GAITHERSBURG, MD 20886",,OTHER,SINGLE VEHICLE,CLEAR,,DARK LIGHTS ON,N/A,NONE DETECTED,NONE DETECTED,D6BCA1D0-DEF4-4251-A8F0-632894774FA0,OTHER,N/A,UNKNOWN,INSIDE BUILDING,No,NO APPARENT INJURY,N/A,39.15987167,-77.203125,"(39.15987167, -77.203125)"
MCP2805001V,16009121,Montgomery County Police,Injury Crash,02/23/2016 06:49:00 PM,,,,"7106 MUNCASTER MILL RD, GAITHERSBURG, MD (MCDONALDS PARKING LOT)",,PEDESTRIAN,SINGLE VEHICLE,RAINING,,DARK LIGHTS ON,NO CONTROLS,NONE DETECTED,NONE DETECTED,82FC0EB1-A088-4EA9-BA69-8E843D25D045,PEDESTRIAN,Other,NO IMPROPER ACTIONS,ON ROADWAY AT CROSSWALK,No,POSSIBLE INJURY,N/A,39.14579,-77.14477667,"(39.14579, -77.14477667)"