Report Number,Local Case Number,Agency Name,ACRS Report Type,Crash Date/Time,Route Type,Road Name,Cross-Street Name,Off-Road Description,Municipality,Related Non-Motorist,Collision Type,Weather,Surface Condition,Light,Traffic Control,Driver Substance Abuse,Non-Motorist Substance Abuse,Person ID,Pedestrian Type,Pedestrian Movement,Pedestrian Actions,Pedestrian Location,At Fault,Injury Severity,Safety Equipment,Latitude,Longitude,Location
MCP22910016,15028435,Montgomery County Police,Injury Crash,06/11/2015 05:40:00 PM,Maryland (State),CONNECTICUT AVE,BEACH DR,,N/A,BICYCLIST,SINGLE VEHICLE,CLEAR,DRY,DAYLIGHT,TRAFFIC SIGNAL,NONE DETECTED,NONE DETECTED,6644DD18-3E29-45F3-BE01-4E247EA33136,BICYCLIST,Cross/Enter not at Intersection,FAILURE TO YIELD RIGHT OF WAY,AT INTERSECTION BUT NO CROSSWALK,,SUSPECTED MINOR INJURY,NONE,39.00809646,-77.08016396,"(39.00809646, -77.08016396)"
MCP2496001D,200020004,Montgomery County Police,Injury Crash,05/19/2020 08:48:00 AM,Maryland (State),COLESVILLE RD,EAST WEST HWY,,N/A,PEDESTRIAN,SINGLE VEHICLE,CLEAR,DRY,DAYLIGHT,TRAFFIC SIGNAL,NONE DETECTED,NONE DETECTED,273FB0D6-3561-48D1-B020-F0B3227161BE,PEDESTRIAN,Cross/Enter at Intersection,NO IMPROPER ACTIONS,ON ROADWAY AT CROSSWALK,No,SUSPECTED MINOR INJURY,NONE,38.99339739,-77.03216382,"(38.99339739, -77.03216382)"
MCP2552006P,230067682,Montgomery County Police,Injury Crash,11/21/2023 05:54:00 PM,Maryland (State),FREDERICK RD,REDLAND RD,,N/A,PEDESTRIAN,OTHER,RAINING,WET,DARK LIGHTS ON,N/A,N/A,N/A,0479C76F-25C9-4E28-89CE-ABE19CDA79A6,PEDESTRIAN,Cross/Enter not at Intersection,IN ROADWAY IMPROPERLY,ON ROADWAY NOT AT CROSSWALK,Yes,SUSPECTED MINOR INJURY,NONE,39.11462327,-77.16437638,"(39.11462327, -77.16437638)"
MCP26250012,200049001,Montgomery County Police,Injury Crash,12/12/2020 01:40:00 PM,County,OVERLEA RD,SANGAMORE RD,,N/A,PEDESTRIAN,HEAD ON LEFT TURN,CLEAR,DRY,DAYLIGHT,TRAFFIC SIGNAL,UNKNOWN,N/A,07D954E7-6C2D-4F6E-8A84-AA9E38A6BC70,PEDESTRIAN,Cross/Enter at Intersection,NO IMPROPER ACTIONS,AT INTERSECTION MARKED CROSSWALK,No,SUSPECTED MINOR INJURY,N/A,38.95211721,-77.12087021,"(38.95211721, -77.12087021)"
DD55270043,220027984,Rockville Police Departme,Property Damage Crash,06/29/2022 04:00:00 PM,,,,PARKING LOT OF 1518 ROCKVILLE PIKE,,OTHER CONVEYANCE,OTHER,CLEAR,,DAYLIGHT,NO CONTROLS,NONE DETECTED,NONE DETECTED,1AD99831-426C-468A-B984-369027C89846,OTHER CONVEYANCE,Other,N/A,OTHER,No,NO APPARENT INJURY,NONE,39.06470036,-77.12648117,"(39.06470036, -77.12648117)"
MCP23530034,16056632,Montgomery County Police,Injury Crash,11/03/2016 08:01:00 AM,County,WYNDALE RD,BEACH DR,,N/A,BICYCLIST,SINGLE VEHICLE,CLEAR,DRY,DAYLIGHT,N/A,NONE DETECTED,NONE DETECTED,DCE62DCA-2A71-47FF-826D-70D7A9B1CB92,BICYCLIST,Walking/Riding w/Traffic,NO IMPROPER ACTIONS,ON ROADWAY NOT AT CROSSWALK,No,SUSPECTED MINOR INJURY,MC/BIKE HELMET,38.985795,-77.05721333,"(38.985795, -77.05721333)"
MCP2425008X,17010849,Montgomery County Police,Injury Crash,03/01/2017 08:36:00 AM,Maryland (State),GEORGIA AVE,FENWICK LA,,N/A,PEDESTRIAN,SINGLE VEHICLE,CLOUDY,WET,DAYLIGHT,STOP SIGN,NONE DETECTED,NONE DETECTED,4B4D0B3C-AEC0-48C5-9CEE-1A676F58A582,PEDESTRIAN,Cross/Enter at Intersection,DART DASH,ON ROADWAY AT CROSSWALK,No,SUSPECTED SERIOUS INJURY,NONE,38.99837333,-77.03082167,"(38.99837333, -77.03082167)"
DM8514000Q,230031975,Takoma Park Police Depart,Injury Crash,07/06/2023 07:50:00 AM,,,,"PERSONAL INJURY COLLISION IN PARKING LOT OF SUNOCO 6907 NEW HAMPSHIRE AVENUE, TAKOMA PARK, MARYLAND",,BICYCLIST,HEAD ON LEFT TURN,N/A,,DAYLIGHT,NO CONTROLS,N/A,NONE DETECTED,4DBD5749-05F5-4DC7-A72F-960485B77B23,BICYCLIST,Cross/Enter not at Intersection,NO IMPROPER ACTIONS,OTHER,No,SUSPECTED SERIOUS INJURY,NONE,38.97587195,-76.99325355,"(38.97587195, -76.99325355)"
MCP25860067,230016670,Montgomery County Police,Injury Crash,04/07/2023 05:35:00 PM,County,RIDGE RD,FREDERICK RD,,N/A,OTHER CONVEYANCE,SAME DIRECTION RIGHT TURN,CLEAR,DRY,DAYLIGHT,TRAFFIC SIGNAL,NONE DETECTED,NONE DETECTED,F674CA9B-8A70-4EC8-8C2B-106DE8D90799,OTHER CONVEYANCE,Cross/Enter not at Intersection,IN ROADWAY IMPROPERLY,ON ROADWAY NOT AT CROSSWALK,Yes,SUSPECTED MINOR INJURY,NONE,39.2046074,-77.24557975,"(39.2046074, -77.24557975)"
MCP28820027,180010216,Montgomery County Police,Injury Crash,02/27/2018 03:30:00 PM,,WONDERLAND WAY,CHALET DRIVE,,N/A,OTHER,SINGLE VEHICLE,CLEAR,DRY,DAYLIGHT,NO CONTROLS,NONE DETECTED,N/A,6F0BCEBC-AD0F-4FFE-8D06-5F295ED47110,OTHER,Cross/Enter at Intersection,INATTENTIVE,ON ROADWAY NOT AT CROSSWALK,Yes,SUSPECTED MINOR INJURY,NONE,39.1552345,-77.27295712,"(39.1552345, -77.27295712)"
MCP3038004N,200015789,Montgomery County Police,Property Damage Crash,04/13/2020 04:38:00 PM,County,CRESTMOOR DR,EASTMOOR DR,,N/A,OTHER,OTHER,CLEAR,DRY,DAYLIGHT,NO CONTROLS,N/A,N/A,329D54E9-A33E-4C28-8679-47420C3D7E45,OTHER,Cross/Enter at Intersection,DART DASH,ON ROADWAY NOT AT CROSSWALK,Yes,NO APPARENT INJURY,MC/BIKE HELMET,39.02700987,-77.0083001,"(39.02700987, -77.0083001)"
MCP2598004C,230028257,Montgomery County Police,Injury Crash,06/12/2023 03:09:00 PM,County,RANDOLPH RD,GEORGIA AVE,,N/A,PEDESTRIAN,STRAIGHT MOVEMENT ANGLE,RAINING,WET,DAYLIGHT,TRAFFIC SIGNAL,NONE DETECTED,NONE DETECTED,40D0174E-1208-4AA2-8C70-2AD62454584F,PEDESTRIAN,Cross/Enter at Intersection,FAILURE TO YIELD RIGHT OF WAY,AT INTERSECTION MARKED CROSSWALK,Yes,POSSIBLE INJURY,N/A,39.05843513,-77.0498156,"(39.05843513, -77.0498156)"
MCP2298011W,220049143,Montgomery County Police,Injury Crash,11/07/2022 04:04:00 PM,County,YEARLING DR,YEARLING CT,,N/A,PEDESTRIAN,SINGLE VEHICLE,CLEAR,DRY,DUSK,NO CONTROLS,NONE DETECTED,UNKNOWN,0728D8F7-11F9-4BB4-B809-D2C65A03DF7B,PEDESTRIAN,Unknown,UNKNOWN,UNKNOWN,Yes,SUSPECTED SERIOUS INJURY,NONE,39.09669081,-77.21431588,"(39.09669081, -77.21431588)"
MCP32500009,200033537,Montgomery County Police,Injury Crash,08/27/2020 03:12:00 PM,Maryland (State),GEORGIA AVE,HEWITT AVE,,N/A,BICYCLIST,STRAIGHT MOVEMENT ANGLE,CLOUDY,DRY,DAYLIGHT,TRAFFIC SIGNAL,NONE DETECTED,NONE DETECTED,7497ABFD-51CD-4A10-94C4-483799889A70,BICYCLIST,Cross/Enter at Intersection,NO IMPROPER ACTIONS,AT INTERSECTION MARKED CROSSWALK,No,POSSIBLE INJURY,NONE,39.077662,-77.070716,"(39.077662, -77.070716)"
MCP2853005W,190014812,Montgomery County Police,Injury Crash,03/30/2019 07:40:00 PM,County,RENFREW RD,LANARK WAY,,N/A,PEDESTRIAN,N/A,CLEAR,DRY,DARK NO LIGHTS,NO CONTROLS,N/A,N/A,D77E886A-27F8-429F-92FD-20128B390B20,PEDESTRIAN,Playing,UNKNOWN,OTHER,Unknown,POSSIBLE INJURY,N/A,39.02220868,-77.02329109,"(39.02220868, -77.02329109)"
MCP2110000S,16015611,Montgomery County Police,Injury Crash,03/30/2016 07:23:00 PM,County,SHADY GROVE RD,CRABBS BRANCH WAY,,N/A,PEDESTRIAN,SINGLE VEHICLE,CLEAR,DRY,DUSK,TRAFFIC SIGNAL,N/A,N/A,701C326B-F38A-44F2-ACD5-3E3E93AC74DF,PEDESTRIAN,Cross/Enter at Intersection,FAILURE TO OBEY TRAFFIC SIGNS SIGNALS OR OFFICER,ON ROADWAY AT CROSSWALK,Unknown,SUSPECTED MINOR INJURY,NONE,39.12895833,-77.167165,"(39.12895833, -77.167165)"
MCP3227003X,220041783,Montgomery County Police,Property Damage Crash,09/26/2022 06:51:00 PM,Maryland (State),NEW HAMPSHIRE AVE,ELTON RD,,N/A,PEDESTRIAN,SINGLE VEHICLE,CLEAR,DRY,DAYLIGHT,TRAFFIC SIGNAL,NONE DETECTED,NONE DETECTED,2F2CB59A-88E7-4AEF-B6B8-507329F82B12,PEDESTRIAN,Cross/Enter at Intersection,NO IMPROPER ACTIONS,ON ROADWAY AT CROSSWALK,No,NO APPARENT INJURY,N/A,39.0204434,-76.97680173,"(39.0204434, -76.97680173)"
EJ7836001N,180047643,Gaithersburg Police Depar,Injury Crash,09/24/2018 08:10:00 AM,Municipality,FIRSTFIELD RD,CLOPPER RD,,N/A,PEDESTRIAN,OTHER,RAINING,WET,DAWN,TRAFFIC SIGNAL,NONE DETECTED,N/A,80C083A3-1D93-45F9-A7F1-DF4947392B4D,PEDESTRIAN,Walking/Cycling on Sidewalk,N/A,AT INTERSECTION MARKED CROSSWALK,No,SUSPECTED MINOR INJURY,N/A,39.14378833,-77.223575,"(39.14378833, -77.223575)"
MCP10640043,16013352,Montgomery County Police,Injury Crash,03/18/2016 10:47:00 AM,,,,"DRIVEWAY- 8728 COLESVILLE RD
SILVER SPRING, MD 20910",,PEDESTRIAN,OTHER,CLEAR,,DAYLIGHT,N/A,N/A,N/A,29AF22AB-D5D8-43BA-92B2-920D707EBE79,PEDESTRIAN,Standing,NO IMPROPER ACTIONS,OTHER,No,SUSPECTED SERIOUS INJURY,N/A,38.99820167,-77.02671333,"(38.99820167, -77.02671333)"
MCP2987000C,16007222,Montgomery County Police,Injury Crash,02/12/2016 08:10:00 AM,,,,"PARKING LOT OF 910 SCHINDLER DRIVE, SILVER SPRING MD 20903",,PEDESTRIAN,STRAIGHT MOVEMENT ANGLE,CLEAR,,DAYLIGHT,STOP SIGN,UNKNOWN,NONE DETECTED,3A05B5A9-271A-4C5D-9C56-521710EBAA1D,PEDESTRIAN,Walking to/from school,NO IMPROPER ACTIONS,SIDEWALK,No,SUSPECTED MINOR INJURY,NONE,39.02693747,-76.99088931,"(39.02693747, -76.99088931)"
MCP3259003L,230059922,Montgomery County Police,Injury Crash,10/11/2023 05:21:00 PM,County,BLACKWELL RD,SHADY GROVE RD,,N/A,BICYCLIST,OTHER,CLEAR,DRY,DAYLIGHT,TRAFFIC SIGNAL,NONE DETECTED,NONE DETECTED,0015A742-EDC7-403C-98F8-B4718C2C6819,BICYCLIST,Cross/Enter at Intersection,NO IMPROPER ACTIONS,ON ROADWAY AT CROSSWALK,No,POSSIBLE INJURY,UNKNOWN,39.1009517,-77.1915665,"(39.1009517, -77.1915665)"
MCP3075001C,180026815,Montgomery County Police,Injury Crash,05/31/2018 06:00:00 PM,County,STRINGTOWN RD,FREDERICK RD,,N/A,PEDESTRIAN,SINGLE VEHICLE,RAINING,WET,DAYLIGHT,TRAFFIC SIGNAL,UNKNOWN,N/A,BF1BAC3D-4E80-4AF1-B3ED-C8C14D6E9EE7,PEDESTRIAN,Cross/Enter at Intersection,NO IMPROPER ACTIONS,ON ROADWAY AT CROSSWALK,No,SUSPECTED MINOR INJURY,NONE,39.23751864,-77.27794737,"(39.23751864, -77.27794737)"
DM8497000W,210032942,Takoma Park Police Depart,Injury Crash,08/23/2021 08:20:00 PM,Maryland (State),UNIVERSITY BLVD E,PRINCE GEORGES CO/L,,N/A,PEDESTRIAN,OTHER,CLEAR,DRY,DARK LIGHTS ON,NO CONTROLS,NONE DETECTED,ALCOHOL CONTRIBUTED,8305E2DF-B414-48D9-A906-AA646549D692,PEDESTRIAN,Cross/Enter not at Intersection,IN ROADWAY IMPROPERLY,ON ROADWAY NOT AT CROSSWALK,Yes,SUSPECTED SERIOUS INJURY,NONE,38.98706472,-76.98485973,"(38.98706472, -76.98485973)"
MCP2683003M,190006583,Montgomery County Police,Fatal Crash,02/10/2019 06:47:00 PM,County,MONTGOMERY VILLAGE AVE,MIDCOUNTY HWY,,N/A,PEDESTRIAN,SINGLE VEHICLE,CLEAR,DRY,DARK -- UNKNOWN LIGHTING,TRAFFIC SIGNAL,NONE DETECTED,NONE DETECTED,20CB216B-C882-4987-8311-8C16EF1FB39C,PEDESTRIAN,Unknown,UNKNOWN,ON ROADWAY AT CROSSWALK,Unknown,FATAL INJURY,NONE,39.15796833,-77.201475,"(39.15796833, -77.201475)"
MCP1334009Q,200012143,Montgomery County Police,Injury Crash,03/12/2020 06:40:00 AM,County,WATKINS MILL RD,STEDWICK RD,,N/A,PEDESTRIAN,SINGLE VEHICLE,CLOUDY,DRY,DARK LIGHTS ON,TRAFFIC SIGNAL,NONE DETECTED,NONE DETECTED,354826EB-5C40-4B51-AFD7-2FEB63190568,PEDESTRIAN,Cross/Enter at Intersection,NO IMPROPER ACTIONS,ON ROADWAY AT CROSSWALK,No,SUSPECTED MINOR INJURY,NONE,39.17052237,-77.20891844,"(39.17052237, -77.20891844)"
MCP2254001K,180010389,Montgomery County Police,Injury Crash,03/22/2018 10:13:00 AM,,LIMPKIN AVE,DOVEKIE AVE,,N/A,PEDESTRIAN,SINGLE VEHICLE,CLEAR,WET,DAYLIGHT,NO CONTROLS,NONE DETECTED,NONE DETECTED,88EDBFBE-434D-44F8-AB8D-E13A6473B20C,PEDESTRIAN,Standing,NO IMPROPER ACTIONS,OTHER,No,SUSPECTED MINOR INJURY,N/A,39.227115,-77.28964667,"(39.227115, -77.28964667)"
MCP2889001R,16050824,Montgomery County Police,Injury Crash,10/03/2016 07:34:00 PM,Maryland (State),UNIVERSITY BLVD W,DENNIS AVE,,N/A,PEDESTRIAN,SINGLE VEHICLE,CLEAR,DRY,DARK LIGHTS ON,TRAFFIC SIGNAL,NONE DETECTED,NONE DETECTED,0704770D-C149-476A-A7BB-2F64B3F71D37,PEDESTRIAN,Cross/Enter at Intersection,NO IMPROPER ACTIONS,ON ROADWAY AT CROSSWALK,No,POSSIBLE INJURY,NONE,39.026315,-77.02019833,"(39.026315, -77.02019833)"
MCP1573000V,16015612,MONTGOMERY,Injury Crash,03/30/2016 07:19:00 PM,Maryland (State),GEORGIA AVE,HATHAWAY DR,,N/A,PEDESTRIAN,SINGLE VEHICLE,CLEAR,DRY,DAYLIGHT,OTHER,NONE DETECTED,NONE DETECTED,5A95192B-31BD-4653-8E7D-83653A3DF5B6,PEDESTRIAN,Cross/Enter at Intersection,NO IMPROPER ACTIONS,AT INTERSECTION MARKED CROSSWALK,No,SUSPECTED MINOR INJURY,N/A,39.06708667,-77.06004333,"(39.06708667, -77.06004333)"
DD5644001X,210046642,Rockville Police Departme,Property Damage Crash,11/17/2021 11:15:00 AM,,,,315 NORTH WASHINGTON STREET PARKING LOT,,OTHER,OTHER,CLEAR,,DAYLIGHT,NO CONTROLS,NONE DETECTED,NONE DETECTED,BCE7513D-428F-4AAB-9A22-B0746E4E218D,OTHER,N/A,NO IMPROPER ACTIONS,INSIDE BUILDING,No,NO APPARENT INJURY,N/A,39.08926376,-77.15318746,"(39.08926376, -77.15318746)"
MCP2712000M,15046182,MONTGOMERY,Injury Crash,09/12/2015 02:22:00 PM,US (State),COLUMBIA PIKE,EXIT #16 (MD 200),,N/A,PEDESTRIAN,SAME DIR REAR END,RAINING,WET,DAYLIGHT,N/A,NONE DETECTED,NONE DETECTED,E1D726D1-B558-4DC6-BF57-454F9A8EDE17,PEDESTRIAN,Standing,DISABLED VEHICLE RELATED,OTHER,No,POSSIBLE INJURY,N/A,39.07899167,-76.95193667,"(39.07899167, -76.95193667)"
MCP30220036,190060471,Montgomery County Police,Injury Crash,12/15/2019 05:47:00 PM,Maryland (State),RIDGE RD,BRINK RD,,N/A,BICYCLIST,OTHER,CLEAR,DRY,DARK LIGHTS ON,TRAFFIC SIGNAL,N/A,N/A,848DB32A-396F-4C75-8B68-8D966935E262,BICYCLIST,Cross/Enter at Intersection,NO IMPROPER ACTIONS,ON ROADWAY AT CROSSWALK,No,SUSPECTED MINOR INJURY,MC/BIKE HELMET,39.21038167,-77.23994833,"(39.21038167, -77.23994833)"
MCP2046009K,190005442,Montgomery County Police,Injury Crash,02/04/2019 06:56:00 AM,County,MT PISGAH RD,OAKVIEW DR,,N/A,PEDESTRIAN,STRAIGHT MOVEMENT ANGLE,CLEAR,DRY,DAWN,STOP SIGN,NONE DETECTED,NONE DETECTED,9A6A174D-01A7-48B6-989E-EC9D34069ABD,PEDESTRIAN,Cross/Enter at Intersection,NO IMPROPER ACTIONS,ON ROADWAY AT CROSSWALK,No,POSSIBLE INJURY,NONE,39.01507333,-76.97736,"(39.01507333, -76.97736)"
MCP2351002X,190016886,Montgomery County Police,Fatal Crash,04/11/2019 02:24:00 PM,,,,AT PARKING LOT EXIT OF 650 HUNGERFORD DR TO ENTER SB HUNGERFORD DR,,PEDESTRIAN,OTHER,CLOUDY,,DAYLIGHT,NO CONTROLS,NONE DETECTED,NONE DETECTED,123E44F4-04CC-4238-9487-DEF336F7548B,PEDESTRIAN,Unknown,UNKNOWN,OTHER,Unknown,FATAL INJURY,NONE,39.09278833,-77.153865,"(39.09278833, -77.153865)"
MCP1301000T,170514720,Montgomery County Police,Fatal Crash,06/20/2017 10:44:00 AM,County,MIDDLEBROOK RD,GREAT SENECA HWY,,N/A,PEDESTRIAN,STRAIGHT MOVEMENT ANGLE,CLEAR,DRY,DAYLIGHT,TRAFFIC SIGNAL,"NONE DETECTED, UNKNOWN",UNKNOWN,DEE50186-51C2-489F-B613-5AA3966B8C5B,PEDESTRIAN,Other,NO IMPROPER ACTIONS,MEDIAN,No,FATAL INJURY,NONE,39.17493347,-77.26046741,"(39.17493347, -77.26046741)"
MCP2046005K,16027508,Montgomery County Police,Injury Crash,06/02/2016 08:13:00 AM,County,OLD COLUMBIA PIKE,FAIRLAND RD,,N/A,PEDESTRIAN,STRAIGHT MOVEMENT ANGLE,CLOUDY,DRY,DAYLIGHT,TRAFFIC SIGNAL,NONE DETECTED,NONE DETECTED,52AB336F-A15E-4FC2-885D-35A3E8052A5D,PEDESTRIAN,Cross/Enter at Intersection,DART DASH,ON ROADWAY NOT AT CROSSWALK,Yes,SUSPECTED MINOR INJURY,NONE,39.07626165,-76.95760176,"(39.07626165, -76.95760176)"
MCP209400GD,200022000,Montgomery County Police,Injury Crash,06/04/2020 07:26:00 AM,,,,"PARKING LOT OF
7272 WISCONCIN AVE",,OTHER,OTHER,CLEAR,,DAYLIGHT,N/A,NONE DETECTED,NONE DETECTED,75D23F57-A018-459A-BAC2-01CD0C974C28,OTHER,Other,OTHER,OTHER,Yes,POSSIBLE INJURY,N/A,38.98191667,-77.093625,"(38.98191667, -77.093625)"
MCP3122002L,190057491,Montgomery County Police,Injury Crash,11/28/2019 11:25:00 PM,,,,PARKING LOT OF 2304 BLUERIDGE AVE,,PEDESTRIAN,SINGLE VEHICLE,CLEAR,,DARK LIGHTS ON,N/A,ALCOHOL PRESENT,N/A,0A14531C-8E7A-4313-8A34-7685CA5D4CF4,PEDESTRIAN,Other,NO IMPROPER ACTIONS,OTHER,No,SUSPECTED MINOR INJURY,N/A,39.04272545,-77.04853504,"(39.04272545, -77.04853504)"
MCP29830017,16050660,Montgomery County Police,Injury Crash,10/02/2016 08:12:00 PM,County,SECOND AVE,16TH ST,,N/A,PEDESTRIAN,SINGLE VEHICLE,CLEAR,DRY,DARK LIGHTS ON,TRAFFIC SIGNAL,NONE DETECTED,NONE DETECTED,A077AE84-43B2-45A2-ACCF-E47045E21B65,PEDESTRIAN,Cross/Enter at Intersection,NO IMPROPER ACTIONS,AT INTERSECTION MARKED CROSSWALK,No,SUSPECTED MINOR INJURY,NONE,39.00325254,-77.04018831,"(39.00325254, -77.04018831)"
MCP23300048,230021426,Montgomery County Police,Injury Crash,05/04/2023 07:35:00 PM,Maryland (State),UNIVERSITY BLVD W,VEIRS MILL RD,,N/A,BICYCLIST,OTHER,CLEAR,DRY,DUSK,TRAFFIC SIGNAL,NONE DETECTED,NONE DETECTED,971A4051-7114-4030-A173-EAB003E9B5B0,BICYCLIST,Walking/Riding against Traffic,FAILURE TO YIELD RIGHT OF WAY,ON ROADWAY NOT AT CROSSWALK,Yes,SUSPECTED MINOR INJURY,MC/BIKE HELMET,39.04027667,-77.055605,"(39.04027667, -77.055605)"
MCP93010030,190054180,Montgomery County Police,Injury Crash,11/10/2019 12:15:00 PM,,,,PARKING LOT OF 544 N. FREDERICK AVE,,PEDESTRIAN,SINGLE VEHICLE,CLEAR,,DAYLIGHT,N/A,N/A,N/A,A5408C5D-61E8-452D-B365-6E837F727939,PEDESTRIAN,Other,N/A,ON ROADWAY NOT AT CROSSWALK,Unknown,POSSIBLE INJURY,N/A,39.14826333,-77.20930167,"(39.14826333, -77.20930167)"
MCP26360005,15010082,Montgomery County Police,Injury Crash,03/03/2015 08:16:00 PM,County,RAMSEY AVE,FIDLER LA,,N/A,PEDESTRIAN,SINGLE VEHICLE,WINTRY MIX,ICE,DARK LIGHTS ON,N/A,NONE DETECTED,NONE DETECTED,CA2BCC1C-9F69-4560-8476-E9A50C692775,PEDESTRIAN,Standing,NO IMPROPER ACTIONS,ON ROADWAY NOT AT CROSSWALK,No,SUSPECTED MINOR INJURY,NONE,38.99561499,-77.03070402,"(38.99561499, -77.03070402)"
MCP32910015,220046162,Montgomery County Police,Injury Crash,10/21/2022 03:00:00 AM,US (State),COLESVILLE RD,FENTON ST,,N/A,PEDESTRIAN,SINGLE VEHICLE,CLEAR,DRY,DARK LIGHTS ON,FLASHING TRAFFIC SIGNAL,NONE DETECTED,NONE DETECTED,24ACE932-1CCE-48BC-A3D4-C4E427A41049,PEDESTRIAN,Cross/Enter at Intersection,UNKNOWN,ON ROADWAY AT CROSSWALK,No,POSSIBLE INJURY,NONE,38.99715167,-77.027475,"(38.99715167, -77.027475)"
EJ7777002B,200011450,Gaithersburg Police Depar,Injury Crash,03/08/2020 03:22:00 PM,,,,PARKING LOT OF 880 RUSSELL AVE,,PEDESTRIAN,OTHER,CLEAR,,DAYLIGHT,N/A,NONE DETECTED,NONE DETECTED,A50A9363-1E07-4812-8028-257B345CE32B,PEDESTRIAN,Other Working,N/A,OTHER,No,POSSIBLE INJURY,N/A,39.15644596,-77.21360108,"(39.15644596, -77.21360108)"
MCP2813002P,16052130,Montgomery County Police,Injury Crash,10/10/2016 04:54:00 PM,,,,PARKING LOT OF 2601 UNIVERSITY BLVD W,,PEDESTRIAN,SINGLE VEHICLE,CLEAR,,DAYLIGHT,NO CONTROLS,N/A,N/A,EEF37EEF-F125-4F7F-B3E2-4C8702AEF5AF,PEDESTRIAN,Walking/Riding w/Traffic,NO IMPROPER ACTIONS,SIDEWALK,No,POSSIBLE INJURY,NONE,39.04161333,-77.05368,"(39.04161333, -77.05368)"
MCP2849001H,15042321,MONTGOMERY,Injury Crash,08/23/2015 07:30:00 PM,Maryland (State),GEORGIA AVE,ENT TO BUSINESS,,N/A,OTHER CONVEYANCE,OTHER,N/A,DRY,DAYLIGHT,NO CONTROLS,UNKNOWN,ALCOHOL PRESENT,9CE6EF98-A052-47E9-857A-61BF349FB095,OTHER CONVEYANCE,Other,NO IMPROPER ACTIONS,DRIVEWAY ACCESS MARKED CROSSWALK,No,SUSPECTED MINOR INJURY,N/A,39.08513759,-77.07868874,"(39.08513759, -77.07868874)"
DD5644002X,220036641,Rockville Police Departme,Injury Crash,08/24/2022 06:19:00 PM,County,E GUDE DR,SOUTHLAWN LA,,N/A,BICYCLIST,OTHER,CLEAR,DRY,DUSK,TRAFFIC SIGNAL,NONE DETECTED,NONE DETECTED,3B0A41D7-0F9B-4669-905D-DA4A16915DD3,BICYCLIST,Cross/Enter at Intersection,NO IMPROPER ACTIONS,ON ROADWAY AT CROSSWALK,No,SUSPECTED MINOR INJURY,NONE,39.0979889,-77.1364997,"(39.0979889, -77.1364997)"
MCP1565003C,190007165,Montgomery County Police,Injury Crash,02/14/2019 06:31:00 AM,County,PARKLAND DR,ASPEN HILL RD,,N/A,PEDESTRIAN,OTHER,CLEAR,DRY,DARK LIGHTS ON,TRAFFIC SIGNAL,NONE DETECTED,NONE DETECTED,0A797E9D-D5A8-4772-AACB-3F705B39AF81,PEDESTRIAN,Cross/Enter at Intersection,NO IMPROPER ACTIONS,ON ROADWAY AT CROSSWALK,No,SUSPECTED SERIOUS INJURY,N/A,39.07909,-77.08739667,"(39.07909, -77.08739667)"
MCP3003001Z,180025530,Montgomery County Police,Injury Crash,05/24/2018 04:35:00 PM,County,BARNESVILLE RD,OLD HUNDRED RD (BACK),,N/A,BICYCLIST,HEAD ON LEFT TURN,CLEAR,DRY,DAYLIGHT,STOP SIGN,NONE DETECTED,NONE DETECTED,EC5083E0-0F55-41E9-9527-2477A79F9053,BICYCLIST,Cross/Enter at Intersection,NO IMPROPER ACTIONS,UNKNOWN,No,SUSPECTED MINOR INJURY,MC/BIKE HELMET,39.22072562,-77.37552881,"(39.22072562, -77.37552881)"
MCP2917009M,220023874,Montgomery County Police,Fatal Crash,06/03/2022 10:00:00 PM,County,GRIDLEY RD,SELFRIDGE RD,,N/A,PEDESTRIAN,OTHER,CLEAR,DRY,DARK NO LIGHTS,STOP SIGN,NONE DETECTED,NONE DETECTED,42E9B725-3301-48D4-95F0-6B68D744E3B6,PEDESTRIAN,Cross/Enter at Intersection,NO IMPROPER ACTIONS,ON ROADWAY AT CROSSWALK,No,FATAL INJURY,NONE,39.05656167,-77.08530333,"(39.05656167, -77.08530333)"
EJ7884002Z,210041391,Gaithersburg Police Depar,Injury Crash,10/15/2021 04:32:00 PM,Maryland (State),CLOPPER RD,W WATKINS MILL RD,,GAITHERSBURG,PEDESTRIAN,OTHER,CLEAR,DRY,DAYLIGHT,TRAFFIC SIGNAL,N/A,NONE DETECTED,CD379948-DD29-4BB6-B015-85146CF2EC6F,PEDESTRIAN,Cross/Enter at Intersection,IN ROADWAY IMPROPERLY,CURB,Yes,SUSPECTED MINOR INJURY,NONE,39.14769317,-77.23312198,"(39.14769317, -77.23312198)"
MCP3122003X,210013875,Montgomery County Police,Injury Crash,04/14/2021 06:00:00 AM,County,BEL PRE RD,CHURCH,,N/A,PEDESTRIAN,SINGLE VEHICLE,CLOUDY,DRY,DARK LIGHTS ON,NO CONTROLS,UNKNOWN,NONE DETECTED,18422FF5-7021-4E03-9767-E54110160A82,PEDESTRIAN,Cross/Enter not at Intersection,IN ROADWAY IMPROPERLY,ON ROADWAY NOT AT CROSSWALK,Yes,SUSPECTED MINOR INJURY,NONE,39.094785,-77.07850333,"(39.094785, -77.07850333)"
MCP0973000Z,190007771,Montgomery County Police,Injury Crash,02/17/2019 06:33:00 PM,County,HILLANDALE RD,BRADLEY BLVD,,N/A,PEDESTRIAN,SINGLE VEHICLE,CLOUDY,WET,DARK LIGHTS ON,TRAFFIC SIGNAL,NONE DETECTED,NONE DETECTED,7853A7EC-3997-4FBF-9406-6C42D60D8265,PEDESTRIAN,Cross/Enter at Intersection,NO IMPROPER ACTIONS,ON ROADWAY AT CROSSWALK,No,SUSPECTED MINOR INJURY,NONE,38.97799833,-77.09684833,"(38.97799833, -77.09684833)"