Report Number,Local Case Number,Agency Name,ACRS Report Type,Crash Date/Time,Route Type,Road Name,Cross-Street Name,Off-Road Description,Municipality,Related Non-Motorist,Collision Type,Weather,Surface Condition,Light,Traffic Control,Driver Substance Abuse,Non-Motorist Substance Abuse,Person ID,Pedestrian Type,Pedestrian Movement,Pedestrian Actions,Pedestrian Location,At Fault,Injury Severity,Safety Equipment,Latitude,Longitude,Location
MCP2968001Z,180007389,Montgomery County Police,Injury Crash,02/12/2018 05:21:00 PM,County,STONEBRIDGE VIEW DR,QUIETWOOD DR,,N/A,PEDESTRIAN,SINGLE VEHICLE,CLEAR,DRY,DAYLIGHT,NO CONTROLS,N/A,N/A,ECAF65C6-93AC-4DED-94E8-5371C9483137,PEDESTRIAN,Cross/Enter at Intersection,NO IMPROPER ACTIONS,ON ROADWAY AT CROSSWALK,No,SUSPECTED MINOR INJURY,N/A,39.091215,-77.21548833,"(39.091215, -77.21548833)"
MCP2008002J,16040174,Montgomery County Police,Injury Crash,08/08/2016 03:07:00 PM,County,CORDELL AVE,WOODMONT AVE,,N/A,PEDESTRIAN,OTHER,N/A,DRY,DAYLIGHT,N/A,UNKNOWN,NONE DETECTED,653E79CC-6353-4AEC-A084-9E499EB5CBB7,PEDESTRIAN,Cross/Enter not at Intersection,IN ROADWAY IMPROPERLY,ON ROADWAY NOT AT CROSSWALK,No,SUSPECTED MINOR INJURY,N/A,38.99047667,-77.09696167,"(38.99047667, -77.09696167)"
DD5631000F,180023444,Rockville Police Departme,Injury Crash,05/24/2018 09:26:00 AM,Municipality,W GUDE DR,FREDERICK RD,,N/A,PEDESTRIAN,N/A,N/A,DRY,DAYLIGHT,TRAFFIC SIGNAL,NONE DETECTED,NONE DETECTED,FF584BBA-AD6E-4F4D-A3A5-8F3B85E40325,PEDESTRIAN,Cross/Enter not at Intersection,FAILURE TO OBEY TRAFFIC SIGNS SIGNALS OR OFFICER,ON ROADWAY NOT AT CROSSWALK,Yes,POSSIBLE INJURY,NONE,39.10668667,-77.15902333,"(39.10668667, -77.15902333)"
MCP2831001B,16037694,Montgomery County Police,Injury Crash,07/25/2016 02:10:00 PM,County,RICKENBACKER DR,WOODFIELD RD,,N/A,PEDESTRIAN,N/A,CLEAR,DRY,DAYLIGHT,TRAFFIC SIGNAL,UNKNOWN,N/A,F056BD6E-90E2-44E9-AB6A-5D02F47444F3,PEDESTRIAN,Cross/Enter at Intersection,NO IMPROPER ACTIONS,ON ROADWAY AT CROSSWALK,No,SUSPECTED MINOR INJURY,NONE,39.17230934,-77.15269089,"(39.17230934, -77.15269089)"
MCP3299002R,230034733,Montgomery County Police,Property Damage Crash,07/21/2023 11:52:00 AM,Maryland (State),GEORGIA AVE,OLD BALTIMORE RD,,N/A,PEDESTRIAN,OTHER,CLEAR,DRY,DAYLIGHT,STOP SIGN,NONE DETECTED,NONE DETECTED,B056C81B-F1F4-4BA9-83CB-E61F2756C13D,PEDESTRIAN,Cross/Enter at Intersection,NO IMPROPER ACTIONS,ON ROADWAY AT CROSSWALK,No,NO APPARENT INJURY,N/A,39.13526333,-77.06976,"(39.13526333, -77.06976)"
MCP1220002F,15036528,MONTGOMERY,Injury Crash,07/24/2015 11:46:00 AM,County,HASTINGS DR,COLESVILLE RD,,N/A,BICYCLIST,OTHER,CLEAR,DRY,DAYLIGHT,YIELD SIGN,NONE DETECTED,NONE DETECTED,88D082CF-8847-4897-9E3B-E6019FFCF58A,BICYCLIST,Walking/Cycling on Sidewalk,IN ROADWAY IMPROPERLY,ON ROADWAY AT CROSSWALK,Yes,SUSPECTED MINOR INJURY,MC/BIKE HELMET,39.01347357,-77.01646686,"(39.01347357, -77.01646686)"
MCP1174002S,170549251,Montgomery County Police,Injury Crash,12/18/2017 11:02:00 AM,County,WOODMONT AVE,ELM ST,,N/A,PEDESTRIAN,OTHER,CLOUDY,DRY,DAYLIGHT,TRAFFIC SIGNAL,NONE DETECTED,NONE DETECTED,B3CDF5CA-E82F-4957-B3AE-15A2F7D4646D,PEDESTRIAN,Cross/Enter at Intersection,NO IMPROPER ACTIONS,ON ROADWAY AT CROSSWALK,No,SUSPECTED MINOR INJURY,NONE,38.98259757,-77.09844589,"(38.98259757, -77.09844589)"
MCP3036000H,17016191,Montgomery County Police,Injury Crash,03/30/2017 03:19:00 PM,County,SHADY GROVE RD,CHOKE CHERRY RD,,ROCKVILLE,PEDESTRIAN,SINGLE VEHICLE,CLOUDY,DRY,DAYLIGHT,NO CONTROLS,NONE DETECTED,NONE DETECTED,67868A2C-F988-435B-AC7D-CC3375DDBB39,PEDESTRIAN,Cross/Enter at Intersection,INATTENTIVE,AT INTERSECTION BUT NO CROSSWALK,No,SUSPECTED MINOR INJURY,N/A,39.11519881,-77.18542323,"(39.11519881, -77.18542323)"
MCP2720005P,210017224,Montgomery County Police,Injury Crash,05/07/2021 09:42:00 PM,Maryland (State),VEIRS MILL RD,RANDOLPH RD,,N/A,PEDESTRIAN,SINGLE VEHICLE,CLEAR,WET,DARK LIGHTS ON,TRAFFIC SIGNAL,NONE DETECTED,ALCOHOL PRESENT,3B44BC10-B071-4C8C-BA24-4426DCC65F4E,PEDESTRIAN,Cross/Enter not at Intersection,FAILURE TO YIELD RIGHT OF WAY,ON ROADWAY NOT AT CROSSWALK,Yes,SUSPECTED MINOR INJURY,NONE,39.05667333,-77.08317333,"(39.05667333, -77.08317333)"
MCP02510014,17000280,Montgomery County Police,Injury Crash,01/02/2017 06:53:00 PM,,,,PARKING LOT OF 12001 BIRDSEYE TERR,,PEDESTRIAN,OTHER,RAINING,,DARK LIGHTS ON,NO CONTROLS,UNKNOWN,NONE DETECTED,FB6BE170-CDAF-4C61-B099-BDD8A80CD2C2,PEDESTRIAN,Walking/Riding w/Traffic,NO IMPROPER ACTIONS,ON ROADWAY NOT AT CROSSWALK,No,SUSPECTED MINOR INJURY,N/A,39.16370333,-77.24934333,"(39.16370333, -77.24934333)"
DD55950034,16052438,Rockville Police Departme,Injury Crash,10/12/2016 10:38:00 AM,,,,THE PARKING LOT OF 15215 SHADY GROVE RD,,PEDESTRIAN,SINGLE VEHICLE,CLEAR,,DAYLIGHT,N/A,NONE DETECTED,NONE DETECTED,AD8B149F-32F8-44C4-B558-304D15074DD1,PEDESTRIAN,Other,DART DASH,OTHER,Yes,SUSPECTED MINOR INJURY,N/A,39.10634954,-77.18926549,"(39.10634954, -77.18926549)"
MCP3197003F,230018793,Montgomery County Police,Injury Crash,04/19/2023 09:00:00 PM,County,BAUER DR,NORBECK RD,,N/A,PEDESTRIAN,STRAIGHT MOVEMENT ANGLE,CLEAR,DRY,DARK LIGHTS ON,TRAFFIC SIGNAL,NONE DETECTED,NONE DETECTED,DF4E2247-E6D6-49A6-A57D-2F7F8872FEAF,PEDESTRIAN,Cross/Enter at Intersection,NOT VISIBLE,AT INTERSECTION BUT NO CROSSWALK,No,POSSIBLE INJURY,LIGHTING,39.0960701,-77.1098676,"(39.0960701, -77.1098676)"
MCP23940053,230059682,Montgomery County Police,Injury Crash,10/08/2023 06:56:00 PM,Maryland (State),16TH ST,EAST WEST HWY,,N/A,MACHINE OPERATOR/RIDER,OTHER,CLEAR,DRY,DUSK,TRAFFIC SIGNAL,NONE DETECTED,NONE DETECTED,D18D97EC-49CD-477A-A156-D2BD820B3863,MACHINE OPERATOR/RIDER,Cross/Enter at Intersection,UNKNOWN,AT INTERSECTION MARKED CROSSWALK,Yes,POSSIBLE INJURY,N/A,38.99440782,-77.03630577,"(38.99440782, -77.03630577)"
MCP2671000Y,15057392,MONTGOMERY,Injury Crash,11/10/2015 05:20:00 PM,County,FOREST GLEN RD,SLIGO CREEK PKWY,,N/A,PEDESTRIAN,SINGLE VEHICLE,RAINING,WET,DARK NO LIGHTS,OTHER,NONE DETECTED,NONE DETECTED,EB715312-379F-4AAB-97C7-F2D98B2C1E55,PEDESTRIAN,Cross/Enter at Intersection,NOT VISIBLE,ON ROADWAY AT CROSSWALK,No,SUSPECTED MINOR INJURY,NONE,39.0161057,-77.0331046,"(39.0161057, -77.0331046)"
MCP14330042,220025437,Montgomery County Police,Injury Crash,06/13/2022 04:10:00 PM,Maryland (State),ROCKVILLE PIKE,ENT TO WINTERGREEN PLAZA,,N/A,OTHER CONVEYANCE,OTHER,CLEAR,DRY,DAYLIGHT,NO CONTROLS,UNKNOWN,NONE DETECTED,735441ED-39C8-404E-99FF-811DBD61A27C,OTHER CONVEYANCE,Walking/Riding against Traffic,WRONG WAY RIDING OR WALKING,ON ROADWAY AT CROSSWALK,Yes,POSSIBLE INJURY,MC/BIKE HELMET,39.0753,-77.13718167,"(39.0753, -77.13718167)"
MCP2708004Y,190027751,Montgomery County Police,Injury Crash,06/10/2019 07:30:00 PM,County,NAVAHOE DR,10TH AVE,,N/A,OTHER CONVEYANCE,STRAIGHT MOVEMENT ANGLE,CLEAR,DRY,DAYLIGHT,STOP SIGN,NONE DETECTED,NONE DETECTED,470E3037-D991-4A7D-B245-7CDE10CFC54D,OTHER CONVEYANCE,Cross/Enter at Intersection,FAILURE TO YIELD RIGHT OF WAY,ON ROADWAY NOT AT CROSSWALK,Yes,SUSPECTED MINOR INJURY,NONE,38.99378849,-76.99103481,"(38.99378849, -76.99103481)"
DD5601000V,15027969,Rockville Police Departme,Injury Crash,06/09/2015 02:39:00 PM,Maryland (State),VEIRS MILL RD,ATLANTIC AVE,,ROCKVILLE,PEDESTRIAN,N/A,CLEAR,DRY,DAYLIGHT,TRAFFIC SIGNAL,NONE DETECTED,NONE DETECTED,EAC05F33-1EBD-4FEB-BC52-57D17C2709F3,PEDESTRIAN,Cross/Enter at Intersection,NO IMPROPER ACTIONS,ON ROADWAY AT CROSSWALK,,POSSIBLE INJURY,N/A,39.07530333,-77.11579167,"(39.07530333, -77.11579167)"
MCP3075000K,170533488,Montgomery County Police,Property Damage Crash,09/27/2017 06:33:00 PM,County,BROOKEVILLE RD,ZION RD,,N/A,BICYCLIST,OTHER,CLEAR,DRY,DAYLIGHT,NO CONTROLS,NONE DETECTED,NONE DETECTED,EC89DCB0-0F08-4105-8CB6-0E80C43CD962,BICYCLIST,Walking/Riding w/Traffic,NO IMPROPER ACTIONS,OTHER,No,NO APPARENT INJURY,MC/BIKE HELMET,39.18436333,-77.10522333,"(39.18436333, -77.10522333)"
MCP2878000P,15010062,Montgomery County Police,Injury Crash,03/03/2015 06:09:00 PM,County,VALLEY PARK DR,VALLEY PARK TERR,,N/A,OTHER CONVEYANCE,OPPOSITE DIRECTION SIDESWIPE,WINTRY MIX,ICE,DARK LIGHTS ON,NO CONTROLS,NONE DETECTED,NONE DETECTED,D564D019-0E00-4037-932A-67FC57CD8A27,OTHER CONVEYANCE,Standing,NO IMPROPER ACTIONS,ON ROADWAY NOT AT CROSSWALK,,POSSIBLE INJURY,NONE,39.27826667,-77.20505,"(39.27826667, -77.20505)"
DD5540002V,230018503,Rockville Police Departme,Injury Crash,04/18/2023 03:34:00 PM,Municipality,HALPINE RD,E JEFFERSON ST,,ROCKVILLE,PEDESTRIAN,SINGLE VEHICLE,CLEAR,DRY,DAYLIGHT,TRAFFIC SIGNAL,NONE DETECTED,NONE DETECTED,6D1B7A3C-DB87-4761-A05D-9288E692E4E8,PEDESTRIAN,Cross/Enter at Intersection,NO IMPROPER ACTIONS,ON ROADWAY AT CROSSWALK,No,SUSPECTED MINOR INJURY,NONE,39.06092196,-77.12576469,"(39.06092196, -77.12576469)"
EJ7860001W,190001856,Gaithersburg Police Depar,Injury Crash,01/11/2019 09:21:00 PM,Municipality,W DEER PARK RD,SUNNYSIDE CT,,GAITHERSBURG,PEDESTRIAN,OTHER,CLEAR,DRY,DARK LIGHTS ON,NO CONTROLS,NONE DETECTED,NONE DETECTED,7C7A41AB-89DD-480F-90D5-08CA41FE8B75,PEDESTRIAN,Cross/Enter not at Intersection,FAILURE TO YIELD RIGHT OF WAY,ON ROADWAY NOT AT CROSSWALK,Yes,SUSPECTED MINOR INJURY,NONE,39.13237833,-77.20226667,"(39.13237833, -77.20226667)"
MCP2968001V,170545631,Montgomery County Police,Property Damage Crash,11/29/2017 05:38:00 PM,County,TRAVILAH RD,STONEBRIDGE VIEW DR,,N/A,PEDESTRIAN,OTHER,CLEAR,DRY,DARK LIGHTS ON,NO CONTROLS,N/A,N/A,7D75ABCF-A360-4375-953A-D9A94239E0CD,PEDESTRIAN,Cross/Enter at Intersection,N/A,AT INTERSECTION MARKED CROSSWALK,No,NO APPARENT INJURY,N/A,39.08924,-77.21421667,"(39.08924, -77.21421667)"
MCP243600CM,210021739,Montgomery County Police,Injury Crash,06/08/2021 07:30:00 AM,US (State),COLUMBIA PIKE,ENT TO BURNT MILLS SHOPPING CENTER,,N/A,PEDESTRIAN,SINGLE VEHICLE,CLEAR,DRY,DAYLIGHT,STOP SIGN,NONE DETECTED,NONE DETECTED,2284F3AD-1EEE-4DA5-A3B2-E59FF816D89A,PEDESTRIAN,Cross/Enter at Intersection,NO IMPROPER ACTIONS,AT INTERSECTION MARKED CROSSWALK,No,SUSPECTED MINOR INJURY,NONE,39.03182785,-77.00408697,"(39.03182785, -77.00408697)"
MCP24960011,200006722,Montgomery County Police,Injury Crash,02/10/2020 08:30:00 AM,County,ARCOLA AVE,OREBAUGH AVE,,N/A,PEDESTRIAN,SINGLE VEHICLE,RAINING,WET,DAYLIGHT,NO CONTROLS,NONE DETECTED,NONE DETECTED,3ED6AE77-1549-4EFE-B331-34959FC3733A,PEDESTRIAN,Cross/Enter at Intersection,NO IMPROPER ACTIONS,ON ROADWAY AT CROSSWALK,No,SUSPECTED MINOR INJURY,NONE,39.04700702,-77.03655548,"(39.04700702, -77.03655548)"
MCP1595001L,210031950,Montgomery County Police,Injury Crash,08/16/2021 06:21:00 PM,,,,PARKING LOT OF 11215 GEORGIA AVENUE,,PEDESTRIAN,OTHER,CLEAR,,DARK LIGHTS ON,NO CONTROLS,NONE DETECTED,NONE DETECTED,450DD2ED-B1B0-4E38-965F-252A6F424E97,PEDESTRIAN,Other,NO IMPROPER ACTIONS,OTHER,No,POSSIBLE INJURY,NONE,39.03912235,-77.05016286,"(39.03912235, -77.05016286)"
MCP1438002S,16033074,Montgomery County Police,Injury Crash,06/30/2016 10:49:00 AM,County,EPSILON DR,EPSILON PL,,N/A,PEDESTRIAN,SAME DIR REAR END,CLEAR,DRY,DAYLIGHT,NO CONTROLS,NONE DETECTED,NONE DETECTED,F4D27521-A7FE-4B9B-B197-A1ECA33DE342,PEDESTRIAN,Standing,NO IMPROPER ACTIONS,OTHER,No,NO APPARENT INJURY,N/A,39.13841333,-77.16330667,"(39.13841333, -77.16330667)"
MCP158000D4,200038226,Montgomery County Police,Injury Crash,09/29/2020 07:24:00 AM,County,MUDDY BRANCH RD,HARMONY HALL RD,,N/A,BICYCLIST,SINGLE VEHICLE,CLOUDY,DRY,DAYLIGHT,NO CONTROLS,NONE DETECTED,NONE DETECTED,D4C93812-2834-4666-B46C-9AFBD80AD857,BICYCLIST,Cross/Enter at Intersection,FAILURE TO OBEY TRAFFIC SIGNS SIGNALS OR OFFICER,ON ROADWAY AT CROSSWALK,Yes,SUSPECTED MINOR INJURY,NONE,39.136965,-77.20557167,"(39.136965, -77.20557167)"
MCP27820045,220042566,Montgomery County Police,Injury Crash,09/29/2022 07:37:00 PM,Maryland (State),GEORGIA AVE,ENT TO BUSINESS,,N/A,PEDESTRIAN,STRAIGHT MOVEMENT ANGLE,CLEAR,DRY,DUSK,NO CONTROLS,UNKNOWN,NONE DETECTED,58152B8D-2981-4CA7-8C88-423113E01517,PEDESTRIAN,Walking/Cycling on Sidewalk,NO IMPROPER ACTIONS,SIDEWALK,No,POSSIBLE INJURY,NONE,39.07896602,-77.07249499,"(39.07896602, -77.07249499)"
MCP3009000J,16055977,Montgomery County Police,Injury Crash,10/30/2016 09:43:00 PM,County,CRYSTAL ROCK DR,MIDDLEBROOK RD,,N/A,PEDESTRIAN,OTHER,N/A,N/A,DARK LIGHTS ON,TRAFFIC SIGNAL,N/A,N/A,166A9734-D63B-4F19-B9D1-27114B56E818,PEDESTRIAN,Cross/Enter at Intersection,N/A,AT INTERSECTION MARKED CROSSWALK,No,POSSIBLE INJURY,NONE,39.1769618,-77.26419166,"(39.1769618, -77.26419166)"
MCP1433005C,230052076,Montgomery County Police,Injury Crash,08/29/2023 07:15:00 PM,Maryland (State),ROCKVILLE PIKE,ENT TO FEDERAL PLAZA S.C.,,N/A,PEDESTRIAN,OTHER,CLEAR,DRY,DAYLIGHT,TRAFFIC SIGNAL,UNKNOWN,NONE DETECTED,42E321BD-50FE-4ADE-B071-01E4F22BCBEB,PEDESTRIAN,Cross/Enter at Intersection,NO IMPROPER ACTIONS,ON ROADWAY AT CROSSWALK,No,POSSIBLE INJURY,NONE,39.05738374,-77.1204141,"(39.05738374, -77.1204141)"
MCP2931004T,200050544,Montgomery County Police,Injury Crash,12/23/2020 05:59:00 PM,Municipality,CONGRESSIONAL LA,E JEFFERSON ST,,ROCKVILLE,BICYCLIST,STRAIGHT MOVEMENT ANGLE,N/A,N/A,DARK LIGHTS ON,STOP SIGN,NONE DETECTED,NONE DETECTED,4F4216BC-B3B1-4B2D-9C01-8E90FED21E41,BICYCLIST,Cross/Enter at Intersection,NO IMPROPER ACTIONS,SIDEWALK,No,POSSIBLE INJURY,NONE,39.06280667,-77.12824333,"(39.06280667, -77.12824333)"
MCP2917009F,220021066,Montgomery County Police,Injury Crash,05/17/2022 08:11:00 PM,County,PARKLAND DR,ASPEN HILL RD,,N/A,BICYCLIST,SAME DIRECTION SIDESWIPE,CLEAR,DRY,DUSK,TRAFFIC SIGNAL,N/A,NONE DETECTED,6ECEC3ED-EC73-4793-9CFB-EE4483096DAF,BICYCLIST,Walking/Riding w/Traffic,NO IMPROPER ACTIONS,SHOULDER,No,SUSPECTED MINOR INJURY,MC/BIKE HELMET,39.0790152,-77.08716104,"(39.0790152, -77.08716104)"
MCP21160056,16055105,Montgomery County Police,Injury Crash,10/26/2016 01:50:00 PM,County,FISHERS LA,TWINBROOK PKWY,,N/A,PEDESTRIAN,STRAIGHT MOVEMENT ANGLE,CLEAR,DRY,DAYLIGHT,TRAFFIC SIGNAL,NONE DETECTED,NONE DETECTED,B85E713F-0E7A-4445-BC37-14472734D0C2,PEDESTRIAN,Cross/Enter at Intersection,FAILURE TO OBEY TRAFFIC SIGNS SIGNALS OR OFFICER,AT INTERSECTION MARKED CROSSWALK,Yes,POSSIBLE INJURY,NONE,39.062751,-77.116451,"(39.062751, -77.116451)"
MCP2917007R,210018952,Montgomery County Police,Injury Crash,05/19/2021 07:12:00 PM,County,GRENOBLE DR,PARKLAND DR,,N/A,PEDESTRIAN,OTHER,CLEAR,DRY,DAYLIGHT,NO CONTROLS,NONE DETECTED,NONE DETECTED,7F20F036-A0AF-4DFE-9D2C-699AE4E3156A,PEDESTRIAN,Playing,DART DASH,ON ROADWAY NOT AT CROSSWALK,Yes,SUSPECTED MINOR INJURY,N/A,39.0783657,-77.08604655,"(39.0783657, -77.08604655)"
DM83700009,16017058,Takoma Park Police Depart,Injury Crash,04/07/2016 09:47:00 AM,,,,SCHOOL PARKING LOT,,PEDESTRIAN,OTHER,RAINING,,DARK LIGHTS ON,NO CONTROLS,,NONE DETECTED,66DB8A63-A1C6-4394-B2B3-11ED61E99D6B,PEDESTRIAN,Other,DART DASH,N/A,Unknown,SUSPECTED MINOR INJURY,N/A,38.98521833,-77.01335667,"(38.98521833, -77.01335667)"
MCP209400C6,180047714,Montgomery County Police,Injury Crash,09/24/2018 01:59:00 PM,County,WOODMONT AVE,FAIRMONT AVE,,N/A,PEDESTRIAN,OTHER,RAINING,WET,N/A,NO CONTROLS,NONE DETECTED,NONE DETECTED,E0EA97A7-E58F-4E1D-ADEE-4DC5F8389517,PEDESTRIAN,Standing,IN ROADWAY IMPROPERLY,ON ROADWAY NOT AT CROSSWALK,Yes,POSSIBLE INJURY,NONE,38.98929,-77.09625,"(38.98929, -77.09625)"
DD5649002C,220034478,Rockville Police Departme,Injury Crash,08/11/2022 08:30:00 AM,Municipality,BROADWOOD DR,FLETCHER PL,,ROCKVILLE,PEDESTRIAN,OTHER,RAINING,WET,DAYLIGHT,NO CONTROLS,N/A,N/A,BE09C1B3-EEDE-474B-8842-E8E5A26CEDF1,PEDESTRIAN,Walking/Riding against Traffic,IN ROADWAY IMPROPERLY,ON ROADWAY NOT AT CROSSWALK,Yes,SUSPECTED MINOR INJURY,NONE,39.0831111,-77.1303848,"(39.0831111, -77.1303848)"
MCP2723000L,15024783,Montgomery County Police,Injury Crash,05/23/2015 09:34:00 AM,County,OLD BALTIMORE RD,CARTER MILL WAY,,N/A,BICYCLIST,STRAIGHT MOVEMENT ANGLE,CLEAR,DRY,DAYLIGHT,STOP SIGN,NONE DETECTED,NONE DETECTED,79096F93-A6B0-4BAF-9BC9-48E4A4D8AF10,BICYCLIST,Cross/Enter at Intersection,UNKNOWN,SHOULDER,,POSSIBLE INJURY,MC/BIKE HELMET,39.17075167,-77.05024,"(39.17075167, -77.05024)"
MCP29710044,180046537,Montgomery County Police,Injury Crash,09/17/2018 03:30:00 PM,,SNOWDEN FARM PARKWAY,NEWCUT ROAD,,N/A,PEDESTRIAN,OTHER,RAINING,WET,DAYLIGHT,FLASHING TRAFFIC SIGNAL,NONE DETECTED,NONE DETECTED,112BF015-CAFB-4308-8544-489401E51195,PEDESTRIAN,Cross/Enter at Intersection,NO IMPROPER ACTIONS,ON ROADWAY AT CROSSWALK,No,POSSIBLE INJURY,NONE,39.22835497,-77.2502234,"(39.22835497, -77.2502234)"
MCP3245004S,230069381,Montgomery County Police,Injury Crash,12/01/2023 07:25:00 PM,Maryland (State),FREDERICK RD,DALAMAR ST,,GAITHERSBURG,PEDESTRIAN,OTHER,RAINING,WET,DARK LIGHTS ON,TRAFFIC SIGNAL,NONE DETECTED,NONE DETECTED,1148C805-13E0-452B-9EB7-4B70BA57C9FB,PEDESTRIAN,Cross/Enter not at Intersection,IN ROADWAY IMPROPERLY,ON ROADWAY NOT AT CROSSWALK,Yes,POSSIBLE INJURY,NONE,39.1465181,-77.20470847,"(39.1465181, -77.20470847)"
MCP31090044,200009869,Montgomery County Police,Injury Crash,02/28/2020 07:15:00 AM,County,BLAIR RD,JUNIPER ST,,N/A,BICYCLIST,SAME DIRECTION SIDESWIPE,CLEAR,DRY,DAWN,NO CONTROLS,UNKNOWN,NONE DETECTED,4315D9D7-5094-469B-9FBC-CAF50B8486A3,BICYCLIST,Walking/Riding w/Traffic,NO IMPROPER ACTIONS,ON ROADWAY NOT AT CROSSWALK,No,SUSPECTED MINOR INJURY,MC/BIKE HELMET,38.98270633,-77.02251933,"(38.98270633, -77.02251933)"
MCP13340047,16049320,Montgomery County Police,Injury Crash,09/25/2016 12:15:00 PM,County,COMUS RD,BARLEY FIELD LA,,N/A,BICYCLIST,SINGLE VEHICLE,CLEAR,DRY,DAYLIGHT,N/A,NONE DETECTED,NONE DETECTED,8BF408F5-B4E2-46FB-A60B-B2144442D8C6,BICYCLIST,Walking/Riding w/Traffic,NO IMPROPER ACTIONS,ON ROADWAY NOT AT CROSSWALK,No,POSSIBLE INJURY,MC/BIKE HELMET,39.25044232,-77.37083763,"(39.25044232, -77.37083763)"
MCP3123004Z,230009955,Montgomery County Police,Injury Crash,02/28/2023 11:25:00 AM,,,,"PARKING LOT OF MARSHALLS 12051 ROCKVILLE PIKE ROCKVILLE, MD",,PEDESTRIAN,SINGLE VEHICLE,CLOUDY,,DAYLIGHT,STOP SIGN,N/A,N/A,399762C0-6FC9-44AB-9C2C-59AA57C61FA0,PEDESTRIAN,Cross/Enter at Intersection,NO IMPROPER ACTIONS,AT INTERSECTION MARKED CROSSWALK,No,POSSIBLE INJURY,N/A,39.05585868,-77.11690217,"(39.05585868, -77.11690217)"
DD5630002D,190055176,Rockville Police Departme,Property Damage Crash,11/15/2019 06:40:00 PM,Municipality,TEMPLETON PL,ROCKVILLE PIKE,,N/A,PEDESTRIAN,OTHER,CLEAR,DRY,DARK LIGHTS ON,TRAFFIC SIGNAL,NONE DETECTED,NONE DETECTED,01AEE9D0-64F7-4B93-8AA2-EFFB706991E2,PEDESTRIAN,Cross/Enter at Intersection,NO IMPROPER ACTIONS,ON ROADWAY AT CROSSWALK,No,NO APPARENT INJURY,NONE,39.06675,-77.12824,"(39.06675, -77.12824)"
MCP2895002B,220026615,Montgomery County Police,Injury Crash,06/20/2022 07:30:00 PM,County,MIDDLEBROOK RD,RIDGECREST DR,,N/A,BICYCLIST,OTHER,N/A,DRY,DAYLIGHT,STOP SIGN,NONE DETECTED,NONE DETECTED,46288F10-D0F2-4D72-9703-7C4073441B6E,BICYCLIST,Cross/Enter at Intersection,NO IMPROPER ACTIONS,ON ROADWAY NOT AT CROSSWALK,No,POSSIBLE INJURY,NONE,39.17487664,-77.25918558,"(39.17487664, -77.25918558)"
MCP271700K4,180041691,Montgomery County Police,Injury Crash,08/21/2018 09:40:00 PM,County,SOUTHAMPTON DR,BEACON RD,,N/A,PEDESTRIAN,OTHER,CLEAR,WET,DARK LIGHTS ON,NO CONTROLS,UNKNOWN,NONE DETECTED,2D1AC938-0AD1-4A2D-A06C-21E120626FB5,PEDESTRIAN,Cross/Enter not at Intersection,IN ROADWAY IMPROPERLY,ON ROADWAY NOT AT CROSSWALK,No,SUSPECTED MINOR INJURY,NONE,39.00533483,-76.98210633,"(39.00533483, -76.98210633)"
DD56620002,230007543,Rockville Police Departme,Injury Crash,02/14/2023 04:34:00 PM,Municipality,WOOTTON PKWY,GREENPLACE TERR,,ROCKVILLE,PEDESTRIAN,OTHER,CLEAR,DRY,DAYLIGHT,PERSON,NONE DETECTED,NONE DETECTED,F4AD7B8D-DA6A-4B71-BE27-37DAA622FEC5,PEDESTRIAN,Cross/Enter not at Intersection,DART DASH,ON ROADWAY NOT AT CROSSWALK,Yes,SUSPECTED MINOR INJURY,NONE,39.0837375,-77.15342333,"(39.0837375, -77.15342333)"
MCP3132000H,180051293,Montgomery County Police,Injury Crash,10/13/2018 02:18:00 PM,County,FRANKLIN ST,EDGEFIELD RD,,N/A,BICYCLIST,OTHER,CLEAR,DRY,DAYLIGHT,NO CONTROLS,N/A,N/A,C17D2FB4-4F86-4DD8-A3DE-D512293ACC72,BICYCLIST,Cross/Enter at Intersection,NO IMPROPER ACTIONS,ON ROADWAY AT CROSSWALK,No,SUSPECTED MINOR INJURY,NONE,39.01996167,-77.09558667,"(39.01996167, -77.09558667)"
MCP2039005P,190046658,Montgomery County Police,Injury Crash,09/29/2019 10:45:00 AM,Maryland (State),CONNECTICUT AVE,ASPEN HILL RD,,N/A,BICYCLIST,HEAD ON LEFT TURN,CLEAR,DRY,DAYLIGHT,TRAFFIC SIGNAL,N/A,N/A,3BC7DC7E-F6FB-4AB2-99DE-2EB1B9C35E57,BICYCLIST,Other,UNKNOWN,ON ROADWAY NOT AT CROSSWALK,Unknown,SUSPECTED MINOR INJURY,N/A,39.08048,-77.08027833,"(39.08048, -77.08027833)"
MCP2892001N,16029031,Montgomery County Police,Injury Crash,06/09/2016 04:43:00 PM,,,,"PARKING LOT OF ST. JOHN THE EVANGELIST CATHOLIC CHURCH


10201 GEORGIA AVENUE",,PEDESTRIAN,OTHER,N/A,,DAYLIGHT,NO CONTROLS,NONE DETECTED,NONE DETECTED,FC5571ED-38EE-4671-B3BE-E26CF66C860F,PEDESTRIAN,Walking/Riding against Traffic,NO IMPROPER ACTIONS,SIDEWALK,No,POSSIBLE INJURY,NONE,39.02362833,-77.0453,"(39.02362833, -77.0453)"
EJ7875003N,230049988,Gaithersburg Police Depar,Injury Crash,08/17/2023 07:20:00 PM,,,,PARKING LOT OF 394 W DEER PARK ROAD,,PEDESTRIAN,OTHER,CLEAR,,DAYLIGHT,N/A,UNKNOWN,N/A,90414F24-61BC-4774-81F3-B76720EAE0C9,PEDESTRIAN,Other,OTHER,OTHER,No,POSSIBLE INJURY,OTHER,39.12925274,-77.20170906,"(39.12925274, -77.20170906)"
MCP2107000R,16032330,Montgomery County Police,Injury Crash,06/26/2016 09:12:00 AM,County,CLOPPER RD,WHITE GROUNDS RD,,N/A,BICYCLIST,STRAIGHT MOVEMENT ANGLE,CLEAR,N/A,DAYLIGHT,N/A,NONE DETECTED,NONE DETECTED,0A53504A-BEA4-4924-ADC4-E285D1A4A901,BICYCLIST,Walking/Riding w/Traffic,IN ROADWAY IMPROPERLY,OTHER,Yes,SUSPECTED SERIOUS INJURY,MC/BIKE HELMET,39.183985,-77.31440167,"(39.183985, -77.31440167)"