Report Number,Local Case Number,Agency Name,ACRS Report Type,Crash Date/Time,Route Type,Road Name,Cross-Street Name,Off-Road Description,Municipality,Related Non-Motorist,Collision Type,Weather,Surface Condition,Light,Traffic Control,Driver Substance Abuse,Non-Motorist Substance Abuse,Person ID,Pedestrian Type,Pedestrian Movement,Pedestrian Actions,Pedestrian Location,At Fault,Injury Severity,Safety Equipment,Latitude,Longitude,Location
MCP25830033,230024245,Montgomery County Police,Injury Crash,05/20/2023 04:58:00 PM,County,TUCKERMAN LA,LONG PINE TRAIL,,N/A,BICYCLIST,SAME DIRECTION LEFT TURN,CLEAR,DRY,DAYLIGHT,N/A,NONE DETECTED,NONE DETECTED,D5A7123E-E5BA-4C1C-BAD0-5907FC34EC87,BICYCLIST,Cross/Enter at Intersection,FAILURE TO YIELD RIGHT OF WAY,OUTSIDE RIGHT OF WAY,Yes,SUSPECTED MINOR INJURY,NONE,39.04135972,-77.17615146,"(39.04135972, -77.17615146)"
MCP2612000T,15016657,Montgomery County Police,Injury Crash,04/10/2015 06:01:00 PM,,,,Parking lot of 13701 Georgia Ave,,PEDESTRIAN,OTHER,CLOUDY,,DAYLIGHT,NO CONTROLS,NONE DETECTED,NONE DETECTED,7E4FBCCA-9BA0-4E57-8896-4438B59B6C07,PEDESTRIAN,Push/Work on Vehicle,NO IMPROPER ACTIONS,OTHER,,SUSPECTED MINOR INJURY,N/A,39.080295,-77.07336,"(39.080295, -77.07336)"
MCP285900B3,210026650,Montgomery County Police,Injury Crash,07/11/2021 12:50:00 PM,Maryland (State),S FREDERICK RD,N WESTLAND DR,,N/A,BICYCLIST,STRAIGHT MOVEMENT ANGLE,CLEAR,DRY,DAYLIGHT,TRAFFIC SIGNAL,N/A,NONE DETECTED,7247BB92-0494-41A3-91B0-1FF41D9AAACB,BICYCLIST,Cross/Enter at Intersection,NO IMPROPER ACTIONS,AT INTERSECTION MARKED CROSSWALK,No,POSSIBLE INJURY,MC/BIKE HELMET,39.12567667,-77.18317833,"(39.12567667, -77.18317833)"
MCP271700B3,17012468,Montgomery County Police,Injury Crash,03/09/2017 04:45:00 PM,Maryland (State),NEW HAMPSHIRE AVE,OAKVIEW DR,,N/A,PEDESTRIAN,OTHER,CLEAR,DRY,DAYLIGHT,TRAFFIC SIGNAL,NONE DETECTED,NONE DETECTED,67F9F0CC-84BB-41EE-9107-BE7E0C868D91,PEDESTRIAN,Cross/Enter at Intersection,NO IMPROPER ACTIONS,ON ROADWAY AT CROSSWALK,No,SUSPECTED MINOR INJURY,NONE,39.01515533,-76.9780485,"(39.01515533, -76.9780485)"
MCP2879000W,15048521,MONTGOMERY,Injury Crash,09/24/2015 07:01:00 PM,County,DUFIEF MILL RD,AMBERLEA FARM DR,,N/A,PEDESTRIAN,OTHER,CLEAR,UNKNOWN,DAYLIGHT,NO CONTROLS,UNKNOWN,NONE DETECTED,F6059E58-0E62-4823-A1E4-05C09873F343,PEDESTRIAN,Walking to/from school,UNKNOWN,UNKNOWN,No,POSSIBLE INJURY,NONE,39.08924309,-77.23572135,"(39.08924309, -77.23572135)"
MCP31690016,190032641,Montgomery County Police,Injury Crash,07/09/2019 07:24:00 PM,County,DILSTON RD,AVENEL RD,,N/A,BICYCLIST,OTHER,CLEAR,DRY,DAYLIGHT,NO CONTROLS,NONE DETECTED,N/A,18C88018-8D95-4C5E-9ADE-221E38B2D503,BICYCLIST,Cross/Enter not at Intersection,DART DASH,ON ROADWAY NOT AT CROSSWALK,Yes,SUSPECTED SERIOUS INJURY,NONE,39.01231692,-76.98125379,"(39.01231692, -76.98125379)"
MCP2191002D,180039753,Montgomery County Police,Injury Crash,08/10/2018 12:13:00 PM,,,,PARKING LOT OF 11919 ROCKVILLE PIKE,,OTHER,SINGLE VEHICLE,UNKNOWN,,DAYLIGHT,N/A,NONE DETECTED,NONE DETECTED,741FC81D-5CF9-4AD7-9704-263E0D91F3A4,OTHER,N/A,N/A,INSIDE BUILDING,No,POSSIBLE INJURY,N/A,39.05156233,-77.11470283,"(39.05156233, -77.11470283)"
MCP29820030,190045820,Montgomery County Police,Injury Crash,09/24/2019 05:40:00 PM,County,FRANKLIN AVE,EVERGREEN ST,,N/A,PEDESTRIAN,OTHER,CLEAR,DRY,DAYLIGHT,NO CONTROLS,NONE DETECTED,NONE DETECTED,7B6CD99E-C69A-4735-BD73-748972275F9E,PEDESTRIAN,Cross/Enter not at Intersection,DART DASH,OTHER,Yes,SUSPECTED MINOR INJURY,N/A,39.01076333,-77.00657667,"(39.01076333, -77.00657667)"
MCP1534000H,220004555,Montgomery County Police,Injury Crash,02/02/2022 02:50:00 PM,Maryland (State),FREDERICK RD,FOREMAN BLVD,,N/A,PEDESTRIAN,OTHER,CLEAR,DRY,DAYLIGHT,TRAFFIC SIGNAL,NONE DETECTED,N/A,010AA54B-4F37-4F9C-AAE1-F3728B1DC091,PEDESTRIAN,Cross/Enter at Intersection,N/A,ON ROADWAY AT CROSSWALK,No,POSSIBLE INJURY,N/A,39.22804167,-77.266165,"(39.22804167, -77.266165)"
MCP2850000N,15013487,Montgomery County Police,Fatal Crash,03/24/2015 06:34:00 AM,Maryland (State),UNIVERSITY BLVD W,ARCOLA AVE,,N/A,PEDESTRIAN,SINGLE VEHICLE,N/A,DRY,DAWN,NO CONTROLS,N/A,N/A,AD184A4F-9DC8-4388-8058-95C2E654FD94,PEDESTRIAN,Cross/Enter not at Intersection,UNKNOWN,ON ROADWAY NOT AT CROSSWALK,,FATAL INJURY,N/A,39.03588833,-77.02837,"(39.03588833, -77.02837)"
MCP14170079,170505844,Montgomery County Police,Injury Crash,05/04/2017 10:54:00 AM,,,,PARKING LOT OF 417 N. FREDERICK ROAD,,PEDESTRIAN,SINGLE VEHICLE,N/A,,DAYLIGHT,NO CONTROLS,NONE DETECTED,NONE DETECTED,F3528174-F13B-46F2-8497-784D338894D4,PEDESTRIAN,Walking/Cycling on Sidewalk,NO IMPROPER ACTIONS,SIDEWALK,No,SUSPECTED MINOR INJURY,NONE,39.1466118,-77.20472306,"(39.1466118, -77.20472306)"
MCP3178000V,190028761,Montgomery County Police,Property Damage Crash,06/16/2019 12:57:00 PM,Maryland (State),NEW HAMPSHIRE AVE,NOTLEY RD,,N/A,PEDESTRIAN,SINGLE VEHICLE,CLEAR,DRY,DAYLIGHT,STOP SIGN,NONE DETECTED,NONE DETECTED,94428342-AB7D-4F43-BCCF-73D7644810CA,PEDESTRIAN,Cross/Enter at Intersection,UNKNOWN,ON ROADWAY NOT AT CROSSWALK,No,NO APPARENT INJURY,N/A,39.08078667,-77.001345,"(39.08078667, -77.001345)"
MCP3014002L,200017515,Montgomery County Police,Injury Crash,04/28/2020 10:56:00 PM,Maryland (State),VEIRS MILL RD,RANDOLPH RD,,N/A,PEDESTRIAN,OTHER,CLOUDY,WET,DARK LIGHTS ON,TRAFFIC SIGNAL,NONE DETECTED,ALCOHOL CONTRIBUTED,405F4FDB-A1B6-48F2-ADA7-92D7DB12A440,PEDESTRIAN,Cross/Enter at Intersection,IN ROADWAY IMPROPERLY,ON ROADWAY NOT AT CROSSWALK,Yes,SUSPECTED SERIOUS INJURY,NONE,39.05617808,-77.08262992,"(39.05617808, -77.08262992)"
MCP1433002P,190048012,Montgomery County Police,Injury Crash,10/06/2019 07:30:00 PM,,,,ENTRANCE TO FEDERAL PLAZA SHOPPING CENTER,,PEDESTRIAN,OTHER,CLOUDY,,DARK LIGHTS ON,TRAFFIC SIGNAL,NONE DETECTED,NONE DETECTED,B3B59870-6E5C-4F19-931F-C313B7AFE458,PEDESTRIAN,Cross/Enter at Intersection,NO IMPROPER ACTIONS,ON ROADWAY AT CROSSWALK,No,POSSIBLE INJURY,NONE,39.05744564,-77.12036467,"(39.05744564, -77.12036467)"
MCP32570057,220031653,Montgomery County Police,Injury Crash,07/22/2022 11:00:00 PM,Maryland (State),ROCKVILLE PIKE,NICHOLSON LA,,N/A,PEDESTRIAN,SINGLE VEHICLE,CLEAR,DRY,DARK LIGHTS ON,NO CONTROLS,UNKNOWN,NONE DETECTED,7851EA99-B623-43E6-AE18-7FCC52EC8334,PEDESTRIAN,Standing,NOT VISIBLE,CURB,No,POSSIBLE INJURY,NONE,39.04869651,-77.09443398,"(39.04869651, -77.09443398)"
MCP291400D3,220050760,Montgomery County Police,Injury Crash,11/16/2022 08:30:00 PM,Maryland (State),GEORGIA AVE,SHOREFIELD RD,,N/A,PEDESTRIAN,OTHER,CLEAR,DRY,DARK LIGHTS ON,NO CONTROLS,N/A,N/A,BBCF0334-4982-4334-BA69-FB7DA87F5B15,PEDESTRIAN,Walking/Cycling on Sidewalk,N/A,SIDEWALK,No,SUSPECTED MINOR INJURY,REFLECTIVE CLOTHING,39.05268545,-77.0509063,"(39.05268545, -77.0509063)"
MCP2522001K,220020960,Montgomery County Police,Property Damage Crash,05/17/2022 09:48:00 AM,County,MACARTHUR BLVD,SANGAMORE RD,,N/A,BICYCLIST,HEAD ON LEFT TURN,CLEAR,DRY,DAYLIGHT,TRAFFIC SIGNAL,NONE DETECTED,NONE DETECTED,D7B66FCB-AE02-4CDD-9A7F-B88834A1BFF5,BICYCLIST,Cross/Enter at Intersection,NO IMPROPER ACTIONS,ON ROADWAY NOT AT CROSSWALK,No,NO APPARENT INJURY,MC/BIKE HELMET,38.9444045,-77.11671933,"(38.9444045, -77.11671933)"
MCP2867002L,16039800,Montgomery County Police,Injury Crash,08/06/2016 08:17:00 AM,US (State),COLESVILLE RD,UNIVERSITY BLVD E,,N/A,BICYCLIST,OTHER,CLEAR,DRY,DAYLIGHT,N/A,NONE DETECTED,NONE DETECTED,0088FE1A-AD33-4D5F-973F-60D132A9E711,BICYCLIST,Walking/Cycling on Sidewalk,N/A,SIDEWALK,Yes,SUSPECTED MINOR INJURY,NONE,39.02016624,-77.0127064,"(39.02016624, -77.0127064)"
MCP229800VL,210005324,Montgomery County Police,Injury Crash,02/10/2021 03:16:00 PM,County,FATHER HURLEY BLVD,WISTERIA DR,,N/A,BICYCLIST,STRAIGHT MOVEMENT ANGLE,CLOUDY,DRY,DAYLIGHT,TRAFFIC SIGNAL,NONE DETECTED,NONE DETECTED,570B7068-FF0E-4EE6-985D-1EE7E50C5424,BICYCLIST,Walking/Riding against Traffic,IN ROADWAY IMPROPERLY,AT INTERSECTION MARKED CROSSWALK,Yes,POSSIBLE INJURY,NONE,39.18147606,-77.27625213,"(39.18147606, -77.27625213)"
EJ78650053,190060645,Gaithersburg Police Depar,Injury Crash,12/16/2019 06:45:00 PM,,,,PL OF 307 COPLEY PLACE,,PEDESTRIAN,SINGLE VEHICLE,RAINING,,DARK LIGHTS ON,NO CONTROLS,NONE DETECTED,NONE DETECTED,8634620B-47BB-4086-B405-628157BFE199,PEDESTRIAN,Cross/Enter at Intersection,NO IMPROPER ACTIONS,AT INTERSECTION MARKED CROSSWALK,No,SUSPECTED MINOR INJURY,N/A,39.11551,-77.208105,"(39.11551, -77.208105)"
MCP2425008G,17001565,Montgomery County Police,Injury Crash,01/10/2017 07:50:00 AM,,,,PARKING LOT OF 2 UNIVERSITY BLVD W,,PEDESTRIAN,OTHER,CLEAR,,DAYLIGHT,NO CONTROLS,N/A,NONE DETECTED,82E60120-8F5A-4564-87AC-8D94951B2E64,PEDESTRIAN,Walking/Cycling on Sidewalk,UNKNOWN,SIDEWALK,Unknown,SUSPECTED MINOR INJURY,NONE,39.02050333,-77.01314667,"(39.02050333, -77.01314667)"
MCP2848008V,190057926,Montgomery County Police,Injury Crash,12/02/2019 07:04:00 AM,County,CEDAR LA,ELMHIRST PKWY,,N/A,BICYCLIST,OTHER,CLOUDY,DRY,DAWN,TRAFFIC SIGNAL,NONE DETECTED,NONE DETECTED,BAD7BCCF-7461-436A-80BC-A7C87D092B6D,BICYCLIST,Cross/Enter at Intersection,NO IMPROPER ACTIONS,ON ROADWAY AT CROSSWALK,No,SUSPECTED MINOR INJURY,MC/BIKE HELMET,39.00710667,-77.09415833,"(39.00710667, -77.09415833)"
MCP3016002S,200038469,Montgomery County Police,Injury Crash,09/30/2020 02:13:00 PM,County,WISTERIA DR,CIRCLE GATE DR,,N/A,BICYCLIST,OTHER,CLEAR,DRY,DAYLIGHT,STOP SIGN,N/A,N/A,28AA1CF9-8186-424F-BC53-64F04F954BC5,BICYCLIST,Playing,INATTENTIVE,OTHER,Unknown,POSSIBLE INJURY,NONE,39.17311009,-77.26558872,"(39.17311009, -77.26558872)"
MCP26410016,190010359,Montgomery County Police,Injury Crash,03/05/2019 10:05:00 PM,County,MIDDLEBROOK RD,FREDERICK RD,,N/A,PEDESTRIAN,SINGLE VEHICLE,CLEAR,DRY,DARK LIGHTS ON,TRAFFIC SIGNAL,NONE DETECTED,ALCOHOL PRESENT,283090F4-2584-4112-B254-C207FB5CAA01,PEDESTRIAN,Cross/Enter at Intersection,INATTENTIVE,UNKNOWN,Unknown,POSSIBLE INJURY,N/A,39.18082667,-77.23877667,"(39.18082667, -77.23877667)"
MCP2986002D,180007293,Montgomery County Police,Injury Crash,02/12/2018 04:56:00 AM,Maryland (State),16TH ST,SECOND AVE,,N/A,PEDESTRIAN,SINGLE VEHICLE,CLEAR,DRY,DARK LIGHTS ON,TRAFFIC SIGNAL,NONE DETECTED,NONE DETECTED,005E5857-5951-4599-AC12-AE7C78D18820,PEDESTRIAN,Cross/Enter at Intersection,NO IMPROPER ACTIONS,AT INTERSECTION MARKED CROSSWALK,No,SUSPECTED MINOR INJURY,NONE,39.00330167,-77.040185,"(39.00330167, -77.040185)"
DM84780014,210043560,Takoma Park Police Depart,Property Damage Crash,10/28/2021 04:44:00 PM,Municipality,MAPLE AVE,LEE AVE,,TAKOMA PARK,BICYCLIST,OTHER,N/A,DRY,DAYLIGHT,NO CONTROLS,UNKNOWN,NONE DETECTED,E3D9461D-2423-410F-90F3-026F0D754FC5,BICYCLIST,Walking/Riding w/Traffic,NO IMPROPER ACTIONS,ON ROADWAY AT CROSSWALK,No,NO APPARENT INJURY,NONE,38.98144667,-77.010315,"(38.98144667, -77.010315)"
MCP1022009G,180036958,Montgomery County Police,Injury Crash,07/26/2018 07:32:00 AM,,,,"DRIVEWAY OF 26601 MULLINIX MILL RD MT AIRY, MD 21771",,PEDESTRIAN,SINGLE VEHICLE,CLEAR,,DAYLIGHT,NO CONTROLS,NONE DETECTED,NONE DETECTED,FF49B7C2-FF41-4ED2-8043-6EE5470011AF,PEDESTRIAN,Other,DART DASH,OTHER,Yes,SUSPECTED SERIOUS INJURY,N/A,39.293005,-77.15005667,"(39.293005, -77.15005667)"
MCP32400012,200029768,Montgomery County Police,Injury Crash,07/31/2020 09:00:00 PM,County,PINNACLE DR,CENTURY BLVD,,N/A,PEDESTRIAN,OTHER,CLEAR,WET,DARK LIGHTS ON,NO CONTROLS,UNKNOWN,N/A,28801FCD-C06E-49BE-82EA-E988639DE11C,PEDESTRIAN,Standing,ENTERING EXITING PARKED STANDING VEHICLE,ON ROADWAY NOT AT CROSSWALK,No,SUSPECTED MINOR INJURY,N/A,39.18319358,-77.26644101,"(39.18319358, -77.26644101)"
EJ7777000K,16031565,Gaithersburg Police Depar,Property Damage Crash,06/22/2016 01:56:00 PM,Municipality,RUSSELL AVE,MONTGOMERY VILLAGE AVE,,N/A,BICYCLIST,STRAIGHT MOVEMENT ANGLE,CLEAR,DRY,DAYLIGHT,TRAFFIC SIGNAL,NONE DETECTED,UNKNOWN,19215AB0-1765-4A91-ADB7-81B8954EA091,BICYCLIST,Cross/Enter at Intersection,FAILURE TO OBEY TRAFFIC SIGNS SIGNALS OR OFFICER,ON ROADWAY AT CROSSWALK,Yes,NO APPARENT INJURY,UNKNOWN,39.15436833,-77.20923833,"(39.15436833, -77.20923833)"
MCP2717008P,16061535,Montgomery County Police,Injury Crash,11/30/2016 07:00:00 PM,,,,6101 WILSON LANE (LANDON SCHOOL),,PEDESTRIAN,OTHER,RAINING,,DARK LIGHTS ON,NO CONTROLS,NONE DETECTED,NONE DETECTED,F6B0BC83-A055-4819-9677-4DB2B918D84F,PEDESTRIAN,Cross/Enter not at Intersection,DART DASH,ON ROADWAY NOT AT CROSSWALK,Yes,SUSPECTED MINOR INJURY,NONE,38.99070667,-77.12529333,"(38.99070667, -77.12529333)"
MCP3038006F,230053188,Montgomery County Police,Injury Crash,09/04/2023 09:00:00 PM,Maryland (State),COLESVILLE RD,EAST WEST HWY,,N/A,PEDESTRIAN,OTHER,CLEAR,DRY,DARK LIGHTS ON,TRAFFIC SIGNAL,UNKNOWN,NONE DETECTED,885CE063-3828-42CC-AF75-48D06342C127,PEDESTRIAN,Cross/Enter at Intersection,NO IMPROPER ACTIONS,AT INTERSECTION MARKED CROSSWALK,No,SUSPECTED MINOR INJURY,N/A,38.99358828,-77.03211329,"(38.99358828, -77.03211329)"
DD5666000D,230074399,Rockville Police Departme,Injury Crash,12/31/2023 03:22:00 PM,,,,INTO STRUCTURE OF 721 MONROE ST. APARTMENT102,,PEDESTRIAN,SINGLE VEHICLE,CLEAR,,DAYLIGHT,NO CONTROLS,NONE DETECTED,NONE DETECTED,67A0692A-DA2E-4B9C-9940-1208F4181565,PEDESTRIAN,Other,OTHER,OTHER,No,SUSPECTED MINOR INJURY,N/A,39.07448784,-77.15264647,"(39.07448784, -77.15264647)"
MCP2600001F,15055481,MONTGOMERY,Injury Crash,10/31/2015 10:35:00 PM,Maryland (State),NEW HAMPSHIRE AVE,POWDER MILL RD,,N/A,PEDESTRIAN,OTHER,CLEAR,DRY,DARK LIGHTS ON,TRAFFIC SIGNAL,NONE DETECTED,UNKNOWN,BB0B789B-27B4-42A6-8D2A-F56FD7CDDAE4,PEDESTRIAN,Cross/Enter at Intersection,UNKNOWN,ON ROADWAY NOT AT CROSSWALK,Yes,POSSIBLE INJURY,N/A,39.02158667,-76.97838,"(39.02158667, -76.97838)"
MCP29920013,17004969,Montgomery County Police,Injury Crash,01/28/2017 06:47:00 PM,County,CONNECTICUT AVE,GRAND PRE RD,,N/A,PEDESTRIAN,OTHER,CLEAR,DRY,N/A,OTHER,NONE DETECTED,NONE DETECTED,383EDD3D-CC76-461B-B89A-5972C51EBB95,PEDESTRIAN,Cross/Enter at Intersection,NO IMPROPER ACTIONS,AT INTERSECTION MARKED CROSSWALK,No,SUSPECTED MINOR INJURY,N/A,39.08799017,-77.07296683,"(39.08799017, -77.07296683)"
MCP3225003S,230023903,Montgomery County Police,Injury Crash,05/18/2023 04:50:00 PM,County,ASPEN HILL RD,PARKLAND DR,,N/A,BICYCLIST,STRAIGHT MOVEMENT ANGLE,CLEAR,DRY,DAYLIGHT,TRAFFIC SIGNAL,NONE DETECTED,NONE DETECTED,1E9F48CC-0470-4148-BD31-27F2093B1904,BICYCLIST,Cross/Enter at Intersection,NO IMPROPER ACTIONS,AT INTERSECTION MARKED CROSSWALK,No,SUSPECTED MINOR INJURY,UNKNOWN,39.0791755,-77.08753133,"(39.0791755, -77.08753133)"
EJ7873008B,230062171,Gaithersburg Police Depar,Injury Crash,10/23/2023 04:47:00 PM,Maryland (State),FREDERICK RD,ODENDHAL AVE,,GAITHERSBURG,BICYCLIST,SINGLE VEHICLE,CLEAR,DRY,DAYLIGHT,NO CONTROLS,NONE DETECTED,NONE DETECTED,4F5A51B9-3524-40BA-9A4E-AA3443EA0AED,BICYCLIST,Walking/Cycling on Sidewalk,NO IMPROPER ACTIONS,SIDEWALK,No,POSSIBLE INJURY,MC/BIKE HELMET,39.14766339,-77.20591178,"(39.14766339, -77.20591178)"
MCP2116007V,180000627,Montgomery County Police,Injury Crash,01/04/2018 06:27:00 PM,Municipality,DUNDEE RD,GUY CT,,ROCKVILLE,PEDESTRIAN,STRAIGHT MOVEMENT ANGLE,CLEAR,DRY,DARK LIGHTS ON,NO CONTROLS,NONE DETECTED,NONE DETECTED,E7014161-D4A9-4475-928E-F03BC3E391EA,PEDESTRIAN,Cross/Enter at Intersection,NO IMPROPER ACTIONS,ON ROADWAY AT CROSSWALK,No,SUSPECTED MINOR INJURY,NONE,39.08753167,-77.18211167,"(39.08753167, -77.18211167)"
MCP26250011,200032810,Montgomery County Police,Injury Crash,08/22/2020 12:23:00 PM,County,LELAND ST,BRADLEY BLVD,,N/A,PEDESTRIAN,N/A,CLEAR,DRY,DAYLIGHT,TRAFFIC SIGNAL,NONE DETECTED,NONE DETECTED,FFD757B9-9253-4007-B403-369FCFC19C36,PEDESTRIAN,Cross/Enter not at Intersection,UNKNOWN,ON ROADWAY NOT AT CROSSWALK,Yes,SUSPECTED MINOR INJURY,N/A,38.9782613,-77.09705684,"(38.9782613, -77.09705684)"
MCP3339000J,220039784,Montgomery County Police,Injury Crash,09/13/2022 01:34:00 PM,Maryland (State),GEORGIA AVE,CONNECTICUT AVE,,N/A,PEDESTRIAN,N/A,CLEAR,DRY,DAYLIGHT,TRAFFIC SIGNAL,NONE DETECTED,NONE DETECTED,5A4D2E0D-EB9C-4DE2-B4C6-2472C5358D1F,PEDESTRIAN,Cross/Enter at Intersection,FAILURE TO YIELD RIGHT OF WAY,ON ROADWAY AT CROSSWALK,Yes,SUSPECTED MINOR INJURY,NONE,39.08453167,-77.07774667,"(39.08453167, -77.07774667)"
MCP27660049,180058256,Montgomery County Police,Injury Crash,11/20/2018 05:35:00 PM,County,RIPPLING BROOK DR,BEL PRE RD,,N/A,PEDESTRIAN,SINGLE VEHICLE,CLEAR,DRY,DARK LIGHTS ON,STOP SIGN,NONE DETECTED,NONE DETECTED,912997DA-3E49-4395-AA76-714DAE36AC70,PEDESTRIAN,Cross/Enter at Intersection,NO IMPROPER ACTIONS,ON ROADWAY AT CROSSWALK,No,POSSIBLE INJURY,NONE,39.09036167,-77.053115,"(39.09036167, -77.053115)"
MCP30370055,230031471,Montgomery County Police,Injury Crash,07/01/2023 05:17:00 PM,County,WAYFARER RD,WATKINS MEADOW DR,,N/A,PEDESTRIAN,OTHER,CLEAR,DRY,DAYLIGHT,NO CONTROLS,NONE DETECTED,NONE DETECTED,5286716A-6302-4178-8A9E-E5C4B2321BF3,PEDESTRIAN,Walking/Riding w/Traffic,NO IMPROPER ACTIONS,ON ROADWAY NOT AT CROSSWALK,No,SUSPECTED MINOR INJURY,NONE,39.19534443,-77.22423398,"(39.19534443, -77.22423398)"
DD5538001R,16042854,Rockville Police Departme,Injury Crash,08/23/2016 04:50:00 PM,Maryland (State),ROCKVILLE PIKE,ENT TO BUSINESS,,N/A,PEDESTRIAN,SINGLE VEHICLE,CLEAR,DRY,DAYLIGHT,NO CONTROLS,N/A,NONE DETECTED,4F0451CF-6550-46BF-8CA7-50CA1D072E62,PEDESTRIAN,Walking/Cycling on Sidewalk,NO IMPROPER ACTIONS,DRIVEWAY ACCESS MARKED CROSSWALK,No,SUSPECTED MINOR INJURY,NONE,39.06837167,-77.12969333,"(39.06837167, -77.12969333)"
MCP27940015,15053515,MONTGOMERY,Injury Crash,10/21/2015 10:13:00 PM,County,WOODMONT AVE,BATTERY LA,,N/A,PEDESTRIAN,OTHER,N/A,DRY,DARK NO LIGHTS,TRAFFIC SIGNAL,N/A,NONE DETECTED,B144BFE0-C830-428A-99D3-10C08ABCCC00,PEDESTRIAN,N/A,NO IMPROPER ACTIONS,AT INTERSECTION MARKED CROSSWALK,No,SUSPECTED MINOR INJURY,N/A,38.99270484,-77.09711552,"(38.99270484, -77.09711552)"
MCP27170030,15048327,MONTGOMERY,Injury Crash,09/23/2015 07:37:00 PM,Maryland (State),EAST WEST HWY,BROOKVILLE RD,,N/A,BICYCLIST,OTHER,CLEAR,DRY,DARK NO LIGHTS,NO CONTROLS,NONE DETECTED,NONE DETECTED,0759C71A-CD01-4D79-B220-EC19BC6C8D85,BICYCLIST,Cross/Enter at Intersection,NO IMPROPER ACTIONS,SIDEWALK,No,SUSPECTED MINOR INJURY,MC/BIKE HELMET,38.99202106,-77.07198858,"(38.99202106, -77.07198858)"
MCP2592002R,230017399,Montgomery County Police,Injury Crash,04/12/2023 09:40:00 AM,,,,PARKING LOT IN FRONT OF 20202 SPRING HAVEN CT,,PEDESTRIAN,OTHER,CLEAR,,DAYLIGHT,N/A,NONE DETECTED,N/A,85AB09EF-79BB-4ED5-AAB9-8EA07FE02650,PEDESTRIAN,Standing,UNKNOWN,OTHER,Unknown,POSSIBLE INJURY,N/A,39.18890517,-77.19099817,"(39.18890517, -77.19099817)"
MCP2231001J,15059475,MONTGOMERY,Injury Crash,11/21/2015 08:20:00 AM,Maryland (State),BRADLEY BLVD,HOWELL RD,,N/A,PEDESTRIAN,SAME DIR REAR END,CLEAR,DRY,DAYLIGHT,NO CONTROLS,NONE DETECTED,NONE DETECTED,D38A91E8-A45A-4D26-80AA-F32424F6713B,PEDESTRIAN,Other Working,NO IMPROPER ACTIONS,SHOULDER,No,SUSPECTED MINOR INJURY,REFLECTIVE CLOTHING,38.99733333,-77.13142833,"(38.99733333, -77.13142833)"
MCP2931003C,190020167,Montgomery County Police,Injury Crash,04/29/2019 08:22:00 PM,Maryland (State),FREDERICK RD,CROSSOVER,,N/A,PEDESTRIAN,SINGLE VEHICLE,N/A,DRY,DARK LIGHTS ON,N/A,,N/A,4080B128-59FE-43E3-92F0-E29BCE1F4FA1,PEDESTRIAN,Push/Work on Vehicle,DISABLED VEHICLE RELATED,N/A,Unknown,SUSPECTED MINOR INJURY,N/A,39.12138464,-77.1761312,"(39.12138464, -77.1761312)"
MCP30060034,180032582,Montgomery County Police,Injury Crash,07/02/2018 01:38:00 PM,Maryland (State),GEORGIA AVE,ARCOLA AVE,,N/A,PEDESTRIAN,SINGLE VEHICLE,CLEAR,DRY,DAYLIGHT,TRAFFIC SIGNAL,NONE DETECTED,NONE DETECTED,6FF07046-04B6-4555-A139-A0E43C397759,PEDESTRIAN,Cross/Enter at Intersection,FAILURE TO OBEY TRAFFIC SIGNS SIGNALS OR OFFICER,ON ROADWAY AT CROSSWALK,Yes,SUSPECTED MINOR INJURY,N/A,39.0471358,-77.05195718,"(39.0471358, -77.05195718)"
MCP2875002K,17009918,Montgomery County Police,Injury Crash,02/24/2017 12:56:00 AM,Maryland (State),GERMANTOWN RD,RICHTER FARM RD,,N/A,PEDESTRIAN,OTHER,CLEAR,DRY,DARK NO LIGHTS,NO CONTROLS,NONE DETECTED,ALCOHOL PRESENT,93D36B4E-6474-435D-8601-5772ACEAC78C,PEDESTRIAN,Cross/Enter not at Intersection,FAILURE TO YIELD RIGHT OF WAY,ON ROADWAY NOT AT CROSSWALK,Yes,SUSPECTED MINOR INJURY,NONE,39.15264395,-77.28839993,"(39.15264395, -77.28839993)"
MCP33760004,220057765,Montgomery County Police,Property Damage Crash,12/29/2022 07:44:00 PM,Maryland (State),OLNEY SANDY SPRING RD,ENT TO SHOPPING CENTER,,N/A,BICYCLIST,OTHER,CLEAR,DRY,DARK LIGHTS ON,STOP SIGN,NONE DETECTED,NONE DETECTED,5E0F38EE-58C6-4A83-8A94-EFF537099D27,BICYCLIST,Cross/Enter at Intersection,NO IMPROPER ACTIONS,ON ROADWAY AT CROSSWALK,No,NO APPARENT INJURY,NONE,39.15201462,-77.06429908,"(39.15201462, -77.06429908)"
MCP2878001V,16038757,Montgomery County Police,Injury Crash,07/31/2016 04:44:00 PM,Maryland (State),FREDERICK RD,GUNNERS BRANCH RD,,N/A,PEDESTRIAN,OTHER,CLOUDY,DRY,DAYLIGHT,TRAFFIC SIGNAL,UNKNOWN,NONE DETECTED,7A522873-5F89-43A2-9824-E7E5ACD0EE2E,PEDESTRIAN,Cross/Enter at Intersection,NO IMPROPER ACTIONS,AT INTERSECTION MARKED CROSSWALK,No,SUSPECTED MINOR INJURY,N/A,39.17842245,-77.23861814,"(39.17842245, -77.23861814)"
MCP2348002M,170511431,Montgomery County Police,Injury Crash,06/02/2017 08:22:00 PM,County,AMHERST AVE,BLUERIDGE AVE,,N/A,PEDESTRIAN,SINGLE VEHICLE,CLEAR,DRY,DAYLIGHT,N/A,NONE DETECTED,NONE DETECTED,EA8A3B91-14E3-4C48-B9B9-ED068A02844E,PEDESTRIAN,Cross/Enter at Intersection,NO IMPROPER ACTIONS,ON ROADWAY AT CROSSWALK,No,SUSPECTED MINOR INJURY,N/A,39.04333616,-77.0478715,"(39.04333616, -77.0478715)"