Report Number,Local Case Number,Agency Name,ACRS Report Type,Crash Date/Time,Route Type,Road Name,Cross-Street Name,Off-Road Description,Municipality,Related Non-Motorist,Collision Type,Weather,Surface Condition,Light,Traffic Control,Driver Substance Abuse,Non-Motorist Substance Abuse,Person ID,Pedestrian Type,Pedestrian Movement,Pedestrian Actions,Pedestrian Location,At Fault,Injury Severity,Safety Equipment,Latitude,Longitude,Location
MCP30640031,200022784,Montgomery County Police,Injury Crash,06/10/2020 11:00:00 AM,Maryland (State),GEORGIA AVE,BLUERIDGE AVE,,N/A,PEDESTRIAN,OTHER,CLEAR,DRY,DAYLIGHT,TRAFFIC SIGNAL,NONE DETECTED,NONE DETECTED,5DCA2DFF-67D4-466B-85C2-426F41DC10A4,PEDESTRIAN,Cross/Enter at Intersection,UNKNOWN,ON ROADWAY AT CROSSWALK,Unknown,SUSPECTED MINOR INJURY,NONE,39.04310176,-77.05199243,"(39.04310176, -77.05199243)"
MCP2546002M,180063485,Montgomery County Police,Fatal Crash,12/19/2018 08:17:00 PM,County,MIDDLEBROOK RD,RIDGECREST DR,,N/A,PEDESTRIAN,OTHER,CLEAR,DRY,DARK LIGHTS ON,NO CONTROLS,NONE DETECTED,UNKNOWN,7D7FE669-3494-423D-A2EF-6F7501078ECF,PEDESTRIAN,Unknown,UNKNOWN,ON ROADWAY NOT AT CROSSWALK,Unknown,FATAL INJURY,NONE,39.175225,-77.257108,"(39.175225, -77.257108)"
MCP2708000G,15003037,Montgomery County Police,Injury Crash,01/19/2015 04:07:00 PM,County,DILSTON RD,ARMISTEAD RD,,N/A,PEDESTRIAN,STRAIGHT MOVEMENT ANGLE,N/A,DRY,DAYLIGHT,NO CONTROLS,NONE DETECTED,NONE DETECTED,6E18F8AB-BB4F-489C-B3BA-8B047F206CC6,PEDESTRIAN,Cross/Enter not at Intersection,NO IMPROPER ACTIONS,ON ROADWAY NOT AT CROSSWALK,,POSSIBLE INJURY,N/A,39.0134819,-76.98371172,"(39.0134819, -76.98371172)"
MCP3258002C,220033289,Montgomery County Police,Injury Crash,08/03/2022 11:20:00 AM,Maryland (State),UNIVERSITY BLVD W,SLIGO CREEK PKWY,,N/A,BICYCLIST,SAME DIR REAR END,CLEAR,DRY,DAYLIGHT,N/A,NONE DETECTED,NONE DETECTED,B9211566-2794-4748-882E-4F23DB107508,BICYCLIST,Walking/Riding w/Traffic,N/A,ON ROADWAY NOT AT CROSSWALK,No,POSSIBLE INJURY,MC/BIKE HELMET,39.036365,-77.028885,"(39.036365, -77.028885)"
MCP2298004F,15007167,Montgomery County Police,Injury Crash,02/12/2015 03:33:00 PM,County,FATHER HURLEY BLVD,WYNNFIELD DR,,N/A,PEDESTRIAN,OTHER,CLEAR,DRY,DAYLIGHT,TRAFFIC SIGNAL,NONE DETECTED,NONE DETECTED,A1C9E4E8-6B7B-43D8-989B-6EB114A6833B,PEDESTRIAN,Cross/Enter at Intersection,FAILURE TO OBEY TRAFFIC SIGNS SIGNALS OR OFFICER,AT INTERSECTION MARKED CROSSWALK,,SUSPECTED MINOR INJURY,N/A,39.186365,-77.27426167,"(39.186365, -77.27426167)"
DM84890005,200021132,Takoma Park Police Depart,Property Damage Crash,05/28/2020 10:51:00 AM,Maryland (State),CARROLL AVE,GARLAND AVE,,TAKOMA PARK,OTHER,SAME DIR REND LEFT TURN,RAINING,WET,N/A,N/A,NONE DETECTED,NONE DETECTED,4132C698-C800-4D4C-80AE-8530B1AAA83C,OTHER,N/A,N/A,OTHER,No,NO APPARENT INJURY,N/A,38.98622942,-76.99628257,"(38.98622942, -76.99628257)"
MCP3201002T,220031043,Montgomery County Police,Injury Crash,07/19/2022 12:59:00 PM,Maryland (State),GREAT SENECA HWY,MATENY RD,,N/A,PEDESTRIAN,OTHER,CLEAR,DRY,DAYLIGHT,TRAFFIC SIGNAL,NONE DETECTED,NONE DETECTED,63C886EB-FE8A-47B6-86BA-E8BEA8404C41,PEDESTRIAN,Cross/Enter at Intersection,FAILURE TO OBEY TRAFFIC SIGNS SIGNALS OR OFFICER,AT INTERSECTION MARKED CROSSWALK,Yes,POSSIBLE INJURY,NONE,39.14614317,-77.274504,"(39.14614317, -77.274504)"
MCP2874001B,16019861,Montgomery County Police,Injury Crash,04/22/2016 04:47:00 PM,Maryland (State),GEORGIA AVE,RANDOLPH RD,,N/A,PEDESTRIAN,OTHER,N/A,DRY,DAYLIGHT,TRAFFIC SIGNAL,NONE DETECTED,NONE DETECTED,36396FBE-A778-4904-8D7A-D5728E5CC236,PEDESTRIAN,Cross/Enter at Intersection,DART DASH,ON ROADWAY NOT AT CROSSWALK,Yes,SUSPECTED MINOR INJURY,N/A,39.05656333,-77.05006667,"(39.05656333, -77.05006667)"
MCP11190029,16014195,Montgomery County Police,Injury Crash,03/23/2016 08:56:00 AM,,,,DRIVEWAY OF 12512 BARBARA RD,,PEDESTRIAN,OTHER,CLEAR,,DAYLIGHT,NO CONTROLS,NONE DETECTED,NONE DETECTED,F17984F7-2221-42EA-8402-C908E10A1F17,PEDESTRIAN,Walking/Cycling on Sidewalk,NO IMPROPER ACTIONS,SIDEWALK,No,SUSPECTED MINOR INJURY,NONE,39.06175167,-77.08125167,"(39.06175167, -77.08125167)"
MCP3111005B,220017399,Montgomery County Police,Injury Crash,04/24/2022 01:00:00 PM,Maryland (State),OLD GEORGETOWN RD,MCKINLEY ST,,N/A,PEDESTRIAN,SINGLE VEHICLE,CLEAR,DRY,DAYLIGHT,TRAFFIC SIGNAL,UNKNOWN,NONE DETECTED,404C5CB6-119C-4022-9589-5C46EC5EFA6B,PEDESTRIAN,Cross/Enter at Intersection,NO IMPROPER ACTIONS,AT INTERSECTION MARKED CROSSWALK,No,POSSIBLE INJURY,NONE,38.99655795,-77.10891447,"(38.99655795, -77.10891447)"
MCP2559002Q,180051278,Montgomery County Police,Injury Crash,10/13/2018 12:54:00 PM,County,LOST KNIFE RD,CONTOUR RD,,N/A,"OTHER, PEDESTRIAN",OTHER,CLOUDY,DRY,DAYLIGHT,STOP SIGN,N/A,N/A,2912DDEE-4378-4FB8-9842-A45BD319507E,OTHER,Other,NO IMPROPER ACTIONS,AT INTERSECTION BUT NO CROSSWALK,No,POSSIBLE INJURY,NONE,39.15385667,-77.19975833,"(39.15385667, -77.19975833)"
MCP229800LQ,180058089,Montgomery County Police,Injury Crash,11/19/2018 06:44:00 PM,County,SHAKESPEARE BLVD,FREDERICK RD,,N/A,BICYCLIST,HEAD ON LEFT TURN,CLEAR,DRY,DARK LIGHTS ON,TRAFFIC SIGNAL,NONE DETECTED,NONE DETECTED,A06F47B0-DCAF-4EDF-91B3-7DB285D1982F,BICYCLIST,Walking/Riding w/Traffic,FAILURE TO YIELD RIGHT OF WAY,OTHER,Yes,POSSIBLE INJURY,MC/BIKE HELMET,39.19835709,-77.24493044,"(39.19835709, -77.24493044)"
MCP2588002R,170516788,Montgomery County Police,Injury Crash,07/01/2017 10:50:00 AM,,,,PARKING LOT OF 14000 GEORGIA AVE (HOME DEPOT),,PEDESTRIAN,OTHER,CLEAR,,DAYLIGHT,NO CONTROLS,NONE DETECTED,NONE DETECTED,92C62169-C7D5-4E0C-9142-CB2E230E3875,PEDESTRIAN,Other,INATTENTIVE,OTHER,Yes,POSSIBLE INJURY,N/A,39.084425,-77.07824333,"(39.084425, -77.07824333)"
MCP2047001V,170530957,Montgomery County Police,Injury Crash,09/16/2017 01:10:00 PM,Maryland (State),S FREDERICK RD,W DEER PARK RD,,GAITHERSBURG,PEDESTRIAN,SINGLE VEHICLE,CLOUDY,DRY,DAYLIGHT,TRAFFIC SIGNAL,N/A,NONE DETECTED,973071FE-690E-47B5-B004-380920FF771C,PEDESTRIAN,Other,NO IMPROPER ACTIONS,AT INTERSECTION BUT NO CROSSWALK,No,SUSPECTED MINOR INJURY,N/A,39.13209923,-77.18896508,"(39.13209923, -77.18896508)"
MCP2871003D,16044018,Montgomery County Police,Injury Crash,08/29/2016 03:35:00 PM,County,SEVEN LOCKS RD,DWIGHT DR,,N/A,PEDESTRIAN,OTHER,CLEAR,DRY,DAYLIGHT,NO CONTROLS,NONE DETECTED,NONE DETECTED,A6F4579A-A66B-48AD-A8E4-ACDAED53645E,PEDESTRIAN,Walking to/from school,DART DASH,AT INTERSECTION BUT NO CROSSWALK,Yes,POSSIBLE INJURY,NONE,39.00399,-77.15926167,"(39.00399, -77.15926167)"
MCP1174005Q,230003196,Montgomery County Police,Injury Crash,01/20/2023 08:44:00 AM,County,CORDELL AVE,WOODMONT AVE,,N/A,PEDESTRIAN,SINGLE VEHICLE,CLEAR,DRY,DAYLIGHT,TRAFFIC SIGNAL,NONE DETECTED,NONE DETECTED,18D58210-CBE0-4B80-BA74-4A7EDFF37953,PEDESTRIAN,Walking/Riding w/Traffic,NO IMPROPER ACTIONS,AT INTERSECTION MARKED CROSSWALK,No,SUSPECTED MINOR INJURY,NONE,38.99080487,-77.09643951,"(38.99080487, -77.09643951)"
DD5604002Q,190010318,Rockville Police Departme,Injury Crash,03/05/2019 07:53:00 AM,Municipality,N WASHINGTON ST,DAWSON AVE,,ROCKVILLE,PEDESTRIAN,OTHER,CLEAR,DRY,DARK LIGHTS ON,NO CONTROLS,NONE DETECTED,NONE DETECTED,8E4617F9-04EC-4210-B74C-21EC025F5D32,PEDESTRIAN,Cross/Enter not at Intersection,IN ROADWAY IMPROPERLY,ON ROADWAY NOT AT CROSSWALK,Yes,POSSIBLE INJURY,NONE,39.08894833,-77.153605,"(39.08894833, -77.153605)"
MCP27800074,230025492,Montgomery County Police,Injury Crash,05/27/2023 03:35:00 PM,Maryland (State),FREDERICK RD,MAGNOLIA DR,,N/A,BICYCLIST,STRAIGHT MOVEMENT ANGLE,CLEAR,DRY,DAYLIGHT,STOP SIGN,NONE DETECTED,NONE DETECTED,D1BF1BBA-8429-4F2B-B128-BF19D0D46107,BICYCLIST,Cross/Enter at Intersection,FAILURE TO YIELD RIGHT OF WAY,AT INTERSECTION BUT NO CROSSWALK,Yes,POSSIBLE INJURY,NONE,39.17704683,-77.2383595,"(39.17704683, -77.2383595)"
MCP05390027,16039408,Montgomery County Police,Injury Crash,08/04/2016 08:26:00 AM,County,OREBAUGH AVE,ARCOLA AVE,,N/A,BICYCLIST,HEAD ON LEFT TURN,CLEAR,DRY,DAYLIGHT,NO CONTROLS,NONE DETECTED,NONE DETECTED,B41EA458-8ED1-4E6C-A6C7-623B30EB172E,BICYCLIST,Cross/Enter at Intersection,OTHER,ON ROADWAY AT CROSSWALK,No,SUSPECTED SERIOUS INJURY,MC/BIKE HELMET,39.12033667,-77.09731833,"(39.12033667, -77.09731833)"
MCP3073000R,170547006,Montgomery County Police,Injury Crash,12/06/2017 05:56:00 PM,County,GLENALLAN AVE,GEORGIA AVE,,N/A,PEDESTRIAN,OTHER,CLEAR,DRY,DARK LIGHTS ON,TRAFFIC SIGNAL,UNKNOWN,UNKNOWN,7D395E48-27AF-40B8-B84B-58340D8764CC,PEDESTRIAN,Cross/Enter at Intersection,UNKNOWN,AT INTERSECTION MARKED CROSSWALK,No,SUSPECTED MINOR INJURY,NONE,39.06279167,-77.05495333,"(39.06279167, -77.05495333)"
MCP2492001Q,210047847,Montgomery County Police,Injury Crash,11/24/2021 05:46:00 PM,,,,PARKING LOT OF 20944 FREDERICK ROAD,,PEDESTRIAN,OTHER,CLEAR,,DARK LIGHTS ON,NO CONTROLS,NONE DETECTED,NONE DETECTED,DE02BBED-E3F4-4BBF-A7D0-E351DF6570E8,PEDESTRIAN,Standing,NO IMPROPER ACTIONS,OTHER,No,SUSPECTED SERIOUS INJURY,NONE,39.2030324,-77.24767385,"(39.2030324, -77.24767385)"
MCP3074004B,200025473,Montgomery County Police,Injury Crash,06/30/2020 04:17:00 PM,Maryland (State),GEORGIA AVE,SEMINARY RD,,N/A,PEDESTRIAN,SINGLE VEHICLE,CLEAR,DRY,DAYLIGHT,TRAFFIC SIGNAL,UNKNOWN,N/A,1563F05B-77F8-4EB4-8DEA-91580A7C5333,PEDESTRIAN,Cross/Enter not at Intersection,NOT VISIBLE,ON ROADWAY NOT AT CROSSWALK,Unknown,SUSPECTED MINOR INJURY,NONE,39.00956292,-77.04054001,"(39.00956292, -77.04054001)"
MCP91300078,190023094,Montgomery County Police,Injury Crash,05/16/2019 11:33:00 AM,,,,PARKING LOT OF 75 E WAYNE AVE,,OTHER,SINGLE VEHICLE,CLEAR,,DAYLIGHT,NO CONTROLS,,NONE DETECTED,615FB898-1F5F-4698-A94B-6D86A768BFC2,OTHER,Standing,INATTENTIVE,OTHER,Yes,SUSPECTED MINOR INJURY,NONE,39.00083094,-77.00825285,"(39.00083094, -77.00825285)"
EJ78700015,190006315,Gaithersburg Police Depar,Injury Crash,02/08/2019 06:14:00 PM,Municipality,CHRISTOPHER AVE,RUSSELL AVE,,GAITHERSBURG,PEDESTRIAN,SINGLE VEHICLE,CLEAR,DRY,DARK LIGHTS ON,TRAFFIC SIGNAL,NONE DETECTED,NONE DETECTED,FD182218-5AA2-4B2D-AD77-7948BB4A28A7,PEDESTRIAN,Cross/Enter at Intersection,NO IMPROPER ACTIONS,ON ROADWAY AT CROSSWALK,No,SUSPECTED MINOR INJURY,NONE,39.15776384,-77.21331016,"(39.15776384, -77.21331016)"
MCP2492001N,210032806,Montgomery County Police,Fatal Crash,08/23/2021 01:57:00 AM,Maryland (State),UNIVERSITY BLVD E,SPUR FR MD 195,,N/A,PEDESTRIAN,OTHER,CLEAR,WET,DARK LIGHTS ON,NO CONTROLS,NONE DETECTED,UNKNOWN,BA01A694-F080-4AFB-8B39-8C672D7D317E,PEDESTRIAN,Other,OTHER,ON ROADWAY NOT AT CROSSWALK,Unknown,FATAL INJURY,NONE,38.99298,-76.99199333,"(38.99298, -76.99199333)"
MCP3228003G,220016026,Montgomery County Police,Property Damage Crash,04/15/2022 05:16:00 PM,US (State),COLESVILLE RD,SLIGO CREEK PKWY,,N/A,BICYCLIST,STRAIGHT MOVEMENT ANGLE,CLEAR,DRY,DAYLIGHT,TRAFFIC SIGNAL,NONE DETECTED,NONE DETECTED,9EDAE691-2B65-4C5F-B18D-7ABA325E4C83,BICYCLIST,Walking/Cycling on Sidewalk,NO IMPROPER ACTIONS,ON ROADWAY AT CROSSWALK,No,NO APPARENT INJURY,MC/BIKE HELMET,39.0076268,-77.02030146,"(39.0076268, -77.02030146)"
MCP3153001X,190062963,Montgomery County Police,Injury Crash,12/31/2019 05:51:00 PM,,,,PARKING LOT OF 1131 UNIVERSITY BLVD W.,,PEDESTRIAN,SAME DIRECTION SIDESWIPE,CLEAR,,DARK LIGHTS ON,NO CONTROLS,NONE DETECTED,NONE DETECTED,DE0A6603-BA76-4346-A445-04F755FD4F9A,PEDESTRIAN,Hitchhiking,ENTERING EXITING PARKED STANDING VEHICLE,OTHER,No,POSSIBLE INJURY,N/A,39.03769333,-77.02894667,"(39.03769333, -77.02894667)"
MCP30120068,200008062,Montgomery County Police,Injury Crash,02/18/2020 08:52:00 AM,,BATCHELLORS FOREST RD,SEABISCUT DR,,N/A,BICYCLIST,OTHER,CLEAR,DRY,DAYLIGHT,NO CONTROLS,NONE DETECTED,NONE DETECTED,A82EFB5D-A393-4639-9CB5-9D84B9F51437,BICYCLIST,Walking/Riding w/Traffic,NO IMPROPER ACTIONS,ON ROADWAY NOT AT CROSSWALK,No,POSSIBLE INJURY,MC/BIKE HELMET,39.12615833,-77.05691833,"(39.12615833, -77.05691833)"
MCP3199003Y,220028752,Montgomery County Police,Injury Crash,07/05/2022 07:23:00 AM,Maryland (State),GEORGIA AVE,HEWITT AVE,,N/A,PEDESTRIAN,STRAIGHT MOVEMENT ANGLE,N/A,DRY,DAYLIGHT,TRAFFIC SIGNAL,NONE DETECTED,NONE DETECTED,EE98A67C-A490-4549-88D0-8B7FE7C4D2EE,PEDESTRIAN,Cross/Enter at Intersection,NO IMPROPER ACTIONS,ON ROADWAY AT CROSSWALK,No,SUSPECTED MINOR INJURY,NONE,39.07748667,-77.07118333,"(39.07748667, -77.07118333)"
MCP2001000X,180027239,Montgomery County Police,Fatal Crash,06/02/2018 09:50:00 PM,Maryland (State),HUNGERFORD DR,N WASHINGTON ST,,ROCKVILLE,PEDESTRIAN,SINGLE VEHICLE,CLEAR,WET,DARK LIGHTS ON,NO CONTROLS,NONE DETECTED,UNKNOWN,F4222087-2B5B-447C-A3D7-FFCB85F79710,PEDESTRIAN,Unknown,UNKNOWN,ON ROADWAY NOT AT CROSSWALK,Yes,FATAL INJURY,NONE,39.09063478,-77.15260103,"(39.09063478, -77.15260103)"
MCP27500021,16022884,Montgomery County Police,Injury Crash,05/08/2016 07:40:00 PM,County,CLARIDGE RD,MEDWAY ST,,N/A,PEDESTRIAN,STRAIGHT MOVEMENT ANGLE,CLEAR,DRY,DAYLIGHT,NO CONTROLS,UNKNOWN,NONE DETECTED,EDA18A4D-721D-43A2-B6DF-A6E6887AB542,PEDESTRIAN,Cross/Enter not at Intersection,DART DASH,ON ROADWAY NOT AT CROSSWALK,Yes,SUSPECTED MINOR INJURY,NONE,39.05222666,-77.0651865,"(39.05222666, -77.0651865)"
MCP1389002W,230023157,Montgomery County Police,Injury Crash,05/14/2023 07:30:00 PM,Maryland (State),GEORGIA AVE,MASON ST,,N/A,PEDESTRIAN,OTHER,CLEAR,DRY,DAYLIGHT,OTHER,N/A,ALCOHOL PRESENT,4D854616-6877-4F57-AF5E-AFEA63C9FCDA,PEDESTRIAN,Cross/Enter at Intersection,NO IMPROPER ACTIONS,ON ROADWAY AT CROSSWALK,No,SUSPECTED MINOR INJURY,N/A,39.05595164,-77.04984942,"(39.05595164, -77.04984942)"
MCP2809002S,16000772,Montgomery County Police,Injury Crash,01/05/2016 01:22:00 PM,Maryland (State),UNIVERSITY BLVD W,GRANDVIEW AVE,,N/A,BICYCLIST,OTHER,CLEAR,N/A,DAYLIGHT,NO CONTROLS,N/A,N/A,0C7A94D6-3334-4A7D-BE12-BEC690375555,BICYCLIST,Cross/Enter not at Intersection,DART DASH,ON ROADWAY NOT AT CROSSWALK,Yes,POSSIBLE INJURY,NONE,39.042895,-77.0529,"(39.042895, -77.0529)"
MCP30790048,220009254,Montgomery County Police,Injury Crash,03/03/2022 05:55:00 PM,,,,19815 GERMANTOWN RD EXXON GAS STATION,,PEDESTRIAN,N/A,CLEAR,,DAYLIGHT,NO CONTROLS,NONE DETECTED,UNKNOWN,23189FE8-258F-4B34-8DCB-8AD6E98E90BA,PEDESTRIAN,Cross/Enter at Intersection,NO IMPROPER ACTIONS,AT INTERSECTION BUT NO CROSSWALK,No,POSSIBLE INJURY,N/A,39.18134323,-77.26148406,"(39.18134323, -77.26148406)"
EJ78950041,230023431,Gaithersburg Police Depar,Injury Crash,05/16/2023 10:50:00 AM,,,,MONTGOMERY COUNTY FAIR GROUNDS,,PEDESTRIAN,OTHER,CLEAR,,DAYLIGHT,NO CONTROLS,NONE DETECTED,NONE DETECTED,D9C9E703-9272-46CA-9D29-41651D29B6F2,PEDESTRIAN,Playing,NOT VISIBLE,OTHER,Unknown,POSSIBLE INJURY,NONE,39.14307365,-77.2043583,"(39.14307365, -77.2043583)"
MCP28050020,16044966,Montgomery County Police,Injury Crash,09/02/2016 08:19:00 PM,County,LOST KNIFE RD,CONTOUR RD,,N/A,PEDESTRIAN,SINGLE VEHICLE,CLEAR,DRY,DARK LIGHTS ON,NO CONTROLS,NONE DETECTED,NONE DETECTED,7AEE0F89-3DAA-4EAE-A76E-1DF59E40B893,PEDESTRIAN,Cross/Enter at Intersection,N/A,ON ROADWAY AT CROSSWALK,No,SUSPECTED MINOR INJURY,N/A,39.15483167,-77.20111,"(39.15483167, -77.20111)"
MCP29170078,200046848,Montgomery County Police,Injury Crash,11/27/2020 04:45:00 PM,County,EDGEBROOK RD,VEIRS MILL RD,,N/A,BICYCLIST,HEAD ON,CLEAR,DRY,DARK NO LIGHTS,STOP SIGN,NONE DETECTED,NONE DETECTED,9F7E92CE-A7AC-419E-A774-7BE283D69AA6,BICYCLIST,Walking/Riding w/Traffic,NO IMPROPER ACTIONS,ON ROADWAY NOT AT CROSSWALK,No,SUSPECTED MINOR INJURY,MC/BIKE HELMET,39.05970607,-77.08921389,"(39.05970607, -77.08921389)"
MCP3255003R,220028180,Montgomery County Police,Injury Crash,06/30/2022 05:30:00 PM,County,MONTGOMERY VILLAGE AVE,ARROWHEAD RD,,N/A,PEDESTRIAN,SINGLE VEHICLE,CLEAR,DRY,DAYLIGHT,NO CONTROLS,N/A,N/A,E84977D2-A2D3-4056-AE7D-B5EAEE514FE4,PEDESTRIAN,Cross/Enter not at Intersection,IN ROADWAY IMPROPERLY,MEDIAN,Yes,POSSIBLE INJURY,NONE,39.18790333,-77.19760167,"(39.18790333, -77.19760167)"
MCP3170003G,230055780,Montgomery County Police,Injury Crash,09/19/2023 03:40:00 PM,Maryland (State),GREAT SENECA HWY,WISTERIA DR,,N/A,OTHER PEDALCYCLIST,OTHER,CLEAR,DRY,DAYLIGHT,TRAFFIC SIGNAL,NONE DETECTED,NONE DETECTED,BF6B9118-4184-4255-8EFA-6F94E3207DF2,OTHER PEDALCYCLIST,Cross/Enter at Intersection,DART DASH,ON ROADWAY AT CROSSWALK,No,POSSIBLE INJURY,NONE,39.17121917,-77.262642,"(39.17121917, -77.262642)"
DD56030028,15065817,ROCKVILLE,Injury Crash,12/23/2015 06:19:00 PM,Municipality,KING FARM BLVD,ELMCROFT BLVD,,ROCKVILLE,PEDESTRIAN,STRAIGHT MOVEMENT ANGLE,RAINING,WET,DARK LIGHTS ON,STOP SIGN,UNKNOWN,NONE DETECTED,D5344C47-EA84-4D91-994A-98D4307BF15D,PEDESTRIAN,Cross/Enter at Intersection,NO IMPROPER ACTIONS,AT INTERSECTION MARKED CROSSWALK,No,SUSPECTED MINOR INJURY,NONE,39.11636836,-77.1700716,"(39.11636836, -77.1700716)"
MCP26430008,15019405,Montgomery County Police,Injury Crash,04/24/2015 08:52:00 PM,Maryland (State),NEW HAMPSHIRE AVE,CHALMERS RD,,N/A,PEDESTRIAN,SAME DIR REAR END,CLEAR,DRY,DARK LIGHTS ON,N/A,"ALCOHOL CONTRIBUTED, N/A",N/A,0A778EDE-B2FC-4061-BDCB-36E9A4F300A6,PEDESTRIAN,Standing,NO IMPROPER ACTIONS,OTHER,,SUSPECTED MINOR INJURY,N/A,39.02885833,-76.98325333,"(39.02885833, -76.98325333)"
MCP2598003K,210035566,Montgomery County Police,Property Damage Crash,09/10/2021 09:21:00 AM,County,SUNDOWN RD,ZION RD,,N/A,MACHINE OPERATOR/RIDER,SAME DIRECTION SIDESWIPE,CLEAR,DRY,DAYLIGHT,NO CONTROLS,NONE DETECTED,NONE DETECTED,E866DE8A-3B12-4B6A-85CA-1B3B94747116,MACHINE OPERATOR/RIDER,Other Working,NO IMPROPER ACTIONS,ON ROADWAY NOT AT CROSSWALK,No,NO APPARENT INJURY,LIGHTING,39.21569167,-77.115595,"(39.21569167, -77.115595)"
MCP31210056,230006903,Montgomery County Police,Injury Crash,02/10/2023 07:49:00 PM,County,MONTGOMERY VILLAGE AVE,CLUB HOUSE RD,,N/A,PEDESTRIAN,SINGLE VEHICLE,N/A,DRY,DARK LIGHTS ON,TRAFFIC SIGNAL,NONE DETECTED,NONE DETECTED,E174A768-BA7A-4A47-BBA2-5BBCAC2F32A9,PEDESTRIAN,Cross/Enter at Intersection,UNKNOWN,AT INTERSECTION MARKED CROSSWALK,Yes,SUSPECTED MINOR INJURY,UNKNOWN,39.17451617,-77.20302183,"(39.17451617, -77.20302183)"
MCP2639007N,190036442,Montgomery County Police,Property Damage Crash,07/31/2019 07:17:00 AM,Maryland (State),GEORGIA AVE,QUEEN MARY DR,,N/A,BICYCLIST,STRAIGHT MOVEMENT ANGLE,CLOUDY,DRY,DAYLIGHT,STOP SIGN,NONE DETECTED,NONE DETECTED,58393357-70EA-4A1C-B7D2-839329657BA8,BICYCLIST,Cross/Enter at Intersection,NO IMPROPER ACTIONS,SIDEWALK,No,NO APPARENT INJURY,NONE,39.25503333,-77.22318,"(39.25503333, -77.22318)"
MCP2008006B,190034384,Montgomery County Police,Injury Crash,07/19/2019 06:47:00 PM,County,RYLAND DR,SINGLETON DR,,N/A,BICYCLIST,OTHER,CLEAR,DRY,DAYLIGHT,STOP SIGN,NONE DETECTED,NONE DETECTED,E2347E49-E8C9-4BAB-B710-201E1A741AA2,BICYCLIST,Cross/Enter at Intersection,UNKNOWN,ON ROADWAY AT CROSSWALK,Yes,SUSPECTED MINOR INJURY,MC/BIKE HELMET,39.01299,-77.118245,"(39.01299, -77.118245)"
MCP3205000B,190045884,Montgomery County Police,Injury Crash,09/24/2019 10:27:00 PM,Other Public Roadway,GEORGIAN WAY,GEORGIAN WOODS PL,,N/A,PEDESTRIAN,OTHER,N/A,DRY,DARK LIGHTS ON,N/A,ALCOHOL PRESENT,NONE DETECTED,26D24FA1-26C6-41D3-AC0F-ABF7CEBDB268,PEDESTRIAN,Other Working,OTHER,OTHER,No,SUSPECTED MINOR INJURY,N/A,39.05460802,-77.04683717,"(39.05460802, -77.04683717)"
MCP13780047,15004900,Montgomery County Police,Injury Crash,01/30/2015 06:09:00 PM,,,,DRIVEWAY ENTRANCE TO 390 N. SUMMIT AVE,,PEDESTRIAN,SINGLE VEHICLE,CLEAR,,DARK LIGHTS ON,NO CONTROLS,NONE DETECTED,NONE DETECTED,68089F6D-31EC-41B3-B6A2-D43C2DEB2EF1,PEDESTRIAN,Cross/Enter at Intersection,NO IMPROPER ACTIONS,DRIVEWAY ACCESS MARKED CROSSWALK,,NO APPARENT INJURY,N/A,39.14908,-77.19287667,"(39.14908, -77.19287667)"
MCP30180026,170544045,Montgomery County Police,Injury Crash,11/21/2017 07:52:00 AM,County,RANDOLPH RD,GLENALLAN AVE,,N/A,BICYCLIST,OTHER,CLEAR,N/A,DAYLIGHT,NO CONTROLS,NONE DETECTED,NONE DETECTED,87FCA9A2-C158-4D0A-ACB6-2FD42F1E3957,BICYCLIST,Cross/Enter at Intersection,NO IMPROPER ACTIONS,SIDEWALK,No,SUSPECTED MINOR INJURY,MC/BIKE HELMET,39.06126,-77.044235,"(39.06126, -77.044235)"
DD56100029,17000269,Rockville Police Departme,Injury Crash,01/02/2017 06:02:00 PM,Municipality,BROADWOOD DR,VEIRS MILL RD,,N/A,PEDESTRIAN,SINGLE VEHICLE,RAINING,WET,DARK LIGHTS ON,TRAFFIC SIGNAL,N/A,N/A,23274701-58FA-4A5C-89E4-7C69F891C217,PEDESTRIAN,Cross/Enter at Intersection,NO IMPROPER ACTIONS,ON ROADWAY AT CROSSWALK,No,POSSIBLE INJURY,NONE,39.077227,-77.1239875,"(39.077227, -77.1239875)"
DD5625004K,200045132,Rockville Police Departme,Injury Crash,11/15/2020 06:20:00 PM,Municipality,WOOTTON PKWY,FALLSMEAD WAY,,ROCKVILLE,PEDESTRIAN,OTHER,CLEAR,DRY,DARK NO LIGHTS,NO CONTROLS,NONE DETECTED,NONE DETECTED,51926177-1832-4008-8476-6EE1D9CF8E08,PEDESTRIAN,Cross/Enter at Intersection,NO IMPROPER ACTIONS,AT INTERSECTION MARKED CROSSWALK,No,POSSIBLE INJURY,NONE,39.0718583,-77.17858714,"(39.0718583, -77.17858714)"
MCP3004002X,190013969,Montgomery County Police,Injury Crash,03/26/2019 03:37:00 PM,Maryland (State),EAST WEST HWY (W/B COUPLET),PEARL ST,,N/A,PEDESTRIAN,N/A,N/A,DRY,DAYLIGHT,TRAFFIC SIGNAL,N/A,N/A,F8FEBA48-9B36-451D-9E4C-25F6D1FFD008,PEDESTRIAN,Cross/Enter at Intersection,NO IMPROPER ACTIONS,AT INTERSECTION MARKED CROSSWALK,No,SUSPECTED MINOR INJURY,N/A,38.99364667,-77.05222167,"(38.99364667, -77.05222167)"
DD5595008H,200003432,Rockville Police Departme,Injury Crash,01/21/2020 04:51:00 PM,Municipality,W GUDE DR,PICCARD DR,,ROCKVILLE,PEDESTRIAN,OTHER,CLEAR,DRY,DAYLIGHT,TRAFFIC SIGNAL,NONE DETECTED,NONE DETECTED,C00268EC-C0EE-4A09-B695-AF4BB1F42B73,PEDESTRIAN,Cross/Enter not at Intersection,NO IMPROPER ACTIONS,DRIVEWAY ACCESS MARKED CROSSWALK,No,SUSPECTED MINOR INJURY,N/A,39.10181667,-77.17734167,"(39.10181667, -77.17734167)"