Report Number,Local Case Number,Agency Name,ACRS Report Type,Crash Date/Time,Route Type,Road Name,Cross-Street Name,Off-Road Description,Municipality,Related Non-Motorist,Collision Type,Weather,Surface Condition,Light,Traffic Control,Driver Substance Abuse,Non-Motorist Substance Abuse,Person ID,Pedestrian Type,Pedestrian Movement,Pedestrian Actions,Pedestrian Location,At Fault,Injury Severity,Safety Equipment,Latitude,Longitude,Location
MCP30930013,180049326,Montgomery County Police,Injury Crash,10/02/2018 07:03:00 PM,Municipality,DORSET AVE,SURREY ST,,SOMERSET,PEDESTRIAN,N/A,N/A,DRY,DUSK,STOP SIGN,N/A,N/A,F3FF5CC8-4504-4B4C-B2F0-055B80E356B3,PEDESTRIAN,Cross/Enter at Intersection,NO IMPROPER ACTIONS,ON ROADWAY NOT AT CROSSWALK,No,POSSIBLE INJURY,NONE,38.97400645,-77.08780796,"(38.97400645, -77.08780796)"
MCP3039004M,200004175,Montgomery County Police,Injury Crash,01/25/2020 03:30:00 PM,Maryland (State),PINEY BRANCH RD,RITCHIE AVE,,N/A,PEDESTRIAN,OTHER,CLEAR,DRY,DAYLIGHT,NO CONTROLS,NONE DETECTED,NONE DETECTED,2A3BDBED-3A59-49CD-9B8C-EC62BB3EA770,PEDESTRIAN,Cross/Enter at Intersection,NO IMPROPER ACTIONS,ON ROADWAY AT CROSSWALK,No,SUSPECTED MINOR INJURY,NONE,38.98837167,-77.01235,"(38.98837167, -77.01235)"
EJ78520018,15064548,GAITHERSBURG,Injury Crash,12/17/2015 06:36:00 PM,Municipality,BOOTH ST,KENTLANDS BLVD,,GAITHERSBURG,PEDESTRIAN,HEAD ON LEFT TURN,FOGGY,WET,DARK LIGHTS ON,STOP SIGN,NONE DETECTED,NONE DETECTED,1F5EACAB-907B-4C5D-8204-5C438E54178E,PEDESTRIAN,Cross/Enter at Intersection,UNKNOWN,UNKNOWN,Unknown,POSSIBLE INJURY,NONE,39.12469833,-77.24017833,"(39.12469833, -77.24017833)"
MCP30480054,190022243,Montgomery County Police,Injury Crash,05/11/2019 12:52:00 PM,County,COUNSELMAN RD,RIVER RD,,N/A,BICYCLIST,HEAD ON LEFT TURN,CLEAR,DRY,DAYLIGHT,TRAFFIC SIGNAL,N/A,N/A,AD6F2AC1-D6F2-4547-BADB-9C051A283DE1,BICYCLIST,Cross/Enter at Intersection,FAILURE TO YIELD RIGHT OF WAY,AT INTERSECTION BUT NO CROSSWALK,Yes,SUSPECTED MINOR INJURY,MC/BIKE HELMET,39.01733695,-77.20770396,"(39.01733695, -77.20770396)"
MCP2052001Z,200026018,Montgomery County Police,Injury Crash,07/05/2020 01:33:00 AM,Municipality,QUINCE ORCHARD BLVD,SOLITAIRE CT,,GAITHERSBURG,PEDESTRIAN,SINGLE VEHICLE,CLEAR,DRY,DARK LIGHTS ON,N/A,NONE DETECTED,N/A,A0A2BB33-DD47-4D3A-9477-EF3A67121E79,PEDESTRIAN,Cross/Enter not at Intersection,DART DASH,ON ROADWAY NOT AT CROSSWALK,Yes,SUSPECTED SERIOUS INJURY,NONE,39.1384,-77.229615,"(39.1384, -77.229615)"
MCP2475005F,200047541,Montgomery County Police,Injury Crash,12/02/2020 05:18:00 PM,County,OAKVIEW DR,BRADDOCK RD,,N/A,PEDESTRIAN,SAME DIRECTION LEFT TURN,N/A,DRY,DARK LIGHTS ON,STOP SIGN,NONE DETECTED,NONE DETECTED,0D836E00-5D53-4CB3-9FA1-65F066D1189F,PEDESTRIAN,Cross/Enter at Intersection,NOT VISIBLE,AT INTERSECTION BUT NO CROSSWALK,No,SUSPECTED MINOR INJURY,N/A,39.015615,-76.981455,"(39.015615, -76.981455)"
HA2432000K,23000541,Maryland-National Capital,Injury Crash,03/25/2023 09:00:00 AM,County,KENSINGTON PKWY,BEACH DR,,N/A,PEDESTRIAN,SINGLE VEHICLE,RAINING,WET,DAYLIGHT,STOP SIGN,N/A,UNKNOWN,1F7272B0-160C-4753-B156-A8DA3A7E20FE,PEDESTRIAN,Cross/Enter at Intersection,NO IMPROPER ACTIONS,AT INTERSECTION MARKED CROSSWALK,No,SUSPECTED MINOR INJURY,UNKNOWN,39.01012092,-77.07385623,"(39.01012092, -77.07385623)"
MCP2892001M,16027202,Montgomery County Police,Injury Crash,05/31/2016 06:04:00 PM,Maryland (State),GEORGIA AVE,AUGUST DR,,N/A,PEDESTRIAN,OTHER,CLEAR,DRY,DAYLIGHT,NO CONTROLS,NONE DETECTED,NONE DETECTED,338F7DC1-0D5E-4472-BAD1-64AD6CDDF10F,PEDESTRIAN,Cross/Enter not at Intersection,DART DASH,ON ROADWAY NOT AT CROSSWALK,Yes,POSSIBLE INJURY,NONE,39.02116754,-77.0445013,"(39.02116754, -77.0445013)"
MCP14830006,16048349,Montgomery County Police,Injury Crash,09/20/2016 03:20:00 PM,County,CRABBS BRANCH WAY,REDLAND RD,,N/A,PEDESTRIAN,SINGLE VEHICLE,CLEAR,DRY,DAYLIGHT,TRAFFIC SIGNAL,NONE DETECTED,NONE DETECTED,F0AE8F71-8454-4FC2-ACBC-F86FE07BD9C7,PEDESTRIAN,Cross/Enter at Intersection,NO IMPROPER ACTIONS,AT INTERSECTION MARKED CROSSWALK,No,SUSPECTED MINOR INJURY,N/A,39.12087,-77.15864,"(39.12087, -77.15864)"
MCP3190002B,210015371,Montgomery County Police,Injury Crash,04/25/2021 04:19:00 AM,Maryland (State),CONNECTICUT AVE,GREENLY ST,,N/A,PEDESTRIAN,OTHER,RAINING,WET,DARK LIGHTS ON,NO CONTROLS,NONE DETECTED,ALCOHOL PRESENT,F4E5BDE1-C503-4225-A0DF-3A1F467664CD,PEDESTRIAN,Cross/Enter at Intersection,IN ROADWAY IMPROPERLY,ON ROADWAY NOT AT CROSSWALK,Yes,SUSPECTED MINOR INJURY,NONE,39.06115167,-77.07308,"(39.06115167, -77.07308)"
MCP2773001B,15035200,MONTGOMERY,Property Damage Crash,07/17/2015 02:50:00 PM,,,,parking lot of 7821 eastern avenue,,OTHER,SINGLE VEHICLE,CLEAR,,DAYLIGHT,NO CONTROLS,NONE DETECTED,NONE DETECTED,3F3021E1-8370-46B1-95EA-9C0E74FCC644,OTHER,Other,NO IMPROPER ACTIONS,INSIDE BUILDING,No,NO APPARENT INJURY,N/A,38.98522,-77.027395,"(38.98522, -77.027395)"
MCP9130002R,16054530,Montgomery County Police,Injury Crash,10/23/2016 08:53:00 AM,,,,"PARKING LOT OF TRADER JOES 
10741 COLUMBIA PIKE
SILVER SPRING, MD 20901",,PEDESTRIAN,SINGLE VEHICLE,CLEAR,,DAYLIGHT,N/A,NONE DETECTED,NONE DETECTED,329DFE77-0DB1-4E97-8EF6-79B8B95B1227,PEDESTRIAN,Cross/Enter not at Intersection,NO IMPROPER ACTIONS,OTHER,No,POSSIBLE INJURY,NONE,39.031685,-77.00385,"(39.031685, -77.00385)"
MCP2845007M,210013945,Montgomery County Police,Injury Crash,04/14/2021 02:49:00 PM,Maryland (State),UNIVERSITY BLVD W,SUTHERLAND RD,,N/A,PEDESTRIAN,SINGLE VEHICLE,RAINING,WET,DAYLIGHT,TRAFFIC SIGNAL,NONE DETECTED,NONE DETECTED,BEB25B40-A2F8-4A49-9F08-D6EECE2E999F,PEDESTRIAN,Cross/Enter at Intersection,DART DASH,AT INTERSECTION MARKED CROSSWALK,No,SUSPECTED MINOR INJURY,N/A,39.01997667,-77.013618,"(39.01997667, -77.013618)"
MCP2750001F,15026471,Montgomery County Police,Injury Crash,06/01/2015 05:00:00 PM,Maryland (State),VEIRS MILL RD,ENT TO SHOPPING CENTER,,N/A,PEDESTRIAN,STRAIGHT MOVEMENT ANGLE,CLOUDY,WET,DAYLIGHT,TRAFFIC SIGNAL,NONE DETECTED,NONE DETECTED,7F905E73-AB88-46C9-8BCD-822C699788B8,PEDESTRIAN,Cross/Enter at Intersection,FAILURE TO OBEY TRAFFIC SIGNS SIGNALS OR OFFICER,AT INTERSECTION MARKED CROSSWALK,,SUSPECTED MINOR INJURY,N/A,39.03717167,-77.05171,"(39.03717167, -77.05171)"
MCP285900BP,220003244,Montgomery County Police,Injury Crash,01/25/2022 01:50:00 PM,,,,"PARKING LOT 46 BUREAU DR, GAITHERSBURG, MD 20878",,PEDESTRIAN,OTHER,CLEAR,,DAYLIGHT,NO CONTROLS,NONE DETECTED,NONE DETECTED,207DC9B8-DB3E-4B7A-92E1-8D0D9833AAB1,PEDESTRIAN,Other,NO IMPROPER ACTIONS,OTHER,No,POSSIBLE INJURY,NONE,39.14391649,-77.21831038,"(39.14391649, -77.21831038)"
MCP2436009N,200008109,Montgomery County Police,Injury Crash,02/18/2020 01:40:00 PM,Maryland (State),PINEY BRANCH RD,KODIAK DR,,N/A,PEDESTRIAN,SINGLE VEHICLE,CLEAR,DRY,DAYLIGHT,NO CONTROLS,NONE DETECTED,NONE DETECTED,99E36A32-6FE7-4B53-B12F-6BD21CB66301,PEDESTRIAN,Cross/Enter at Intersection,DART DASH,ON ROADWAY NOT AT CROSSWALK,Yes,SUSPECTED MINOR INJURY,N/A,38.99978841,-76.99156582,"(38.99978841, -76.99156582)"
MCP3086006V,220026096,Montgomery County Police,Injury Crash,06/17/2022 12:40:00 PM,County,BRENISH DR,WOODFIELD RD,,N/A,OTHER CONVEYANCE,SINGLE VEHICLE,CLEAR,DRY,DAYLIGHT,STOP SIGN,UNKNOWN,NONE DETECTED,86F7A410-C65C-46DD-88A2-DE2EC294FEA6,OTHER CONVEYANCE,Cross/Enter at Intersection,NO IMPROPER ACTIONS,ON ROADWAY AT CROSSWALK,No,POSSIBLE INJURY,NONE,39.17550333,-77.15181667,"(39.17550333, -77.15181667)"
DM8338000T,17011376,Takoma Park Police Depart,Injury Crash,03/03/2017 07:58:00 PM,Maryland (State),PINEY BRANCH RD,TAKOMA AVE,,TAKOMA PARK,PEDESTRIAN,OTHER,N/A,DRY,DARK LIGHTS ON,NO CONTROLS,N/A,UNKNOWN,690A19BD-6171-4AD8-9200-C4272D6C45A2,PEDESTRIAN,Other,OTHER,ON ROADWAY NOT AT CROSSWALK,Yes,SUSPECTED SERIOUS INJURY,N/A,38.98000694,-77.01715887,"(38.98000694, -77.01715887)"
MCP913000CK,220023618,Montgomery County Police,Injury Crash,06/02/2022 02:01:00 PM,County,E WAYNE AVE,MANCHESTER PL,,N/A,OTHER,SINGLE VEHICLE,CLOUDY,DRY,DAYLIGHT,NO CONTROLS,NONE DETECTED,NONE DETECTED,9C7EEDCD-9B77-48FC-8ECE-E1A584F0C643,OTHER,Other Working,IMPROPER TURN MERGE,OUTSIDE RIGHT OF WAY,Yes,POSSIBLE INJURY,NONE,39.00066833,-77.008745,"(39.00066833, -77.008745)"
MCP2846008H,230002149,Montgomery County Police,Injury Crash,01/13/2023 05:20:00 PM,Maryland (State),UNIVERSITY BLVD W,AMHERST AVE,,N/A,PEDESTRIAN,SINGLE VEHICLE,CLEAR,DRY,DARK LIGHTS ON,TRAFFIC SIGNAL,NONE DETECTED,NONE DETECTED,3DF59CFC-50D1-4A3D-801C-7FBC4F97F059,PEDESTRIAN,Cross/Enter not at Intersection,DART DASH,ON ROADWAY NOT AT CROSSWALK,Yes,POSSIBLE INJURY,NONE,39.041445,-77.04847333,"(39.041445, -77.04847333)"
EJ7852003Q,200018593,Gaithersburg Police Depar,Injury Crash,05/07/2020 04:00:00 PM,,,,"622 CENTERPOINT WAY, GAITHERSBURG MONTGOMERY COUNTY, MARYLAND",,PEDESTRIAN,OTHER,N/A,,DAYLIGHT,NO CONTROLS,NONE DETECTED,NONE DETECTED,368DAB05-A25E-44F4-B713-4451A17BCB72,PEDESTRIAN,N/A,UNKNOWN,N/A,Unknown,SUSPECTED MINOR INJURY,NONE,39.12196736,-77.23327566,"(39.12196736, -77.23327566)"
MCP2952009P,200006872,Montgomery County Police,Injury Crash,02/11/2020 05:54:00 AM,Maryland (State),GEORGIA AVE,COLESVILLE RD,,N/A,PEDESTRIAN,SINGLE VEHICLE,RAINING,WET,DARK LIGHTS ON,TRAFFIC SIGNAL,NONE DETECTED,NONE DETECTED,9861A590-5980-47A7-ADB2-C4CF06A23C32,PEDESTRIAN,Cross/Enter at Intersection,NO IMPROPER ACTIONS,ON ROADWAY AT CROSSWALK,No,POSSIBLE INJURY,NONE,38.99589428,-77.02813661,"(38.99589428, -77.02813661)"
MCP2902003R,190051976,Montgomery County Police,Injury Crash,10/29/2019 07:02:00 AM,Maryland (State),FREDERICK RD,PLUMMER DR,,N/A,BICYCLIST,OTHER,CLEAR,DRY,DAWN,NO CONTROLS,N/A,NONE DETECTED,C8AA58F3-F9E0-4C2E-997E-6DA21E619932,BICYCLIST,Walking/Cycling on Sidewalk,OTHER,SIDEWALK,No,SUSPECTED MINOR INJURY,UNKNOWN,39.17104333,-77.235525,"(39.17104333, -77.235525)"
MCP1213007Y,230032407,Montgomery County Police,Injury Crash,07/07/2023 04:45:00 PM,County,CRYSTAL LA,MIDDLEVALE LA,,N/A,PEDESTRIAN,STRAIGHT MOVEMENT ANGLE,CLEAR,DRY,DAYLIGHT,STOP SIGN,NONE DETECTED,NONE DETECTED,84C41B1E-58E6-4990-BCBF-A338E175D679,PEDESTRIAN,Cross/Enter at Intersection,NO IMPROPER ACTIONS,AT INTERSECTION BUT NO CROSSWALK,No,SUSPECTED MINOR INJURY,NONE,39.07833333,-77.040145,"(39.07833333, -77.040145)"
MCP3373000Q,230025500,Montgomery County Police,Injury Crash,05/27/2023 04:21:00 PM,County,DARCY FOREST DR,KIMBALL PL,,N/A,PEDESTRIAN,SINGLE VEHICLE,CLEAR,DRY,DAYLIGHT,STOP SIGN,UNKNOWN,NONE DETECTED,059CA498-1B53-40A6-A980-A6610603B312,PEDESTRIAN,Other,NO IMPROPER ACTIONS,ON ROADWAY AT CROSSWALK,No,SUSPECTED MINOR INJURY,NONE,39.0166488,-77.04753807,"(39.0166488, -77.04753807)"
MCP2674001C,190038509,Montgomery County Police,Injury Crash,08/12/2019 07:45:00 PM,,,,PARKING LOT OF 12155 AMBER RIDGE CIR,,PEDESTRIAN,OTHER,CLEAR,,DAYLIGHT,NO CONTROLS,NONE DETECTED,NONE DETECTED,ED6450DB-1C70-4E51-A4C5-98E07DDB9833,PEDESTRIAN,Standing,N/A,OTHER,No,POSSIBLE INJURY,NONE,39.19706648,-77.25143575,"(39.19706648, -77.25143575)"
MCP2717003D,15053034,MONTGOMERY,Injury Crash,10/19/2015 02:10:00 PM,,,,Chipotle Parking Lot (10526 Connecticut Avenue),,PEDESTRIAN,OTHER,CLEAR,,DAYLIGHT,NO CONTROLS,NONE DETECTED,NONE DETECTED,22361CF8-13BD-45DB-8B04-E7B351F6F90F,PEDESTRIAN,Other,FAILURE TO YIELD RIGHT OF WAY,OTHER,Yes,SUSPECTED MINOR INJURY,NONE,39.02779385,-77.07665563,"(39.02779385, -77.07665563)"
MCP2046007Z,180012779,Montgomery County Police,Injury Crash,03/14/2018 09:13:00 AM,Maryland (State),COLESVILLE RD,SECOND AVE,,N/A,BICYCLIST,SAME DIRECTION SIDESWIPE,CLEAR,DRY,DAYLIGHT,TRAFFIC SIGNAL,NONE DETECTED,N/A,913E355F-B4D7-4C49-ACF5-86777AA962E3,BICYCLIST,Walking/Riding w/Traffic,OTHER,OTHER,No,POSSIBLE INJURY,MC/BIKE HELMET,38.99514387,-77.02976525,"(38.99514387, -77.02976525)"
MCP3259003K,230059706,Montgomery County Police,Injury Crash,10/10/2023 05:07:00 PM,County,POSTOAK RD,VICTORY LA,,N/A,PEDESTRIAN,OTHER,CLEAR,DRY,DAYLIGHT,NO CONTROLS,NONE DETECTED,NONE DETECTED,D2EC7618-4815-4766-8B62-AC6D16E2C11A,PEDESTRIAN,Cross/Enter at Intersection,NO IMPROPER ACTIONS,AT INTERSECTION MARKED CROSSWALK,No,SUSPECTED MINOR INJURY,NONE,39.0500744,-77.178077,"(39.0500744, -77.178077)"
MCP2927001G,16054074,Montgomery County Police,Injury Crash,10/20/2016 03:40:00 PM,US (State),COLESVILLE RD,FENTON ST,,N/A,PEDESTRIAN,N/A,CLEAR,DRY,DAYLIGHT,TRAFFIC SIGNAL,UNKNOWN,NONE DETECTED,DD33AF84-CC80-44F9-AA76-0CC430808F50,PEDESTRIAN,Cross/Enter at Intersection,NO IMPROPER ACTIONS,ON ROADWAY AT CROSSWALK,No,POSSIBLE INJURY,NONE,38.99769122,-77.02699184,"(38.99769122, -77.02699184)"
DD56350005,180058434,Rockville Police Departme,Injury Crash,11/21/2018 03:42:00 PM,Maryland (State),E JEFFERSON ST,MONROE ST,,ROCKVILLE,BICYCLIST,STRAIGHT MOVEMENT ANGLE,CLEAR,DRY,DAYLIGHT,TRAFFIC SIGNAL,NONE DETECTED,NONE DETECTED,DB5B991B-1B75-4542-B550-5A0C6933C4CC,BICYCLIST,Cross/Enter at Intersection,FAILURE TO YIELD RIGHT OF WAY,ON ROADWAY NOT AT CROSSWALK,Yes,POSSIBLE INJURY,NONE,39.082399,-77.14948783,"(39.082399, -77.14948783)"
MCP2689003J,170523840,Montgomery County Police,Injury Crash,08/09/2017 10:24:00 AM,Maryland (State),VEIRS MILL RD,ATLANTIC AVE,,ROCKVILLE,PEDESTRIAN,SINGLE VEHICLE,CLEAR,DRY,DAYLIGHT,TRAFFIC SIGNAL,NONE DETECTED,NONE DETECTED,9DB3D9AC-17BE-4B46-990F-589D5C5333B9,PEDESTRIAN,Cross/Enter at Intersection,NO IMPROPER ACTIONS,ON ROADWAY AT CROSSWALK,No,SUSPECTED MINOR INJURY,NONE,39.07487539,-77.11544976,"(39.07487539, -77.11544976)"
MCP2796002Y,15066796,Montgomery County Police,Injury Crash,12/29/2015 06:47:00 PM,Maryland (State),LAYHILL RD,ENT TO SHOPPING CENTER,,N/A,PEDESTRIAN,OTHER,CLOUDY,DRY,DARK LIGHTS ON,NO CONTROLS,NONE DETECTED,NONE DETECTED,B9AFB98F-47E5-4A33-ACF4-BB3E79EA3D68,PEDESTRIAN,Cross/Enter not at Intersection,IN ROADWAY IMPROPERLY,ON ROADWAY NOT AT CROSSWALK,Yes,SUSPECTED MINOR INJURY,N/A,39.06159333,-77.05088667,"(39.06159333, -77.05088667)"
MCP2617002Z,17000437,Montgomery County Police,Injury Crash,01/03/2017 06:10:00 PM,County,LINDEN AVE,POOKS HILL RD,,N/A,PEDESTRIAN,OTHER,CLEAR,WET,DARK NO LIGHTS,STOP SIGN,NONE DETECTED,NONE DETECTED,908AAFD6-C38F-4B4A-A8B2-A9F6B619B21F,PEDESTRIAN,Cross/Enter at Intersection,NO IMPROPER ACTIONS,ON ROADWAY AT CROSSWALK,No,POSSIBLE INJURY,NONE,39.01438167,-77.106065,"(39.01438167, -77.106065)"
MCP2357003V,190040668,Montgomery County Police,Injury Crash,08/25/2019 01:51:00 PM,,,,PARKING LOT OF 8101 FENTON STREET,,PEDESTRIAN,OTHER,CLEAR,,DAYLIGHT,N/A,NONE DETECTED,NONE DETECTED,FF6136C3-8528-4BD3-AC0C-DC3EADF9437B,PEDESTRIAN,Other,NO IMPROPER ACTIONS,OTHER,No,POSSIBLE INJURY,N/A,38.99043667,-77.023645,"(38.99043667, -77.023645)"
MCP285900BY,220014023,Montgomery County Police,Injury Crash,04/02/2022 10:50:00 AM,County,MONTGOMERY VILLAGE AVE,WHETSTONE DR,,N/A,PEDESTRIAN,OTHER,CLEAR,DRY,DAYLIGHT,WARNING SIGN,NONE DETECTED,NONE DETECTED,40A818BA-5E7B-4439-86CA-937ED194F97C,PEDESTRIAN,Cross/Enter at Intersection,NO IMPROPER ACTIONS,ON ROADWAY AT CROSSWALK,No,POSSIBLE INJURY,NONE,39.1706,-77.20392667,"(39.1706, -77.20392667)"
MCP2565002G,15065549,Montgomery County Police,Injury Crash,12/22/2015 05:15:00 PM,Maryland (State),OLD GEORGETOWN RD,TILDEN LA,,N/A,PEDESTRIAN,SINGLE VEHICLE,RAINING,WET,DARK LIGHTS ON,TRAFFIC SIGNAL,NONE DETECTED,NONE DETECTED,3FE115DE-8FB9-4197-9979-66DF6C3522A0,PEDESTRIAN,Cross/Enter at Intersection,NO IMPROPER ACTIONS,AT INTERSECTION MARKED CROSSWALK,No,SUSPECTED MINOR INJURY,NONE,39.04474491,-77.12067738,"(39.04474491, -77.12067738)"
MCP137800GW,170507434,Montgomery County Police,Injury Crash,05/12/2017 04:56:00 PM,County,SNOUFFERS SCHOOL RD,WELBECK WAY,,N/A,PEDESTRIAN,SINGLE VEHICLE,RAINING,WET,DAYLIGHT,NO CONTROLS,NONE DETECTED,NONE DETECTED,4EB65E5A-E3FF-49FC-BD9E-F6104FB70A19,PEDESTRIAN,Cross/Enter not at Intersection,DART DASH,ON ROADWAY NOT AT CROSSWALK,Yes,SUSPECTED MINOR INJURY,NONE,39.18528667,-77.183645,"(39.18528667, -77.183645)"
MCP3034003W,190060536,Montgomery County Police,Injury Crash,12/16/2019 08:26:00 AM,Maryland (State),WISCONSIN AVE,WISCONSIN CIR,,N/A,PEDESTRIAN,N/A,RAINING,WET,DAYLIGHT,TRAFFIC SIGNAL,NONE DETECTED,NONE DETECTED,109F257D-98E7-404F-84E4-381A92D3BD73,PEDESTRIAN,Cross/Enter at Intersection,NO IMPROPER ACTIONS,ON ROADWAY AT CROSSWALK,No,POSSIBLE INJURY,NONE,38.96203833,-77.086235,"(38.96203833, -77.086235)"
MCP2612005D,230047688,Montgomery County Police,Injury Crash,08/03/2023 11:30:00 AM,County,RANDOLPH RD,VEIRS MILL RD,,N/A,PEDESTRIAN,UNKNOWN,CLOUDY,DRY,DAYLIGHT,UNKNOWN,UNKNOWN,UNKNOWN,BC92E6A5-C745-441C-8550-22E9119074B5,PEDESTRIAN,Unknown,UNKNOWN,UNKNOWN,Unknown,SUSPECTED MINOR INJURY,UNKNOWN,39.05617734,-77.08262173,"(39.05617734, -77.08262173)"
MCP2789001J,15049793,MONTGOMERY,Injury Crash,10/01/2015 04:12:00 PM,County,PATTON DR,MILES ST,,N/A,PEDESTRIAN,SINGLE VEHICLE,RAINING,WET,DAYLIGHT,NO CONTROLS,N/A,N/A,0971972B-D3AA-4FD3-B5E9-66EC27A8FA6C,PEDESTRIAN,Walking/Riding w/Traffic,NO IMPROPER ACTIONS,OTHER,No,SUSPECTED MINOR INJURY,N/A,39.00267333,-76.995375,"(39.00267333, -76.995375)"
DM8447000V,16015057,Takoma Park Police Depart,Injury Crash,03/27/2016 09:09:00 PM,Maryland (State),UNIVERSITY BLVD E,MERRIMAC DR,,TAKOMA PARK,PEDESTRIAN,STRAIGHT MOVEMENT ANGLE,RAINING,WET,DARK LIGHTS ON,NO CONTROLS,NONE DETECTED,UNKNOWN,5441A21A-CD0E-47EF-BCFA-6D67B8B2FDF0,PEDESTRIAN,Cross/Enter not at Intersection,UNKNOWN,ON ROADWAY NOT AT CROSSWALK,Yes,POSSIBLE INJURY,NONE,38.992718,-76.991393,"(38.992718, -76.991393)"
MCP3282000W,210039076,Montgomery County Police,Injury Crash,10/01/2021 11:42:00 PM,Maryland (State),GREAT SENECA HWY,WISTERIA DR,,N/A,PEDESTRIAN,OTHER,N/A,DRY,DARK LIGHTS ON,N/A,NONE DETECTED,UNKNOWN,8A672DE9-5D4B-4876-8BAA-FD02ECD1D3DD,PEDESTRIAN,Standing,IN ROADWAY IMPROPERLY,ON ROADWAY NOT AT CROSSWALK,Yes,POSSIBLE INJURY,NONE,39.17073726,-77.26243425,"(39.17073726, -77.26243425)"
MCP3123006D,230059800,Montgomery County Police,Injury Crash,10/11/2023 08:17:00 AM,County,SOMERVILLE DR,PARAMOUNT DR,,N/A,PEDESTRIAN,OTHER,CLEAR,DRY,DAYLIGHT,TRAFFIC SIGNAL,N/A,N/A,2E54CC1D-509D-4172-A0BF-FB1B68E129F0,PEDESTRIAN,Cross/Enter at Intersection,NO IMPROPER ACTIONS,AT INTERSECTION MARKED CROSSWALK,No,POSSIBLE INJURY,N/A,39.11719093,-77.16484325,"(39.11719093, -77.16484325)"
MCP14650028,16044643,Montgomery County Police,Injury Crash,09/01/2016 12:24:00 PM,Municipality,E GUDE DR,TAFT ST,,ROCKVILLE,PEDESTRIAN,SINGLE VEHICLE,RAINING,WET,DAYLIGHT,TRAFFIC SIGNAL,NONE DETECTED,NONE DETECTED,9324A6D0-C538-44C4-B860-B038257C06EF,PEDESTRIAN,Cross/Enter at Intersection,NO IMPROPER ACTIONS,ON ROADWAY AT CROSSWALK,No,SUSPECTED MINOR INJURY,N/A,39.09409333,-77.13243167,"(39.09409333, -77.13243167)"
DD56530031,230070516,Rockville Police Departme,Injury Crash,12/07/2023 11:17:00 PM,Municipality,MONROE ST,ARGYLE ST,,ROCKVILLE,PEDESTRIAN,SINGLE VEHICLE,CLOUDY,DRY,DARK LIGHTS ON,STOP SIGN,UNKNOWN,ALCOHOL PRESENT,24A73D6D-7269-440C-A52E-666D3EE4CF07,PEDESTRIAN,Unknown,UNKNOWN,SHOULDER,No,SUSPECTED MINOR INJURY,NONE,39.07795461,-77.15156858,"(39.07795461, -77.15156858)"
MCP2756002S,190016394,Montgomery County Police,Injury Crash,04/08/2019 09:05:00 PM,,,,PARKING LOT OF 11301 GEORGIA AVE.,,PEDESTRIAN,OTHER,CLOUDY,,DARK LIGHTS ON,NO CONTROLS,NONE DETECTED,ALCOHOL PRESENT,41B7608E-E79B-4C90-87FD-F5245806088D,PEDESTRIAN,Other,NOT VISIBLE,OTHER,Yes,SUSPECTED MINOR INJURY,N/A,39.04024333,-77.05111333,"(39.04024333, -77.05111333)"
MCP2952003C,170502566,Montgomery County Police,Injury Crash,04/17/2017 10:41:00 AM,,,,"ON SECOND FLOOR OF COUNTY PARKING GARAGE LOCATED AT 7726 FENTON STREET, SILVER SPRING MARYLAND 20910",,PEDESTRIAN,OTHER,N/A,,DAYLIGHT,N/A,NONE DETECTED,NONE DETECTED,A03DC75A-6485-4879-9E08-15D1F3258473,PEDESTRIAN,Other,UNKNOWN,OTHER,No,SUSPECTED MINOR INJURY,N/A,38.98648333,-77.02318333,"(38.98648333, -77.02318333)"
DD55830020,16058717,Rockville Police Departme,Injury Crash,11/14/2016 06:56:00 PM,,,,PARKING LOT BETWEEN 7408 AND 7406 WESTMORE RD ROCKVILLE,,PEDESTRIAN,OTHER,CLEAR,,DARK NO LIGHTS,N/A,NONE DETECTED,NONE DETECTED,152E1B65-0314-4E72-ABA3-2AB6700CC1B3,PEDESTRIAN,Other,NOT VISIBLE,OTHER,Yes,SUSPECTED MINOR INJURY,NONE,39.09847022,-77.15177223,"(39.09847022, -77.15177223)"
MCP2512005H,210001897,Montgomery County Police,Injury Crash,01/15/2021 06:44:00 PM,Municipality,KENTLANDS BLVD,MARKET ST,,GAITHERSBURG,PEDESTRIAN,STRAIGHT MOVEMENT ANGLE,RAINING,WET,DARK LIGHTS ON,OTHER,NONE DETECTED,NONE DETECTED,38E2DD61-E1C6-449F-910C-C610AAA3DC85,PEDESTRIAN,Cross/Enter not at Intersection,NO IMPROPER ACTIONS,ON ROADWAY AT CROSSWALK,No,SUSPECTED MINOR INJURY,NONE,39.12321833,-77.23512833,"(39.12321833, -77.23512833)"
DD5630001W,190037710,Rockville Police Departme,Injury Crash,08/07/2019 07:17:00 PM,Maryland (State),ROCKVILLE PIKE,HALPINE RD,,ROCKVILLE,PEDESTRIAN,OTHER,CLEAR,DRY,DAWN,TRAFFIC SIGNAL,NONE DETECTED,NONE DETECTED,A6A75880-4CB9-4C17-92A4-136989148010,PEDESTRIAN,Cross/Enter at Intersection,NO IMPROPER ACTIONS,AT INTERSECTION MARKED CROSSWALK,No,SUSPECTED MINOR INJURY,NONE,39.06227,-77.12410667,"(39.06227, -77.12410667)"
MCP31360061,230014903,Montgomery County Police,Injury Crash,03/28/2023 07:05:00 AM,Maryland (State),UNIVERSITY BLVD E,E FRANKLIN AVE,,N/A,PEDESTRIAN,OTHER,CLEAR,DRY,DAWN,TRAFFIC SIGNAL,NONE DETECTED,NONE DETECTED,14A3A1D3-F73E-48A3-93C6-618A10828481,PEDESTRIAN,Cross/Enter at Intersection,NO IMPROPER ACTIONS,ON ROADWAY AT CROSSWALK,No,SUSPECTED MINOR INJURY,N/A,39.01215753,-77.00266355,"(39.01215753, -77.00266355)"