Report Number,Local Case Number,Agency Name,ACRS Report Type,Crash Date/Time,Route Type,Road Name,Cross-Street Name,Off-Road Description,Municipality,Related Non-Motorist,Collision Type,Weather,Surface Condition,Light,Traffic Control,Driver Substance Abuse,Non-Motorist Substance Abuse,Person ID,Pedestrian Type,Pedestrian Movement,Pedestrian Actions,Pedestrian Location,At Fault,Injury Severity,Safety Equipment,Latitude,Longitude,Location
MCP2531000D,15065828,MONTGOMERY,Injury Crash,12/23/2015 07:01:00 PM,County,CROWN FARM DR,STORY DR,,GAITHERSBURG,PEDESTRIAN,SINGLE VEHICLE,RAINING,WET,DARK -- UNKNOWN LIGHTING,STOP SIGN,N/A,N/A,CA7E9CE1-F6F6-4DCA-AC02-18BE195F5D15,PEDESTRIAN,Cross/Enter not at Intersection,NO IMPROPER ACTIONS,ON ROADWAY AT CROSSWALK,No,SUSPECTED MINOR INJURY,NONE,39.11576833,-77.21183,"(39.11576833, -77.21183)"
MCP33070014,210048926,Montgomery County Police,Injury Crash,12/02/2021 02:02:00 PM,,,,PARKING LOT OF GIANT FOOD 3860 ROSSMOOR BLVD,,PEDESTRIAN,OTHER,CLEAR,,DAYLIGHT,NO CONTROLS,NONE DETECTED,NONE DETECTED,3FFC30FF-4E13-48FC-B92E-CBBC878B93F5,PEDESTRIAN,Cross/Enter at Intersection,IN ROADWAY IMPROPERLY,AT INTERSECTION BUT NO CROSSWALK,Yes,SUSPECTED SERIOUS INJURY,NONE,39.10147,-77.07552833,"(39.10147, -77.07552833)"
MCP2633002Z,220055746,Montgomery County Police,Injury Crash,12/16/2022 03:03:00 PM,,,,PARKING LOT OF 842 MUDDY BRANCH ROAD,,PEDESTRIAN,OTHER,CLEAR,,DAYLIGHT,NO CONTROLS,NONE DETECTED,NONE DETECTED,D01570CF-8248-4570-A7AF-E2BEBB3B68A9,PEDESTRIAN,Other Working,NO IMPROPER ACTIONS,OTHER,No,POSSIBLE INJURY,REFLECTIVE CLOTHING,39.11478824,-77.2169752,"(39.11478824, -77.2169752)"
MCP1301001S,220014595,Montgomery County Police,Fatal Crash,04/06/2022 08:22:00 AM,County,GROSVENOR LA,KING CHARLES WAY,,N/A,PEDESTRIAN,SINGLE VEHICLE,RAINING,WET,DAYLIGHT,NO CONTROLS,N/A,N/A,27FD9615-11D6-483B-8B87-4B8FC356442D,PEDESTRIAN,Standing,NO IMPROPER ACTIONS,OTHER,No,FATAL INJURY,N/A,39.02236167,-77.10515,"(39.02236167, -77.10515)"
EJ7829001R,15063391,GAITHERSBURG,Injury Crash,12/11/2015 06:50:00 PM,Municipality,W DEER PARK RD,DUVALL LA,,GAITHERSBURG,PEDESTRIAN,SINGLE VEHICLE,CLEAR,DRY,DARK LIGHTS ON,STOP SIGN,NONE DETECTED,NONE DETECTED,F7888C59-A21D-404F-9A30-868A47C1F47B,PEDESTRIAN,Cross/Enter at Intersection,IN ROADWAY IMPROPERLY,AT INTERSECTION BUT NO CROSSWALK,Yes,SUSPECTED MINOR INJURY,N/A,39.12748,-77.19744,"(39.12748, -77.19744)"
MCP3145002M,200028183,Montgomery County Police,Injury Crash,07/20/2020 04:00:00 PM,County,E RANDOLPH RD,CLIFTON RD,,N/A,BICYCLIST,OTHER,CLEAR,DRY,DAYLIGHT,YIELD SIGN,NONE DETECTED,NONE DETECTED,234F1788-CCD3-41E7-ACF0-5CA77CA0ECC5,BICYCLIST,Cross/Enter at Intersection,NO IMPROPER ACTIONS,AT INTERSECTION BUT NO CROSSWALK,No,SUSPECTED MINOR INJURY,NONE,39.075855,-76.998485,"(39.075855, -76.998485)"
MCP2861002Y,170527855,Montgomery County Police,Injury Crash,08/30/2017 08:00:00 PM,County,DEMOCRACY BLVD,SPUR TO ROCKLEDGE RD,,N/A,PEDESTRIAN,SINGLE VEHICLE,CLEAR,DRY,DARK LIGHTS ON,NO CONTROLS,NONE DETECTED,NONE DETECTED,8D72DB93-73D8-43DF-AF9B-09A58BC19A2D,PEDESTRIAN,Cross/Enter not at Intersection,NO IMPROPER ACTIONS,ON ROADWAY AT CROSSWALK,No,SUSPECTED SERIOUS INJURY,NONE,39.02361833,-77.12876667,"(39.02361833, -77.12876667)"
DD5520001K,220051215,Rockville Police Departme,Injury Crash,11/19/2022 03:14:00 PM,Municipality,EDMONSTON DR,CRAWFORD DR,,ROCKVILLE,PEDESTRIAN,OTHER,N/A,DRY,DAYLIGHT,N/A,NONE DETECTED,NONE DETECTED,48984F52-4410-4E8A-8F36-9785A238ED65,PEDESTRIAN,Cross/Enter at Intersection,NO IMPROPER ACTIONS,ON ROADWAY AT CROSSWALK,No,SUSPECTED MINOR INJURY,NONE,39.06947791,-77.13071684,"(39.06947791, -77.13071684)"
MCP31610053,230011087,Montgomery County Police,Injury Crash,03/06/2023 07:15:00 PM,Maryland (State),CONNECTICUT AVE,HOWARD AVE,,KENSINGTON,PEDESTRIAN,SINGLE VEHICLE,CLEAR,DRY,DARK LIGHTS ON,NO CONTROLS,NONE DETECTED,NONE DETECTED,2A3A4AD9-B96B-448B-995F-39CD87DB5DA0,PEDESTRIAN,Cross/Enter not at Intersection,IN ROADWAY IMPROPERLY,ON ROADWAY NOT AT CROSSWALK,Yes,POSSIBLE INJURY,NONE,38.99981583,-77.08142567,"(38.99981583, -77.08142567)"
MCP3123004P,220047172,Montgomery County Police,Injury Crash,10/27/2022 01:08:00 PM,County,TWINBROOK PKWY,VEIRS MILL RD,,N/A,PEDESTRIAN,OTHER,CLEAR,DRY,DAYLIGHT,N/A,N/A,N/A,18088416-FA4F-4A3F-81E9-E190D9761690,PEDESTRIAN,Cross/Enter not at Intersection,DART DASH,OUTSIDE RIGHT OF WAY,Yes,SUSPECTED MINOR INJURY,N/A,39.07306,-77.11221131,"(39.07306, -77.11221131)"
MCP2358007K,200026724,Montgomery County Police,Property Damage Crash,07/09/2020 08:30:00 PM,Maryland (State),MASSACHUSETTS AVE,CROMWELL DR,,N/A,BICYCLIST,STRAIGHT MOVEMENT ANGLE,CLEAR,DRY,DARK NO LIGHTS,TRAFFIC SIGNAL,UNKNOWN,NONE DETECTED,AE2D784A-6BB5-46B9-B39B-94DC527C13CB,BICYCLIST,Cross/Enter at Intersection,FAILURE TO OBEY TRAFFIC SIGNS SIGNALS OR OFFICER,OTHER,Unknown,NO APPARENT INJURY,UNKNOWN,38.96098,-77.1162,"(38.96098, -77.1162)"
DD5614001T,17000330,Rockville Police Departme,Injury Crash,01/03/2017 07:35:00 AM,Municipality,WOOTTON PKWY,PAULSBORO DR,,N/A,PEDESTRIAN,STRAIGHT MOVEMENT ANGLE,RAINING,WET,DAWN,N/A,NONE DETECTED,NONE DETECTED,CC75B347-83DE-44F0-ACD4-EFB06DF72020,PEDESTRIAN,Walking to/from school,NO IMPROPER ACTIONS,AT INTERSECTION MARKED CROSSWALK,No,POSSIBLE INJURY,NONE,39.07759833,-77.18217333,"(39.07759833, -77.18217333)"
MCP28680011,15010611,Montgomery County Police,Injury Crash,03/07/2015 05:07:00 PM,,,,Parking Garage near Macy's side of Montgomery Mall,,PEDESTRIAN,SINGLE VEHICLE,CLEAR,,DAYLIGHT,NO CONTROLS,NONE DETECTED,NONE DETECTED,81CBD828-528B-45E8-9FFA-7920257EB3F2,PEDESTRIAN,Other,NO IMPROPER ACTIONS,OTHER,,SUSPECTED MINOR INJURY,N/A,39.02440159,-77.14738011,"(39.02440159, -77.14738011)"
DD5617000Q,17012078,Rockville Police Departme,Injury Crash,03/07/2017 07:56:00 PM,County,TWINBROOK PKWY,VEIRS MILL RD,,N/A,PEDESTRIAN,OTHER,RAINING,WET,DARK LIGHTS ON,TRAFFIC SIGNAL,NONE DETECTED,NONE DETECTED,89CDE1DF-3947-4DE1-BD6A-222BC9301A60,PEDESTRIAN,Cross/Enter at Intersection,NO IMPROPER ACTIONS,AT INTERSECTION MARKED CROSSWALK,No,POSSIBLE INJURY,NONE,39.07336938,-77.11198837,"(39.07336938, -77.11198837)"
MCP28770084,200004579,Montgomery County Police,Injury Crash,01/28/2020 08:54:00 AM,County,DARCY FOREST DR,FOREST GLEN RD,,N/A,PEDESTRIAN,OTHER,CLEAR,DRY,DAYLIGHT,STOP SIGN,NONE DETECTED,NONE DETECTED,ED953D28-34E9-4CF0-8F4D-6D8764BA8BC2,PEDESTRIAN,Cross/Enter at Intersection,NO IMPROPER ACTIONS,ON ROADWAY AT CROSSWALK,No,POSSIBLE INJURY,N/A,39.01540327,-77.04728511,"(39.01540327, -77.04728511)"
MCP2991000M,16009802,Montgomery County Police,Injury Crash,02/27/2016 02:38:00 PM,Maryland (State),GEORGIA AVE,CONNECTICUT AVE,,N/A,PEDESTRIAN,SINGLE VEHICLE,CLEAR,DRY,DAYLIGHT,NO CONTROLS,NONE DETECTED,UNKNOWN,C52B7295-F525-48BF-B928-353E6F71F655,PEDESTRIAN,Cross/Enter not at Intersection,N/A,OTHER,Unknown,SUSPECTED MINOR INJURY,NONE,39.08438183,-77.07791626,"(39.08438183, -77.07791626)"
EJ7858002K,180045275,Gaithersburg Police Depar,Injury Crash,09/11/2018 04:59:00 AM,Maryland (State),S FREDERICK RD,EDUCATION BLVD,,GAITHERSBURG,PEDESTRIAN,SINGLE VEHICLE,RAINING,WET,DARK LIGHTS ON,FLASHING TRAFFIC SIGNAL,NONE DETECTED,NONE DETECTED,281750AA-2123-4F38-87A0-13BE976C054F,PEDESTRIAN,Cross/Enter at Intersection,NOT VISIBLE,ON ROADWAY AT CROSSWALK,No,SUSPECTED MINOR INJURY,N/A,39.13599833,-77.19226833,"(39.13599833, -77.19226833)"
EJ78640018,180008060,Gaithersburg Police Depar,Injury Crash,02/15/2018 08:42:00 PM,Municipality,MARKET ST E,LEANING OAK ST,,GAITHERSBURG,BICYCLIST,SINGLE VEHICLE,N/A,N/A,DARK LIGHTS ON,STOP SIGN,N/A,N/A,3C4B6754-69D6-4321-95C8-75C780C0BE27,BICYCLIST,Cross/Enter at Intersection,FAILURE TO OBEY TRAFFIC SIGNS SIGNALS OR OFFICER,ON ROADWAY NOT AT CROSSWALK,Yes,SUSPECTED MINOR INJURY,NONE,38.99778,-77.10976667,"(38.99778, -77.10976667)"
MCP28710065,190025208,Montgomery County Police,Injury Crash,05/27/2019 04:13:00 PM,County,ROSELAND DR,OLD GEORGETOWN RD,,N/A,OTHER,OTHER,CLEAR,DRY,DAYLIGHT,NO CONTROLS,NONE DETECTED,NONE DETECTED,B1EA0966-7837-4E60-B29A-FD34850A9A55,OTHER,Playing,IN ROADWAY IMPROPERLY,N/A,Yes,SUSPECTED MINOR INJURY,MC/BIKE HELMET,39.04198667,-77.12334833,"(39.04198667, -77.12334833)"
DM8490000W,210019621,Takoma Park Police Depart,Injury Crash,05/24/2021 03:29:00 PM,,,,1127 UNIVERSITY BLVD E / SHOPPING CENTER PARKING,,PEDESTRIAN,OTHER,RAINING,,DAYLIGHT,N/A,N/A,N/A,D6A8C144-6F07-40D1-91DC-EB52416FAB38,PEDESTRIAN,Other,OTHER,ON ROADWAY NOT AT CROSSWALK,No,POSSIBLE INJURY,NONE,38.98941383,-76.989808,"(38.98941383, -76.989808)"
MCP1123001M,170531903,Montgomery County Police,Injury Crash,09/21/2017 09:56:00 AM,County,OLNEY MILL RD,BLOOMFIELD RD,,N/A,BICYCLIST,SAME DIRECTION LEFT TURN,CLEAR,DRY,DAYLIGHT,NO CONTROLS,NONE DETECTED,NONE DETECTED,267EC49B-799C-49C7-81EA-AABF7DB71E9B,BICYCLIST,Walking/Riding w/Traffic,OTHER,OTHER,Yes,SUSPECTED SERIOUS INJURY,MC/BIKE HELMET,39.17079817,-77.0810895,"(39.17079817, -77.0810895)"
MCP2740001X,16024977,Montgomery County Police,Injury Crash,05/19/2016 09:40:00 PM,Maryland (State),PINEY BRANCH RD,UNIVERSITY BLVD E,,N/A,PEDESTRIAN,SINGLE VEHICLE,CLEAR,DRY,DARK LIGHTS ON,TRAFFIC SIGNAL,NONE DETECTED,NONE DETECTED,D2BBFF7A-E4D2-4DC4-ABB8-743E73D93BEF,PEDESTRIAN,Cross/Enter at Intersection,NO IMPROPER ACTIONS,ON ROADWAY AT CROSSWALK,No,SUSPECTED MINOR INJURY,N/A,38.9996788,-76.99525595,"(38.9996788, -76.99525595)"
MCP28050015,15003440,Montgomery County Police,Injury Crash,01/21/2015 07:14:00 PM,,,,20110 ROTHBURY LANE (PARKING LOT),,PEDESTRIAN,OTHER,CLOUDY,,DARK NO LIGHTS,N/A,NONE DETECTED,NONE DETECTED,5A6E218A-7453-4EF9-B2BE-212A7B893853,PEDESTRIAN,Unknown,UNKNOWN,ON ROADWAY AT CROSSWALK,,POSSIBLE INJURY,N/A,39.18607,-77.19134333,"(39.18607, -77.19134333)"
EJ7818000B,16027164,Gaithersburg Police Depar,Injury Crash,05/31/2016 04:05:00 PM,County,MUDDY BRANCH RD,DIAMONDBACK DR,,N/A,PEDESTRIAN,N/A,N/A,DRY,DAYLIGHT,TRAFFIC SIGNAL,NONE DETECTED,NONE DETECTED,C24AFF9B-3EE9-4305-9449-79A413BD9ED6,PEDESTRIAN,Cross/Enter at Intersection,NO IMPROPER ACTIONS,ON ROADWAY AT CROSSWALK,No,SUSPECTED SERIOUS INJURY,N/A,39.11528667,-77.21586333,"(39.11528667, -77.21586333)"
MCP2753005F,220021523,Montgomery County Police,Injury Crash,05/20/2022 01:20:00 PM,Maryland (State),NORBECK RD,GEORGIA AVE,,N/A,BICYCLIST,OTHER,N/A,DRY,DAYLIGHT,TRAFFIC SIGNAL,NONE DETECTED,NONE DETECTED,C67CEE2E-0D03-415C-B3BD-20F4CE1CFB9B,BICYCLIST,Cross/Enter at Intersection,NO IMPROPER ACTIONS,AT INTERSECTION MARKED CROSSWALK,No,SUSPECTED MINOR INJURY,MC/BIKE HELMET,39.109445,-77.07531333,"(39.109445, -77.07531333)"
MCP2134001N,180052132,Montgomery County Police,Fatal Crash,10/18/2018 06:15:00 AM,Maryland (State),HUNGERFORD DR,FREDERICK AVE #2,,ROCKVILLE,PEDESTRIAN,OTHER,N/A,DRY,DARK LIGHTS ON,TRAFFIC SIGNAL,N/A,UNKNOWN,5B6DD398-2787-4441-A467-BF7A10FD3E8B,PEDESTRIAN,Unknown,UNKNOWN,UNKNOWN,Unknown,FATAL INJURY,NONE,39.09418231,-77.15344652,"(39.09418231, -77.15344652)"
MCP28660048,170541535,Montgomery County Police,Injury Crash,11/07/2017 06:00:00 PM,County,WOODMONT AVE,ELM ST,,N/A,PEDESTRIAN,SINGLE VEHICLE,RAINING,WET,DARK LIGHTS ON,TRAFFIC SIGNAL,NONE DETECTED,NONE DETECTED,4DEDA5E1-F294-4904-B9F8-3A2E03844428,PEDESTRIAN,Cross/Enter at Intersection,NO IMPROPER ACTIONS,AT INTERSECTION MARKED CROSSWALK,No,SUSPECTED MINOR INJURY,N/A,38.98227167,-77.09605167,"(38.98227167, -77.09605167)"
MCP913000B3,200037029,Montgomery County Police,Injury Crash,09/21/2020 01:54:00 PM,US (State),COLUMBIA PIKE,HILLWOOD DR,,N/A,PEDESTRIAN,STRAIGHT MOVEMENT ANGLE,CLEAR,DRY,DAYLIGHT,NO CONTROLS,NONE DETECTED,NONE DETECTED,F76BBA9D-3B7F-450E-84CF-EE481ECD5DAD,PEDESTRIAN,Cross/Enter not at Intersection,FAILURE TO YIELD RIGHT OF WAY,ON ROADWAY NOT AT CROSSWALK,Yes,POSSIBLE INJURY,NONE,39.03246833,-77.003675,"(39.03246833, -77.003675)"
MCP2656006W,230024263,Montgomery County Police,Injury Crash,05/20/2023 06:45:00 PM,Maryland (State),CLOPPER RD,VILLAGE FOUNTAIN DR,,N/A,PEDESTRIAN,OTHER,RAINING,WET,DAYLIGHT,TRAFFIC SIGNAL,N/A,N/A,122C592A-24B6-404D-8D4F-D2D24ECA77D9,PEDESTRIAN,Cross/Enter at Intersection,DART DASH,ON ROADWAY AT CROSSWALK,Yes,NO APPARENT INJURY,N/A,39.1603645,-77.27999867,"(39.1603645, -77.27999867)"
MCP3341001L,230022947,Montgomery County Police,Injury Crash,05/13/2023 09:15:00 AM,Maryland (State),GEORGIA AVE,CONNECTICUT AVE,,N/A,BICYCLIST,OTHER,CLOUDY,DRY,DAYLIGHT,TRAFFIC SIGNAL,N/A,N/A,3996D1EE-64EE-42C4-86B3-1862B6C0A29F,BICYCLIST,Cross/Enter at Intersection,NO IMPROPER ACTIONS,ON ROADWAY AT CROSSWALK,No,SUSPECTED MINOR INJURY,NONE,39.08445267,-77.07783433,"(39.08445267, -77.07783433)"
MCP29820012,16042990,Montgomery County Police,Injury Crash,08/24/2016 10:27:00 AM,County,MISSISSIPPI AVE,PINEY BRANCH RD,,N/A,PEDESTRIAN,OTHER,CLEAR,DRY,DAYLIGHT,NO CONTROLS,NONE DETECTED,NONE DETECTED,82E6EE9B-6511-45C5-8B6B-E20EF2AD1FB8,PEDESTRIAN,Walking/Riding against Traffic,NO IMPROPER ACTIONS,CURB,No,POSSIBLE INJURY,N/A,38.988915,-77.01157667,"(38.988915, -77.01157667)"
MCP1550003J,220033123,Montgomery County Police,Injury Crash,08/02/2022 07:00:00 AM,County,TALBOT AVE,BROOKVILLE RD,,N/A,PEDESTRIAN,OTHER,CLEAR,DRY,DAWN,NO CONTROLS,NONE DETECTED,NONE DETECTED,72F32F31-6169-454E-86C9-2614E6B47963,PEDESTRIAN,Standing,NO IMPROPER ACTIONS,OTHER,Yes,SUSPECTED MINOR INJURY,N/A,39.00538167,-77.049815,"(39.00538167, -77.049815)"
DD56210011,170508352,Rockville Police Departme,Injury Crash,05/17/2017 02:30:00 PM,Municipality,CHURCH ST,ROCKVILLE PIKE,,N/A,PEDESTRIAN,SINGLE VEHICLE,CLEAR,DRY,DAYLIGHT,TRAFFIC SIGNAL,UNKNOWN,NONE DETECTED,C9F2E02D-E815-4EA6-9F8F-478705A8F486,PEDESTRIAN,Cross/Enter at Intersection,UNKNOWN,AT INTERSECTION MARKED CROSSWALK,Unknown,SUSPECTED MINOR INJURY,NONE,39.08354633,-77.14731067,"(39.08354633, -77.14731067)"
MCP25120036,170538362,Montgomery County Police,Injury Crash,10/23/2017 04:59:00 PM,Maryland (State),DARNESTOWN RD,MUDDY BRANCH RD,,N/A,BICYCLIST,SAME DIRECTION RIGHT TURN,CLOUDY,DRY,DAYLIGHT,TRAFFIC SIGNAL,NONE DETECTED,NONE DETECTED,FFD48116-7BC5-4CFE-B321-4F59B74F07ED,BICYCLIST,Walking/Riding w/Traffic,NO IMPROPER ACTIONS,IN BIKEWAY,No,SUSPECTED MINOR INJURY,MC/BIKE HELMET,39.10260833,-77.22000333,"(39.10260833, -77.22000333)"
MCP2847000N,15004014,Montgomery County Police,Injury Crash,01/25/2015 08:53:00 AM,County,ATHERTON DR,RANDOLPH RD,,N/A,PEDESTRIAN,OTHER,CLEAR,DRY,DAYLIGHT,STOP SIGN,NONE DETECTED,NONE DETECTED,6CDFBA21-8C89-44A5-AC91-3FF904DC38E2,PEDESTRIAN,Cross/Enter at Intersection,NO IMPROPER ACTIONS,ON ROADWAY AT CROSSWALK,,POSSIBLE INJURY,N/A,39.05713167,-77.07692833,"(39.05713167, -77.07692833)"
MCP3328001R,230014499,Montgomery County Police,Injury Crash,03/25/2023 06:00:00 PM,Maryland (State),GEORGIA AVE,MASON ST,,N/A,PEDESTRIAN,OTHER,CLOUDY,WET,DAYLIGHT,NO CONTROLS,NONE DETECTED,NONE DETECTED,E998BBAD-142F-43D6-89EF-C301D80AAE7B,PEDESTRIAN,Cross/Enter at Intersection,DART DASH,ON ROADWAY AT CROSSWALK,No,SUSPECTED MINOR INJURY,NONE,39.055404,-77.050068,"(39.055404, -77.050068)"
MCP3205001K,200024689,Montgomery County Police,Injury Crash,06/24/2020 02:10:00 PM,Maryland (State),UNIVERSITY BLVD W,EASECREST DR,,N/A,PEDESTRIAN,SINGLE VEHICLE,N/A,DRY,DAYLIGHT,NO CONTROLS,NONE DETECTED,NONE DETECTED,C213DEB5-97FE-42E1-93AE-C3DDEBBDB6EF,PEDESTRIAN,Cross/Enter not at Intersection,IN ROADWAY IMPROPERLY,OUTSIDE RIGHT OF WAY,Yes,SUSPECTED MINOR INJURY,NONE,39.0379435,-77.04014217,"(39.0379435, -77.04014217)"
MCP2723004X,200007089,Montgomery County Police,Injury Crash,02/12/2020 12:10:00 PM,Maryland (State),OLNEY SANDY SPRING RD,GEORGIA AVE,,N/A,PEDESTRIAN,SINGLE VEHICLE,CLEAR,DRY,DAYLIGHT,TRAFFIC SIGNAL,NONE DETECTED,NONE DETECTED,91CE6B2E-A4DA-4E64-B4C8-7B4D64981853,PEDESTRIAN,Cross/Enter at Intersection,NO IMPROPER ACTIONS,AT INTERSECTION MARKED CROSSWALK,No,SUSPECTED MINOR INJURY,N/A,39.15296,-77.06694167,"(39.15296, -77.06694167)"
MCP2894005H,190006431,Montgomery County Police,Injury Crash,02/09/2019 02:07:00 PM,,,,"4816 BOILING BROOK PKWY, GOODWILL PARKING LOT",,PEDESTRIAN,SAME DIR REAR END,CLEAR,,DAYLIGHT,NO CONTROLS,,NONE DETECTED,3F4E54C9-5313-4899-ABEE-8239F5ADB399,PEDESTRIAN,Other,NO IMPROPER ACTIONS,OTHER,No,POSSIBLE INJURY,N/A,39.04524333,-77.11300833,"(39.04524333, -77.11300833)"
DD55830083,230020104,Rockville Police Departme,Injury Crash,04/27/2023 10:28:00 AM,Municipality,FALLSGROVE BLVD,ENT TO APARTMENTS,,N/A,PEDESTRIAN,SINGLE VEHICLE,CLEAR,DRY,DAYLIGHT,NO CONTROLS,NONE DETECTED,NONE DETECTED,089F698D-5C51-4608-955E-655C1C40B37D,PEDESTRIAN,Unknown,IN ROADWAY IMPROPERLY,SHOULDER,Yes,SUSPECTED SERIOUS INJURY,N/A,39.09667353,-77.19366236,"(39.09667353, -77.19366236)"
MCP3078002K,180061458,Montgomery County Police,Injury Crash,12/08/2018 09:35:00 PM,Maryland (State),GEORGIA AVE,CONNECTICUT AVE,,N/A,PEDESTRIAN,SINGLE VEHICLE,CLEAR,DRY,DARK LIGHTS ON,TRAFFIC SIGNAL,NONE DETECTED,NONE DETECTED,D6B33432-EC18-4174-B174-97DAD4F10B26,PEDESTRIAN,Cross/Enter at Intersection,NO IMPROPER ACTIONS,ON ROADWAY AT CROSSWALK,No,SUSPECTED MINOR INJURY,N/A,39.08388,-77.077535,"(39.08388, -77.077535)"
MCP2667007F,210030064,Montgomery County Police,Injury Crash,08/03/2021 09:03:00 AM,,,,METRO ACCESS PARKING LOT AT 8210 BEECHCRAFT AVE,,PEDESTRIAN,SINGLE VEHICLE,CLEAR,,DAYLIGHT,NO CONTROLS,UNKNOWN,NONE DETECTED,AD72FEBC-02DB-4667-B3AC-6C50F101E653,PEDESTRIAN,Standing,NO IMPROPER ACTIONS,OTHER,No,SUSPECTED MINOR INJURY,REFLECTIVE CLOTHING,39.1660161,-77.168074,"(39.1660161, -77.168074)"
MCP2877006X,190025791,Montgomery County Police,Injury Crash,05/30/2019 02:17:00 PM,County,BLAIR MILL RD,EASTERN DR,,N/A,PEDESTRIAN,OTHER,CLEAR,DRY,DAYLIGHT,NO CONTROLS,NONE DETECTED,NONE DETECTED,338F8E0C-9B5C-401F-A038-A1537DD0BF83,PEDESTRIAN,Cross/Enter not at Intersection,INATTENTIVE,ON ROADWAY NOT AT CROSSWALK,Yes,POSSIBLE INJURY,NONE,38.98972667,-77.030625,"(38.98972667, -77.030625)"
EJ7851003T,180059995,Gaithersburg Police Depar,Injury Crash,11/30/2018 07:30:00 AM,County,WARING STATION RD,FOREST BROOK RD,,N/A,PEDESTRIAN,N/A,CLEAR,DRY,DAWN,UNKNOWN,UNKNOWN,NONE DETECTED,E23A7912-F81F-4EAF-86E8-8ABA67C95F39,PEDESTRIAN,Unknown,NO IMPROPER ACTIONS,SIDEWALK,No,POSSIBLE INJURY,NONE,39.16903935,-77.24741924,"(39.16903935, -77.24741924)"
MCP23110011,15052461,MONTGOMERY,Injury Crash,10/15/2015 11:47:00 PM,County,SHADY GROVE RD,CRABBS BRANCH WAY,,N/A,PEDESTRIAN,SINGLE VEHICLE,CLEAR,DRY,DARK NO LIGHTS,TRAFFIC SIGNAL,N/A,NONE DETECTED,690794B1-B2B3-4A96-BAD9-F6B302AA8DB7,PEDESTRIAN,Cross/Enter at Intersection,FAILURE TO OBEY TRAFFIC SIGNS SIGNALS OR OFFICER,AT INTERSECTION MARKED CROSSWALK,No,SUSPECTED MINOR INJURY,NONE,39.12878333,-77.16697833,"(39.12878333, -77.16697833)"
MCP29420030,170530773,Montgomery County Police,Injury Crash,09/15/2017 03:20:00 PM,,,,3715 UNIVERSITY BLVD W PARKING LOT OF CVS,,BICYCLIST,OTHER,CLEAR,,N/A,NO CONTROLS,NONE DETECTED,NONE DETECTED,B0326D29-31D4-443D-A768-E1A3C95DA8AA,BICYCLIST,Walking/Riding w/Traffic,NO IMPROPER ACTIONS,OTHER,No,POSSIBLE INJURY,MC/BIKE HELMET,39.03354,-77.073625,"(39.03354, -77.073625)"
DD5652000C,220007964,Rockville Police Departme,Injury Crash,02/23/2022 03:26:00 PM,Municipality,N WASHINGTON ST,DAWSON AVE,,ROCKVILLE,PEDESTRIAN,OTHER,CLEAR,DRY,DAYLIGHT,TRAFFIC SIGNAL,NONE DETECTED,NONE DETECTED,395952AA-D774-40B9-937F-E6BBEBF663A8,PEDESTRIAN,Cross/Enter at Intersection,NO IMPROPER ACTIONS,ON ROADWAY AT CROSSWALK,No,SUSPECTED MINOR INJURY,NONE,39.08850983,-77.1536315,"(39.08850983, -77.1536315)"
MCP20940060,16009210,Montgomery County Police,Injury Crash,02/24/2016 09:37:00 AM,,,,"PARKING LOT OF

8215 OLD GEORGETOWN RD.",,PEDESTRIAN,OTHER,FOGGY,,DAYLIGHT,N/A,NONE DETECTED,NONE DETECTED,38ADE0AC-1BA3-4FDD-8749-0B1842924319,PEDESTRIAN,Walking to/from school,NO IMPROPER ACTIONS,OTHER,No,SUSPECTED MINOR INJURY,N/A,38.99301333,-77.10723,"(38.99301333, -77.10723)"
MCP2358007R,200031136,Montgomery County Police,Property Damage Crash,08/10/2020 07:00:00 PM,County,DORSET AVE,KENNEDY DR,,N/A,BICYCLIST,STRAIGHT MOVEMENT ANGLE,CLEAR,DRY,DUSK,STOP SIGN,UNKNOWN,NONE DETECTED,BE7CB23C-9646-41FC-AF01-8C5C49498019,BICYCLIST,Cross/Enter at Intersection,FAILURE TO OBEY TRAFFIC SIGNS SIGNALS OR OFFICER,ON ROADWAY AT CROSSWALK,Yes,NO APPARENT INJURY,UNKNOWN,38.96887993,-77.10293722,"(38.96887993, -77.10293722)"
MCP2878001F,15059542,MONTGOMERY,Property Damage Crash,11/21/2015 03:48:00 PM,,,,"Parking Lot 12001 Sylark Rd. Clarksburg, MD 
Ovid Hazen Wells Park",,PEDESTRIAN,SINGLE VEHICLE,CLEAR,,DAYLIGHT,NO CONTROLS,NONE DETECTED,N/A,19406F68-AEA2-45C8-91E6-17C1EEB38603,PEDESTRIAN,Walking/Cycling on Sidewalk,NO IMPROPER ACTIONS,SIDEWALK,No,NO APPARENT INJURY,N/A,39.23923667,-77.25051167,"(39.23923667, -77.25051167)"
MCP2607005G,210027670,Montgomery County Police,Injury Crash,07/17/2021 07:43:00 PM,County,GOSHEN RD,GIRARD ST,,GAITHERSBURG,PEDESTRIAN,N/A,RAINING,WET,DARK LIGHTS ON,NO CONTROLS,ALCOHOL PRESENT,N/A,AC2F1278-4A0A-4CE3-9552-70513B98F2C2,PEDESTRIAN,Standing,NO IMPROPER ACTIONS,OTHER,No,SUSPECTED SERIOUS INJURY,N/A,39.15185056,-77.1924815,"(39.15185056, -77.1924815)"
MCP3048009M,230016525,Montgomery County Police,Injury Crash,04/06/2023 08:50:00 PM,Maryland (State),MASSACHUSETTS AVE,DUVALL DR,,N/A,PEDESTRIAN,OTHER,RAINING,WET,DARK LIGHTS ON,NO CONTROLS,N/A,N/A,99D0CEAC-020F-4295-B8C6-11CFA91C0D38,PEDESTRIAN,Cross/Enter not at Intersection,FAILURE TO YIELD RIGHT OF WAY,ON ROADWAY NOT AT CROSSWALK,Yes,SUSPECTED MINOR INJURY,N/A,38.950496,-77.101668,"(38.950496, -77.101668)"