Report Number,Local Case Number,Agency Name,ACRS Report Type,Crash Date/Time,Route Type,Road Name,Cross-Street Name,Off-Road Description,Municipality,Related Non-Motorist,Collision Type,Weather,Surface Condition,Light,Traffic Control,Driver Substance Abuse,Non-Motorist Substance Abuse,Person ID,Pedestrian Type,Pedestrian Movement,Pedestrian Actions,Pedestrian Location,At Fault,Injury Severity,Safety Equipment,Latitude,Longitude,Location
MCP3124000V,180035999,Montgomery County Police,Injury Crash,07/20/2018 05:20:00 PM,County,VEIRS MILL RD,MONTERREY DR,,N/A,BICYCLIST,STRAIGHT MOVEMENT ANGLE,CLEAR,DRY,DAYLIGHT,STOP SIGN,NONE DETECTED,NONE DETECTED,515E0214-56C8-48EB-BE31-220797183BF5,BICYCLIST,Cross/Enter at Intersection,FAILURE TO YIELD RIGHT OF WAY,OTHER,Yes,SUSPECTED MINOR INJURY,NONE,39.04418193,-77.06295356,"(39.04418193, -77.06295356)"
MCP3212002Z,210040886,Montgomery County Police,Injury Crash,10/12/2021 06:21:00 PM,County,FOREST GLEN RD,ADMIRALTY DR,,N/A,PEDESTRIAN,OTHER,RAINING,WET,DARK LIGHTS ON,OTHER,NONE DETECTED,NONE DETECTED,5ED8BEA2-A604-4A5F-B11E-4A5A520A8924,PEDESTRIAN,Unknown,UNKNOWN,ON ROADWAY AT CROSSWALK,No,SUSPECTED SERIOUS INJURY,NONE,39.01590772,-77.03767848,"(39.01590772, -77.03767848)"
MCP27080023,170514827,Montgomery County Police,Injury Crash,06/20/2017 08:57:00 PM,County,11TH AVE,RUATAN ST,,N/A,PEDESTRIAN,STRAIGHT MOVEMENT ANGLE,CLEAR,N/A,DARK LIGHTS ON,N/A,,NONE DETECTED,616959EE-1DCC-4EC3-B1BE-19995D8310B7,PEDESTRIAN,Standing,UNKNOWN,CURB,No,SUSPECTED MINOR INJURY,NONE,38.99696997,-76.99050307,"(38.99696997, -76.99050307)"
MCP2608001Q,16060615,Montgomery County Police,Injury Crash,11/25/2016 06:39:00 PM,US (State),GEORGIA AVE,KING ST,,N/A,PEDESTRIAN,STRAIGHT MOVEMENT ANGLE,CLEAR,DRY,DARK LIGHTS ON,NO CONTROLS,NONE DETECTED,NONE DETECTED,42B0165A-75A6-4C51-BD24-105086CC16F1,PEDESTRIAN,Cross/Enter not at Intersection,NO IMPROPER ACTIONS,ON ROADWAY NOT AT CROSSWALK,Yes,POSSIBLE INJURY,N/A,38.98569167,-77.02673833,"(38.98569167, -77.02673833)"
MCP1210003W,190040257,Montgomery County Police,Injury Crash,08/22/2019 08:07:00 PM,Maryland (State),MIDCOUNTY HWY,SPUR TO SAYBROOKE OAKS BLVD,,N/A,OTHER,OTHER,RAINING,WET,N/A,NO CONTROLS,"NONE DETECTED, UNKNOWN",NONE DETECTED,2E923A84-7CED-4A47-8D9A-AECE0F6D3291,OTHER,Other,NO IMPROPER ACTIONS,OTHER,No,SUSPECTED SERIOUS INJURY,MC/BIKE HELMET,39.15198,-77.17649,"(39.15198, -77.17649)"
MCP20550038,220006376,Montgomery County Police,Injury Crash,02/11/2022 11:00:00 AM,Municipality,ROCKBORN ST,STONEMASON DR,,GAITHERSBURG,PEDESTRIAN,OTHER,CLEAR,DRY,DAYLIGHT,STOP SIGN,UNKNOWN,N/A,02E137A7-F7C5-4956-BFAF-4373986879B8,PEDESTRIAN,Walking/Riding against Traffic,NO IMPROPER ACTIONS,SHOULDER,No,POSSIBLE INJURY,N/A,39.1142601,-77.2288545,"(39.1142601, -77.2288545)"
DM83520007,190037598,Takoma Park Police Depart,Injury Crash,08/07/2019 07:20:00 AM,Maryland (State),PHILADELPHIA AVE,HOLLY AVE,,TAKOMA PARK,PEDESTRIAN,SINGLE VEHICLE,CLEAR,DRY,DAYLIGHT,STOP SIGN,N/A,N/A,93A2323A-36B9-45F4-B025-68BB41EE5222,PEDESTRIAN,Cross/Enter at Intersection,NO IMPROPER ACTIONS,AT INTERSECTION MARKED CROSSWALK,No,SUSPECTED MINOR INJURY,N/A,38.98217217,-77.0137995,"(38.98217217, -77.0137995)"
MCP2094007Y,17009536,Montgomery County Police,Injury Crash,02/22/2017 12:44:00 PM,,,,"PARKING LOT OF
2015 EAST WEST HWY",,PEDESTRIAN,OTHER,CLEAR,,DAYLIGHT,N/A,NONE DETECTED,NONE DETECTED,4138826F-3B96-441F-A3E4-65EF5DA2A065,PEDESTRIAN,Standing,NO IMPROPER ACTIONS,OTHER,No,SUSPECTED SERIOUS INJURY,N/A,38.99501333,-77.04428,"(38.99501333, -77.04428)"
MCP3364000J,230024764,Montgomery County Police,Property Damage Crash,05/23/2023 05:07:00 PM,Maryland (State),OLNEY SANDY SPRING RD,OLD BALTIMORE RD,,N/A,BICYCLIST,SAME DIR REAR END,CLEAR,DRY,DAYLIGHT,TRAFFIC SIGNAL,N/A,N/A,90FB970D-2265-466D-B97F-611ABF660205,BICYCLIST,Cross/Enter at Intersection,FAILURE TO YIELD RIGHT OF WAY,ON ROADWAY AT CROSSWALK,Yes,NO APPARENT INJURY,MC/BIKE HELMET,39.14673367,-77.05070783,"(39.14673367, -77.05070783)"
DM8493001C,230006873,Takoma Park Police Depart,Injury Crash,02/10/2023 05:12:00 PM,Maryland (State),CARROLL AVE,S MANOR CIR,,TAKOMA PARK,PEDESTRIAN,OTHER,CLEAR,DRY,DAYLIGHT,NO CONTROLS,N/A,N/A,D0AD7032-224A-435B-995F-BC026872145A,PEDESTRIAN,Cross/Enter not at Intersection,DART DASH,ON ROADWAY NOT AT CROSSWALK,Yes,SUSPECTED MINOR INJURY,N/A,38.97856121,-77.00566701,"(38.97856121, -77.00566701)"
MCP3078004K,220001415,Montgomery County Police,Injury Crash,01/12/2022 03:29:00 PM,,,,13464 NEW HAMPSHIRE AVENUE,,PEDESTRIAN,OTHER,N/A,,DAYLIGHT,NO CONTROLS,NONE DETECTED,NONE DETECTED,6728B5EC-E97A-462E-A4FE-BFB663C63619,PEDESTRIAN,Getting off/on Vehicle,INATTENTIVE,OTHER,Yes,POSSIBLE INJURY,NONE,39.077005,-77.00261333,"(39.077005, -77.00261333)"
MCP2311005K,190003896,Montgomery County Police,Injury Crash,01/25/2019 07:19:00 AM,Maryland (State),WOODFIELD RD,FLOWER HILL WAY,,N/A,BICYCLIST,SINGLE VEHICLE,CLEAR,DRY,DAYLIGHT,TRAFFIC SIGNAL,N/A,N/A,9196D3F7-D136-41E0-BE8C-71DB38F044B6,BICYCLIST,Cross/Enter not at Intersection,NO IMPROPER ACTIONS,ON ROADWAY AT CROSSWALK,No,POSSIBLE INJURY,NONE,39.156245,-77.165485,"(39.156245, -77.165485)"
MCP2753001L,16054173,Montgomery County Police,Injury Crash,10/21/2016 07:53:00 AM,,,,"SIDEWALK OF PARKING LOT IN FRONT OF A 7-11 AT
14101 GEORGIA AVENUE
SILVER SPRING MD",,PEDESTRIAN,OTHER,N/A,,DAYLIGHT,NO CONTROLS,NONE DETECTED,NONE DETECTED,62AFE7E4-1FFE-4026-9CA2-B060E59EEB98,PEDESTRIAN,Walking/Riding against Traffic,NO IMPROPER ACTIONS,SIDEWALK,No,SUSPECTED MINOR INJURY,N/A,39.08475167,-77.07807333,"(39.08475167, -77.07807333)"
MCP1301001S,220014595,Montgomery County Police,Fatal Crash,04/06/2022 08:22:00 AM,County,GROSVENOR LA,KING CHARLES WAY,,N/A,PEDESTRIAN,SINGLE VEHICLE,RAINING,WET,DAYLIGHT,NO CONTROLS,N/A,N/A,5D02CF50-8E29-4EE3-A720-0623B5C96ECD,PEDESTRIAN,Standing,NO IMPROPER ACTIONS,OTHER,No,POSSIBLE INJURY,N/A,39.02236167,-77.10515,"(39.02236167, -77.10515)"
MCP2615003R,200034623,Montgomery County Police,Injury Crash,09/04/2020 11:05:00 AM,,,,"DASH IN (PARKING LOT)
11150 NEW HAMPSHIRE AVE 
SILVER SPRING, MD 20904",,PEDESTRIAN,OTHER,CLEAR,,DAYLIGHT,NO CONTROLS,NONE DETECTED,NONE DETECTED,9B955731-9C0E-4CB5-9E2A-B455BE3A8BC3,PEDESTRIAN,Other,NO IMPROPER ACTIONS,OTHER,No,POSSIBLE INJURY,N/A,39.03922465,-76.99075028,"(39.03922465, -76.99075028)"
MCP2717004R,16005393,Montgomery County Police,Injury Crash,02/02/2016 08:10:00 AM,County,MACARTHUR BLVD,SANGAMORE RD,,N/A,BICYCLIST,HEAD ON LEFT TURN,CLEAR,ICE,DAYLIGHT,TRAFFIC SIGNAL,NONE DETECTED,NONE DETECTED,092FE4EB-0146-47BB-9051-3578C2CD0D54,BICYCLIST,Cross/Enter at Intersection,NO IMPROPER ACTIONS,ON ROADWAY AT CROSSWALK,No,SUSPECTED MINOR INJURY,MC/BIKE HELMET,38.94427833,-77.11713,"(38.94427833, -77.11713)"
MCP1389001Y,180048523,Montgomery County Police,Injury Crash,09/28/2018 04:30:00 PM,County,CONTOUR RD,LOST KNIFE RD,,N/A,PEDESTRIAN,SINGLE VEHICLE,CLEAR,DRY,DAYLIGHT,STOP SIGN,NONE DETECTED,NONE DETECTED,BEEB8FB5-91C2-4E27-9584-300C1E04D204,PEDESTRIAN,Cross/Enter at Intersection,NO IMPROPER ACTIONS,AT INTERSECTION MARKED CROSSWALK,No,POSSIBLE INJURY,N/A,39.15522,-77.20131167,"(39.15522, -77.20131167)"
MCP2971000L,15036565,MONTGOMERY,Injury Crash,07/24/2015 04:12:00 PM,US (State),GEORGIA AVE,THAYER AVE,,N/A,PEDESTRIAN,SINGLE VEHICLE,CLEAR,DRY,DAYLIGHT,TRAFFIC SIGNAL,NONE DETECTED,NONE DETECTED,0D47DC3B-BC44-4DF1-80EB-2DB7BA049F33,PEDESTRIAN,Cross/Enter at Intersection,NO IMPROPER ACTIONS,ON ROADWAY AT CROSSWALK,No,POSSIBLE INJURY,NONE,38.992955,-77.02671289,"(38.992955, -77.02671289)"
MCP9386008C,210014691,Montgomery County Police,Property Damage Crash,04/20/2021 10:15:00 AM,County,BOILING BROOK PKWY,HUNTERS LA,,N/A,BICYCLIST,SAME DIRECTION SIDESWIPE,CLEAR,DRY,DAYLIGHT,NO CONTROLS,NONE DETECTED,NONE DETECTED,77E13935-1334-4793-ADB8-11D0DD6D63EC,BICYCLIST,Walking/Riding w/Traffic,NO IMPROPER ACTIONS,N/A,No,NO APPARENT INJURY,MC/BIKE HELMET,39.04812417,-77.09875133,"(39.04812417, -77.09875133)"
MCP2940004W,200028003,Montgomery County Police,Injury Crash,07/19/2020 10:50:00 AM,County,MACARTHUR BLVD,STABLE LA,,N/A,BICYCLIST,OTHER,CLEAR,DRY,DAYLIGHT,NO CONTROLS,NONE DETECTED,NONE DETECTED,B53B9F21-B4F7-447B-9945-04AB34CDF468,BICYCLIST,Walking/Riding w/Traffic,NO IMPROPER ACTIONS,ON ROADWAY NOT AT CROSSWALK,No,POSSIBLE INJURY,MC/BIKE HELMET,38.9821385,-77.22582,"(38.9821385, -77.22582)"
DM8336000R,16019660,Takoma Park Police Depart,Injury Crash,04/21/2016 04:55:00 PM,Municipality,HOLTON LA,JACKSON AVE,,TAKOMA PARK,PEDESTRIAN,OTHER,CLEAR,DRY,DAYLIGHT,N/A,NONE DETECTED,NONE DETECTED,4C64B792-A274-4F2E-870F-3BF817485E18,PEDESTRIAN,Standing,INATTENTIVE,N/A,Unknown,SUSPECTED MINOR INJURY,N/A,38.98579377,-76.99170068,"(38.98579377, -76.99170068)"
MCP2879000R,15029216,Montgomery County Police,Injury Crash,06/13/2015 12:00:00 PM,County,RIFFLE FORD RD,RIFFLE FORD CT,,N/A,BICYCLIST,OTHER,N/A,UNKNOWN,DAYLIGHT,STOP SIGN,UNKNOWN,UNKNOWN,2122ED64-BC3F-417C-A534-B1DAE4C55068,BICYCLIST,Unknown,NO IMPROPER ACTIONS,ON ROADWAY NOT AT CROSSWALK,,SUSPECTED MINOR INJURY,MC/BIKE HELMET,39.12073008,-77.26696372,"(39.12073008, -77.26696372)"
MCP1366004S,16036294,Montgomery County Police,Injury Crash,07/18/2016 07:02:00 AM,County,SHADY GROVE RD,GUDELSKY WAY,,N/A,BICYCLIST,SINGLE VEHICLE,CLEAR,DRY,DAYLIGHT,NO CONTROLS,NONE DETECTED,NONE DETECTED,9D961B7B-A7CC-49A7-B8DF-4381E0BDC124,BICYCLIST,Walking/Riding w/Traffic,NO IMPROPER ACTIONS,SHOULDER,No,SUSPECTED SERIOUS INJURY,MC/BIKE HELMET,39.09094833,-77.19852667,"(39.09094833, -77.19852667)"
MCP2351002Y,190021686,Montgomery County Police,Injury Crash,05/08/2019 10:31:00 AM,County,ESWORTHY RD,QUERY MILL RD,,N/A,BICYCLIST,OTHER,CLOUDY,DRY,DAYLIGHT,NO CONTROLS,NONE DETECTED,UNKNOWN,7B365C03-C613-4233-86F7-49C4B45D43F9,BICYCLIST,Walking/Riding w/Traffic,UNKNOWN,UNKNOWN,Unknown,SUSPECTED SERIOUS INJURY,MC/BIKE HELMET,39.07374667,-77.28665333,"(39.07374667, -77.28665333)"
HA2433000D,17001328,Maryland-National Capital,Injury Crash,10/03/2017 05:14:00 PM,Government,SLIGO CREEK PKWY,COLESVILLE RD,,N/A,BICYCLIST,HEAD ON,N/A,N/A,DAYLIGHT,NO CONTROLS,N/A,N/A,8D159699-75D2-4CC3-B07F-7630D1D0B82D,BICYCLIST,Walking/Riding w/Traffic,NO IMPROPER ACTIONS,ON ROADWAY NOT AT CROSSWALK,No,SUSPECTED MINOR INJURY,MC/BIKE HELMET,39.00740449,-77.01970696,"(39.00740449, -77.01970696)"
DD5527004B,220046130,Rockville Police Departme,Injury Crash,10/20/2022 07:27:00 PM,Municipality,GAITHER RD,RIDGEMONT AVE,,ROCKVILLE,PEDESTRIAN,OTHER,CLEAR,DRY,DARK LIGHTS ON,NO CONTROLS,NONE DETECTED,ALCOHOL PRESENT,EC1EB1EB-A1F5-4478-908A-787FA4BBFEA5,PEDESTRIAN,Cross/Enter at Intersection,FAILURE TO YIELD RIGHT OF WAY,AT INTERSECTION BUT NO CROSSWALK,Yes,SUSPECTED MINOR INJURY,NONE,39.11313684,-77.17599815,"(39.11313684, -77.17599815)"
MCP2588000W,15028626,Montgomery County Police,Injury Crash,06/12/2015 01:57:00 PM,Maryland (State),GEORGIA AVE,CONNECTICUT AVE,,N/A,PEDESTRIAN,OTHER,CLEAR,DRY,DAYLIGHT,N/A,N/A,ALCOHOL CONTRIBUTED,38208EA1-52DD-4BAC-940B-9B95E403A71B,PEDESTRIAN,Other,IN ROADWAY IMPROPERLY,OTHER,,SUSPECTED MINOR INJURY,N/A,39.08431333,-77.078245,"(39.08431333, -77.078245)"
DD56140008,16004277,Rockville Police Departme,Injury Crash,01/26/2016 08:05:00 PM,Maryland (State),ROCKVILLE PIKE,CROSSOVER,,N/A,PEDESTRIAN,OTHER,CLEAR,WET,DARK LIGHTS ON,NO CONTROLS,NONE DETECTED,NONE DETECTED,BDB1EEAD-34A5-4861-82B5-6CA08C98E8A2,PEDESTRIAN,Other,IN ROADWAY IMPROPERLY,ON ROADWAY NOT AT CROSSWALK,Yes,SUSPECTED MINOR INJURY,NONE,39.07353667,-77.13403167,"(39.07353667, -77.13403167)"
MCP28460021,16032703,Montgomery County Police,Injury Crash,06/28/2016 01:15:00 PM,County,SHOREFIELD RD,GEORGIA AVE,,N/A,PEDESTRIAN,OTHER,CLOUDY,DRY,DAYLIGHT,TRAFFIC SIGNAL,NONE DETECTED,NONE DETECTED,4D09E15D-701D-4E8D-BFBD-C14CB95B356D,PEDESTRIAN,Cross/Enter at Intersection,NO IMPROPER ACTIONS,ON ROADWAY AT CROSSWALK,No,NO APPARENT INJURY,NONE,39.05316667,-77.050735,"(39.05316667, -77.050735)"
MCP3007001K,17016536,Montgomery County Police,Injury Crash,04/01/2017 08:25:00 AM,County,BEL PRE RD,PARKER FARM WAY,,N/A,PEDESTRIAN,SINGLE VEHICLE,RAINING,WET,DAYLIGHT,TRAFFIC SIGNAL,N/A,N/A,60AC6D3B-F345-4776-A597-9F1B29A6BC8D,PEDESTRIAN,Cross/Enter at Intersection,NO IMPROPER ACTIONS,ON ROADWAY AT CROSSWALK,No,POSSIBLE INJURY,NONE,39.09052549,-77.04792112,"(39.09052549, -77.04792112)"
MCP31210046,210022605,Montgomery County Police,Property Damage Crash,06/13/2021 06:10:00 PM,County,ODENDHAL AVE,ROYAL BONNET CIR,,N/A,BICYCLIST,STRAIGHT MOVEMENT ANGLE,CLOUDY,DRY,DAYLIGHT,NO CONTROLS,NONE DETECTED,NONE DETECTED,160A00D5-6A33-4B2B-B6FF-1C4F17F2D5E1,BICYCLIST,Cross/Enter at Intersection,FAILURE TO YIELD RIGHT OF WAY,AT INTERSECTION BUT NO CROSSWALK,Yes,NO APPARENT INJURY,MC/BIKE HELMET,39.15251563,-77.19415302,"(39.15251563, -77.19415302)"
MCP12050049,180030963,Montgomery County Police,Injury Crash,06/23/2018 10:57:00 AM,Government,BEACH DR,OLD SPRING RD,,N/A,BICYCLIST,ANGLE MEETS LEFT TURN,RAINING,WET,DAYLIGHT,STOP SIGN,NONE DETECTED,NONE DETECTED,EA639C6A-9BF1-4686-975B-BEE27EA4A1EB,BICYCLIST,Walking/Riding w/Traffic,NO IMPROPER ACTIONS,OTHER,No,SUSPECTED MINOR INJURY,MC/BIKE HELMET,39.01182974,-77.06792571,"(39.01182974, -77.06792571)"
MCP28000020,15025750,Montgomery County Police,Injury Crash,05/28/2015 03:50:00 PM,Maryland (State),WISCONSIN AVE,WOODMONT AVE,,N/A,PEDESTRIAN,OTHER,CLEAR,DRY,DAYLIGHT,NO CONTROLS,NONE DETECTED,NONE DETECTED,710A7903-BD07-482C-B563-197802D1FB65,PEDESTRIAN,Cross/Enter not at Intersection,IMPROPER PASSING,ON ROADWAY NOT AT CROSSWALK,,SUSPECTED MINOR INJURY,N/A,38.98217167,-77.093205,"(38.98217167, -77.093205)"
MCP32250018,210007430,Montgomery County Police,Injury Crash,02/26/2021 09:13:00 PM,,,,PARKING LOT OF 2571 ENNALS AVE,,PEDESTRIAN,STRAIGHT MOVEMENT ANGLE,RAINING,,DARK LIGHTS ON,NO CONTROLS,NONE DETECTED,NONE DETECTED,2FF5F64C-7DB6-4982-A0E4-6E88191CEFB7,PEDESTRIAN,Walking/Cycling on Sidewalk,NO IMPROPER ACTIONS,SIDEWALK,No,POSSIBLE INJURY,NONE,39.03969418,-77.05452095,"(39.03969418, -77.05452095)"
MCP2436006C,180053814,Montgomery County Police,Injury Crash,10/27/2018 12:47:00 PM,Maryland (State),PINEY BRANCH RD,CARROLL AVE,,N/A,PEDESTRIAN,STRAIGHT MOVEMENT ANGLE,RAINING,WET,DAYLIGHT,TRAFFIC SIGNAL,NONE DETECTED,NONE DETECTED,C07E20BE-C71F-4D6E-AF8D-9425B75DF0C7,PEDESTRIAN,Cross/Enter not at Intersection,NO IMPROPER ACTIONS,ON ROADWAY NOT AT CROSSWALK,Yes,SUSPECTED MINOR INJURY,NONE,38.99992424,-76.99094363,"(38.99992424, -76.99094363)"
MCP2789004Y,180032663,Montgomery County Police,Injury Crash,07/02/2018 09:45:00 PM,County,SPRING ST,FIRST AVE,,N/A,PEDESTRIAN,SINGLE VEHICLE,CLEAR,DRY,DARK LIGHTS ON,NO CONTROLS,N/A,N/A,892388A2-53BB-455E-8DDF-E15183346837,PEDESTRIAN,Cross/Enter at Intersection,NO IMPROPER ACTIONS,ON ROADWAY AT CROSSWALK,No,POSSIBLE INJURY,NONE,38.99893167,-77.03290833,"(38.99893167, -77.03290833)"
DM8497000P,210021540,Takoma Park Police Depart,Injury Crash,06/06/2021 09:10:00 PM,,,,PARKING LOT AT TAKOMA LANGLEY CROSSROADS,,PEDESTRIAN,OTHER,CLEAR,,DARK LIGHTS ON,N/A,N/A,N/A,C5C68526-6EB3-4108-873D-D0C57F28A3DB,PEDESTRIAN,Cross/Enter at Intersection,DART DASH,OTHER,Yes,SUSPECTED MINOR INJURY,N/A,38.98874631,-76.98905776,"(38.98874631, -76.98905776)"
MCP2939005H,210013410,Montgomery County Police,Injury Crash,04/10/2021 03:57:00 PM,County,SYCAMORE FARM DR,CYPRESS SPRING RD,,N/A,PEDESTRIAN,OTHER,CLEAR,DRY,DAYLIGHT,NO CONTROLS,N/A,N/A,80059B36-9AED-456F-8EC0-F4D5ED26D933,PEDESTRIAN,Playing,FAILURE TO YIELD RIGHT OF WAY,ON ROADWAY NOT AT CROSSWALK,Yes,SUSPECTED MINOR INJURY,NONE,39.23239805,-77.25516148,"(39.23239805, -77.25516148)"
MCP2982002P,190030207,Montgomery County Police,Injury Crash,06/28/2019 03:46:00 PM,Maryland (State),UNIVERSITY BLVD E,PATTON DR,,N/A,PEDESTRIAN,OTHER,CLEAR,DRY,DAYLIGHT,STOP SIGN,UNKNOWN,NONE DETECTED,455CE40F-C3C5-4056-81A3-E85A457744CA,PEDESTRIAN,Cross/Enter at Intersection,IN ROADWAY IMPROPERLY,AT INTERSECTION MARKED CROSSWALK,No,SUSPECTED MINOR INJURY,N/A,39.00257435,-76.99564083,"(39.00257435, -76.99564083)"
MCP3311000R,220017939,Montgomery County Police,Injury Crash,04/27/2022 08:45:00 PM,County,NICHOLSON LA,HUFF CT,,N/A,PEDESTRIAN,OTHER,CLEAR,DRY,DARK LIGHTS ON,TRAFFIC SIGNAL,N/A,N/A,5EED2D05-283F-48A4-9384-461406B6E8E2,PEDESTRIAN,Cross/Enter not at Intersection,IN ROADWAY IMPROPERLY,ON ROADWAY NOT AT CROSSWALK,Yes,SUSPECTED SERIOUS INJURY,NONE,39.04491764,-77.10768173,"(39.04491764, -77.10768173)"
MCP2513001S,190048430,Montgomery County Police,Injury Crash,10/09/2019 08:36:00 AM,County,ADELPHI RD,NEW HAMPSHIRE AVE,,N/A,PEDESTRIAN,OTHER,CLEAR,DRY,DAYLIGHT,TRAFFIC SIGNAL,NONE DETECTED,NONE DETECTED,56EE9F67-3317-4A5B-91C4-E56EFE074622,PEDESTRIAN,Cross/Enter at Intersection,UNKNOWN,AT INTERSECTION MARKED CROSSWALK,Unknown,SUSPECTED SERIOUS INJURY,N/A,39.01142465,-76.97904552,"(39.01142465, -76.97904552)"
EJ7833007S,230056598,Gaithersburg Police Depar,Injury Crash,09/24/2023 10:26:00 AM,,,,PARKING LOT OF 206 N FREDERICK AVENUE,,PEDESTRIAN,SINGLE VEHICLE,CLOUDY,,DAYLIGHT,NO CONTROLS,NONE DETECTED,NONE DETECTED,6F6D87FB-418D-4DA3-884C-9523174CA4A3,PEDESTRIAN,Other,UNKNOWN,OTHER,Unknown,SUSPECTED MINOR INJURY,NONE,39.14450453,-77.20265967,"(39.14450453, -77.20265967)"
MCP26800017,15016505,Montgomery County Police,Injury Crash,04/09/2015 09:37:00 PM,Maryland (State),EAST WEST HWY,16TH ST,,N/A,PEDESTRIAN,SAME DIR REAR END,RAINING,WET,DARK LIGHTS ON,NO CONTROLS,NONE DETECTED,NONE DETECTED,16B38941-521E-4C4F-BFE6-7692DC21229B,PEDESTRIAN,Cross/Enter at Intersection,N/A,AT INTERSECTION MARKED CROSSWALK,,SUSPECTED MINOR INJURY,NONE,38.99529667,-77.03877833,"(38.99529667, -77.03877833)"
MCP2971001G,16029634,Montgomery County Police,Injury Crash,06/12/2016 05:50:00 PM,,,,"PARKING LOT CUT THROUGH OUTSIDE OF 11558 LOCKWOOD DRIVE, SILVER SPRING, MD 20904.",,PEDESTRIAN,OTHER,CLEAR,,DAYLIGHT,NO CONTROLS,"ALCOHOL PRESENT, NONE DETECTED",NONE DETECTED,E9A3ED80-C52B-41F7-8309-AB3ACC68F95A,PEDESTRIAN,Other,NO IMPROPER ACTIONS,SIDEWALK,No,SUSPECTED SERIOUS INJURY,NONE,39.04321117,-76.98358297,"(39.04321117, -76.98358297)"
HA2287000J,21001286,Maryland-National Capital,Injury Crash,07/10/2021 01:18:00 PM,,,,PARKING LOT,,OTHER,OTHER,CLEAR,,DAYLIGHT,N/A,NONE DETECTED,N/A,34595804-97B2-4465-8210-AE732B261433,OTHER,Push/Work on Vehicle,OTHER,OTHER,Yes,SUSPECTED MINOR INJURY,N/A,39.153961,-77.31172083,"(39.153961, -77.31172083)"
MCP32110015,200016662,Montgomery County Police,Injury Crash,04/21/2020 12:46:00 PM,County,DORSET AVE,RIVER RD,,N/A,PEDESTRIAN,N/A,CLOUDY,DRY,DAYLIGHT,STOP SIGN,NONE DETECTED,N/A,93CF851F-A8B4-4E01-90A0-DF3C8250C0D0,PEDESTRIAN,Cross/Enter at Intersection,IN ROADWAY IMPROPERLY,SHOULDER,No,POSSIBLE INJURY,N/A,38.96912792,-77.11006581,"(38.96912792, -77.11006581)"
MCP24960033,210044781,Montgomery County Police,Injury Crash,11/05/2021 08:48:00 AM,County,PEACH LEAF DR,QUINCE MILL DR,,N/A,PEDESTRIAN,SINGLE VEHICLE,CLEAR,DRY,DAYLIGHT,NO CONTROLS,NONE DETECTED,NONE DETECTED,9241E9AE-B75D-4926-8B6A-A2BEF00E4CB9,PEDESTRIAN,Walking/Riding w/Traffic,NO IMPROPER ACTIONS,SIDEWALK,No,POSSIBLE INJURY,NONE,39.109153,-77.250823,"(39.109153, -77.250823)"
MCP2298005P,15036380,MONTGOMERY,Injury Crash,07/23/2015 06:45:00 PM,,,,"GAINT  PARKING LOT
13060 MIDDLEBROOK RD
GERMANTOWN
MD 20874",,PEDESTRIAN,OTHER,N/A,,DAYLIGHT,N/A,MEDICATION PRESENT,NONE DETECTED,0C0AE430-FC0B-4AC0-B975-7CBA73FEE8CF,PEDESTRIAN,Walking/Riding w/Traffic,NO IMPROPER ACTIONS,OTHER,No,SUSPECTED MINOR INJURY,N/A,39.18155782,-77.27135181,"(39.18155782, -77.27135181)"
DD56140020,17005546,Rockville Police Departme,Injury Crash,02/01/2017 07:44:00 AM,Municipality,HURLEY AVE,WATTS BRANCH PKWY,,ROCKVILLE,PEDESTRIAN,STRAIGHT MOVEMENT ANGLE,CLEAR,DRY,DAWN,NO CONTROLS,NONE DETECTED,NONE DETECTED,25F72564-CBDC-4369-9C7E-593B8A351E10,PEDESTRIAN,Cross/Enter at Intersection,NO IMPROPER ACTIONS,MIDBLOCK MARKED CROSSWALK,No,POSSIBLE INJURY,NONE,39.08888814,-77.17847899,"(39.08888814, -77.17847899)"
MCP2710000K,15023834,MONTGOMERY,Injury Crash,05/18/2015 04:20:00 PM,Maryland (State),FREDERICK RD,DALAMAR ST,,N/A,BICYCLIST,HEAD ON LEFT TURN,N/A,DRY,DAYLIGHT,N/A,NONE DETECTED,NONE DETECTED,8356F294-E3F0-4B37-868A-D71B54B3F6BC,BICYCLIST,Cross/Enter at Intersection,NO IMPROPER ACTIONS,SIDEWALK,No,SUSPECTED MINOR INJURY,NONE,39.14748167,-77.205925,"(39.14748167, -77.205925)"
MCP2446004Y,200009410,Montgomery County Police,Injury Crash,02/25/2020 06:16:00 PM,Maryland (State),WOODFIELD RD,ROLLING FORK DR,,N/A,PEDESTRIAN,OTHER,FOGGY,WET,DARK LIGHTS ON,NO CONTROLS,NONE DETECTED,NONE DETECTED,C577C33A-F811-4249-9F55-CD17805278A5,PEDESTRIAN,Cross/Enter at Intersection,NOT VISIBLE,ON ROADWAY NOT AT CROSSWALK,Yes,POSSIBLE INJURY,NONE,39.25043585,-77.19462441,"(39.25043585, -77.19462441)"
MCP3263003C,230024371,Montgomery County Police,Injury Crash,05/21/2023 03:55:00 PM,Maryland (State),WILSON LA,EXETER RD,,N/A,PEDESTRIAN,OTHER,CLEAR,DRY,DAYLIGHT,STOP SIGN,NONE DETECTED,NONE DETECTED,96CE69F3-C5B3-4F93-B19D-6D3F436F9DA9,PEDESTRIAN,Cross/Enter at Intersection,NO IMPROPER ACTIONS,SIDEWALK,No,SUSPECTED MINOR INJURY,NONE,38.98706833,-77.10328333,"(38.98706833, -77.10328333)"
MCP2965003K,180060606,Montgomery County Police,Injury Crash,12/04/2018 12:36:00 PM,County,HEURICH RD,RANDOLPH RD,,N/A,BICYCLIST,OTHER,CLOUDY,DRY,DAYLIGHT,STOP SIGN,NONE DETECTED,NONE DETECTED,6B352B03-824C-4945-B667-51D181E602CB,BICYCLIST,Cross/Enter at Intersection,NO IMPROPER ACTIONS,ON ROADWAY AT CROSSWALK,No,POSSIBLE INJURY,MC/BIKE HELMET,39.062445,-77.04177667,"(39.062445, -77.04177667)"