Report Number,Local Case Number,Agency Name,ACRS Report Type,Crash Date/Time,Route Type,Road Name,Cross-Street Name,Off-Road Description,Municipality,Related Non-Motorist,Collision Type,Weather,Surface Condition,Light,Traffic Control,Driver Substance Abuse,Non-Motorist Substance Abuse,Person ID,Pedestrian Type,Pedestrian Movement,Pedestrian Actions,Pedestrian Location,At Fault,Injury Severity,Safety Equipment,Latitude,Longitude,Location
MCP3164004T,210033827,Montgomery County Police,Injury Crash,08/30/2021 09:45:00 AM,,,,PARKING LOT OF 3000 MCCOMAS,,PEDESTRIAN,SINGLE VEHICLE,N/A,,DAYLIGHT,NO CONTROLS,NONE DETECTED,N/A,8C679DA5-6251-409D-8BAB-0A92598F0172,PEDESTRIAN,Other,FAILURE TO YIELD RIGHT OF WAY,ON ROADWAY NOT AT CROSSWALK,Yes,POSSIBLE INJURY,NONE,39.03224644,-77.06181157,"(39.03224644, -77.06181157)"
MCP209400CY,180063133,Montgomery County Police,Injury Crash,12/18/2018 10:43:00 AM,County,WOODMONT AVE,CORDELL AVE,,N/A,PEDESTRIAN,OTHER,CLEAR,WET,DAYLIGHT,NO CONTROLS,NONE DETECTED,NONE DETECTED,C9A46963-A192-46C1-A99D-D7CA391736DE,PEDESTRIAN,Cross/Enter not at Intersection,IN ROADWAY IMPROPERLY,ON ROADWAY NOT AT CROSSWALK,Yes,SUSPECTED MINOR INJURY,N/A,38.99025,-77.0967,"(38.99025, -77.0967)"
MCP3137000B,180042854,Montgomery County Police,Injury Crash,08/28/2018 03:28:00 PM,County,BALLARD ST,WOODLAND DR,,N/A,MACHINE OPERATOR/RIDER,HEAD ON LEFT TURN,CLEAR,DRY,DAYLIGHT,STOP SIGN,NONE DETECTED,NONE DETECTED,00FC3A38-1C56-454D-A9E3-7B7DA58916CE,MACHINE OPERATOR/RIDER,Walking/Riding w/Traffic,NO IMPROPER ACTIONS,ON ROADWAY NOT AT CROSSWALK,No,POSSIBLE INJURY,MC/BIKE HELMET,39.00139802,-77.0324746,"(39.00139802, -77.0324746)"
MCP291400D7,220058048,Montgomery County Police,Injury Crash,12/31/2022 05:31:00 PM,Maryland (State),NEW HAMPSHIRE AVE,LOCKWOOD DR,,N/A,PEDESTRIAN,OTHER,RAINING,WET,DARK LIGHTS ON,TRAFFIC SIGNAL,N/A,N/A,3CDC342A-28CB-47A3-B3DB-99189FC52400,PEDESTRIAN,Standing,NO IMPROPER ACTIONS,AT INTERSECTION MARKED CROSSWALK,No,SUSPECTED SERIOUS INJURY,N/A,39.03990738,-76.99052167,"(39.03990738, -76.99052167)"
MCP0036008Q,180056136,Montgomery County Police,Injury Crash,11/08/2018 05:02:00 PM,,,,PARKING LOT IN FRONT OF 13007 WISTERIA DR,,PEDESTRIAN,SINGLE VEHICLE,CLEAR,,DARK LIGHTS ON,NO CONTROLS,NONE DETECTED,NONE DETECTED,0C07A55B-04CF-4C7F-BF1F-EBA4B3598BA3,PEDESTRIAN,Other,NO IMPROPER ACTIONS,OTHER,No,SUSPECTED MINOR INJURY,NONE,39.17850333,-77.27039333,"(39.17850333, -77.27039333)"
MCP9321001T,170543825,Montgomery County Police,Injury Crash,11/21/2017 07:30:00 AM,Maryland (State),GEORGIA AVE,SHOREFIELD RD,,N/A,PEDESTRIAN,OTHER,CLEAR,DRY,DAYLIGHT,TRAFFIC SIGNAL,UNKNOWN,NONE DETECTED,494D583B-85EB-43D5-87B2-1A933B93289B,PEDESTRIAN,Cross/Enter at Intersection,NO IMPROPER ACTIONS,ON ROADWAY AT CROSSWALK,No,SUSPECTED MINOR INJURY,NONE,39.053038,-77.051014,"(39.053038, -77.051014)"
MCP2725000R,15017405,Montgomery County Police,Injury Crash,04/14/2015 10:24:00 PM,Maryland (State),GEORGIA AVE,CONNECTICUT AVE,,N/A,PEDESTRIAN,SINGLE VEHICLE,RAINING,WET,DARK LIGHTS ON,TRAFFIC SIGNAL,NONE DETECTED,N/A,6A79250F-7477-46C6-9A87-CF9D8490FB22,PEDESTRIAN,Cross/Enter at Intersection,DART DASH,AT INTERSECTION MARKED CROSSWALK,,SUSPECTED MINOR INJURY,N/A,39.08391667,-77.07775833,"(39.08391667, -77.07775833)"
MCP2859000N,15003015,Montgomery County Police,Injury Crash,01/19/2015 01:47:00 PM,,,,"PARKING LOT IN FRONT OF 842 MUDDY BRANCH RD, GAITHERSBURG, MARYLAND, 20878",,PEDESTRIAN,OTHER,CLOUDY,,DAYLIGHT,NO CONTROLS,NONE DETECTED,NONE DETECTED,DD9A9D84-1478-4F79-9F71-0FCA962FB49D,PEDESTRIAN,Cross/Enter not at Intersection,UNKNOWN,ON ROADWAY NOT AT CROSSWALK,,SUSPECTED MINOR INJURY,NONE,39.114485,-77.21735,"(39.114485, -77.21735)"
DD5611001F,16032163,Rockville Police Departme,Injury Crash,06/25/2016 11:35:00 AM,Municipality,CHAPMAN AVE,HALPINE RD,,ROCKVILLE,PEDESTRIAN,HEAD ON LEFT TURN,CLEAR,DRY,DAYLIGHT,NO CONTROLS,NONE DETECTED,NONE DETECTED,52D95BB0-1FEA-4384-BAEE-5F5938176AEE,PEDESTRIAN,Cross/Enter at Intersection,NO IMPROPER ACTIONS,ON ROADWAY AT CROSSWALK,No,POSSIBLE INJURY,NONE,39.062616,-77.12277367,"(39.062616, -77.12277367)"
MCP3093002W,200026554,Montgomery County Police,Injury Crash,07/08/2020 06:45:00 PM,County,GRUBB RD,WASH DC LINE,,N/A,BICYCLIST,N/A,N/A,DRY,DAYLIGHT,N/A,N/A,N/A,E4942679-9114-4109-A921-5AAC69410E31,BICYCLIST,Other,IMPROPER PASSING,N/A,Unknown,POSSIBLE INJURY,MC/BIKE HELMET,38.99148833,-77.04744833,"(38.99148833, -77.04744833)"
MCP2456005D,210010499,Montgomery County Police,Injury Crash,03/20/2021 12:30:00 PM,Maryland (State),NEW HAMPSHIRE AVE,RAMP 2 FR IS 495 WB TO MD 650 NB,,N/A,PEDESTRIAN,STRAIGHT MOVEMENT ANGLE,CLEAR,DRY,DAYLIGHT,TRAFFIC SIGNAL,UNKNOWN,NONE DETECTED,7BE80BB6-82BA-4929-AC56-81F5DB56844E,PEDESTRIAN,Cross/Enter at Intersection,UNKNOWN,ON ROADWAY AT CROSSWALK,Unknown,POSSIBLE INJURY,N/A,39.02089833,-76.97657,"(39.02089833, -76.97657)"
MCP29820013,16043929,Montgomery County Police,Injury Crash,08/29/2016 08:02:00 AM,Maryland (State),COLESVILLE RD,16TH ST,,N/A,PEDESTRIAN,OTHER,CLEAR,DRY,DAYLIGHT,NO CONTROLS,NONE DETECTED,NONE DETECTED,626D1FE4-0578-4333-B39F-30DC51A9B6F6,PEDESTRIAN,Cross/Enter at Intersection,NO IMPROPER ACTIONS,ON ROADWAY AT CROSSWALK,No,POSSIBLE INJURY,N/A,38.99267667,-77.03617833,"(38.99267667, -77.03617833)"
MCP209400JQ,220016790,Montgomery County Police,Injury Crash,04/12/2022 02:21:00 PM,Maryland (State),OLD GEORGETOWN RD,RYLAND DR,,N/A,PEDESTRIAN,OTHER,CLEAR,DRY,DAYLIGHT,TRAFFIC SIGNAL,ALCOHOL PRESENT,NONE DETECTED,FC83E7C3-2B63-4DC0-8D3D-8CB33DD4C5A9,PEDESTRIAN,Cross/Enter at Intersection,IN ROADWAY IMPROPERLY,ON ROADWAY NOT AT CROSSWALK,Yes,POSSIBLE INJURY,N/A,39.01301217,-77.11733431,"(39.01301217, -77.11733431)"
MCP3069002M,200042986,Montgomery County Police,Property Damage Crash,10/31/2020 05:10:00 PM,Municipality,PERRY AVE,CONNECTICUT AVE,,N/A,PEDESTRIAN,OTHER,CLEAR,DRY,DAYLIGHT,NO CONTROLS,UNKNOWN,NONE DETECTED,F1575C29-187A-4645-A740-0ADA5B4596A3,PEDESTRIAN,Cross/Enter not at Intersection,IN ROADWAY IMPROPERLY,ON ROADWAY NOT AT CROSSWALK,Yes,NO APPARENT INJURY,NONE,39.03287421,-77.07435807,"(39.03287421, -77.07435807)"
MCP20160048,190026280,Montgomery County Police,Injury Crash,06/02/2019 12:19:00 PM,Maryland (State),ROCKVILLE PIKE,ROLLINS AVE,,ROCKVILLE,PEDESTRIAN,SINGLE VEHICLE,CLOUDY,DRY,DAYLIGHT,N/A,NONE DETECTED,N/A,48E25DB8-96FA-4A4B-B209-E1BF0FCAB8F9,PEDESTRIAN,Walking/Cycling on Sidewalk,NO IMPROPER ACTIONS,SIDEWALK,No,SUSPECTED MINOR INJURY,NONE,38.953,-77.338,"(38.953, -77.338)"
MCP2995006C,200018779,Montgomery County Police,Injury Crash,05/08/2020 05:26:00 PM,County,BEL PRE RD,BEL PRE CT,,N/A,PEDESTRIAN,OTHER,RAINING,WET,DAYLIGHT,NO CONTROLS,NONE DETECTED,NONE DETECTED,364040F6-BB94-47D1-A960-F6B82C910F80,PEDESTRIAN,Cross/Enter not at Intersection,IN ROADWAY IMPROPERLY,ON ROADWAY NOT AT CROSSWALK,Yes,POSSIBLE INJURY,NONE,39.09438,-77.08992,"(39.09438, -77.08992)"
MCP2777003Q,170535372,Montgomery County Police,Injury Crash,10/07/2017 07:14:00 PM,County,HAMPDEN LA,WOODMONT AVE,,N/A,PEDESTRIAN,SINGLE VEHICLE,CLEAR,DRY,DARK LIGHTS ON,TRAFFIC SIGNAL,NONE DETECTED,ALCOHOL PRESENT,2C54ED8A-D6B9-4F2C-A33F-6D9D80ACEA34,PEDESTRIAN,Cross/Enter at Intersection,NO IMPROPER ACTIONS,AT INTERSECTION MARKED CROSSWALK,No,POSSIBLE INJURY,NONE,38.98249667,-77.096145,"(38.98249667, -77.096145)"
MCP2436001H,16020303,Montgomery County Police,Injury Crash,04/25/2016 09:29:00 AM,,,,PARKING LOT OF 2131 INDUSTRIAL PARKWAY (WHITE OAK MVA),,PEDESTRIAN,OTHER,CLEAR,,DAYLIGHT,NO CONTROLS,NONE DETECTED,NONE DETECTED,D3B56208-FE51-458E-BA82-140DCD94037B,PEDESTRIAN,Standing,OTHER,OTHER,Unknown,POSSIBLE INJURY,NONE,39.055835,-76.970855,"(39.055835, -76.970855)"
MCP3348000L,230029273,Montgomery County Police,Injury Crash,06/18/2023 12:14:00 PM,County,FAIRLAND RD,TAMARACK RD,,N/A,BICYCLIST,SAME DIR REAR END,CLEAR,DRY,DAYLIGHT,TRAFFIC SIGNAL,NONE DETECTED,NONE DETECTED,4DA6CA15-BD11-4412-AB18-69624EC9B328,BICYCLIST,Walking/Riding w/Traffic,N/A,OTHER,No,SUSPECTED SERIOUS INJURY,MC/BIKE HELMET,39.07803067,-76.9789665,"(39.07803067, -76.9789665)"
MCP26760013,15013372,Montgomery County Police,Injury Crash,03/23/2015 03:15:00 PM,,,,Parking Lot of 2201 Randolph Road (Shoppers),,PEDESTRIAN,OTHER,CLEAR,,DAYLIGHT,NO CONTROLS,UNKNOWN,N/A,28FF30DF-EE84-4DE7-8A39-E2448AAE4F49,PEDESTRIAN,Other,OTHER,OTHER,,SUSPECTED MINOR INJURY,NONE,39.05948167,-77.04765333,"(39.05948167, -77.04765333)"
MCP2069000S,230012265,Montgomery County Police,Injury Crash,03/13/2023 02:50:00 PM,Maryland (State),WOODFIELD RD,MAIN ST,,N/A,PEDESTRIAN,SINGLE VEHICLE,CLOUDY,DRY,DAYLIGHT,TRAFFIC SIGNAL,NONE DETECTED,NONE DETECTED,80AE7489-BB7C-4BC4-B5A8-87F324AA3D3E,PEDESTRIAN,Other Working,NO IMPROPER ACTIONS,ON ROADWAY AT CROSSWALK,No,SUSPECTED MINOR INJURY,N/A,39.28815667,-77.20185167,"(39.28815667, -77.20185167)"
MCP3174001S,20007404,Montgomery County Police,Injury Crash,02/13/2020 06:27:00 PM,County,SNOUFFERS SCHOOL RD,FLOWER HILL WAY,,N/A,PEDESTRIAN,SINGLE VEHICLE,CLEAR,DRY,DARK LIGHTS ON,NO CONTROLS,NONE DETECTED,NONE DETECTED,9C59DA74-4BAE-4938-9372-93C7FBAC7DE2,PEDESTRIAN,Cross/Enter not at Intersection,FAILURE TO YIELD RIGHT OF WAY,ON ROADWAY NOT AT CROSSWALK,Yes,SUSPECTED SERIOUS INJURY,NONE,39.16728541,-77.17316182,"(39.16728541, -77.17316182)"
MCP242500BJ,170545293,Montgomery County Police,Injury Crash,11/28/2017 07:23:00 AM,Maryland (State),GEORGIA AVE,BELVEDERE BLVD,,N/A,PEDESTRIAN,OTHER,CLEAR,DRY,DAYLIGHT,NO CONTROLS,NONE DETECTED,NONE DETECTED,B436A305-1BF1-4C2E-BC3A-F47161228315,PEDESTRIAN,Cross/Enter at Intersection,DART DASH,AT INTERSECTION BUT NO CROSSWALK,Yes,SUSPECTED MINOR INJURY,NONE,39.019555,-77.044105,"(39.019555, -77.044105)"
MCP27380046,220024439,Montgomery County Police,Injury Crash,06/07/2022 03:47:00 PM,Maryland (State),NEW HAMPSHIRE AVE,BRANTFORD AVE,,N/A,BICYCLIST,OTHER,N/A,DRY,DAYLIGHT,N/A,N/A,NONE DETECTED,FDE19DA4-6899-4A8C-914D-96CD4B29DF4D,BICYCLIST,Other,NO IMPROPER ACTIONS,ON ROADWAY NOT AT CROSSWALK,No,SUSPECTED MINOR INJURY,MC/BIKE HELMET,39.05940333,-76.99742365,"(39.05940333, -76.99742365)"
MCP20010020,230014721,Montgomery County Police,Injury Crash,03/25/2023 01:46:00 AM,US (State),COLUMBIA PIKE,HILLWOOD DR,,N/A,PEDESTRIAN,SINGLE VEHICLE,RAINING,WET,DARK LIGHTS ON,NO CONTROLS,NONE DETECTED,UNKNOWN,2033A182-3937-4CE5-A840-960EF29A62D6,PEDESTRIAN,Walking/Riding w/Traffic,IN ROADWAY IMPROPERLY,ON ROADWAY NOT AT CROSSWALK,Yes,POSSIBLE INJURY,N/A,39.03234576,-77.00357021,"(39.03234576, -77.00357021)"
MCP29770051,180001585,Montgomery County Police,Injury Crash,01/10/2019 12:55:00 PM,,,,"PARKING LOT OF GIANT FOOD 8750 ARLISS ST SILVER SPRING, MD",,PEDESTRIAN,OTHER,CLEAR,,DAYLIGHT,NO CONTROLS,N/A,N/A,377B26F8-FF6E-4F93-B83B-FE1A588698A4,PEDESTRIAN,Other,NO IMPROPER ACTIONS,OTHER,No,SUSPECTED MINOR INJURY,NONE,38.99994667,-77.00263333,"(38.99994667, -77.00263333)"
MCP913000FQ,230018871,Montgomery County Police,Injury Crash,04/20/2023 12:29:00 PM,,,,"PARKING LOT OF 8736 ARLISS ST
SILVER SPRING, MD 20901",,MACHINE OPERATOR/RIDER,SINGLE VEHICLE,CLEAR,,DAYLIGHT,NO CONTROLS,NONE DETECTED,NONE DETECTED,0C68E975-4F41-478F-BDB6-2FD303CAE732,MACHINE OPERATOR/RIDER,Cross/Enter not at Intersection,OTHER,ON ROADWAY NOT AT CROSSWALK,Yes,POSSIBLE INJURY,NONE,38.99948617,-77.00157117,"(38.99948617, -77.00157117)"
MCP20080026,16020098,Montgomery County Police,Injury Crash,04/23/2016 11:15:00 PM,Maryland (State),CONNECTICUT AVE,JONES BRIDGE RD,,N/A,PEDESTRIAN,SAME DIR REAR END,N/A,DRY,DARK LIGHTS ON,N/A,"ALCOHOL PRESENT, UNKNOWN",UNKNOWN,F6735FAD-037C-4EBB-ADAE-AEA27463328A,PEDESTRIAN,Unknown,UNKNOWN,ON ROADWAY NOT AT CROSSWALK,Unknown,SUSPECTED SERIOUS INJURY,NONE,38.99861667,-77.077115,"(38.99861667, -77.077115)"
MCP2016005L,210004492,Montgomery County Police,Injury Crash,02/04/2021 02:32:00 PM,Maryland (State),ROCKVILLE PIKE,BOU AVE,,N/A,BICYCLIST,OTHER,CLEAR,DRY,DAYLIGHT,TRAFFIC SIGNAL,NONE DETECTED,NONE DETECTED,24AF8946-9ABB-4AD7-8417-B06E7F4B83DB,BICYCLIST,Walking/Riding against Traffic,WRONG WAY RIDING OR WALKING,ON ROADWAY AT CROSSWALK,Yes,SUSPECTED MINOR INJURY,NONE,39.05617167,-77.11937167,"(39.05617167, -77.11937167)"
MCP2693002G,180015547,Montgomery County Police,Injury Crash,03/30/2018 07:54:00 PM,County,ASPEN HILL RD,FRANKFORT DR,,N/A,PEDESTRIAN,SINGLE VEHICLE,CLEAR,DRY,DARK LIGHTS ON,NO CONTROLS,NONE DETECTED,NONE DETECTED,6BC79343-D2B1-420B-88BB-EA9ED47498FB,PEDESTRIAN,Cross/Enter at Intersection,NO IMPROPER ACTIONS,ON ROADWAY AT CROSSWALK,No,SUSPECTED MINOR INJURY,N/A,39.07955,-77.08385333,"(39.07955, -77.08385333)"
MCP29590009,15022132,Montgomery County Police,Injury Crash,05/09/2015 03:05:00 PM,County,BLUHILL RD,RANDOLPH RD,,N/A,PEDESTRIAN,SINGLE VEHICLE,CLEAR,DRY,DAYLIGHT,NO CONTROLS,NONE DETECTED,NONE DETECTED,DB5113B9-D4CB-40F3-9EC6-BD96ED4B270E,PEDESTRIAN,Cross/Enter not at Intersection,INATTENTIVE,ON ROADWAY NOT AT CROSSWALK,,POSSIBLE INJURY,NONE,39.05903334,-77.06491828,"(39.05903334, -77.06491828)"
DD5643000L,200013298,Rockville Police Departme,Injury Crash,03/19/2020 03:24:00 PM,Maryland (State),ROCKVILLE PIKE,EDMONSTON DR,,ROCKVILLE,PEDESTRIAN,STRAIGHT MOVEMENT ANGLE,N/A,DRY,DAYLIGHT,STOP SIGN,NONE DETECTED,NONE DETECTED,D3F7C1F1-1CEA-4C69-B6E2-0C9ADCF5E4F8,PEDESTRIAN,Walking/Cycling on Sidewalk,N/A,SIDEWALK,Unknown,POSSIBLE INJURY,NONE,39.07531982,-77.13715639,"(39.07531982, -77.13715639)"
MCP3190004X,230016788,Montgomery County Police,Injury Crash,04/08/2023 02:00:00 PM,Maryland (State),OLNEY LAYTONSVILLE RD,BOWIE MILL RD,,N/A,BICYCLIST,STRAIGHT MOVEMENT ANGLE,N/A,DRY,DAYLIGHT,TRAFFIC SIGNAL,NONE DETECTED,NONE DETECTED,09331075-FDD6-4234-A0B9-9A63E2F4185E,BICYCLIST,Cross/Enter at Intersection,NO IMPROPER ACTIONS,ON ROADWAY AT CROSSWALK,No,POSSIBLE INJURY,MC/BIKE HELMET,39.16083167,-77.07942,"(39.16083167, -77.07942)"
MCP23480065,220002096,Montgomery County Police,Fatal Crash,01/17/2022 06:26:00 PM,Maryland (State),VEIRS MILL RD,FERRARA AVE,,N/A,PEDESTRIAN,SINGLE VEHICLE,CLEAR,DRY,DARK LIGHTS ON,TRAFFIC SIGNAL,UNKNOWN,NONE DETECTED,81EC19F8-138A-4793-AE5C-F44F72E332B3,PEDESTRIAN,Cross/Enter at Intersection,IN ROADWAY IMPROPERLY,ON ROADWAY AT CROSSWALK,Yes,FATAL INJURY,N/A,39.05354,-77.07760167,"(39.05354, -77.07760167)"
DM8450000B,15048876,TAKOMA,Property Damage Crash,09/26/2015 03:05:00 PM,,,,"Parking lot/entrance of 7609 New Hampshire Avenue, Takoma Park, Montgomery County Maryland.",,PEDESTRIAN,OTHER,CLOUDY,,DAYLIGHT,NO CONTROLS,NONE DETECTED,NONE DETECTED,BB77807A-603E-4089-A6C5-3C8F171F70D7,PEDESTRIAN,Playing,DART DASH,OTHER,Yes,NO APPARENT INJURY,NONE,38.99138167,-76.99416167,"(38.99138167, -76.99416167)"
MCP2987001K,17009316,Montgomery County Police,Injury Crash,02/21/2017 10:40:00 AM,Maryland (State),PINEY BRANCH RD,ARLISS ST,,N/A,PEDESTRIAN,STRAIGHT MOVEMENT ANGLE,CLEAR,DRY,DAYLIGHT,TRAFFIC SIGNAL,NONE DETECTED,NONE DETECTED,FFBFAEFF-90EC-44BD-9556-3EDA9AA47C56,PEDESTRIAN,Cross/Enter at Intersection,NO IMPROPER ACTIONS,ON ROADWAY AT CROSSWALK,No,SUSPECTED MINOR INJURY,NONE,38.99820667,-77.00123167,"(38.99820667, -77.00123167)"
MCP3283000J,210013166,Montgomery County Police,Injury Crash,04/08/2021 05:40:00 PM,County,FALLS CHAPEL WAY,WILLOW VALLEY DR,,N/A,BICYCLIST,SINGLE VEHICLE,CLEAR,DRY,N/A,NO CONTROLS,NONE DETECTED,NONE DETECTED,02492018-8ED5-41F9-B54B-75678E86FD4D,BICYCLIST,Cross/Enter not at Intersection,FAILURE TO YIELD RIGHT OF WAY,ON ROADWAY NOT AT CROSSWALK,Yes,SUSPECTED MINOR INJURY,NONE,39.051085,-77.19096833,"(39.051085, -77.19096833)"
HA23050005,18001634,Maryland-National Capital,Injury Crash,11/26/2018 05:13:00 PM,Government,BEACH DR,NO NAME,,N/A,PEDESTRIAN,HEAD ON LEFT TURN,CLEAR,DRY,DARK NO LIGHTS,STOP SIGN,UNKNOWN,NONE DETECTED,1D76FD69-5316-4A8A-9E07-D39E45AF31B5,PEDESTRIAN,Cross/Enter at Intersection,NO IMPROPER ACTIONS,ON ROADWAY AT CROSSWALK,No,POSSIBLE INJURY,N/A,39.05922167,-77.06507833,"(39.05922167, -77.06507833)"
MCP22980129,220054325,Montgomery County Police,Injury Crash,12/08/2022 06:01:00 PM,Maryland (State),MASSACHUSETTS AVE,SANGAMORE RD,,N/A,PEDESTRIAN,SINGLE VEHICLE,CLEAR,N/A,DARK LIGHTS ON,TRAFFIC SIGNAL,NONE DETECTED,NONE DETECTED,BD697C75-CC4D-4FE5-BB94-C8306B28B223,PEDESTRIAN,Cross/Enter at Intersection,INATTENTIVE,AT INTERSECTION MARKED CROSSWALK,No,SUSPECTED MINOR INJURY,REFLECTIVE CLOTHING,38.96319,-77.1212,"(38.96319, -77.1212)"
MCP3287000Y,210018034,Montgomery County Police,Injury Crash,05/13/2021 04:43:00 PM,County,MUDDY BRANCH RD,FORREST LANDING WAY,,N/A,BICYCLIST,ANGLE MEETS RIGHT TURN,CLEAR,DRY,DAYLIGHT,STOP SIGN,N/A,N/A,246B3C02-180A-4151-A6EA-E652844B4E21,BICYCLIST,Cross/Enter at Intersection,FAILURE TO YIELD RIGHT OF WAY,ON ROADWAY AT CROSSWALK,Yes,SUSPECTED MINOR INJURY,NONE,39.10173683,-77.2212247,"(39.10173683, -77.2212247)"
DD5621001F,170529129,Rockville Police Departme,Injury Crash,09/07/2017 08:55:00 AM,Maryland (State),ROCKVILLE PIKE,DODGE ST,,N/A,PEDESTRIAN,SINGLE VEHICLE,CLEAR,DRY,DAYLIGHT,TRAFFIC SIGNAL,NONE DETECTED,NONE DETECTED,C33EB9B5-50A5-4844-9B6E-3BAEDE04C61B,PEDESTRIAN,Cross/Enter at Intersection,FAILURE TO OBEY TRAFFIC SIGNS SIGNALS OR OFFICER,ON ROADWAY AT CROSSWALK,Yes,SUSPECTED MINOR INJURY,NONE,39.08011233,-77.14363067,"(39.08011233, -77.14363067)"
DD5527003P,210048073,Rockville Police Departme,Property Damage Crash,11/26/2021 05:15:00 PM,,,,SHELL GAS STATION OF 1911 ROCKVILLE PIKE,,BICYCLIST,OTHER,CLEAR,,DARK LIGHTS ON,NO CONTROLS,UNKNOWN,NONE DETECTED,0906F3DD-C93E-408E-B955-06486F2FEEB0,BICYCLIST,Other,NO IMPROPER ACTIONS,OTHER,No,NO APPARENT INJURY,NONE,39.05842351,-77.1214181,"(39.05842351, -77.1214181)"
MCP25090012,16011683,MONTGOMERY,Injury Crash,03/09/2016 11:00:00 AM,Maryland (State),PINEY BRANCH RD,SLIGO CREEK PKWY,,N/A,BICYCLIST,HEAD ON LEFT TURN,CLEAR,DRY,DAYLIGHT,TRAFFIC SIGNAL,NONE DETECTED,NONE DETECTED,2355E384-C64D-4C33-B8A2-07FD96D10ABE,BICYCLIST,Cross/Enter at Intersection,NO IMPROPER ACTIONS,ON ROADWAY AT CROSSWALK,No,SUSPECTED SERIOUS INJURY,MC/BIKE HELMET,38.99536167,-77.00674833,"(38.99536167, -77.00674833)"
MCP3145002T,200045012,Montgomery County Police,Injury Crash,11/14/2020 06:00:00 PM,Maryland (State),NEW HAMPSHIRE AVE,RANDOLPH RD,,N/A,PEDESTRIAN,SINGLE VEHICLE,CLEAR,DRY,DARK LIGHTS ON,TRAFFIC SIGNAL,NONE DETECTED,NONE DETECTED,42309692-4A4F-4E8C-A082-429F31EEEED7,PEDESTRIAN,Cross/Enter at Intersection,IN ROADWAY IMPROPERLY,ON ROADWAY NOT AT CROSSWALK,Yes,SUSPECTED MINOR INJURY,N/A,39.07633,-77.00139,"(39.07633, -77.00139)"
MCP2723006L,220038358,Montgomery County Police,Injury Crash,09/04/2022 02:55:00 PM,,NORBECK BLVD,N LEISURE WORLD BLVD,,N/A,BICYCLIST,STRAIGHT MOVEMENT ANGLE,CLEAR,DRY,DAYLIGHT,STOP SIGN,NONE DETECTED,NONE DETECTED,E60563D6-CDD1-496E-BA02-156E3C05C4D7,BICYCLIST,Cross/Enter at Intersection,NO IMPROPER ACTIONS,AT INTERSECTION MARKED CROSSWALK,No,SUSPECTED MINOR INJURY,MC/BIKE HELMET,39.109525,-77.068825,"(39.109525, -77.068825)"
MCP33000010,210044444,Montgomery County Police,Injury Crash,11/03/2021 08:05:00 AM,Maryland (State),GEORGIA AVE,SHOREFIELD RD,,N/A,PEDESTRIAN,OTHER,CLEAR,DRY,DAYLIGHT,TRAFFIC SIGNAL,NONE DETECTED,NONE DETECTED,544531EA-BC46-44DE-BE56-938A05CD899F,PEDESTRIAN,Cross/Enter at Intersection,UNKNOWN,ON ROADWAY NOT AT CROSSWALK,No,POSSIBLE INJURY,NONE,39.05300757,-77.05085627,"(39.05300757, -77.05085627)"
MCP3200003S,210038762,Montgomery County Police,Injury Crash,09/30/2021 10:26:00 AM,County,PARKLAWN DR,COAKLEY CIR,,N/A,BICYCLIST,OTHER,CLEAR,DRY,DAYLIGHT,NO CONTROLS,NONE DETECTED,NONE DETECTED,1A5A5301-FFF1-4882-A837-36E4BE489D48,BICYCLIST,Walking/Riding w/Traffic,INATTENTIVE,ON ROADWAY NOT AT CROSSWALK,Yes,SUSPECTED MINOR INJURY,MC/BIKE HELMET,39.04964171,-77.10273624,"(39.04964171, -77.10273624)"
MCP2612003J,190052108,Montgomery County Police,Injury Crash,10/29/2019 06:45:00 PM,County,GLASGOW DR,ASPEN HILL RD,,N/A,PEDESTRIAN,OTHER,CLEAR,DRY,DUSK,NO CONTROLS,NONE DETECTED,NONE DETECTED,8C5F7E52-A5E5-4D1A-9AC4-73838CA7CD29,PEDESTRIAN,Cross/Enter at Intersection,NO IMPROPER ACTIONS,AT INTERSECTION BUT NO CROSSWALK,No,POSSIBLE INJURY,NONE,39.07294667,-77.09568333,"(39.07294667, -77.09568333)"
MCP2615003S,200044977,Montgomery County Police,Property Damage Crash,11/14/2020 12:40:00 PM,,,,"PARKING LOT
12705 NEW HAMPSHIRE AVENUE
SILVER SPRING, MD, 20904",,PEDESTRIAN,SAME DIR REAR END,CLEAR,,DAYLIGHT,NO CONTROLS,NONE DETECTED,NONE DETECTED,E53A1BE9-7BAA-422C-93AE-1ACCB629FFD9,PEDESTRIAN,Standing,N/A,OTHER,No,NO APPARENT INJURY,N/A,39.06436783,-76.99927703,"(39.06436783, -76.99927703)"
MCP06860003,17014791,Montgomery County Police,Injury Crash,03/23/2017 08:32:00 AM,Maryland (State),GERMANTOWN RD,BOWMAN MILL RD,,N/A,PEDESTRIAN,SINGLE VEHICLE,CLEAR,DRY,DAYLIGHT,N/A,NONE DETECTED,NONE DETECTED,A30F0A1A-2679-43FD-9ED0-2046A7598A65,PEDESTRIAN,Other Working,NO IMPROPER ACTIONS,ON ROADWAY NOT AT CROSSWALK,No,SUSPECTED MINOR INJURY,REFLECTIVE CLOTHING,39.1751913,-77.27224499,"(39.1751913, -77.27224499)"
MCP23530089,200022955,Montgomery County Police,Injury Crash,06/08/2020 12:00:00 PM,Maryland (State),ROCKVILLE PIKE,GROSVENOR LA,,N/A,BICYCLIST,UNKNOWN,CLEAR,UNKNOWN,DAYLIGHT,UNKNOWN,UNKNOWN,NONE DETECTED,C10FB3EE-87DD-4949-A2F6-D10C771EE7F4,BICYCLIST,Unknown,UNKNOWN,UNKNOWN,Unknown,SUSPECTED SERIOUS INJURY,NONE,39.0258541,-77.1035835,"(39.0258541, -77.1035835)"
MCP3193003D,220023320,Montgomery County Police,Property Damage Crash,05/31/2022 06:17:00 PM,County,BLUHILL RD,RANDOLPH RD,,N/A,PEDESTRIAN,OTHER,CLEAR,DRY,DAYLIGHT,OTHER,NONE DETECTED,NONE DETECTED,5650B2D8-7528-419C-A869-043C0CBC6AAE,PEDESTRIAN,Cross/Enter at Intersection,NO IMPROPER ACTIONS,ON ROADWAY AT CROSSWALK,No,NO APPARENT INJURY,NONE,39.05908017,-77.06501383,"(39.05908017, -77.06501383)"