Report Number,Local Case Number,Agency Name,ACRS Report Type,Crash Date/Time,Route Type,Road Name,Cross-Street Name,Off-Road Description,Municipality,Related Non-Motorist,Collision Type,Weather,Surface Condition,Light,Traffic Control,Driver Substance Abuse,Non-Motorist Substance Abuse,Person ID,Pedestrian Type,Pedestrian Movement,Pedestrian Actions,Pedestrian Location,At Fault,Injury Severity,Safety Equipment,Latitude,Longitude,Location
MCP29730025,16049321,Montgomery County Police,Injury Crash,09/25/2016 12:27:00 PM,County,FALCON ST,CALDWELL ST,,N/A,PEDESTRIAN,N/A,CLEAR,DRY,DAYLIGHT,NO CONTROLS,NONE DETECTED,N/A,7297DF94-800E-4964-AD31-B7E6CC4E80CD,PEDESTRIAN,Playing,DART DASH,ON ROADWAY NOT AT CROSSWALK,Yes,POSSIBLE INJURY,NONE,39.06687021,-77.09160894,"(39.06687021, -77.09160894)"
MCP29770090,220027756,Montgomery County Police,Injury Crash,06/28/2022 08:37:00 AM,County,TIMBERWOOD AVE,COLESVILLE RD,,N/A,PEDESTRIAN,OTHER,CLEAR,DRY,DAYLIGHT,NO CONTROLS,UNKNOWN,NONE DETECTED,2D2A3239-FDF5-4974-8570-5B335230016F,PEDESTRIAN,Getting off/on Vehicle,IN ROADWAY IMPROPERLY,ON ROADWAY NOT AT CROSSWALK,Yes,POSSIBLE INJURY,NONE,39.02165167,-77.01238833,"(39.02165167, -77.01238833)"
MCP3063004D,230054826,Montgomery County Police,Injury Crash,09/14/2023 12:24:00 PM,County,THAYER AVE,FENTON ST,,N/A,OTHER CONVEYANCE,N/A,CLEAR,DRY,DAYLIGHT,NO CONTROLS,NONE DETECTED,NONE DETECTED,9D9361A5-1623-4C11-A2BF-F301DE04DF7D,OTHER CONVEYANCE,Cross/Enter not at Intersection,DART DASH,ON ROADWAY NOT AT CROSSWALK,Yes,POSSIBLE INJURY,NONE,38.99306008,-77.02333319,"(38.99306008, -77.02333319)"
MCP3123005V,230032844,Montgomery County Police,Injury Crash,07/10/2023 02:59:00 PM,Maryland (State),METRO ACCESS RD,RAMP 7 FR MD 200 WB TO MD 200A SB (BACK),,N/A,BICYCLIST,STRAIGHT MOVEMENT ANGLE,CLEAR,DRY,DAYLIGHT,TRAFFIC SIGNAL,N/A,N/A,DD002BC1-C9AD-4994-A5A0-7CE9FDA7DC75,BICYCLIST,Cross/Enter at Intersection,DART DASH,ON ROADWAY AT CROSSWALK,Yes,SUSPECTED MINOR INJURY,NONE,39.1215332,-77.16107857,"(39.1215332, -77.16107857)"
MCP32710006,200017866,Montgomery County Police,Injury Crash,05/01/2020 09:20:00 PM,Maryland (State),GREAT SENECA HWY,CROSSOVER,,N/A,BICYCLIST,STRAIGHT MOVEMENT ANGLE,CLEAR,DRY,DARK NO LIGHTS,NO CONTROLS,NONE DETECTED,NONE DETECTED,7D9DDE00-8E7F-4284-B088-18FF3C0A27DB,BICYCLIST,Cross/Enter at Intersection,DART DASH,ON ROADWAY AT CROSSWALK,Yes,SUSPECTED SERIOUS INJURY,NONE,39.107415,-77.20955833,"(39.107415, -77.20955833)"
DD5658001D,230062625,Rockville Police Departme,Property Damage Crash,10/26/2023 08:58:00 AM,,HALPINE ROAD,ROCKVILLE PIKE,,N/A,PEDESTRIAN,OTHER,CLEAR,DRY,DAYLIGHT,N/A,N/A,N/A,7EC841E4-A096-4D6C-BEDC-81F86E0D8339,PEDESTRIAN,Cross/Enter at Intersection,UNKNOWN,ON ROADWAY AT CROSSWALK,Unknown,NO APPARENT INJURY,N/A,39.0620035,-77.12353017,"(39.0620035, -77.12353017)"
MCP137800QH,190018156,Montgomery County Police,Injury Crash,04/18/2019 01:38:00 PM,County,WASHINGTON GROVE LA,SPUR FR RAILROAD ST,,N/A,OTHER,SINGLE VEHICLE,CLOUDY,DRY,DAYLIGHT,NO CONTROLS,NONE DETECTED,NONE DETECTED,332F6457-D4BA-4F23-B629-3B44D7B4A262,OTHER,Getting off/on Vehicle,OTHER,SHOULDER,Yes,SUSPECTED MINOR INJURY,NONE,39.13937197,-77.17970036,"(39.13937197, -77.17970036)"
EJ7857000H,15032732,GAITHERSBURG,Injury Crash,07/04/2015 10:33:00 PM,Municipality,PERRY PKWY,STRUC OV CSX R/R,,N/A,PEDESTRIAN,OTHER,CLOUDY,DRY,DARK LIGHTS ON,NO CONTROLS,NONE DETECTED,NONE DETECTED,18BDD405-AC87-4E65-B798-369E44271933,PEDESTRIAN,Walking/Riding against Traffic,WRONG WAY RIDING OR WALKING,ON ROADWAY NOT AT CROSSWALK,No,SUSPECTED MINOR INJURY,NONE,39.147355,-77.21405667,"(39.147355, -77.21405667)"
MCP2837000W,16017365,Montgomery County Police,Injury Crash,04/09/2016 02:13:00 PM,,,,PARKING LOT IN FRONT OF CICI'S PIZZA AT 12111 ROCKVILLE PIKE,,PEDESTRIAN,OTHER,CLOUDY,,DAYLIGHT,NO CONTROLS,NONE DETECTED,NONE DETECTED,9D703D64-815F-4497-87A6-5233D66A6EF1,PEDESTRIAN,Other,OTHER,OTHER,No,POSSIBLE INJURY,N/A,39.05717667,-77.11872,"(39.05717667, -77.11872)"
EJ7858007X,230033705,Gaithersburg Police Depar,Injury Crash,07/15/2023 12:15:00 PM,Municipality,GIRARD ST,GOSHEN RD,,N/A,OTHER,OTHER,CLOUDY,DRY,DAYLIGHT,TRAFFIC SIGNAL,NONE DETECTED,NONE DETECTED,7827F4C5-AB04-47F3-A8FE-C721EC87EE96,OTHER,Other,OTHER,ON ROADWAY AT CROSSWALK,Yes,POSSIBLE INJURY,MC/BIKE HELMET,39.15111155,-77.19246255,"(39.15111155, -77.19246255)"
MCP15950022,220027156,Montgomery County Police,Injury Crash,08/28/2022 03:07:00 AM,Maryland (State),GEORGIA AVE,ENNALLS AVE,,N/A,PEDESTRIAN,OTHER,CLEAR,DRY,DARK LIGHTS ON,NO CONTROLS,UNKNOWN,ALCOHOL CONTRIBUTED,25EB92E1-A49D-47BA-81F7-8B4496424914,PEDESTRIAN,Cross/Enter not at Intersection,NO IMPROPER ACTIONS,ON ROADWAY NOT AT CROSSWALK,Yes,POSSIBLE INJURY,NONE,39.0393508,-77.054306,"(39.0393508, -77.054306)"
EJ7880000S,200027825,Gaithersburg Police Depar,Injury Crash,07/17/2020 07:57:00 PM,,,,VEHICLE STRUCK PED IN PARKING LOT AND FLED,,PEDESTRIAN,SINGLE VEHICLE,CLEAR,,DAYLIGHT,NO CONTROLS,UNKNOWN,NONE DETECTED,D1BB3C8A-FD70-4EAB-AC29-F472CF1D0EAB,PEDESTRIAN,Standing,NO IMPROPER ACTIONS,OTHER,No,SUSPECTED MINOR INJURY,N/A,39.14407711,-77.19320816,"(39.14407711, -77.19320816)"
MCP2639009S,200039102,Montgomery County Police,Injury Crash,10/05/2020 06:49:00 AM,Maryland (State),UNIVERSITY BLVD W,AMHERST AVE,,N/A,PEDESTRIAN,STRAIGHT MOVEMENT ANGLE,RAINING,WET,DARK LIGHTS ON,NO CONTROLS,NONE DETECTED,NONE DETECTED,9119BC50-44B1-4DC7-852E-6ECCBBB6E424,PEDESTRIAN,Cross/Enter not at Intersection,DART DASH,ON ROADWAY NOT AT CROSSWALK,Yes,POSSIBLE INJURY,NONE,39.04047,-77.04836,"(39.04047, -77.04836)"
MCP31900052,230022377,Montgomery County Police,Injury Crash,05/10/2023 11:18:00 AM,,,,PRIVATE DRIVEWAY ON FARM PROPERTY AT 4300 GREGG ROAD.,,PEDESTRIAN,OTHER,CLEAR,,DAYLIGHT,NO CONTROLS,NONE DETECTED,NONE DETECTED,9CF03BC2-BF88-42E7-A93A-94BEE13330B0,PEDESTRIAN,Other,OTHER,OTHER,Unknown,SUSPECTED MINOR INJURY,NONE,39.2026889,-77.08683038,"(39.2026889, -77.08683038)"
MCP1436000B,180053661,Montgomery County Police,Property Damage Crash,10/26/2018 12:55:00 PM,,,,PARKING LOT MONTROSE  CROSSING CENTER,,OTHER,N/A,N/A,,N/A,N/A,NONE DETECTED,NONE DETECTED,6809E70E-D232-4B8D-A094-DFBAC87D1E3D,OTHER,N/A,N/A,N/A,No,NO APPARENT INJURY,N/A,39.05461333,-77.11401667,"(39.05461333, -77.11401667)"
MCP3053003C,190031796,Montgomery County Police,Injury Crash,07/03/2019 10:18:00 PM,Maryland (State),UNIVERSITY BLVD W,SLIGO CREEK PKWY,,N/A,PEDESTRIAN,SAME DIRECTION RIGHT TURN,CLEAR,DRY,DARK -- UNKNOWN LIGHTING,TRAFFIC SIGNAL,N/A,N/A,D98059CB-142E-4D53-87F4-E81E014B8A80,PEDESTRIAN,Cross/Enter at Intersection,N/A,ON ROADWAY AT CROSSWALK,No,POSSIBLE INJURY,NONE,39.03647056,-77.03046303,"(39.03647056, -77.03046303)"
MCP26670055,180047407,Montgomery County Police,Injury Crash,09/22/2018 11:40:00 AM,,,,SIDEWALK IN FRONT OF 416 NORTH FREDERICK AVE,,PEDESTRIAN,OTHER,CLEAR,,DAYLIGHT,N/A,UNKNOWN,NONE DETECTED,4DC8B769-5100-4A71-A3BE-D1A5CCA44EED,PEDESTRIAN,Walking/Cycling on Sidewalk,NO IMPROPER ACTIONS,SIDEWALK,No,POSSIBLE INJURY,NONE,39.14588167,-77.205923,"(39.14588167, -77.205923)"
MCP3268001Z,220025065,Montgomery County Police,Injury Crash,06/11/2022 09:32:00 AM,,,,PARKING LOT OF 2128 INDUSTRIAL PARKWAY,,OTHER,N/A,RAINING,,DAYLIGHT,N/A,N/A,NONE DETECTED,AD78918C-830F-4D40-8AEE-A21B8C7C5EA8,OTHER,Other,N/A,OTHER,No,SUSPECTED MINOR INJURY,N/A,39.05456683,-76.967925,"(39.05456683, -76.967925)"
MCP3000001G,16058070,Montgomery County Police,Injury Crash,11/10/2016 08:12:00 PM,,,,18909 KINGSVIEW RD PARKING LOT OF GERMANTOWN OUTDOOR POOL,,PEDESTRIAN,N/A,CLEAR,,DARK LIGHTS ON,NO CONTROLS,NONE DETECTED,NONE DETECTED,14863F27-8FD4-4A23-86F9-EE0910508DE2,PEDESTRIAN,Playing,OTHER,OTHER,Yes,SUSPECTED MINOR INJURY,N/A,39.165225,-77.28609667,"(39.165225, -77.28609667)"
MCP30500048,200000755,Montgomery County Police,Injury Crash,01/05/2020 04:07:00 PM,Maryland (State),GEORGIA AVE,CONNECTICUT AVE,,N/A,BICYCLIST,SINGLE VEHICLE,CLEAR,DRY,DAYLIGHT,NO CONTROLS,NONE DETECTED,NONE DETECTED,F69D0C7D-A5BC-49D5-B003-94F82DD88EFC,BICYCLIST,Other,IN ROADWAY IMPROPERLY,ON ROADWAY NOT AT CROSSWALK,Yes,POSSIBLE INJURY,NONE,39.084985,-77.07835667,"(39.084985, -77.07835667)"
MCP2812003Q,180042390,Montgomery County Police,Injury Crash,08/25/2018 04:19:00 PM,Maryland (State),GEORGIA AVE,BELVEDERE BLVD,,N/A,PEDESTRIAN,OTHER,CLEAR,DRY,DAYLIGHT,NO CONTROLS,N/A,N/A,80D1D118-1746-45D5-AE21-69B80C7BDE14,PEDESTRIAN,Cross/Enter not at Intersection,NOT VISIBLE,ON ROADWAY NOT AT CROSSWALK,Yes,SUSPECTED MINOR INJURY,NONE,39.01948095,-77.04400051,"(39.01948095, -77.04400051)"
MCP2853008Z,230050926,Montgomery County Police,Injury Crash,08/23/2023 04:26:00 PM,Maryland (State),UNIVERSITY BLVD W,SUTHERLAND RD,,N/A,PEDESTRIAN,OTHER,CLEAR,DRY,DAYLIGHT,NO CONTROLS,N/A,N/A,BDCF0F23-7BBB-45A4-9DA8-216572209167,PEDESTRIAN,Cross/Enter not at Intersection,FAILURE TO YIELD RIGHT OF WAY,OUTSIDE RIGHT OF WAY,Yes,SUSPECTED MINOR INJURY,NONE,39.02063667,-77.015965,"(39.02063667, -77.015965)"
MCP1227001K,220001661,Montgomery County Police,Fatal Crash,01/14/2022 08:30:00 AM,Maryland (State),FREDERICK RD,S WESTLAND DR,,N/A,BICYCLIST,SINGLE VEHICLE,CLEAR,DRY,DAYLIGHT,TRAFFIC SIGNAL,NONE DETECTED,NONE DETECTED,1ED8B103-7F63-49BA-A233-46ABEF4895CA,BICYCLIST,Cross/Enter at Intersection,FAILURE TO OBEY TRAFFIC SIGNS SIGNALS OR OFFICER,AT INTERSECTION MARKED CROSSWALK,Yes,FATAL INJURY,NONE,39.12608939,-77.18279453,"(39.12608939, -77.18279453)"
MCP2948005X,230002189,Montgomery County Police,Injury Crash,01/13/2023 11:15:00 PM,Maryland (State),GEORGIA AVE,REEDIE DR,,N/A,PEDESTRIAN,OTHER,CLEAR,DRY,DARK LIGHTS ON,TRAFFIC SIGNAL,NONE DETECTED,N/A,D49F4196-2F12-4735-A30E-11FC30A6BDC2,PEDESTRIAN,Cross/Enter at Intersection,UNKNOWN,ON ROADWAY AT CROSSWALK,Unknown,SUSPECTED MINOR INJURY,N/A,39.03881,-77.05091167,"(39.03881, -77.05091167)"
MCP3127001F,190061427,Montgomery County Police,Injury Crash,12/20/2019 10:45:00 PM,,ROSE AVE,GRAND PARK AVE,,N/A,PEDESTRIAN,STRAIGHT MOVEMENT ANGLE,CLEAR,DRY,DARK LIGHTS ON,STOP SIGN,NONE DETECTED,NONE DETECTED,8035D13D-015B-4B12-B137-4C95D8E3748A,PEDESTRIAN,Cross/Enter at Intersection,NO IMPROPER ACTIONS,AT INTERSECTION MARKED CROSSWALK,No,POSSIBLE INJURY,NONE,39.05103333,-77.117765,"(39.05103333, -77.117765)"
MCP3222001Z,220042158,Montgomery County Police,Injury Crash,09/27/2022 04:46:00 PM,Maryland (State),BRADLEY BLVD,HUNTINGTON PKWY,,N/A,BICYCLIST,OTHER,CLEAR,DRY,DAYLIGHT,TRAFFIC SIGNAL,NONE DETECTED,NONE DETECTED,B7DB7D91-A171-49D8-81B3-A03F3E74E322,BICYCLIST,Walking/Riding w/Traffic,FAILURE TO YIELD RIGHT OF WAY,ON ROADWAY NOT AT CROSSWALK,Yes,POSSIBLE INJURY,MC/BIKE HELMET,38.993018,-77.11893217,"(38.993018, -77.11893217)"
MCP2967003Q,190011529,Montgomery County Police,Injury Crash,03/12/2019 09:12:00 PM,Maryland (State),WISCONSIN AVE,EAST WEST HWY (W/B COUPLET),,N/A,PEDESTRIAN,SINGLE VEHICLE,CLEAR,DRY,DARK LIGHTS ON,TRAFFIC SIGNAL,N/A,N/A,D0250D1E-BCB1-477D-88D5-B1A41E34B9D3,PEDESTRIAN,Cross/Enter not at Intersection,IN ROADWAY IMPROPERLY,ON ROADWAY NOT AT CROSSWALK,Yes,SUSPECTED MINOR INJURY,NONE,38.98505333,-77.094145,"(38.98505333, -77.094145)"
MCP30210023,170545809,Montgomery County Police,Injury Crash,11/30/2017 02:30:00 PM,,,,12000 CHERRY HILL   IFO TARGET STORE,,PEDESTRIAN,SINGLE VEHICLE,CLEAR,,DAYLIGHT,N/A,N/A,NONE DETECTED,579DC028-890B-4CCD-A39A-872901ECFC12,PEDESTRIAN,Standing,NO IMPROPER ACTIONS,N/A,No,POSSIBLE INJURY,NONE,39.052325,-76.95627,"(39.052325, -76.95627)"
MCP1305001D,17505422,Montgomery County Police,Injury Crash,04/01/2017 08:15:00 PM,,,,PARKING LOT OF 18250 FLOWER HILL WAY (GIANT),,PEDESTRIAN,SINGLE VEHICLE,UNKNOWN,,DARK LIGHTS ON,N/A,N/A,N/A,7ED882B2-5095-4C1F-B532-4B3F5049D171,PEDESTRIAN,Getting off/on Vehicle,NO IMPROPER ACTIONS,OTHER,No,POSSIBLE INJURY,N/A,39.15526153,-77.1655789,"(39.15526153, -77.1655789)"
MCP1170001C,16018039,Montgomery County Police,Injury Crash,04/13/2016 10:30:00 AM,,,,PARKING LOT OF 13100 OLD COLUMBIA PIKE,,PEDESTRIAN,OTHER,N/A,,DAYLIGHT,NO CONTROLS,NONE DETECTED,N/A,AF4527E3-19D7-415D-A3E7-3B22A2CF0029,PEDESTRIAN,Other,OTHER,AT INTERSECTION MARKED CROSSWALK,Yes,SUSPECTED MINOR INJURY,N/A,39.065965,-77.159755,"(39.065965, -77.159755)"
MCP2598002Q,190013677,Montgomery County Police,Injury Crash,03/25/2019 07:47:00 AM,County,CASTLE BLVD,TEAGARDEN CIR,,N/A,PEDESTRIAN,STRAIGHT MOVEMENT ANGLE,CLEAR,DRY,DAYLIGHT,NO CONTROLS,NONE DETECTED,NONE DETECTED,ACA66B1C-CED5-4A00-AEE4-8AE97A5BD90C,PEDESTRIAN,Cross/Enter not at Intersection,DART DASH,ON ROADWAY NOT AT CROSSWALK,Yes,POSSIBLE INJURY,NONE,39.08490667,-76.940445,"(39.08490667, -76.940445)"
MCP24550030,190031052,Montgomery County Police,Injury Crash,06/29/2019 04:17:00 PM,County,SHADY GROVE RD,FREDERICK RD,,N/A,PEDESTRIAN,OTHER,CLEAR,DRY,DAYLIGHT,TRAFFIC SIGNAL,N/A,N/A,FB58EEFB-EF29-4787-BB02-540455DA6B10,PEDESTRIAN,Cross/Enter at Intersection,NO IMPROPER ACTIONS,AT INTERSECTION MARKED CROSSWALK,No,POSSIBLE INJURY,N/A,39.12238907,-77.17759962,"(39.12238907, -77.17759962)"
MCP3193004F,230025774,Montgomery County Police,Injury Crash,05/29/2023 05:15:00 PM,,,,IFO 2900 UNIVERSITY BLVD W PARKING LOT,,PEDESTRIAN,OTHER,RAINING,,DAYLIGHT,N/A,NONE DETECTED,NONE DETECTED,6D27CEC8-32FB-4E86-A33F-CA19DB89DFD1,PEDESTRIAN,Cross/Enter not at Intersection,OTHER,ON ROADWAY NOT AT CROSSWALK,Unknown,POSSIBLE INJURY,NONE,39.03777,-77.0582,"(39.03777, -77.0582)"
MCP31900008,190012811,Montgomery County Police,Injury Crash,03/21/2019 07:12:00 AM,,BANQUO DRIVE,DUNSINANE DRIVE,,N/A,PEDESTRIAN,OTHER,N/A,DRY,DAYLIGHT,N/A,UNKNOWN,N/A,CDC6344C-DBAB-4523-B7E6-D6A18A31C086,PEDESTRIAN,Approach/Leaving Schoolbus,DART DASH,IN SCHOOL BUS ZONE,No,POSSIBLE INJURY,N/A,39.09452051,-77.07370871,"(39.09452051, -77.07370871)"
DD55080046,180001084,Rockville Police Departme,Injury Crash,01/08/2018 08:56:00 AM,,,,PARKING LOT OF 1514 DUNSTER RD,,PEDESTRIAN,OTHER,CLOUDY,,DAYLIGHT,N/A,NONE DETECTED,NONE DETECTED,7FEEB997-092F-413E-8FDD-6DD20501B724,PEDESTRIAN,Standing,NO IMPROPER ACTIONS,OTHER,No,SUSPECTED MINOR INJURY,NONE,39.06250667,-77.17491,"(39.06250667, -77.17491)"
MCP242500F6,190036079,Montgomery County Police,Injury Crash,07/29/2019 09:24:00 AM,County,FENTON ST,WAYNE AVE,,N/A,PEDESTRIAN,OTHER,CLEAR,DRY,DAYLIGHT,NO CONTROLS,NONE DETECTED,NONE DETECTED,6B974EF4-E9B9-4C12-8D30-26FAEAE89FDA,PEDESTRIAN,Cross/Enter not at Intersection,DART DASH,ON ROADWAY NOT AT CROSSWALK,Yes,SUSPECTED MINOR INJURY,NONE,38.996535,-77.02472833,"(38.996535, -77.02472833)"
MCP2436009S,200015770,Montgomery County Police,Injury Crash,04/12/2020 12:50:00 PM,US (State),COLESVILLE RD,UNIVERSITY BLVD E,,N/A,BICYCLIST,STRAIGHT MOVEMENT ANGLE,CLEAR,DRY,DAYLIGHT,TRAFFIC SIGNAL,NONE DETECTED,NONE DETECTED,3E75178E-4B0B-4D5D-B133-1806960462BC,BICYCLIST,Cross/Enter at Intersection,FAILURE TO OBEY TRAFFIC SIGNS SIGNALS OR OFFICER,ON ROADWAY AT CROSSWALK,Yes,SUSPECTED MINOR INJURY,NONE,39.02032231,-77.01283235,"(39.02032231, -77.01283235)"
DD5527004N,230020219,Rockville Police Departme,Injury Crash,04/27/2023 09:35:00 PM,Maryland (State),ROCKVILLE PIKE,CONGRESSIONAL LA,,N/A,BICYCLIST,OTHER,CLEAR,DRY,DARK LIGHTS ON,TRAFFIC SIGNAL,NONE DETECTED,NONE DETECTED,4A1A94C5-1039-4AD1-AC66-B7EB069029B5,BICYCLIST,Cross/Enter at Intersection,NO IMPROPER ACTIONS,ON ROADWAY AT CROSSWALK,No,SUSPECTED MINOR INJURY,NONE,39.06428133,-77.12619411,"(39.06428133, -77.12619411)"
EJ78540019,170504652,Gaithersburg Police Depar,Property Damage Crash,04/28/2017 05:47:00 AM,Maryland (State),W DIAMOND AVE,RAMP 6 FR MD 117 EB TO IS 270 SB,,N/A,BICYCLIST,SINGLE VEHICLE,N/A,DRY,N/A,NO CONTROLS,NONE DETECTED,NONE DETECTED,F90EC444-B74C-4061-9FF1-650AE692748D,BICYCLIST,Cross/Enter at Intersection,NO IMPROPER ACTIONS,ON ROADWAY AT CROSSWALK,No,NO APPARENT INJURY,MC/BIKE HELMET,39.14066,-77.21434333,"(39.14066, -77.21434333)"
MCP15640072,230012994,Montgomery County Police,Injury Crash,03/17/2023 02:15:00 PM,,,,"19632 ISLANDER ST, OLNEY, MD 20832--DRIVEWAY",,OTHER,SINGLE VEHICLE,RAINING,,DAYLIGHT,NO CONTROLS,NONE DETECTED,MEDICATION PRESENT,E876E84E-7DD8-4BA4-B964-153DA6AED6BC,OTHER,Unknown,NO IMPROPER ACTIONS,INSIDE BUILDING,No,NO APPARENT INJURY,NONE,39.17951317,-77.0652365,"(39.17951317, -77.0652365)"
MCP2889003H,180058839,Montgomery County Police,Injury Crash,11/24/2018 05:42:00 PM,Maryland (State),GEORGIA AVE,BLUERIDGE AVE,,N/A,PEDESTRIAN,OTHER,RAINING,WET,DARK LIGHTS ON,TRAFFIC SIGNAL,NONE DETECTED,NONE DETECTED,C1B9F296-8C35-433C-A46A-355371852554,PEDESTRIAN,Cross/Enter at Intersection,NO IMPROPER ACTIONS,ON ROADWAY AT CROSSWALK,No,POSSIBLE INJURY,NONE,39.04306621,-77.05194301,"(39.04306621, -77.05194301)"
MCP2348003S,180025738,Montgomery County Police,Injury Crash,05/25/2018 04:33:00 PM,Maryland (State),VEIRS MILL RD,SPUR TO MD 193,,N/A,PEDESTRIAN,SINGLE VEHICLE,CLEAR,DRY,DAYLIGHT,NO CONTROLS,NONE DETECTED,NONE DETECTED,AC2645B4-5207-4099-9429-06580CB16D90,PEDESTRIAN,Cross/Enter not at Intersection,IN ROADWAY IMPROPERLY,ON ROADWAY NOT AT CROSSWALK,Yes,SUSPECTED MINOR INJURY,N/A,39.040785,-77.057075,"(39.040785, -77.057075)"
MCP3290001W,230005368,Montgomery County Police,Injury Crash,02/02/2023 06:48:00 AM,Maryland (State),PINEY BRANCH RD,MISSISSIPPI AVE,,N/A,PEDESTRIAN,OTHER,CLEAR,DRY,DARK LIGHTS ON,NO CONTROLS,NONE DETECTED,NONE DETECTED,B8874FA0-967C-4276-850D-34B20E69EF8F,PEDESTRIAN,Cross/Enter at Intersection,UNKNOWN,ON ROADWAY AT CROSSWALK,No,POSSIBLE INJURY,NONE,38.98916667,-77.01190833,"(38.98916667, -77.01190833)"
MCP3187000N,190031148,Montgomery County Police,Injury Crash,06/30/2019 08:00:00 AM,Other Public Roadway,INDIAN SPRING RD,LAYHILL RD,,N/A,PEDESTRIAN,SINGLE VEHICLE,CLEAR,DRY,DAYLIGHT,TRAFFIC SIGNAL,NONE DETECTED,NONE DETECTED,EC63F48D-F33F-44ED-BD9E-6A18F7841C2E,PEDESTRIAN,Walking/Cycling on Sidewalk,NO IMPROPER ACTIONS,SIDEWALK,No,SUSPECTED SERIOUS INJURY,NONE,39.07740667,-77.04602833,"(39.07740667, -77.04602833)"
MCP29770009,15023098,Montgomery County Police,Injury Crash,05/14/2015 05:37:00 PM,County,BARRON ST,GILBERT PL,,N/A,PEDESTRIAN,OTHER,CLEAR,DRY,DAYLIGHT,N/A,UNKNOWN,N/A,C6E30AB7-57CE-4AA3-AD80-D12856058052,PEDESTRIAN,Playing,DART DASH,ON ROADWAY NOT AT CROSSWALK,,SUSPECTED MINOR INJURY,N/A,38.99844999,-76.99719787,"(38.99844999, -76.99719787)"
MCP2607002P,170520587,Montgomery County Police,Property Damage Crash,07/22/2017 04:58:00 PM,County,AMITY CT,AMITY DR,,N/A,BICYCLIST,OTHER,RAINING,WET,DAYLIGHT,NO CONTROLS,NONE DETECTED,ALCOHOL PRESENT,B2E6EB7F-9BC8-4813-9BB0-19F25AC0F505,BICYCLIST,Cross/Enter at Intersection,INATTENTIVE,AT INTERSECTION BUT NO CROSSWALK,Yes,NO APPARENT INJURY,NONE,39.14524667,-77.16897667,"(39.14524667, -77.16897667)"
DD5603005P,180015684,Rockville Police Departme,Injury Crash,03/31/2018 06:00:00 PM,,,,1643B ROCKVILLE PIKE (PARKING LOT/STORE),,PEDESTRIAN,SINGLE VEHICLE,CLEAR,,DAYLIGHT,NO CONTROLS,NONE DETECTED,NONE DETECTED,0D61A38D-32E9-48CD-AAF0-24BD4C7C062F,PEDESTRIAN,Walking/Cycling on Sidewalk,NO IMPROPER ACTIONS,SIDEWALK,No,SUSPECTED MINOR INJURY,N/A,39.06219902,-77.12715626,"(39.06219902, -77.12715626)"
MCP20460098,180059937,Montgomery County Police,Injury Crash,11/30/2018 05:32:00 PM,County,BRIGGS CHANEY RD,ASTON MANOR DR,,N/A,PEDESTRIAN,OTHER,CLEAR,DRY,DARK LIGHTS ON,NO CONTROLS,NONE DETECTED,NONE DETECTED,7179F634-96B1-4A6B-9C35-DB20847FDD6B,PEDESTRIAN,Cross/Enter at Intersection,NO IMPROPER ACTIONS,AT INTERSECTION BUT NO CROSSWALK,No,POSSIBLE INJURY,N/A,39.07589015,-76.94114938,"(39.07589015, -76.94114938)"
MCP32720011,210044515,Montgomery County Police,Injury Crash,11/03/2021 01:50:00 PM,US (State),COLESVILLE RD,TIMBERWOOD AVE,,N/A,BICYCLIST,STRAIGHT MOVEMENT ANGLE,CLEAR,DRY,DAYLIGHT,NO CONTROLS,NONE DETECTED,NONE DETECTED,E7B88553-B590-47D2-8B08-2D959B53E9A1,BICYCLIST,Cross/Enter at Intersection,NO IMPROPER ACTIONS,ON ROADWAY AT CROSSWALK,No,POSSIBLE INJURY,NONE,39.02128133,-77.01137133,"(39.02128133, -77.01137133)"
MCP29520068,180018025,Montgomery County Police,Property Damage Crash,04/13/2018 11:31:00 AM,County,FENTON ST,NEW YORK AVE,,N/A,BICYCLIST,SAME DIRECTION SIDESWIPE,CLEAR,DRY,DAYLIGHT,STOP SIGN,NONE DETECTED,NONE DETECTED,3B61D3EE-E5A2-42A7-8587-ABBE349AA26A,BICYCLIST,Walking/Riding w/Traffic,NO IMPROPER ACTIONS,ON ROADWAY NOT AT CROSSWALK,No,NO APPARENT INJURY,MC/BIKE HELMET,38.98573331,-77.02293634,"(38.98573331, -77.02293634)"
MCP1301001T,220023484,Montgomery County Police,Fatal Crash,06/01/2022 04:09:00 PM,Maryland (State),OLD GEORGETOWN RD,CHESHIRE DR,,N/A,BICYCLIST,SINGLE VEHICLE,CLEAR,DRY,DAYLIGHT,NO CONTROLS,NONE DETECTED,NONE DETECTED,B71FD9C4-97DB-44A8-B161-7FEF7E4B89AD,BICYCLIST,Walking/Cycling on Sidewalk,IN ROADWAY IMPROPERLY,ON ROADWAY NOT AT CROSSWALK,Yes,FATAL INJURY,NONE,39.02156833,-77.12286667,"(39.02156833, -77.12286667)"
MCP137800NB,180054452,Montgomery County Police,Injury Crash,10/30/2018 07:09:00 PM,County,SHADY GROVE RD,EPSILON DR,,N/A,PEDESTRIAN,OTHER,CLEAR,DRY,DARK LIGHTS ON,TRAFFIC SIGNAL,NONE DETECTED,NONE DETECTED,E26894B9-C9E3-41A3-990D-C76180634102,PEDESTRIAN,Cross/Enter at Intersection,IN ROADWAY IMPROPERLY,ON ROADWAY AT CROSSWALK,Yes,SUSPECTED SERIOUS INJURY,N/A,39.138375,-77.15363833,"(39.138375, -77.15363833)"
MCP2546002K,180050432,Montgomery County Police,Injury Crash,10/09/2018 06:56:00 AM,Maryland (State),GEORGIA AVE,WENDY LA,,N/A,PEDESTRIAN,ANGLE MEETS RIGHT TURN,CLEAR,DRY,DAWN,NO CONTROLS,NONE DETECTED,NONE DETECTED,95A880DD-055C-46DD-8FA2-4A964917702C,PEDESTRIAN,Standing,NO IMPROPER ACTIONS,SIDEWALK,No,POSSIBLE INJURY,N/A,39.078979,-77.07256,"(39.078979, -77.07256)"