Report Number,Local Case Number,Agency Name,ACRS Report Type,Crash Date/Time,Route Type,Road Name,Cross-Street Name,Off-Road Description,Municipality,Related Non-Motorist,Collision Type,Weather,Surface Condition,Light,Traffic Control,Driver Substance Abuse,Non-Motorist Substance Abuse,Person ID,Pedestrian Type,Pedestrian Movement,Pedestrian Actions,Pedestrian Location,At Fault,Injury Severity,Safety Equipment,Latitude,Longitude,Location
MCP31180047,230054985,Montgomery County Police,Injury Crash,09/15/2023 07:40:00 AM,Maryland (State),GEORGIA AVE,INTERNATIONAL DR,,N/A,OTHER PEDALCYCLIST,N/A,CLEAR,DRY,DAYLIGHT,TRAFFIC SIGNAL,NONE DETECTED,NONE DETECTED,569D202C-F7DA-4C7C-8351-950CEB6E610C,OTHER PEDALCYCLIST,Cross/Enter at Intersection,NO IMPROPER ACTIONS,AT INTERSECTION MARKED CROSSWALK,No,POSSIBLE INJURY,UNKNOWN,39.09193751,-77.07033869,"(39.09193751, -77.07033869)"
MCP1301000Y,180041500,Montgomery County Police,Fatal Crash,08/20/2018 08:26:00 PM,Maryland (State),GEORGIA AVE,GLENALLAN AVE,,N/A,PEDESTRIAN,SINGLE VEHICLE,CLOUDY,DRY,DUSK,N/A,NONE DETECTED,UNKNOWN,20D5B51E-5331-47A7-9E92-BBB69042FCFC,PEDESTRIAN,Cross/Enter not at Intersection,DART DASH,N/A,Yes,FATAL INJURY,N/A,39.06200287,-77.05351985,"(39.06200287, -77.05351985)"
MCP3312003K,230028367,Montgomery County Police,Injury Crash,06/13/2023 07:35:00 AM,County,E RANDOLPH RD,END BRIDGE,,N/A,BICYCLIST,SINGLE VEHICLE,CLEAR,DRY,DAYLIGHT,NO CONTROLS,NONE DETECTED,NONE DETECTED,E2C9F7F9-F5E5-4E73-BD2B-1DF58911FF60,BICYCLIST,Walking/Cycling on Sidewalk,NO IMPROPER ACTIONS,AT INTERSECTION BUT NO CROSSWALK,No,SUSPECTED MINOR INJURY,MC/BIKE HELMET,39.06396833,-76.96740333,"(39.06396833, -76.96740333)"
MCP21980030,170529933,Montgomery County Police,Injury Crash,09/11/2017 04:38:00 PM,County,SUMMIT AVE,CABLE DR,,N/A,PEDESTRIAN,SINGLE VEHICLE,CLOUDY,DRY,DAYLIGHT,N/A,N/A,N/A,914CA00E-7D3D-440E-A31E-BD325DFDD385,PEDESTRIAN,Walking to/from school,DART DASH,ON ROADWAY NOT AT CROSSWALK,Yes,SUSPECTED MINOR INJURY,N/A,39.12612667,-77.18322167,"(39.12612667, -77.18322167)"
MCP2966002M,16060779,Montgomery County Police,Injury Crash,11/26/2016 07:11:00 PM,County,ASPEN HILL RD,CONNECTICUT AVE,,N/A,PEDESTRIAN,OTHER,CLEAR,DRY,DARK LIGHTS ON,NO CONTROLS,NONE DETECTED,NONE DETECTED,653C17ED-D8A4-404E-846C-9FCFDC0FA949,PEDESTRIAN,Cross/Enter at Intersection,NO IMPROPER ACTIONS,ON ROADWAY AT CROSSWALK,No,SUSPECTED SERIOUS INJURY,NONE,39.08068167,-77.07763167,"(39.08068167, -77.07763167)"
MCP3197001B,200006682,Montgomery County Police,Injury Crash,02/09/2020 09:07:00 PM,Maryland (State),VEIRS MILL RD,CLARIDGE RD,,N/A,PEDESTRIAN,OTHER,CLEAR,DRY,DARK LIGHTS ON,TRAFFIC SIGNAL,NONE DETECTED,NONE DETECTED,99940A9A-8E21-49B1-8ACA-6A306B186D27,PEDESTRIAN,Cross/Enter at Intersection,NO IMPROPER ACTIONS,ON ROADWAY AT CROSSWALK,No,SUSPECTED MINOR INJURY,NONE,39.04881333,-77.06892383,"(39.04881333, -77.06892383)"
MCP2935001M,180051509,Montgomery County Police,Injury Crash,10/15/2018 08:32:00 PM,County,BONIFANT ST,GEORGIA AVE,,N/A,PEDESTRIAN,OTHER,CLEAR,N/A,DARK LIGHTS ON,TRAFFIC SIGNAL,N/A,UNKNOWN,5A761500-B070-4217-80EF-C14683DDD724,PEDESTRIAN,Cross/Enter not at Intersection,IN ROADWAY IMPROPERLY,ON ROADWAY NOT AT CROSSWALK,Yes,SUSPECTED MINOR INJURY,N/A,39.00640167,-77.03782667,"(39.00640167, -77.03782667)"
MCP3021001V,170541477,Montgomery County Police,Injury Crash,11/07/2017 12:50:00 PM,County,GREENCASTLE RD,OLD COLUMBIA PIKE,,N/A,BICYCLIST,SINGLE VEHICLE,RAINING,WET,DAYLIGHT,NO CONTROLS,UNKNOWN,N/A,06FE5E99-4506-4ED7-BD08-3917B3F97320,BICYCLIST,Cross/Enter not at Intersection,NO IMPROPER ACTIONS,ON ROADWAY NOT AT CROSSWALK,No,SUSPECTED MINOR INJURY,NONE,39.09776145,-76.94304943,"(39.09776145, -76.94304943)"
MCP1575003Z,16023555,Montgomery County Police,Injury Crash,05/12/2016 10:09:00 AM,,,,PK LOT 14939 SHADY GROVE RD.,,PEDESTRIAN,SINGLE VEHICLE,CLOUDY,,DAYLIGHT,NO CONTROLS,NONE DETECTED,NONE DETECTED,40C9AEBC-4C73-4FA5-BBE5-0F89A0760720,PEDESTRIAN,Other,NO IMPROPER ACTIONS,OTHER,No,POSSIBLE INJURY,NONE,39.09776167,-77.19276,"(39.09776167, -77.19276)"
MCP2982000S,16010869,MONTGOMERY,Injury Crash,03/04/2016 06:28:00 PM,County,FENTON ST,WAYNE AVE,,N/A,PEDESTRIAN,SINGLE VEHICLE,CLEAR,DRY,DARK LIGHTS ON,NO CONTROLS,NONE DETECTED,NONE DETECTED,324EAB86-20DF-46F1-B04C-2E9046D98DD8,PEDESTRIAN,Cross/Enter at Intersection,NO IMPROPER ACTIONS,ON ROADWAY AT CROSSWALK,No,SUSPECTED MINOR INJURY,N/A,38.99610696,-77.02476025,"(38.99610696, -77.02476025)"
MCP2675002B,200001919,Montgomery County Police,Injury Crash,01/11/2020 09:24:00 PM,Maryland (State),VEIRS MILL RD,RANDOLPH RD,,N/A,PEDESTRIAN,OTHER,N/A,DRY,DARK LIGHTS ON,TRAFFIC SIGNAL,UNKNOWN,UNKNOWN,7E3CD47A-74CD-48A8-B2DB-F49853FA19C0,PEDESTRIAN,Cross/Enter not at Intersection,DART DASH,ON ROADWAY NOT AT CROSSWALK,Yes,SUSPECTED SERIOUS INJURY,NONE,39.05626485,-77.0829258,"(39.05626485, -77.0829258)"
MCP3020003S,190030789,Montgomery County Police,Injury Crash,06/28/2019 08:52:00 AM,County,BEL PRE RD,PARKER FARM WAY,,N/A,PEDESTRIAN,SINGLE VEHICLE,CLEAR,DRY,DAYLIGHT,TRAFFIC SIGNAL,NONE DETECTED,NONE DETECTED,EF31AB98-C5CB-4791-8719-600022EC2E74,PEDESTRIAN,Cross/Enter at Intersection,NO IMPROPER ACTIONS,ON ROADWAY AT CROSSWALK,No,SUSPECTED MINOR INJURY,N/A,39.09059333,-77.04808667,"(39.09059333, -77.04808667)"
MCP11480018,16020683,Montgomery County Police,Injury Crash,04/27/2016 08:30:00 AM,County,WOODMONT AVE,HAMPDEN LA,,N/A,PEDESTRIAN,SINGLE VEHICLE,RAINING,WET,DAYLIGHT,TRAFFIC SIGNAL,UNKNOWN,NONE DETECTED,98882C8F-A94B-40FC-A2E0-76CD6E692D43,PEDESTRIAN,Other Working,N/A,ON ROADWAY NOT AT CROSSWALK,No,SUSPECTED MINOR INJURY,NONE,38.982795,-77.09604667,"(38.982795, -77.09604667)"
DM8499000M,210041310,Takoma Park Police Depart,Property Damage Crash,10/15/2021 09:47:00 AM,Maryland (State),CARROLL AVE,LEE AVE,,TAKOMA PARK,PEDESTRIAN,SAME DIR REAR END,CLEAR,DRY,DAYLIGHT,N/A,"N/A, NONE DETECTED",NONE DETECTED,10ACA672-BCC5-4FD7-A822-84EDF4BF6BC6,PEDESTRIAN,Cross/Enter not at Intersection,NO IMPROPER ACTIONS,ON ROADWAY AT CROSSWALK,No,NO APPARENT INJURY,N/A,38.97889493,-77.00540601,"(38.97889493, -77.00540601)"
MCP2756000X,15046374,MONTGOMERY,Injury Crash,09/13/2015 07:19:00 PM,Maryland (State),UNIVERSITY BLVD W,INWOOD AVE,,N/A,PEDESTRIAN,SINGLE VEHICLE,CLEAR,DRY,DUSK,TRAFFIC SIGNAL,NONE DETECTED,NONE DETECTED,E088262F-2BCD-499D-89B0-5ECAF2F1CFEE,PEDESTRIAN,Cross/Enter at Intersection,N/A,ON ROADWAY AT CROSSWALK,No,SUSPECTED SERIOUS INJURY,N/A,39.036108,-77.036404,"(39.036108, -77.036404)"
MCP2688002S,170548039,Montgomery County Police,Injury Crash,12/12/2017 05:44:00 AM,US (State),COLUMBIA PIKE,OAK LEAF DR,,N/A,PEDESTRIAN,SAME DIRECTION SIDESWIPE,CLEAR,DRY,DARK LIGHTS ON,NO CONTROLS,NONE DETECTED,NONE DETECTED,7CE3E55E-2203-48E4-83E7-7A732B58AAA8,PEDESTRIAN,Walking/Riding w/Traffic,NO IMPROPER ACTIONS,SIDEWALK,No,POSSIBLE INJURY,N/A,39.04104833,-76.99609667,"(39.04104833, -76.99609667)"
MCP2622003D,220045455,Montgomery County Police,Injury Crash,10/17/2022 06:41:00 AM,County,BLACKBURN LA,BLACKBURN RD,,N/A,PEDESTRIAN,OTHER,CLEAR,DRY,DAWN,N/A,NONE DETECTED,NONE DETECTED,FB041801-52FA-48BC-B770-84C9E7C904E5,PEDESTRIAN,Walking/Cycling on Sidewalk,NO IMPROPER ACTIONS,SIDEWALK,No,SUSPECTED SERIOUS INJURY,NONE,39.103721,-76.931234,"(39.103721, -76.931234)"
MCP30680019,180032817,Montgomery County Police,Injury Crash,07/03/2018 04:44:00 AM,County,WILLARD AVE,THE HILLS PLAZA,,FRIENDSHIP HEIGHTS,PEDESTRIAN,OTHER,RAINING,WET,DUSK,PERSON,N/A,N/A,9B7A0106-D447-4774-A1A8-228143AF4AA6,PEDESTRIAN,Cross/Enter at Intersection,NO IMPROPER ACTIONS,ON ROADWAY AT CROSSWALK,No,SUSPECTED MINOR INJURY,N/A,38.96192667,-77.08813,"(38.96192667, -77.08813)"
HA2389000S,17001350,Maryland-National Capital,Property Damage Crash,10/09/2017 12:39:00 PM,,SCHOLL MANOR WAY,LATROBE LANE,,N/A,OTHER,UNKNOWN,UNKNOWN,DRY,UNKNOWN,N/A,UNKNOWN,N/A,5FA86139-32E0-458C-A447-DAB0A66DB4CE,OTHER,N/A,N/A,INSIDE BUILDING,No,NO APPARENT INJURY,N/A,39.23431306,-77.27964655,"(39.23431306, -77.27964655)"
MCP3299002B,230001456,Montgomery County Police,Injury Crash,01/10/2023 07:35:00 AM,Maryland (State),OLNEY SANDY SPRING RD,SHERWOOD HIGH SCHOOL,,N/A,PEDESTRIAN,OTHER,CLEAR,DRY,DAYLIGHT,NO CONTROLS,UNKNOWN,NONE DETECTED,867EFD6F-C7F5-4D07-8F40-9D8EC55C4471,PEDESTRIAN,Walking to/from school,IN ROADWAY IMPROPERLY,ON ROADWAY NOT AT CROSSWALK,Yes,SUSPECTED MINOR INJURY,NONE,39.14911853,-77.01700222,"(39.14911853, -77.01700222)"
MCP2719001Y,170532901,Montgomery County Police,Injury Crash,09/24/2017 06:30:00 PM,County,SHOREFIELD RD,GEORGIA AVE,,N/A,PEDESTRIAN,OTHER,CLEAR,DRY,DUSK,OTHER,NONE DETECTED,NONE DETECTED,2FCF8946-174B-4DD9-AB56-75B444752902,PEDESTRIAN,Cross/Enter at Intersection,NO IMPROPER ACTIONS,ON ROADWAY AT CROSSWALK,No,SUSPECTED SERIOUS INJURY,NONE,39.05288333,-77.0515,"(39.05288333, -77.0515)"
MCP2191000M,15046147,MONTGOMERY,Injury Crash,09/12/2015 09:30:00 AM,US (State),GEORGIA AVE,THAYER AVE,,N/A,PEDESTRIAN,SAME DIRECTION RIGHT TURN,CLOUDY,DRY,DAYLIGHT,TRAFFIC SIGNAL,NONE DETECTED,NONE DETECTED,FCEC94C8-4392-4656-B5CD-B4AFDFBC99F0,PEDESTRIAN,Cross/Enter at Intersection,N/A,ON ROADWAY AT CROSSWALK,No,POSSIBLE INJURY,N/A,38.992996,-77.02717,"(38.992996, -77.02717)"
MCP32390023,220016559,Montgomery County Police,Injury Crash,04/19/2022 05:55:00 AM,,,,"IN FRONT OF 11225 OAK LEAF DR, SILVER SPRING, MD 20904 AT THE ROUNDABOUT.",,PEDESTRIAN,OTHER,CLEAR,,DARK LIGHTS ON,NO CONTROLS,UNKNOWN,NONE DETECTED,59A09E93-530D-4D66-A736-E45A86526582,PEDESTRIAN,Other,UNKNOWN,OTHER,No,POSSIBLE INJURY,NONE,39.04074984,-76.99475444,"(39.04074984, -76.99475444)"
DD56450020,220019725,Rockville Police Departme,Injury Crash,05/09/2022 05:30:00 AM,County,TWINBROOK PKWY,VEIRS MILL RD,,N/A,PEDESTRIAN,OTHER,CLEAR,N/A,DARK LIGHTS ON,N/A,N/A,NONE DETECTED,4EC82E48-3F1E-4DCB-B302-62C566BCEDC0,PEDESTRIAN,Walking/Riding w/Traffic,UNKNOWN,ON ROADWAY AT CROSSWALK,Unknown,SUSPECTED MINOR INJURY,NONE,39.07345014,-77.11184764,"(39.07345014, -77.11184764)"
MCP3196002K,210043008,Montgomery County Police,Injury Crash,10/25/2021 03:30:00 PM,,,,"12922 MIDDLEBROOK ROAD, GERMANTOWN, MD 20874 (DSW) PARKING LOT AREA",,OTHER,HEAD ON LEFT TURN,CLEAR,,N/A,TRAFFIC SIGNAL,N/A,N/A,B76346F8-4A5B-443F-A330-25B746EC0EF2,OTHER,N/A,OTHER,ON ROADWAY NOT AT CROSSWALK,Yes,SUSPECTED MINOR INJURY,N/A,39.17992133,-77.26920583,"(39.17992133, -77.26920583)"
MCP2967002G,170527788,Montgomery County Police,Injury Crash,08/30/2017 03:44:00 PM,Maryland (State),OLD GEORGETOWN RD,WILDWOOD SHOPPING CENTER,,N/A,PEDESTRIAN,SINGLE VEHICLE,CLEAR,DRY,DAYLIGHT,N/A,N/A,N/A,A9AE0E00-4367-4427-AB48-534D93818A0C,PEDESTRIAN,Standing,NO IMPROPER ACTIONS,ON ROADWAY NOT AT CROSSWALK,No,SUSPECTED SERIOUS INJURY,NONE,39.0239,-77.12417833,"(39.0239, -77.12417833)"
MCP2686005Q,220050552,Montgomery County Police,Injury Crash,11/15/2022 07:10:00 PM,Municipality,TRAVIS AVE,FREDERICK RD,,N/A,PEDESTRIAN,SINGLE VEHICLE,RAINING,WET,DARK NO LIGHTS,TRAFFIC SIGNAL,NONE DETECTED,NONE DETECTED,1408FB6E-E29F-4CBC-98B4-3AB67F5637FA,PEDESTRIAN,Cross/Enter at Intersection,NO IMPROPER ACTIONS,AT INTERSECTION MARKED CROSSWALK,No,SUSPECTED MINOR INJURY,NONE,39.16139296,-77.22251183,"(39.16139296, -77.22251183)"
MCP1554003P,180061055,Montgomery County Police,Injury Crash,12/06/2018 05:03:00 PM,County,CRABBS BRANCH WAY,INDIANOLA DR,,N/A,BICYCLIST,HEAD ON LEFT TURN,CLEAR,DRY,DARK LIGHTS ON,TRAFFIC SIGNAL,NONE DETECTED,NONE DETECTED,5D49E806-A1EA-4A51-AE22-DC4C02421D9E,BICYCLIST,Cross/Enter at Intersection,DART DASH,ON ROADWAY AT CROSSWALK,Yes,SUSPECTED MINOR INJURY,NONE,39.11475343,-77.15695297,"(39.11475343, -77.15695297)"
MCP3335002B,230058043,Montgomery County Police,Injury Crash,10/02/2023 12:00:00 PM,County,HILLWOOD DR,COLUMBIA PIKE,,N/A,PEDESTRIAN,OTHER,CLEAR,DRY,DAYLIGHT,STOP SIGN,NONE DETECTED,NONE DETECTED,44C3A041-9251-452B-9EEB-CC2444FFEF69,PEDESTRIAN,Cross/Enter at Intersection,UNKNOWN,AT INTERSECTION MARKED CROSSWALK,No,POSSIBLE INJURY,NONE,39.03164233,-77.00418083,"(39.03164233, -77.00418083)"
MCP3206000T,190049500,Montgomery County Police,Injury Crash,10/16/2019 05:30:00 PM,Maryland (State),PINEY BRANCH RD,GARLAND AVE,,N/A,PEDESTRIAN,OTHER,CLEAR,DRY,DAYLIGHT,WARNING SIGN,NONE DETECTED,NONE DETECTED,324B5CC4-4E4F-47C5-80B6-6E074483C8B4,PEDESTRIAN,Cross/Enter not at Intersection,NO IMPROPER ACTIONS,ON ROADWAY AT CROSSWALK,No,SUSPECTED SERIOUS INJURY,N/A,38.99871335,-76.99901076,"(38.99871335, -76.99901076)"
MCP3112000T,180043077,Montgomery County Police,Injury Crash,08/29/2018 03:58:00 PM,,,,"PARKING LOT OF 4111 HOWARD AVE, KENSINGTON MD 20895",,PEDESTRIAN,OTHER,CLEAR,,DAYLIGHT,NO CONTROLS,N/A,NONE DETECTED,06BAB8F8-F1BD-49C4-A11C-1318C97F0006,PEDESTRIAN,Standing,NO IMPROPER ACTIONS,N/A,No,SUSPECTED MINOR INJURY,NONE,39.03049,-77.080705,"(39.03049, -77.080705)"
MCP3225001M,210026298,Montgomery County Police,Injury Crash,07/08/2021 05:15:00 PM,,,,"116 UNIVERSITY BLVD W.
SILVER SPRING, MD",,PEDESTRIAN,OTHER,CLOUDY,,DAYLIGHT,N/A,UNKNOWN,NONE DETECTED,831D4C51-39FF-41B3-B3B0-A855DB9E0663,PEDESTRIAN,Standing,NO IMPROPER ACTIONS,OTHER,No,POSSIBLE INJURY,N/A,39.02120545,-77.01557047,"(39.02120545, -77.01557047)"
MCP31700028,210052095,Montgomery County Police,Injury Crash,12/21/2021 08:03:00 PM,Maryland (State),CLOPPER RD,KINGSVIEW VILLAGE AVE,,N/A,PEDESTRIAN,STRAIGHT MOVEMENT ANGLE,CLEAR,DRY,N/A,TRAFFIC SIGNAL,NONE DETECTED,NONE DETECTED,0D5AE67D-F844-4D47-A6E8-8BAEC07BF5EC,PEDESTRIAN,Cross/Enter at Intersection,NO IMPROPER ACTIONS,ON ROADWAY NOT AT CROSSWALK,No,NO APPARENT INJURY,NONE,39.16075667,-77.27897833,"(39.16075667, -77.27897833)"
MCP28920081,200008163,Montgomery County Police,Injury Crash,02/18/2020 06:32:00 PM,Maryland (State),COLESVILLE RD,SECOND AVE,,N/A,PEDESTRIAN,SINGLE VEHICLE,N/A,DRY,DARK LIGHTS ON,TRAFFIC SIGNAL,NONE DETECTED,NONE DETECTED,3A80F036-C235-44C4-8EE7-F81D02BF3AFF,PEDESTRIAN,Cross/Enter at Intersection,IN ROADWAY IMPROPERLY,ON ROADWAY AT CROSSWALK,Yes,POSSIBLE INJURY,NONE,38.99484564,-77.03025644,"(38.99484564, -77.03025644)"
MCP33120027,220045002,Montgomery County Police,Injury Crash,10/14/2022 09:00:00 AM,County,OLD COLUMBIA PIKE,CLIFTONDALE DR,,N/A,PEDESTRIAN,SINGLE VEHICLE,CLEAR,WET,DAYLIGHT,NO CONTROLS,NONE DETECTED,NONE DETECTED,173772F5-6D65-4FE9-9669-F0824241D679,PEDESTRIAN,Standing,NO IMPROPER ACTIONS,AT INTERSECTION BUT NO CROSSWALK,No,POSSIBLE INJURY,REFLECTIVE CLOTHING,39.053705,-76.97383833,"(39.053705, -76.97383833)"
MCP3209002B,210005989,Montgomery County Police,Injury Crash,02/15/2021 08:20:00 PM,County,WAYNE AVE,GEORGIA AVE,,N/A,PEDESTRIAN,OTHER,RAINING,WET,DUSK,TRAFFIC SIGNAL,NONE DETECTED,ALCOHOL PRESENT,186CB1CD-B18F-4B07-A331-4A4392A30DF2,PEDESTRIAN,Cross/Enter at Intersection,FAILURE TO OBEY TRAFFIC SIGNS SIGNALS OR OFFICER,ON ROADWAY AT CROSSWALK,Yes,POSSIBLE INJURY,NONE,38.99448139,-77.02661747,"(38.99448139, -77.02661747)"
MCP2608001R,16060484,Montgomery County Police,Injury Crash,11/24/2016 07:30:00 PM,Maryland (State),16TH ST,EAST WEST HWY,,N/A,PEDESTRIAN,STRAIGHT MOVEMENT ANGLE,CLEAR,DRY,DARK LIGHTS ON,TRAFFIC SIGNAL,N/A,NONE DETECTED,C94474E5-62EA-4DB2-92D2-3E3AEA5BE326,PEDESTRIAN,Cross/Enter at Intersection,NO IMPROPER ACTIONS,ON ROADWAY AT CROSSWALK,No,SUSPECTED MINOR INJURY,NONE,38.99449764,-77.03621864,"(38.99449764, -77.03621864)"
MCP2102004H,230069430,Montgomery County Police,Injury Crash,12/02/2023 07:32:00 AM,County,LONG CORNER RD,MULLINIX MILL RD,,N/A,BICYCLIST,STRAIGHT MOVEMENT ANGLE,FOGGY,WET,DAYLIGHT,STOP SIGN,UNKNOWN,NONE DETECTED,A0F093D4-59F3-473A-877C-CB400F52005B,BICYCLIST,Cross/Enter at Intersection,NO IMPROPER ACTIONS,AT INTERSECTION BUT NO CROSSWALK,No,SUSPECTED SERIOUS INJURY,MC/BIKE HELMET,39.28980167,-77.16105667,"(39.28980167, -77.16105667)"
MCP27800022,16048970,Montgomery County Police,Injury Crash,09/23/2016 03:09:00 PM,Maryland (State),FREDERICK RD,OXBRIDGE DR,,N/A,BICYCLIST,STRAIGHT MOVEMENT ANGLE,CLEAR,DRY,DAYLIGHT,STOP SIGN,NONE DETECTED,NONE DETECTED,48AA231D-9931-42D2-A198-75D6768A11C8,BICYCLIST,Walking/Riding against Traffic,IN ROADWAY IMPROPERLY,AT INTERSECTION MARKED CROSSWALK,Yes,POSSIBLE INJURY,NONE,39.19000833,-77.24130667,"(39.19000833, -77.24130667)"
MCP31630056,230008774,Montgomery County Police,Injury Crash,02/21/2023 05:57:00 PM,County,LELAND ST,WOODBINE ST,,N/A,BICYCLIST,STRAIGHT MOVEMENT ANGLE,CLEAR,DRY,DUSK,STOP SIGN,N/A,N/A,8A91DCBE-A81D-46F2-A060-8B44BDA45BA4,BICYCLIST,Cross/Enter at Intersection,INATTENTIVE,ON ROADWAY NOT AT CROSSWALK,Yes,SUSPECTED MINOR INJURY,MC/BIKE HELMET,38.98602833,-77.06831167,"(38.98602833, -77.06831167)"
MCP3054000B,170526568,Montgomery County Police,Injury Crash,08/24/2017 08:37:00 AM,Municipality,N VAN BUREN ST,W MIDDLE LA,,ROCKVILLE,PEDESTRIAN,SINGLE VEHICLE,CLEAR,DRY,DAYLIGHT,N/A,NONE DETECTED,NONE DETECTED,6F56C650-7178-4C49-824F-FE630319AA92,PEDESTRIAN,Cross/Enter at Intersection,NO IMPROPER ACTIONS,AT INTERSECTION MARKED CROSSWALK,No,SUSPECTED MINOR INJURY,NONE,39.08495177,-77.15656668,"(39.08495177, -77.15656668)"
MCP29660020,16027461,Montgomery County Police,Injury Crash,06/01/2016 10:35:00 PM,County,CONNECTICUT AVE,BEL PRE RD,,N/A,PEDESTRIAN,OTHER,CLEAR,DRY,DARK -- UNKNOWN LIGHTING,NO CONTROLS,NONE DETECTED,NONE DETECTED,CF438DC8-13D0-48D0-8E9B-FA3951C5E0EF,PEDESTRIAN,Cross/Enter at Intersection,NO IMPROPER ACTIONS,ON ROADWAY AT CROSSWALK,No,NO APPARENT INJURY,NONE,39.09195775,-77.07031488,"(39.09195775, -77.07031488)"
MCP2936001Y,170531382,Montgomery County Police,Injury Crash,09/18/2017 08:01:00 PM,Maryland (State),16TH ST,EAST WEST HWY,,N/A,PEDESTRIAN,SINGLE VEHICLE,CLEAR,DRY,DARK LIGHTS ON,TRAFFIC SIGNAL,NONE DETECTED,NONE DETECTED,AFB390C9-DCFE-4BD9-819B-BF513066762C,PEDESTRIAN,Cross/Enter at Intersection,NO IMPROPER ACTIONS,ON ROADWAY AT CROSSWALK,No,SUSPECTED SERIOUS INJURY,N/A,38.99465667,-77.036715,"(38.99465667, -77.036715)"
MCP29340050,220040353,Montgomery County Police,Injury Crash,09/16/2022 06:20:00 PM,County,FERNWOOD RD,GREYSWOOD RD,,N/A,PEDESTRIAN,OTHER,CLEAR,DRY,DAYLIGHT,TRAFFIC SIGNAL,NONE DETECTED,NONE DETECTED,CF7E08E2-6C16-4D56-8CD5-54874238C5C5,PEDESTRIAN,Cross/Enter at Intersection,UNKNOWN,AT INTERSECTION MARKED CROSSWALK,No,POSSIBLE INJURY,NONE,39.018254,-77.133304,"(39.018254, -77.133304)"
MCP3150000C,180018782,Montgomery County Police,Injury Crash,04/17/2018 06:39:00 PM,,,,INSIDE PARKING GARAGE LOCATED AT 1215 E. WEST HIGHWAY,,PEDESTRIAN,OTHER,CLEAR,,DARK LIGHTS ON,NO CONTROLS,N/A,N/A,622C85B5-9821-402E-B3AC-057EADEA8017,PEDESTRIAN,Other,OTHER,OTHER,No,SUSPECTED MINOR INJURY,NONE,38.99133833,-77.03088333,"(38.99133833, -77.03088333)"
MCP3077001G,200002377,Montgomery County Police,Injury Crash,01/14/2020 06:01:00 PM,Maryland (State),GREAT SENECA HWY,CLOPPER RD,,N/A,PEDESTRIAN,SINGLE VEHICLE,RAINING,WET,DARK LIGHTS ON,TRAFFIC SIGNAL,N/A,N/A,097F764F-8319-46A9-900E-B8E3C8AE9771,PEDESTRIAN,Cross/Enter at Intersection,NO IMPROPER ACTIONS,ON ROADWAY AT CROSSWALK,No,SUSPECTED MINOR INJURY,N/A,39.159129,-77.27545203,"(39.159129, -77.27545203)"
MCP2690001B,16011767,MONTGOMERY,Injury Crash,03/09/2016 07:11:00 PM,County,SHADY GROVE RD,EPSILON DR,,N/A,PEDESTRIAN,SINGLE VEHICLE,CLEAR,DRY,DARK LIGHTS ON,TRAFFIC SIGNAL,NONE DETECTED,NONE DETECTED,7FA0C343-FB82-471E-B117-BAED52162760,PEDESTRIAN,Cross/Enter at Intersection,NO IMPROPER ACTIONS,ON ROADWAY AT CROSSWALK,No,SUSPECTED MINOR INJURY,NONE,39.13842,-77.15335833,"(39.13842, -77.15335833)"
DD56040018,16008027,Rockville Police Departme,Injury Crash,02/17/2016 06:35:00 PM,Municipality,VEIRS MILL SERV RD,BROADWOOD DR,,ROCKVILLE,PEDESTRIAN,OTHER,CLEAR,DRY,DARK LIGHTS ON,TRAFFIC SIGNAL,NONE DETECTED,NONE DETECTED,BA0ACA24-C608-48CE-8035-6235ECA26CFE,PEDESTRIAN,Cross/Enter not at Intersection,IN ROADWAY IMPROPERLY,ON ROADWAY NOT AT CROSSWALK,Yes,SUSPECTED MINOR INJURY,NONE,39.07730667,-77.12410667,"(39.07730667, -77.12410667)"
MCP30890020,180063667,Montgomery County Police,Injury Crash,12/20/2018 08:33:00 PM,County,BROADBIRCH DR,CALVERTON BLVD (AHEAD),,N/A,PEDESTRIAN,SINGLE VEHICLE,RAINING,WET,DARK LIGHTS ON,TRAFFIC SIGNAL,UNKNOWN,N/A,1B7528F8-1F65-4815-91F3-A832818DC315,PEDESTRIAN,Cross/Enter at Intersection,N/A,AT INTERSECTION MARKED CROSSWALK,No,SUSPECTED MINOR INJURY,N/A,39.05601667,-76.95441167,"(39.05601667, -76.95441167)"
DD56240038,190052105,Rockville Police Departme,Property Damage Crash,10/29/2019 06:25:00 PM,Maryland (State),VEIRS MILL RD,ROCKVILLE PIKE,,N/A,PEDESTRIAN,OTHER,CLEAR,DRY,DARK LIGHTS ON,TRAFFIC SIGNAL,NONE DETECTED,UNKNOWN,42F23D27-007E-4668-8C8D-E1EB41D24520,PEDESTRIAN,Cross/Enter not at Intersection,DART DASH,ON ROADWAY NOT AT CROSSWALK,Yes,NO APPARENT INJURY,NONE,39.08141983,-77.14631333,"(39.08141983, -77.14631333)"
MCP2339006S,220008272,Montgomery County Police,Injury Crash,02/25/2022 04:06:00 PM,Municipality,PICCARD DR,GAITHER RD,,ROCKVILLE,"OTHER, PEDESTRIAN",OTHER,CLEAR,DRY,DAYLIGHT,TRAFFIC SIGNAL,NONE DETECTED,NONE DETECTED,E6DFE4E6-83D0-41AD-868F-3EB9BECC3D7B,PEDESTRIAN,Cross/Enter at Intersection,NO IMPROPER ACTIONS,ON ROADWAY AT CROSSWALK,No,SUSPECTED MINOR INJURY,NONE,39.115235,-77.17854167,"(39.115235, -77.17854167)"
MCP2703001K,170524793,Montgomery County Police,Injury Crash,08/14/2017 03:43:00 PM,County,LOCKWOOD DR,ENT TO BUSINESS,,N/A,PEDESTRIAN,N/A,CLOUDY,N/A,DAYLIGHT,NO CONTROLS,UNKNOWN,N/A,402EAD87-ABAE-464C-944C-2CB8F03E00DB,PEDESTRIAN,Cross/Enter not at Intersection,NO IMPROPER ACTIONS,UNKNOWN,No,POSSIBLE INJURY,N/A,39.04003833,-76.98950167,"(39.04003833, -76.98950167)"