Report Number,Local Case Number,Agency Name,ACRS Report Type,Crash Date/Time,Route Type,Road Name,Cross-Street Name,Off-Road Description,Municipality,Related Non-Motorist,Collision Type,Weather,Surface Condition,Light,Traffic Control,Driver Substance Abuse,Non-Motorist Substance Abuse,Person ID,Pedestrian Type,Pedestrian Movement,Pedestrian Actions,Pedestrian Location,At Fault,Injury Severity,Safety Equipment,Latitude,Longitude,Location
DD56140008,16004277,Rockville Police Departme,Injury Crash,01/26/2016 08:05:00 PM,Maryland (State),ROCKVILLE PIKE,CROSSOVER,,N/A,PEDESTRIAN,OTHER,CLEAR,WET,DARK LIGHTS ON,NO CONTROLS,NONE DETECTED,NONE DETECTED,2FA336A0-9EC9-4289-8CC1-D4FC8A4C3454,PEDESTRIAN,Other,IN ROADWAY IMPROPERLY,ON ROADWAY NOT AT CROSSWALK,Yes,SUSPECTED MINOR INJURY,NONE,39.07353667,-77.13403167,"(39.07353667, -77.13403167)"
EJ78440008,15022193,Gaithersburg Police Depar,Property Damage Crash,05/09/2015 11:39:00 PM,Municipality,LAKE FOREST BLVD,FREDERICK RD,,N/A,BICYCLIST,OTHER,CLEAR,DRY,DARK LIGHTS ON,TRAFFIC SIGNAL,NONE DETECTED,NONE DETECTED,3ADC51E4-C312-429B-AE3A-FB6CB22A2ABD,BICYCLIST,Cross/Enter at Intersection,FAILURE TO YIELD RIGHT OF WAY,ON ROADWAY AT CROSSWALK,,NO APPARENT INJURY,NONE,39.15031,-77.20887167,"(39.15031, -77.20887167)"
EJ7781001G,180048664,Gaithersburg Police Depar,Injury Crash,09/29/2018 09:50:00 AM,,,,P/L OF 814 W DIAMOND AVE,,PEDESTRIAN,OTHER,CLEAR,,DAYLIGHT,NO CONTROLS,NONE DETECTED,NONE DETECTED,0179FEC2-8EDE-49F5-BAFC-0255E4BC6740,PEDESTRIAN,Getting off/on Vehicle,NO IMPROPER ACTIONS,OTHER,No,SUSPECTED MINOR INJURY,N/A,39.14366667,-77.21646167,"(39.14366667, -77.21646167)"
MCP2376000V,200028698,Montgomery County Police,Injury Crash,07/24/2020 05:33:00 AM,County,MONTGOMERY LA,WOODMONT AVE,,N/A,PEDESTRIAN,OTHER,RAINING,WET,DARK LIGHTS ON,FLASHING TRAFFIC SIGNAL,NONE DETECTED,NONE DETECTED,776E719C-9C07-4207-9AB4-728065B8E65B,PEDESTRIAN,Cross/Enter at Intersection,NO IMPROPER ACTIONS,ON ROADWAY AT CROSSWALK,No,SUSPECTED MINOR INJURY,N/A,38.99755667,-77.10954,"(38.99755667, -77.10954)"
MCP3022001M,180007098,Montgomery County Police,Injury Crash,02/10/2018 07:33:00 PM,Maryland (State),MAIN ST,WOODFIELD RD,,N/A,PEDESTRIAN,OTHER,FOGGY,WET,DARK LIGHTS ON,STOP SIGN,N/A,N/A,C812B247-5342-4441-A89C-3BD6F4DEE7E3,PEDESTRIAN,Unknown,NO IMPROPER ACTIONS,AT INTERSECTION MARKED CROSSWALK,No,SUSPECTED MINOR INJURY,N/A,39.28802667,-77.20246333,"(39.28802667, -77.20246333)"
MCP29900005,16028058,Montgomery County Police,Injury Crash,06/05/2016 09:30:00 PM,,,,DRIVE WAY OF 18604 RELIANT DR,,OTHER,OTHER,N/A,,DARK LIGHTS ON,N/A,NONE DETECTED,N/A,09CBDA3B-52CD-4E37-B517-DC1E411A07A3,OTHER,N/A,OTHER,OTHER,Unknown,POSSIBLE INJURY,N/A,39.149935,-77.23389667,"(39.149935, -77.23389667)"
MCP2411006N,210014713,Montgomery County Police,Injury Crash,04/20/2021 11:50:00 AM,,,,MONTROSE CROSSING SHOPPING CENTER,,PEDESTRIAN,SINGLE VEHICLE,CLEAR,,DAYLIGHT,N/A,NONE DETECTED,NONE DETECTED,20B0F68F-E65C-4688-9374-B8A763875189,PEDESTRIAN,Cross/Enter at Intersection,NO IMPROPER ACTIONS,ON ROADWAY AT CROSSWALK,No,POSSIBLE INJURY,NONE,39.05544652,-77.11733761,"(39.05544652, -77.11733761)"
MCP3244002M,230050907,Montgomery County Police,Injury Crash,08/23/2023 02:05:00 PM,County,WAYNE AVE,GEORGIA AVE,,N/A,BICYCLIST,STRAIGHT MOVEMENT ANGLE,CLEAR,DRY,DAYLIGHT,TRAFFIC SIGNAL,NONE DETECTED,NONE DETECTED,5E5AA456-E696-4DF2-8672-AF73D87D2991,BICYCLIST,Cross/Enter at Intersection,FAILURE TO YIELD RIGHT OF WAY,ON ROADWAY AT CROSSWALK,Yes,POSSIBLE INJURY,NONE,38.994404,-77.02668717,"(38.994404, -77.02668717)"
DD5611002T,170508075,Rockville Police Departme,Property Damage Crash,05/16/2017 11:16:00 AM,Maryland (State),FIRST ST,ROCKVILLE PIKE,,N/A,BICYCLIST,OTHER,CLEAR,DRY,DAYLIGHT,NO CONTROLS,NONE DETECTED,NONE DETECTED,86A5F832-D924-47E1-AF37-C4F0C82018C4,BICYCLIST,Cross/Enter not at Intersection,NO IMPROPER ACTIONS,DRIVEWAY ACCESS MARKED CROSSWALK,No,NO APPARENT INJURY,NONE,39.078675,-77.13873167,"(39.078675, -77.13873167)"
MCP31330044,230000696,Montgomery County Police,Injury Crash,01/05/2023 11:39:00 AM,Maryland (State),GEORGIA AVE,RALPH RD,,N/A,PEDESTRIAN,OTHER,CLEAR,DRY,DAYLIGHT,NO CONTROLS,NONE DETECTED,ALCOHOL CONTRIBUTED,E570AB12-AFBB-463F-9294-EEF588BC427F,PEDESTRIAN,Cross/Enter at Intersection,FAILURE TO YIELD RIGHT OF WAY,ON ROADWAY NOT AT CROSSWALK,Yes,SUSPECTED MINOR INJURY,NONE,39.07897383,-77.07310583,"(39.07897383, -77.07310583)"
MCP28750026,16047208,Montgomery County Police,Injury Crash,09/14/2016 07:30:00 PM,County,CLOPPERS MILL DR,GREAT SENECA HWY,,N/A,BICYCLIST,OTHER,CLEAR,DRY,DUSK,TRAFFIC SIGNAL,NONE DETECTED,NONE DETECTED,F3C7C14C-C2A9-4FD5-AEB8-B7B7976EFF99,BICYCLIST,Walking/Cycling on Sidewalk,IN ROADWAY IMPROPERLY,ON ROADWAY AT CROSSWALK,Yes,SUSPECTED SERIOUS INJURY,N/A,39.14877147,-77.27639437,"(39.14877147, -77.27639437)"
MCP3039001D,170530806,Montgomery County Police,Injury Crash,09/15/2017 05:00:00 PM,County,MACARTHUR BLVD,CABIN JOHN PKWY,,N/A,BICYCLIST,STRAIGHT MOVEMENT ANGLE,CLEAR,DRY,DAYLIGHT,NO CONTROLS,N/A,NONE DETECTED,04DC723C-6E43-41CD-B493-8B64CCFDEE55,BICYCLIST,Walking/Riding w/Traffic,NO IMPROPER ACTIONS,ON ROADWAY NOT AT CROSSWALK,No,SUSPECTED MINOR INJURY,MC/BIKE HELMET,38.97268905,-77.14882851,"(38.97268905, -77.14882851)"
DD56480016,220045225,Rockville Police Departme,Injury Crash,10/15/2022 01:13:00 PM,Municipality,MONROE ST,FLEET ST,,ROCKVILLE,PEDESTRIAN,OTHER,CLEAR,DRY,DAYLIGHT,TRAFFIC SIGNAL,NONE DETECTED,NONE DETECTED,65D8E158-EEE8-4747-983E-6EDD59DC4070,PEDESTRIAN,Cross/Enter at Intersection,NO IMPROPER ACTIONS,AT INTERSECTION MARKED CROSSWALK,No,SUSPECTED MINOR INJURY,N/A,39.08069352,-77.14994534,"(39.08069352, -77.14994534)"
MCP2436007D,190022479,Montgomery County Police,Injury Crash,05/13/2019 07:30:00 AM,,,,"SIDEWALK IN FRONT OF 112 UNIVERSITY BLVD W, SILVER SPRING,MD 20903",,BICYCLIST,STRAIGHT MOVEMENT ANGLE,RAINING,,DAYLIGHT,NO CONTROLS,UNKNOWN,NONE DETECTED,433DF330-6B06-45B3-B4F0-A2B8BC94DCB8,BICYCLIST,Walking/Cycling on Sidewalk,NO IMPROPER ACTIONS,SIDEWALK,No,POSSIBLE INJURY,MC/BIKE HELMET,39.0206101,-77.01450699,"(39.0206101, -77.01450699)"
MCP3367000S,230029210,Montgomery County Police,Injury Crash,06/17/2023 07:57:00 PM,Maryland (State),COLESVILLE RD,WAYNE AVE,,N/A,PEDESTRIAN,SINGLE VEHICLE,CLEAR,DRY,DAYLIGHT,N/A,N/A,N/A,4FD195E8-C932-4FE0-8D41-B8B7AE8AC0A7,PEDESTRIAN,Cross/Enter not at Intersection,IMPROPER PASSING,SHOULDER,Unknown,SUSPECTED SERIOUS INJURY,NONE,38.99433318,-77.03077607,"(38.99433318, -77.03077607)"
MCP3010006Q,220022836,Montgomery County Police,Injury Crash,05/28/2022 01:00:00 PM,County,GROSVENOR LA,HATHERLEIGH DR,,N/A,PEDESTRIAN,OTHER,N/A,DRY,DAYLIGHT,STOP SIGN,N/A,N/A,CBF2A074-1ED0-4FEB-8679-3DE19F8DAC45,PEDESTRIAN,Cross/Enter at Intersection,OTHER,AT INTERSECTION BUT NO CROSSWALK,No,SUSPECTED MINOR INJURY,NONE,39.02256018,-77.11860972,"(39.02256018, -77.11860972)"
MCP3084000G,170534481,Montgomery County Police,Injury Crash,10/03/2017 09:04:00 AM,,,,PARKING GARAGE AT 5430 WISCONSIN AVE.,,PEDESTRIAN,OTHER,N/A,,OTHER,N/A,NONE DETECTED,NONE DETECTED,5CFEC3B3-5237-40A9-8EB0-0DF9059409E4,PEDESTRIAN,Other,NO IMPROPER ACTIONS,INSIDE BUILDING,No,POSSIBLE INJURY,N/A,38.96248633,-77.087057,"(38.96248633, -77.087057)"
MCP31680052,220056686,Montgomery County Police,Injury Crash,12/21/2022 05:14:00 PM,County,REDLAND RD,PANORAMA DR,,N/A,BICYCLIST,STRAIGHT MOVEMENT ANGLE,CLEAR,DRY,DARK LIGHTS ON,N/A,NONE DETECTED,NONE DETECTED,A6023E21-52F1-4881-B72E-EC714E4160A2,BICYCLIST,Cross/Enter at Intersection,NO IMPROPER ACTIONS,SHOULDER,No,SUSPECTED MINOR INJURY,LIGHTING,39.12827277,-77.14962222,"(39.12827277, -77.14962222)"
MCP1309001K,180022062,Montgomery County Police,Injury Crash,05/05/2018 09:18:00 AM,County,STRINGTOWN RD,KINGSLEY RD,,N/A,PEDESTRIAN,OTHER,CLOUDY,DRY,DAYLIGHT,NO CONTROLS,UNKNOWN,NONE DETECTED,5F53FA2F-36B1-480B-9E74-51E40AEF773E,PEDESTRIAN,Walking/Riding w/Traffic,NO IMPROPER ACTIONS,SHOULDER,No,SUSPECTED SERIOUS INJURY,NONE,39.25179656,-77.25371361,"(39.25179656, -77.25371361)"
MCP2546002N,190013501,Montgomery County Police,Fatal Crash,03/23/2019 09:30:00 PM,Municipality,BEALL AVE #2,MARYLAND AVE,,N/A,PEDESTRIAN,OTHER,CLEAR,DRY,DARK LIGHTS ON,OTHER,NONE DETECTED,NONE DETECTED,5BAFBB88-CD4B-4B2F-92B6-3DACEBA0B04F,PEDESTRIAN,Cross/Enter at Intersection,UNKNOWN,ON ROADWAY AT CROSSWALK,No,SUSPECTED SERIOUS INJURY,NONE,39.087085,-77.151238,"(39.087085, -77.151238)"
MCP3010001V,17007867,Montgomery County Police,Injury Crash,02/13/2017 03:03:00 PM,,,,11790 PARKLAWN DR PARKING LOT,,PEDESTRIAN,OTHER,CLEAR,,DAYLIGHT,NO CONTROLS,N/A,N/A,2A706F29-852B-4FC8-AE3B-7EC141DAE009,PEDESTRIAN,Standing,NO IMPROPER ACTIONS,OTHER,Unknown,SUSPECTED MINOR INJURY,NONE,39.048465,-77.102195,"(39.048465, -77.102195)"
MCP1305003Z,200006511,Montgomery County Police,Property Damage Crash,02/08/2020 02:52:00 PM,,,,PARKING LOT AT 22 TINDALL SRPINGS CT,,OTHER,OTHER,CLEAR,,DAYLIGHT,NO CONTROLS,NONE DETECTED,N/A,1047418A-2B9B-4FBB-854C-C411F1445B52,OTHER,N/A,NO IMPROPER ACTIONS,INSIDE BUILDING,No,NO APPARENT INJURY,N/A,39.18515167,-77.17692833,"(39.18515167, -77.17692833)"
EJ7852004Z,210032042,Gaithersburg Police Depar,Injury Crash,08/17/2021 07:00:00 PM,Municipality,MAIN ST,MIDTOWN RD,,GAITHERSBURG,BICYCLIST,OTHER,RAINING,WET,DAYLIGHT,STOP SIGN,NONE DETECTED,NONE DETECTED,1679C6D0-0745-4B9B-B60A-0D8F6D080DB6,BICYCLIST,Cross/Enter at Intersection,UNKNOWN,ON ROADWAY NOT AT CROSSWALK,Unknown,SUSPECTED MINOR INJURY,MC/BIKE HELMET,39.12205721,-77.23864715,"(39.12205721, -77.23864715)"
MCP3224000G,200016841,Montgomery County Police,Injury Crash,04/22/2020 08:28:00 PM,County,OLD COLUMBIA PIKE,AMBERSTONE CT,,N/A,PEDESTRIAN,HEAD ON LEFT TURN,CLEAR,DRY,DARK LIGHTS ON,NO CONTROLS,NONE DETECTED,NONE DETECTED,387A4DEB-0CA7-4E52-8D6C-83A9B374099B,PEDESTRIAN,Cross/Enter at Intersection,NO IMPROPER ACTIONS,AT INTERSECTION BUT NO CROSSWALK,No,NO APPARENT INJURY,N/A,39.05413699,-76.97366375,"(39.05413699, -76.97366375)"
MCP2639009Y,200040433,Montgomery County Police,Injury Crash,10/14/2020 08:10:00 AM,,,,PARKING LOT OF 14101 GEORGIA AVE,,PEDESTRIAN,STRAIGHT MOVEMENT ANGLE,CLEAR,,DAYLIGHT,NO CONTROLS,UNKNOWN,NONE DETECTED,67FED444-FD33-4C75-9A6D-D2B5E9C811D6,PEDESTRIAN,Walking/Cycling on Sidewalk,NO IMPROPER ACTIONS,SIDEWALK,Unknown,POSSIBLE INJURY,NONE,39.08526063,-77.07821539,"(39.08526063, -77.07821539)"
MCP2931003P,190035842,Montgomery County Police,Injury Crash,07/27/2019 07:37:00 PM,Maryland (State),ROCKVILLE PIKE,TWINBROOK PKWY,,ROCKVILLE,PEDESTRIAN,N/A,N/A,DRY,DAYLIGHT,TRAFFIC SIGNAL,N/A,N/A,BA50C849-E941-4038-9EB9-8525F6421A66,PEDESTRIAN,Cross/Enter not at Intersection,FAILURE TO OBEY TRAFFIC SIGNS SIGNALS OR OFFICER,ON ROADWAY NOT AT CROSSWALK,Yes,POSSIBLE INJURY,N/A,39.05892167,-77.12170833,"(39.05892167, -77.12170833)"
MCP9113006B,200029550,Montgomery County Police,Injury Crash,07/30/2020 10:31:00 AM,County,WENDY LA,LOYOLA ST,,N/A,OTHER,OTHER,CLEAR,DRY,DAYLIGHT,NO CONTROLS,NONE DETECTED,NONE DETECTED,1F84FA47-FAA2-41D5-9D09-DF4ADA21D62F,OTHER,Getting off/on Vehicle,NO IMPROPER ACTIONS,CURB,No,SUSPECTED SERIOUS INJURY,N/A,39.079145,-77.074525,"(39.079145, -77.074525)"
MCP2298010D,220028163,Montgomery County Police,Injury Crash,06/30/2022 04:06:00 PM,County,BASSWOOD HILL DR,CHESTNUT GLEN RD,,N/A,OTHER PEDALCYCLIST,SINGLE VEHICLE,CLEAR,DRY,DAYLIGHT,NO CONTROLS,NONE DETECTED,NONE DETECTED,A400E03F-5381-4279-AF49-7B03538A1159,OTHER PEDALCYCLIST,Playing,N/A,OTHER,No,POSSIBLE INJURY,MC/BIKE HELMET,39.24493833,-77.18666,"(39.24493833, -77.18666)"
DD55200018,220040727,Rockville Police Departme,Injury Crash,09/19/2022 12:10:00 PM,Maryland (State),VEIRS MILL RD,ATLANTIC AVE,,ROCKVILLE,PEDESTRIAN,OTHER,CLEAR,DRY,DAYLIGHT,TRAFFIC SIGNAL,NONE DETECTED,NONE DETECTED,9D773FEC-E215-4F6E-8781-F90789CA3D54,PEDESTRIAN,Cross/Enter at Intersection,NO IMPROPER ACTIONS,N/A,No,SUSPECTED MINOR INJURY,NONE,39.07512,-77.11527,"(39.07512, -77.11527)"
MCP2792000B,15010539,Montgomery County Police,Injury Crash,03/07/2015 12:50:00 AM,Maryland (State),FREDERICK RD,GUNNERS BRANCH RD,,N/A,PEDESTRIAN,SAME DIR REAR END,CLEAR,WET,DARK LIGHTS ON,NO CONTROLS,NONE DETECTED,ALCOHOL PRESENT,CCFDE4BA-227B-4B88-91A3-5E31B5CCA1D0,PEDESTRIAN,Walking/Riding w/Traffic,INATTENTIVE,SHOULDER,,SUSPECTED MINOR INJURY,N/A,39.17533667,-77.23818667,"(39.17533667, -77.23818667)"
MCP2966001M,16007142,Montgomery County Police,Injury Crash,02/11/2016 06:21:00 PM,County,RANDOLPH RD,JUDSON RD,,N/A,BICYCLIST,SINGLE VEHICLE,N/A,DRY,DARK LIGHTS ON,STOP SIGN,NONE DETECTED,NONE DETECTED,0D107868-FE02-4CDC-9AE2-AC30322DDB6D,BICYCLIST,Cross/Enter at Intersection,N/A,SIDEWALK,No,SUSPECTED MINOR INJURY,NONE,39.05746333,-77.05223,"(39.05746333, -77.05223)"
DM84370022,180064994,Takoma Park Police Depart,Injury Crash,12/29/2018 12:07:00 AM,Municipality,KIRKLYNN AVE,HAMMOND AVE,,TAKOMA PARK,PEDESTRIAN,OTHER,CLEAR,WET,DARK LIGHTS ON,NO CONTROLS,UNKNOWN,NONE DETECTED,C5FE9C28-B8E4-47DA-B94D-8228A41888D5,PEDESTRIAN,Cross/Enter at Intersection,NO IMPROPER ACTIONS,ON ROADWAY NOT AT CROSSWALK,No,POSSIBLE INJURY,NONE,38.97810685,-77.01635761,"(38.97810685, -77.01635761)"
MCP2971001B,16025851,Montgomery County Police,Injury Crash,05/24/2016 05:54:00 PM,,,,"PARKING LOT IN FRONT OF 11507 FEBRUARY CIRCLE, SILVER SPRING, MARYLAND",,BICYCLIST,HEAD ON,CLEAR,,DAYLIGHT,NO CONTROLS,NONE DETECTED,NONE DETECTED,F4CC3E12-5FAA-4C2F-B969-F678B45DB89E,BICYCLIST,Cross/Enter not at Intersection,FAILURE TO YIELD RIGHT OF WAY,ON ROADWAY NOT AT CROSSWALK,Yes,POSSIBLE INJURY,NONE,39.04771489,-76.97713494,"(39.04771489, -76.97713494)"
MCP3149003C,220017080,Montgomery County Police,Injury Crash,04/22/2022 10:49:00 AM,US (State),COLESVILLE RD,RAMP 3 FR IS 495 EB TO US 29 NB,,N/A,PEDESTRIAN,OTHER,CLEAR,DRY,DAYLIGHT,NO CONTROLS,UNKNOWN,NONE DETECTED,6160703B-DA61-46E9-B0EB-DA1FE4A26003,PEDESTRIAN,Cross/Enter at Intersection,UNKNOWN,ON ROADWAY AT CROSSWALK,Unknown,SUSPECTED MINOR INJURY,N/A,39.015705,-77.01634,"(39.015705, -77.01634)"
MCP271700TC,210003454,Montgomery County Police,Injury Crash,01/27/2021 06:20:00 PM,Maryland (State),OLD GEORGETOWN RD,BATTERY LA,,N/A,PEDESTRIAN,SINGLE VEHICLE,CLEAR,DRY,DARK LIGHTS ON,TRAFFIC SIGNAL,NONE DETECTED,NONE DETECTED,88EED60E-F554-46A8-A176-AAC356CE0539,PEDESTRIAN,Cross/Enter at Intersection,NO IMPROPER ACTIONS,ON ROADWAY AT CROSSWALK,No,SUSPECTED MINOR INJURY,NONE,38.99041517,-77.10339017,"(38.99041517, -77.10339017)"
EJ7887000Z,210033443,Gaithersburg Police Depar,Injury Crash,08/29/2021 09:20:00 AM,Maryland (State),QUINCE ORCHARD RD,GREAT SENECA HWY,,N/A,BICYCLIST,OTHER,CLEAR,DRY,DAYLIGHT,TRAFFIC SIGNAL,UNKNOWN,NONE DETECTED,E36ECE0F-3705-418C-B738-03E1AD4FDBD9,BICYCLIST,Cross/Enter at Intersection,UNKNOWN,MEDIAN,No,SUSPECTED SERIOUS INJURY,NONE,39.12859599,-77.23752132,"(39.12859599, -77.23752132)"
MCP1438006G,180032711,Montgomery County Police,Injury Crash,07/03/2018 08:12:00 AM,,,,PARKING LOT OF 17 600 BLK OF TOWNE CREST DR.,,PEDESTRIAN,OTHER,CLEAR,,DAYLIGHT,NO CONTROLS,NONE DETECTED,NONE DETECTED,3872466E-C3C6-4C53-BBC3-D06F19D18C7C,PEDESTRIAN,Other,NO IMPROPER ACTIONS,OTHER,No,POSSIBLE INJURY,N/A,39.14556667,-77.17440333,"(39.14556667, -77.17440333)"
MCP3269001C,220005458,Montgomery County Police,Injury Crash,02/08/2022 07:30:00 AM,Maryland (State),UNIVERSITY BLVD E,LANGLEY DR,,N/A,PEDESTRIAN,OTHER,CLEAR,DRY,DAYLIGHT,NO CONTROLS,N/A,N/A,3456D8E9-C88F-4B7B-A581-C02AB05703B1,PEDESTRIAN,Cross/Enter at Intersection,NO IMPROPER ACTIONS,AT INTERSECTION MARKED CROSSWALK,No,POSSIBLE INJURY,N/A,39.00151344,-76.99572256,"(39.00151344, -76.99572256)"
MCP2892001G,16001993,Montgomery County Police,Injury Crash,01/11/2016 05:15:00 PM,,,,BANK OF AMERICA PARKING LOT,,PEDESTRIAN,OTHER,CLEAR,,N/A,NO CONTROLS,NONE DETECTED,NONE DETECTED,3EAC3D47-6C6A-4FA8-B1EA-EA37D1D368E6,PEDESTRIAN,Walking/Cycling on Sidewalk,NO IMPROPER ACTIONS,SIDEWALK,No,POSSIBLE INJURY,NONE,39.04118524,-77.05333516,"(39.04118524, -77.05333516)"
MCP2191000J,15009871,MONTGOMERY,Injury Crash,08/26/2015 01:38:00 PM,County,HILLMEAD RD,FERNWOOD RD,,N/A,PEDESTRIAN,OTHER,N/A,DRY,DAYLIGHT,NO CONTROLS,NONE DETECTED,NONE DETECTED,002AEA9C-1FA3-4ACD-A473-14D342634F15,PEDESTRIAN,Standing,NO IMPROPER ACTIONS,ON ROADWAY NOT AT CROSSWALK,No,POSSIBLE INJURY,N/A,39.00507167,-77.13367833,"(39.00507167, -77.13367833)"
MCP3201004H,230051628,Montgomery County Police,Injury Crash,08/27/2023 11:54:00 AM,Maryland (State),GERMANTOWN RD,DAWSON FARM RD,,N/A,BICYCLIST,OTHER,CLEAR,DRY,DAYLIGHT,TRAFFIC SIGNAL,NONE DETECTED,NONE DETECTED,4828E8E1-D005-4738-811A-C91303A279F0,BICYCLIST,Cross/Enter at Intersection,NO IMPROPER ACTIONS,ON ROADWAY AT CROSSWALK,No,SUSPECTED MINOR INJURY,MC/BIKE HELMET,39.17168167,-77.276875,"(39.17168167, -77.276875)"
MCP3188000L,190023386,Montgomery County Police,Injury Crash,05/17/2019 06:12:00 PM,,,,PARKING LOT OF STROSNIDERS HARDWARE,,PEDESTRIAN,STRAIGHT MOVEMENT ANGLE,CLEAR,,DAYLIGHT,TRAFFIC SIGNAL,UNKNOWN,NONE DETECTED,0457BF95-2024-48B3-ACE4-66AB520515CA,PEDESTRIAN,Cross/Enter at Intersection,NO IMPROPER ACTIONS,AT INTERSECTION MARKED CROSSWALK,No,SUSPECTED MINOR INJURY,NONE,38.97939135,-77.09878308,"(38.97939135, -77.09878308)"
MCP2348005Y,200043172,Montgomery County Police,Fatal Crash,11/02/2020 05:55:00 AM,County,SHADY GROVE RD,BRIARDALE RD,,N/A,PEDESTRIAN,OTHER,SEVERE WINDS,DRY,DARK LIGHTS ON,TRAFFIC SIGNAL,NONE DETECTED,NONE DETECTED,9254CF72-7606-4908-9F8B-BC2BB41F00AA,PEDESTRIAN,Cross/Enter not at Intersection,IN ROADWAY IMPROPERLY,ON ROADWAY NOT AT CROSSWALK,Yes,FATAL INJURY,N/A,39.13353833,-77.15848667,"(39.13353833, -77.15848667)"
MCP3070001H,200023621,Montgomery County Police,Injury Crash,06/16/2020 04:00:00 PM,,,,"4405 EAST WEST HWY BETHESDA, MD 20814",,PEDESTRIAN,OTHER,CLEAR,,DAYLIGHT,N/A,,N/A,80B2EE0C-5907-4BA0-BB94-4170A11DDEC7,PEDESTRIAN,Getting off/on Vehicle,DART DASH,OTHER,Yes,SUSPECTED MINOR INJURY,N/A,38.98585667,-77.09029,"(38.98585667, -77.09029)"
MCP3262000F,200025953,Montgomery County Police,Injury Crash,07/04/2020 11:54:00 AM,,E WAYNE AVENUE,MANCHESTER ROAD,,N/A,PEDESTRIAN,SINGLE VEHICLE,CLEAR,DRY,DAYLIGHT,NO CONTROLS,N/A,N/A,0B6E3D50-E340-4A1F-96CF-CC9907D98CB6,PEDESTRIAN,Standing,IN ROADWAY IMPROPERLY,ON ROADWAY NOT AT CROSSWALK,Yes,POSSIBLE INJURY,N/A,38.99979658,-77.00975653,"(38.99979658, -77.00975653)"
DD5637002J,210021285,Rockville Police Departme,Injury Crash,06/04/2021 09:08:00 PM,Maryland (State),FREDERICK RD,ENT TO SHADY GROVE METRO STATION,,N/A,PEDESTRIAN,OTHER,CLEAR,DRY,DARK LIGHTS ON,TRAFFIC SIGNAL,NONE DETECTED,NONE DETECTED,00629468-FF2E-4FE5-8721-020A876CE3E8,PEDESTRIAN,Cross/Enter at Intersection,NO IMPROPER ACTIONS,AT INTERSECTION MARKED CROSSWALK,No,SUSPECTED MINOR INJURY,NONE,39.11735454,-77.16884108,"(39.11735454, -77.16884108)"
MCP291400CN,220032095,Montgomery County Police,Injury Crash,07/25/2022 10:15:00 PM,Maryland (State),16TH ST,EAST WEST HWY,,N/A,OTHER,OTHER,CLEAR,N/A,DARK LIGHTS ON,TRAFFIC SIGNAL,N/A,N/A,BCE81ED3-041B-4F0D-B34B-0AFEA339E316,OTHER,Cross/Enter at Intersection,FAILURE TO OBEY TRAFFIC SIGNS SIGNALS OR OFFICER,ON ROADWAY AT CROSSWALK,Yes,SUSPECTED MINOR INJURY,UNKNOWN,38.991065,-77.02728667,"(38.991065, -77.02728667)"
MCP2717008H,16058916,Montgomery County Police,Injury Crash,11/15/2016 05:57:00 PM,Maryland (State),OLD GEORGETOWN RD,BEECH AVE,,N/A,BICYCLIST,OTHER,CLEAR,DRY,DARK LIGHTS ON,TRAFFIC SIGNAL,NONE DETECTED,NONE DETECTED,5688F534-FA23-4047-A86E-6841AF2B3A0D,BICYCLIST,Cross/Enter at Intersection,NO IMPROPER ACTIONS,ON ROADWAY AT CROSSWALK,No,SUSPECTED MINOR INJURY,MC/BIKE HELMET,39.01030333,-77.11492167,"(39.01030333, -77.11492167)"
MCP26860027,170548353,Montgomery County Police,Injury Crash,12/13/2017 03:10:00 PM,County,WARING STATION RD,STONEY BOTTOM RD,,N/A,PEDESTRIAN,SINGLE VEHICLE,CLEAR,DRY,DAYLIGHT,OTHER,N/A,N/A,9768BC9D-F4D2-4378-9F0D-00EF1399BE94,PEDESTRIAN,Getting off/on Vehicle,DART DASH,ON ROADWAY AT CROSSWALK,No,SUSPECTED MINOR INJURY,NONE,39.17321667,-77.253455,"(39.17321667, -77.253455)"
MCP2617006Q,180064692,Montgomery County Police,Injury Crash,12/27/2018 10:40:00 AM,County,BRIGHTVIEW ST,CONNECTICUT AVE SERVICE RD,,N/A,PEDESTRIAN,OTHER,N/A,DRY,DAYLIGHT,NO CONTROLS,NONE DETECTED,NONE DETECTED,BCF8E6C3-7BA5-49F9-9641-B06AAE450499,PEDESTRIAN,Cross/Enter not at Intersection,UNKNOWN,ON ROADWAY NOT AT CROSSWALK,No,SUSPECTED MINOR INJURY,NONE,39.12640667,-77.072385,"(39.12640667, -77.072385)"
MCP2859003K,170503514,Montgomery County Police,Injury Crash,04/22/2017 06:27:00 AM,County,SAM EIG HWY,FIELDS RD,,N/A,PEDESTRIAN,OTHER,RAINING,WET,DARK LIGHTS ON,TRAFFIC SIGNAL,NONE DETECTED,NONE DETECTED,8901FE23-F56B-43A4-902B-4680303727B0,PEDESTRIAN,Cross/Enter at Intersection,FAILURE TO YIELD RIGHT OF WAY,ON ROADWAY AT CROSSWALK,Yes,SUSPECTED MINOR INJURY,N/A,39.11646825,-77.20794439,"(39.11646825, -77.20794439)"
MCP2756004K,220040821,Montgomery County Police,Injury Crash,09/19/2022 06:49:00 PM,County,REEDIE DR,TRIANGLE LA,,N/A,OTHER,SINGLE VEHICLE,CLEAR,DRY,DAYLIGHT,NO CONTROLS,UNKNOWN,NONE DETECTED,103A86F3-C08D-4BF4-9D76-77CEB8311B3C,OTHER,Other,UNKNOWN,ON ROADWAY AT CROSSWALK,No,POSSIBLE INJURY,NONE,39.0385,-77.051776,"(39.0385, -77.051776)"
MCP137800V1,200040671,Montgomery County Police,Injury Crash,10/15/2020 03:32:00 PM,,,,PARKING LOT OF 9941 RIDGELINE DR,,OTHER CONVEYANCE,SINGLE VEHICLE,CLEAR,,DAYLIGHT,NO CONTROLS,NONE DETECTED,NONE DETECTED,3E7168BE-C729-46E3-AA46-2C3FBD122A42,OTHER CONVEYANCE,Playing,DART DASH,OTHER,Yes,SUSPECTED SERIOUS INJURY,NONE,39.17504,-77.20462833,"(39.17504, -77.20462833)"