Report Number,Local Case Number,Agency Name,ACRS Report Type,Crash Date/Time,Route Type,Road Name,Cross-Street Name,Off-Road Description,Municipality,Related Non-Motorist,Collision Type,Weather,Surface Condition,Light,Traffic Control,Driver Substance Abuse,Non-Motorist Substance Abuse,Person ID,Pedestrian Type,Pedestrian Movement,Pedestrian Actions,Pedestrian Location,At Fault,Injury Severity,Safety Equipment,Latitude,Longitude,Location
MCP209400G4,200006910,Montgomery County Police,Injury Crash,02/11/2020 11:06:00 AM,County,NEBEL ST,MARINELLI RD,,N/A,PEDESTRIAN,OTHER,RAINING,WET,DAYLIGHT,STOP SIGN,NONE DETECTED,NONE DETECTED,63ED7A4A-C86F-4049-896F-B7F1A6EAD2DD,PEDESTRIAN,Cross/Enter at Intersection,NO IMPROPER ACTIONS,ON ROADWAY AT CROSSWALK,No,SUSPECTED SERIOUS INJURY,NONE,39.047995,-77.10563167,"(39.047995, -77.10563167)"
MCP3268003N,230074264,Montgomery County Police,Injury Crash,12/30/2023 11:19:00 AM,County,GREENCASTLE RD,LANSDALE CT,,N/A,PEDESTRIAN,SINGLE VEHICLE,CLEAR,DRY,DAYLIGHT,RAILWAY CROSSING DEVICE,NONE DETECTED,NONE DETECTED,CCF75BD4-AC86-47BA-A6B9-074D68E8002E,PEDESTRIAN,Cross/Enter at Intersection,NO IMPROPER ACTIONS,ON ROADWAY AT CROSSWALK,No,POSSIBLE INJURY,N/A,39.08252183,-76.93049133,"(39.08252183, -76.93049133)"
MCP2617009T,210045236,Montgomery County Police,Injury Crash,11/08/2021 03:00:00 PM,County,RANDOLPH RD,TIVOLI LAKE BLVD,,N/A,PEDESTRIAN,OTHER,CLEAR,DRY,DAYLIGHT,TRAFFIC SIGNAL,NONE DETECTED,NONE DETECTED,61898023-1DBF-4B9B-82E0-913E2FA1E2BC,PEDESTRIAN,Cross/Enter at Intersection,NO IMPROPER ACTIONS,AT INTERSECTION MARKED CROSSWALK,No,POSSIBLE INJURY,NONE,39.06626375,-77.0346701,"(39.06626375, -77.0346701)"
MCP0685001R,15061744,MONTGOMERY,Injury Crash,12/03/2015 12:55:00 PM,County,BOU AVE,ROCKVILLE PIKE,,N/A,PEDESTRIAN,SINGLE VEHICLE,N/A,DRY,DAYLIGHT,N/A,NONE DETECTED,NONE DETECTED,5D3E17B8-2F62-4076-A476-EAA8270C4A37,PEDESTRIAN,Cross/Enter not at Intersection,IN ROADWAY IMPROPERLY,ON ROADWAY NOT AT CROSSWALK,Yes,POSSIBLE INJURY,N/A,39.05630075,-77.11891651,"(39.05630075, -77.11891651)"
MCP1564006N,220033650,Montgomery County Police,Injury Crash,08/05/2022 02:00:00 PM,Maryland (State),ASHTON RD,NEW HAMPSHIRE AVE,,N/A,PEDESTRIAN,OTHER,CLEAR,DRY,DAYLIGHT,PERSON,NONE DETECTED,NONE DETECTED,AFC42064-B908-4BBE-BAE7-8A2F346B6693,PEDESTRIAN,Other Working,NO IMPROPER ACTIONS,OTHER,No,SUSPECTED MINOR INJURY,REFLECTIVE CLOTHING,39.15053833,-77.00895167,"(39.15053833, -77.00895167)"
MCP1475000Q,16015424,Montgomery County Police,Injury Crash,03/29/2016 06:00:00 PM,,,,PARKING LOT OF 9659 LOST KNIFE ROAD,,PEDESTRIAN,OTHER,CLEAR,,DAYLIGHT,N/A,NONE DETECTED,UNKNOWN,77D47AB4-2721-4792-B33C-A907F0BE2384,PEDESTRIAN,Cross/Enter not at Intersection,IN ROADWAY IMPROPERLY,ON ROADWAY NOT AT CROSSWALK,Yes,SUSPECTED MINOR INJURY,N/A,39.153467,-77.198422,"(39.153467, -77.198422)"
MCP32000021,200034798,Montgomery County Police,Injury Crash,09/05/2020 02:12:00 PM,Maryland (State),METROPOLITAN AVE,N KENSINGTON PKWY,,KENSINGTON,BICYCLIST,OTHER,CLEAR,DRY,DAYLIGHT,NO CONTROLS,UNKNOWN,NONE DETECTED,A49D4EE7-06EF-43E6-9D7D-7031B00AAEA3,BICYCLIST,Cross/Enter at Intersection,NO IMPROPER ACTIONS,ON ROADWAY AT CROSSWALK,No,SUSPECTED MINOR INJURY,MC/BIKE HELMET,39.02620496,-77.06980941,"(39.02620496, -77.06980941)"
MCP2757001P,170536392,Montgomery County Police,Property Damage Crash,10/13/2017 05:44:00 AM,County,KINGSWELL DR,LIVINGSTON ST,,N/A,PEDESTRIAN,SINGLE VEHICLE,N/A,N/A,DARK LIGHTS ON,NO CONTROLS,NONE DETECTED,NONE DETECTED,7604C228-E3AF-4408-B518-17FA188DC78C,PEDESTRIAN,Standing,OTHER,SHOULDER,No,NO APPARENT INJURY,N/A,39.05451784,-77.05814302,"(39.05451784, -77.05814302)"
MCP29730057,200040243,Montgomery County Police,Injury Crash,10/12/2020 11:20:00 PM,Maryland (State),GEORGIA AVE,GEORGIAN WAY,,N/A,PEDESTRIAN,OTHER,RAINING,WET,DARK LIGHTS ON,NO CONTROLS,N/A,N/A,24A4B5BC-399D-4F28-B480-D6E1EB191959,PEDESTRIAN,Cross/Enter not at Intersection,FAILURE TO YIELD RIGHT OF WAY,ON ROADWAY NOT AT CROSSWALK,Yes,POSSIBLE INJURY,N/A,39.05417941,-77.05045591,"(39.05417941, -77.05045591)"
MCP3027000T,170516426,Montgomery County Police,Injury Crash,06/29/2017 01:31:00 PM,,,,8580 2ND AVE - DRIVEWAY,,PEDESTRIAN,SINGLE VEHICLE,CLEAR,,DAYLIGHT,NO CONTROLS,NONE DETECTED,NONE DETECTED,71F89BAE-0EC1-4EBD-B782-38F809161AC8,PEDESTRIAN,Cross/Enter not at Intersection,NO IMPROPER ACTIONS,SIDEWALK,No,POSSIBLE INJURY,NONE,38.99645333,-77.03272,"(38.99645333, -77.03272)"
MCP292300B2,230059118,Montgomery County Police,Injury Crash,10/07/2023 01:52:00 PM,County,PARKER AVE,GEORGIA AVE,,N/A,BICYCLIST,OTHER,CLEAR,DRY,DAYLIGHT,STOP SIGN,NONE DETECTED,NONE DETECTED,3EDFC56B-767B-4848-BFB7-046BF5071DA5,BICYCLIST,Cross/Enter at Intersection,NO IMPROPER ACTIONS,AT INTERSECTION BUT NO CROSSWALK,No,SUSPECTED MINOR INJURY,NONE,39.04950383,-77.05174269,"(39.04950383, -77.05174269)"
EJ7888002S,220037298,Gaithersburg Police Depar,Injury Crash,08/29/2022 07:35:00 AM,Maryland (State),CLOPPER RD,SULLNICK WAY,,N/A,PEDESTRIAN,OTHER,CLEAR,DRY,DAYLIGHT,STOP SIGN,NONE DETECTED,NONE DETECTED,A7A000A5-D8A6-463D-97FF-8821C045061B,PEDESTRIAN,Cross/Enter at Intersection,NO IMPROPER ACTIONS,ON ROADWAY AT CROSSWALK,No,SUSPECTED MINOR INJURY,NONE,39.14816825,-77.2369545,"(39.14816825, -77.2369545)"
MCP2914004H,170508525,Montgomery County Police,Injury Crash,05/18/2017 04:40:00 PM,,,,APARTMENT COMPLEX PARKING LOT- INTERSECTION OF HAMPSHIRE GREEN LANE AND MT. PISGAH LANE,,PEDESTRIAN,OTHER,CLEAR,,DAYLIGHT,NO CONTROLS,N/A,N/A,CF4889F1-2623-4BA9-9642-FCB122646663,PEDESTRIAN,Cross/Enter not at Intersection,DART DASH,ON ROADWAY NOT AT CROSSWALK,Yes,SUSPECTED MINOR INJURY,NONE,39.015295,-76.976085,"(39.015295, -76.976085)"
EJ7846001H,16042355,Gaithersburg Police Depar,Property Damage Crash,08/20/2016 09:00:00 PM,,,,PARKING LOT OF 18 ONEILL DR.,,PEDESTRIAN,SINGLE VEHICLE,CLEAR,,DARK LIGHTS ON,NO CONTROLS,NONE DETECTED,NONE DETECTED,0664F25F-F0E1-44D7-81BE-EA6C7987B35E,PEDESTRIAN,Cross/Enter not at Intersection,NO IMPROPER ACTIONS,CURB,No,NO APPARENT INJURY,N/A,39.124215,-77.22279667,"(39.124215, -77.22279667)"
MCP1151008J,180054939,Montgomery County Police,Injury Crash,11/02/2018 07:50:00 AM,Maryland (State),FREDERICK RD,STRINGTOWN RD,,N/A,PEDESTRIAN,OTHER,CLOUDY,WET,DAYLIGHT,TRAFFIC SIGNAL,NONE DETECTED,NONE DETECTED,5FF08532-DBD3-425D-8ED6-3DE9BC5E0774,PEDESTRIAN,Cross/Enter at Intersection,NO IMPROPER ACTIONS,ON ROADWAY AT CROSSWALK,No,SUSPECTED MINOR INJURY,N/A,39.2374285,-77.2782255,"(39.2374285, -77.2782255)"
MCP12130066,210052617,Montgomery County Police,Injury Crash,12/25/2021 09:41:00 PM,County,GOOD HOPE RD,WINDMILL LA,,N/A,PEDESTRIAN,SAME DIRECTION SIDESWIPE,RAINING,WET,DARK LIGHTS ON,NO CONTROLS,NONE DETECTED,NONE DETECTED,40148C04-15A7-46E7-81E1-D5EF0944179C,PEDESTRIAN,Walking/Riding against Traffic,IN ROADWAY IMPROPERLY,ON ROADWAY NOT AT CROSSWALK,Yes,SUSPECTED MINOR INJURY,NONE,39.10075167,-76.98282833,"(39.10075167, -76.98282833)"
DD5642000K,190059738,Rockville Police Departme,Injury Crash,12/11/2019 05:10:00 PM,Maryland (State),HUNGERFORD DR,PARK RD,,ROCKVILLE,PEDESTRIAN,OTHER,CLEAR,DRY,DARK LIGHTS ON,TRAFFIC SIGNAL,NONE DETECTED,NONE DETECTED,26FE3ED2-A554-46E1-A8C5-B4F45DC8079C,PEDESTRIAN,Cross/Enter at Intersection,FAILURE TO OBEY TRAFFIC SIGNS SIGNALS OR OFFICER,ON ROADWAY NOT AT CROSSWALK,Yes,SUSPECTED MINOR INJURY,NONE,39.08537445,-77.14823534,"(39.08537445, -77.14823534)"
MCP29080012,15037874,MONTGOMERY,Injury Crash,07/31/2015 09:39:00 AM,US (State),COLESVILLE RD,HASTINGS DR,,N/A,"BICYCLIST, OTHER",STRAIGHT MOVEMENT ANGLE,N/A,DRY,DAYLIGHT,YIELD SIGN,NONE DETECTED,NONE DETECTED,83AA1B5E-7850-4AF6-88EE-6C7D7EA48870,BICYCLIST,Cross/Enter at Intersection,NO IMPROPER ACTIONS,ON ROADWAY AT CROSSWALK,No,SUSPECTED MINOR INJURY,MC/BIKE HELMET,39.013495,-77.01665167,"(39.013495, -77.01665167)"
EJ7833003W,170524565,Gaithersburg Police Depar,Injury Crash,08/12/2017 11:38:00 PM,,,,"PARKING LOT OF 111 WATKINS STATION CIRCLE IN GAITHERSBURG, MD 20877",,PEDESTRIAN,OTHER,N/A,,DARK LIGHTS ON,NO CONTROLS,UNKNOWN,ALCOHOL PRESENT,36CD596E-8654-4D8C-8BC5-DF30DFE126A0,PEDESTRIAN,Other,OTHER,OTHER,No,SUSPECTED SERIOUS INJURY,NONE,39.16057648,-77.2195711,"(39.16057648, -77.2195711)"
MCP28300029,16046204,Montgomery County Police,Injury Crash,09/09/2016 12:25:00 PM,,,,"18140 VILLAGE CENTER DR OLNEY MD 20832

PARKING LOT",,PEDESTRIAN,OTHER,N/A,,DAYLIGHT,N/A,NONE DETECTED,NONE DETECTED,88FE8152-3334-4469-9013-CD87382AC780,PEDESTRIAN,Standing,UNKNOWN,ON ROADWAY AT CROSSWALK,Unknown,POSSIBLE INJURY,NONE,39.152723,-77.064416,"(39.152723, -77.064416)"
DM8472000Y,190058947,Takoma Park Police Depart,Property Damage Crash,12/08/2019 10:36:00 PM,Municipality,ELM AVE,AUBURN AVE,,TAKOMA PARK,PEDESTRIAN,SINGLE VEHICLE,CLEAR,N/A,DARK LIGHTS ON,NO CONTROLS,N/A,N/A,B5BD6445-8246-4289-8BBE-E6087A47DD89,PEDESTRIAN,Other,NO IMPROPER ACTIONS,INSIDE BUILDING,No,NO APPARENT INJURY,NONE,38.97686218,-76.99578547,"(38.97686218, -76.99578547)"
MCP2855004L,230055299,Montgomery County Police,Injury Crash,09/16/2023 09:11:00 PM,County,SOUTHWOOD AVE,COLESVILLE RD,,N/A,OTHER,SINGLE VEHICLE,CLEAR,DRY,DARK LIGHTS ON,TRAFFIC SIGNAL,NONE DETECTED,NONE DETECTED,08971039-213D-4E60-A172-0D6A0522762B,OTHER,Cross/Enter at Intersection,NOT VISIBLE,AT INTERSECTION BUT NO CROSSWALK,Unknown,SUSPECTED MINOR INJURY,NONE,39.0260546,-77.01099856,"(39.0260546, -77.01099856)"
MCP28100025,220054810,Montgomery County Police,Injury Crash,12/11/2022 05:15:00 PM,County,GOSHEN RD,SNOUFFERS SCHOOL RD,,N/A,PEDESTRIAN,ANGLE MEETS LEFT HEAD ON,CLEAR,DRY,DARK NO LIGHTS,TRAFFIC SIGNAL,N/A,N/A,6409A005-BB19-4C13-9463-7BEE04B8F8E5,PEDESTRIAN,Cross/Enter at Intersection,DART DASH,ON ROADWAY NOT AT CROSSWALK,Yes,POSSIBLE INJURY,N/A,39.18785883,-77.186636,"(39.18785883, -77.186636)"
MCP137800LD,180027452,Montgomery County Police,Injury Crash,06/04/2018 01:58:00 PM,,,,PARKING LOT OF 701 RUSSELL AVE NEXT TO SEARS AUTOMOTIVE,,PEDESTRIAN,SINGLE VEHICLE,CLOUDY,,DAYLIGHT,NO CONTROLS,NONE DETECTED,NONE DETECTED,3BCA003A-B908-46EA-8837-0B2226B10A28,PEDESTRIAN,Other,OTHER,OTHER,Yes,POSSIBLE INJURY,N/A,39.15233,-77.20239833,"(39.15233, -77.20239833)"
MCP15800083,170548290,Montgomery County Police,Property Damage Crash,12/13/2017 10:02:00 AM,,,,"600 N FREDERICK AVE
 PARING LOT OF
 TOYS R US",,OTHER,OTHER,N/A,,DAYLIGHT,N/A,NONE DETECTED,NONE DETECTED,1496C300-DD2D-426E-8545-BBB554AD8CCF,OTHER,Other,N/A,OTHER,No,NO APPARENT INJURY,OTHER,39.14987,-77.21113167,"(39.14987, -77.21113167)"
MCP3105004D,210044653,Montgomery County Police,Injury Crash,11/04/2021 12:01:00 PM,Maryland (State),GREAT SENECA HWY,WISTERIA DR,,N/A,PEDESTRIAN,SINGLE VEHICLE,CLEAR,DRY,DAYLIGHT,TRAFFIC SIGNAL,NONE DETECTED,UNKNOWN,2ACB0F3E-52EB-4967-A981-6500599E9A7A,PEDESTRIAN,Cross/Enter at Intersection,NO IMPROPER ACTIONS,AT INTERSECTION MARKED CROSSWALK,No,SUSPECTED SERIOUS INJURY,N/A,39.17106033,-77.26291867,"(39.17106033, -77.26291867)"
MCP94300005,200003744,Montgomery County Police,Injury Crash,01/23/2020 07:35:00 AM,County,FERNWOOD RD,GREYSWOOD RD,,N/A,PEDESTRIAN,OTHER,CLOUDY,DRY,DAYLIGHT,TRAFFIC SIGNAL,UNKNOWN,NONE DETECTED,093DE886-E67B-40AA-B334-16A142EEABC4,PEDESTRIAN,Cross/Enter at Intersection,NO IMPROPER ACTIONS,AT INTERSECTION MARKED CROSSWALK,No,SUSPECTED MINOR INJURY,N/A,39.01824757,-77.13333147,"(39.01824757, -77.13333147)"
EJ7857001R,170534764,Gaithersburg Police Depar,Injury Crash,10/04/2017 05:18:00 PM,Maryland (State),W DIAMOND AVE,RAMP 7 FR MD 117 WB TO RAMP 6 (TO IS270),,N/A,BICYCLIST,SINGLE VEHICLE,CLEAR,DRY,DAYLIGHT,OTHER,NONE DETECTED,NONE DETECTED,F8341DA4-9D08-4E9C-BCEE-C7EA836AD1B2,BICYCLIST,Other,N/A,OTHER,No,SUSPECTED MINOR INJURY,NONE,39.14052333,-77.21426,"(39.14052333, -77.21426)"
EJ78530025,17010105,Gaithersburg Police Depar,Injury Crash,02/24/2017 09:24:00 PM,,GIRARD ST.,GLORIA WAY,,N/A,BICYCLIST,STRAIGHT MOVEMENT ANGLE,CLEAR,DRY,DARK LIGHTS ON,STOP SIGN,NONE DETECTED,NONE DETECTED,376C0364-B1D5-4316-93C4-3B0B66F4FD9B,BICYCLIST,Walking/Riding w/Traffic,NO IMPROPER ACTIONS,OTHER,No,SUSPECTED MINOR INJURY,NONE,39.14461483,-77.18357921,"(39.14461483, -77.18357921)"
MCP2008003R,170509660,Montgomery County Police,Injury Crash,05/24/2017 05:18:00 PM,County,LONE OAK DR,OLD GEORGETOWN RD,,N/A,BICYCLIST,STRAIGHT MOVEMENT ANGLE,CLOUDY,DRY,DAYLIGHT,TRAFFIC SIGNAL,NONE DETECTED,NONE DETECTED,A6849E6F-4821-41AD-912A-2820802F5CBC,BICYCLIST,Cross/Enter at Intersection,FAILURE TO OBEY TRAFFIC SIGNS SIGNALS OR OFFICER,AT INTERSECTION MARKED CROSSWALK,Yes,SUSPECTED MINOR INJURY,NONE,39.020575,-77.12265667,"(39.020575, -77.12265667)"
MCP26830062,220041978,Montgomery County Police,Injury Crash,09/26/2022 07:22:00 PM,County,MONTGOMERY VILLAGE AVE,CLUB HOUSE RD,,N/A,PEDESTRIAN,OTHER,CLEAR,DRY,DARK LIGHTS ON,TRAFFIC SIGNAL,NONE DETECTED,NONE DETECTED,D1A73AED-83F0-42A0-B8BE-C0E274956BA2,PEDESTRIAN,Cross/Enter at Intersection,DART DASH,ON ROADWAY AT CROSSWALK,Yes,POSSIBLE INJURY,NONE,39.17456428,-77.2036172,"(39.17456428, -77.2036172)"
MCP3063001K,190013119,Montgomery County Police,Injury Crash,03/21/2019 10:19:00 AM,County,STEWART LA,APRIL LA,,N/A,PEDESTRIAN,SINGLE VEHICLE,RAINING,WET,DARK NO LIGHTS,N/A,N/A,ALCOHOL PRESENT,FCF4638B-2AC1-40B5-8FE2-0CE5539D6E4D,PEDESTRIAN,Standing,IN ROADWAY IMPROPERLY,ON ROADWAY NOT AT CROSSWALK,Yes,SUSPECTED MINOR INJURY,N/A,39.04562665,-76.98238652,"(39.04562665, -76.98238652)"
MCP24960031,210036011,Montgomery County Police,Injury Crash,09/12/2021 07:30:00 PM,County,STEWART LA,LOCKWOOD DR,,N/A,PEDESTRIAN,SINGLE VEHICLE,CLEAR,DRY,DUSK,NO CONTROLS,NONE DETECTED,NONE DETECTED,844644FE-A0DF-4988-8DD2-5634F7959844,PEDESTRIAN,Other,DART DASH,OTHER,Unknown,SUSPECTED MINOR INJURY,NONE,39.043801,-76.9787472,"(39.043801, -76.9787472)"
MCP3074002W,180061167,Montgomery County Police,Injury Crash,12/07/2018 08:04:00 AM,County,TIMBERWOOD AVE,COLESVILLE RD,,N/A,PEDESTRIAN,SINGLE VEHICLE,CLEAR,DRY,DAYLIGHT,NO CONTROLS,UNKNOWN,N/A,E20863AE-0C17-4DCA-8A6B-4458C1719819,PEDESTRIAN,Cross/Enter at Intersection,NO IMPROPER ACTIONS,ON ROADWAY NOT AT CROSSWALK,No,POSSIBLE INJURY,NONE,39.02100667,-77.011585,"(39.02100667, -77.011585)"
MCP2948001W,170529421,Montgomery County Police,Injury Crash,09/08/2017 03:43:00 PM,Maryland (State),GEORGIA AVE,RANDOLPH RD,,N/A,PEDESTRIAN,OTHER,CLEAR,DRY,DAYLIGHT,NO CONTROLS,N/A,NONE DETECTED,5238E767-9998-4C83-A196-2F90960BA832,PEDESTRIAN,Other,IN ROADWAY IMPROPERLY,ON ROADWAY NOT AT CROSSWALK,Yes,SUSPECTED SERIOUS INJURY,N/A,39.05910103,-77.05020905,"(39.05910103, -77.05020905)"
DD5595007Z,190051199,Rockville Police Departme,Injury Crash,10/27/2019 06:53:00 PM,Municipality,CHAPMAN AVE,TWINBROOK PKWY,,ROCKVILLE,PEDESTRIAN,SINGLE VEHICLE,CLEAR,DRY,DARK LIGHTS ON,TRAFFIC SIGNAL,UNKNOWN,NONE DETECTED,64450CF5-A219-42D5-B70D-6BEEC4D1DAA6,PEDESTRIAN,Cross/Enter at Intersection,NO IMPROPER ACTIONS,ON ROADWAY AT CROSSWALK,No,SUSPECTED MINOR INJURY,N/A,39.05861169,-77.11889264,"(39.05861169, -77.11889264)"
MCP31090039,190046689,Montgomery County Police,Injury Crash,09/29/2019 02:50:00 PM,County,FENTON ST,SILVER SPRING AVE,,N/A,BICYCLIST,SAME DIRECTION LEFT TURN,CLEAR,DRY,DAYLIGHT,NO CONTROLS,NONE DETECTED,NONE DETECTED,73BB0070-8867-478B-A1FC-3CF519878D27,BICYCLIST,Walking/Riding w/Traffic,OTHER,ON ROADWAY NOT AT CROSSWALK,Unknown,SUSPECTED MINOR INJURY,MC/BIKE HELMET,38.99094767,-77.02418567,"(38.99094767, -77.02418567)"
MCP2990000Q,190013132,Montgomery County Police,Injury Crash,03/21/2019 09:40:00 PM,County,APPLE RIDGE RD,MONTGOMERY VILLAGE AVE,,N/A,PEDESTRIAN,OTHER,RAINING,WET,DARK LIGHTS ON,TRAFFIC SIGNAL,NONE DETECTED,NONE DETECTED,67A93E99-7642-4C11-96BE-82E858200716,PEDESTRIAN,Cross/Enter at Intersection,NO IMPROPER ACTIONS,ON ROADWAY AT CROSSWALK,No,SUSPECTED MINOR INJURY,NONE,39.18683833,-77.19853833,"(39.18683833, -77.19853833)"
MCP2933000N,15058000,MONTGOMERY,Injury Crash,11/13/2015 04:10:00 PM,Maryland (State),WILSON LA,MERRICK RD,,N/A,PEDESTRIAN,SINGLE VEHICLE,CLEAR,DRY,DAYLIGHT,NO CONTROLS,NONE DETECTED,NONE DETECTED,87CBB804-905E-41FB-A27D-2BB1EFD0034C,PEDESTRIAN,Cross/Enter not at Intersection,DART DASH,ON ROADWAY NOT AT CROSSWALK,Yes,SUSPECTED MINOR INJURY,N/A,38.98963612,-77.12262869,"(38.98963612, -77.12262869)"
MCP33620018,230032001,Montgomery County Police,Injury Crash,07/05/2023 10:39:00 AM,,,,PARKING LOT OF 11120 NEW HAMPSHIRE AVE.,,PEDESTRIAN,STRAIGHT MOVEMENT ANGLE,CLEAR,,DAYLIGHT,NO CONTROLS,NONE DETECTED,NONE DETECTED,5BA9DBDB-1455-4010-9C4D-BDAAA7F3A84E,PEDESTRIAN,Cross/Enter not at Intersection,NO IMPROPER ACTIONS,DRIVEWAY ACCESS MARKED CROSSWALK,No,SUSPECTED MINOR INJURY,NONE,39.037575,-76.990425,"(39.037575, -76.990425)"
EJ78260039,180019484,Gaithersburg Police Depar,Injury Crash,04/21/2018 09:38:00 AM,County,SAM EIG HWY,GREAT SENECA HWY,,N/A,OTHER,SAME DIR REAR END,CLEAR,DRY,DAYLIGHT,N/A,N/A,N/A,56398B86-40CD-4A83-9A6C-0475D8A1B41B,OTHER,Other Working,NO IMPROPER ACTIONS,ON ROADWAY NOT AT CROSSWALK,No,POSSIBLE INJURY,REFLECTIVE CLOTHING,39.10968,-77.211745,"(39.10968, -77.211745)"
MCP242500BB,170535583,Montgomery County Police,Injury Crash,10/09/2017 07:56:00 AM,County,SCHINDLER DR,LA GRANDE RD,,N/A,PEDESTRIAN,SINGLE VEHICLE,N/A,WET,DAYLIGHT,NO CONTROLS,NONE DETECTED,NONE DETECTED,F5066003-F927-4F2F-B5D2-70E7AF21653D,PEDESTRIAN,Cross/Enter not at Intersection,DART DASH,ON ROADWAY NOT AT CROSSWALK,Yes,POSSIBLE INJURY,UNKNOWN,39.02773833,-76.99080667,"(39.02773833, -76.99080667)"
MCP3201001X,210026522,Montgomery County Police,Injury Crash,07/10/2021 10:45:00 AM,County,MILESTONE CENTER DR,OBSERVATION DR,,N/A,BICYCLIST,OTHER,CLEAR,DRY,DAYLIGHT,TRAFFIC SIGNAL,N/A,N/A,66D81C4C-268B-4C85-A892-23C0D82D71ED,BICYCLIST,Cross/Enter at Intersection,NO IMPROPER ACTIONS,ON ROADWAY AT CROSSWALK,No,POSSIBLE INJURY,NONE,39.20428183,-77.26000367,"(39.20428183, -77.26000367)"
MCP20870028,180041953,Montgomery County Police,Injury Crash,08/23/2018 09:09:00 AM,County,RANDOLPH RD,JUDSON RD,,N/A,OTHER,SINGLE VEHICLE,CLEAR,DRY,DAYLIGHT,STOP SIGN,NONE DETECTED,NONE DETECTED,53EC57BF-0314-4B6A-8A09-77474858A9CC,OTHER,Standing,NO IMPROPER ACTIONS,AT INTERSECTION BUT NO CROSSWALK,No,SUSPECTED SERIOUS INJURY,REFLECTIVE CLOTHING,39.05770833,-77.05182833,"(39.05770833, -77.05182833)"
MCP3021006J,230027571,Montgomery County Police,Injury Crash,06/08/2023 01:58:00 PM,,,,12210 PLUM ORCHARD DR,,PEDESTRIAN,SINGLE VEHICLE,CLEAR,,DAYLIGHT,NO CONTROLS,NONE DETECTED,NONE DETECTED,0242EF3A-0F09-47D1-9AB4-B3CF7F99C83E,PEDESTRIAN,Cross/Enter not at Intersection,DART DASH,OTHER,Yes,SUSPECTED MINOR INJURY,NONE,39.05798167,-76.95751667,"(39.05798167, -76.95751667)"
MCP3161001S,190048151,Montgomery County Police,Injury Crash,10/07/2019 03:39:00 PM,Maryland (State),UNIVERSITY BLVD W,PERRY AVE,,KENSINGTON,PEDESTRIAN,SAME DIR REAR END,CLEAR,DRY,DAYLIGHT,N/A,NONE DETECTED,NONE DETECTED,10E8645F-28F0-47A3-9F86-1967E2B03C01,PEDESTRIAN,Cross/Enter at Intersection,UNKNOWN,ON ROADWAY AT CROSSWALK,No,POSSIBLE INJURY,NONE,39.03274833,-77.07378833,"(39.03274833, -77.07378833)"
DM83740015,17006921,Takoma Park Police Depart,Property Damage Crash,02/08/2017 04:16:00 PM,Maryland (State),NEW HAMPSHIRE AVE,HOLTON LA,,TAKOMA PARK,PEDESTRIAN,OTHER,CLEAR,DRY,DAYLIGHT,TRAFFIC SIGNAL,UNKNOWN,N/A,04AC473C-BE38-4D96-9B38-3C1B2942A8CB,PEDESTRIAN,Cross/Enter at Intersection,N/A,ON ROADWAY AT CROSSWALK,No,NO APPARENT INJURY,N/A,38.98581167,-76.98761333,"(38.98581167, -76.98761333)"
MCP3079003J,210014260,Montgomery County Police,Injury Crash,04/16/2021 05:08:00 PM,,,,IN PARKING LOT OF 19700 BLK CRYSTAL ROCK DR,,PEDESTRIAN,OTHER,CLEAR,,DAYLIGHT,NO CONTROLS,NONE DETECTED,N/A,B42F4A6D-4D08-4390-A091-8EA96A08F96C,PEDESTRIAN,Getting off/on Vehicle,NO IMPROPER ACTIONS,OTHER,No,SUSPECTED MINOR INJURY,NONE,39.17947398,-77.25986635,"(39.17947398, -77.25986635)"
MCP2651004K,210027608,Montgomery County Police,Injury Crash,07/17/2021 09:50:00 AM,US (State),COLUMBIA PIKE,BURNT MILLS AVE,,N/A,PEDESTRIAN,OTHER,CLEAR,DRY,DAYLIGHT,TRAFFIC SIGNAL,N/A,N/A,7B607F92-8E48-475B-B151-05E84126971D,PEDESTRIAN,Cross/Enter at Intersection,IN ROADWAY IMPROPERLY,ON ROADWAY NOT AT CROSSWALK,Yes,POSSIBLE INJURY,NONE,39.03627412,-77.00019348,"(39.03627412, -77.00019348)"
MCP3190000M,190021462,Montgomery County Police,Injury Crash,05/07/2019 10:00:00 AM,,N LEISUREWORLD BLVD,INTERLACHEN DR,,N/A,PEDESTRIAN,OTHER,CLEAR,DRY,DAYLIGHT,STOP SIGN,NONE DETECTED,NONE DETECTED,EAA596BF-091B-4A11-A4E6-F627772F0508,PEDESTRIAN,Cross/Enter at Intersection,NO IMPROPER ACTIONS,ON ROADWAY AT CROSSWALK,No,SUSPECTED SERIOUS INJURY,NONE,39.10920667,-77.06784,"(39.10920667, -77.06784)"
MCP3264003P,230015777,Montgomery County Police,Injury Crash,04/02/2023 12:53:00 PM,,,,PARKING LOT OF 1280 EAST WEST HWY SILVER SPRING MD 20910,,PEDESTRIAN,OTHER,CLEAR,,DAYLIGHT,NO CONTROLS,NONE DETECTED,NONE DETECTED,54368B2B-ACBA-49E9-87DC-880BD04C29D0,PEDESTRIAN,Cross/Enter not at Intersection,NO IMPROPER ACTIONS,ON ROADWAY NOT AT CROSSWALK,No,POSSIBLE INJURY,NONE,38.99206833,-77.03204,"(38.99206833, -77.03204)"
DM8450000C,15049110,TAKOMA,Property Damage Crash,09/28/2015 08:57:00 AM,Municipality,MAPLE AVE,LEE AVE,,TAKOMA PARK,"BICYCLIST, PEDESTRIAN",OTHER,CLOUDY,DRY,DAYLIGHT,SCHOOL ZONE SIGN DEVICE,,NONE DETECTED,1CB2D94E-FD34-4663-B1C1-326D5DCBFD25,PEDESTRIAN,Walking to/from school,NO IMPROPER ACTIONS,AT INTERSECTION MARKED CROSSWALK,No,NO APPARENT INJURY,N/A,38.979885,-77.007915,"(38.979885, -77.007915)"