Report Number,Local Case Number,Agency Name,ACRS Report Type,Crash Date/Time,Route Type,Road Name,Cross-Street Name,Off-Road Description,Municipality,Related Non-Motorist,Collision Type,Weather,Surface Condition,Light,Traffic Control,Driver Substance Abuse,Non-Motorist Substance Abuse,Person ID,Pedestrian Type,Pedestrian Movement,Pedestrian Actions,Pedestrian Location,At Fault,Injury Severity,Safety Equipment,Latitude,Longitude,Location
MCP2515000L,16020448,Montgomery County Police,Injury Crash,04/25/2016 07:50:00 PM,Maryland (State),RIDGE RD,SUNSET DR,,N/A,PEDESTRIAN,SINGLE VEHICLE,CLEAR,DRY,DAYLIGHT,NO CONTROLS,UNKNOWN,NONE DETECTED,74E61F56-5B8C-467C-AECE-40F0F59EA1F1,PEDESTRIAN,Walking/Riding against Traffic,NO IMPROPER ACTIONS,IN BIKEWAY,No,SUSPECTED MINOR INJURY,NONE,39.27839,-77.21242667,"(39.27839, -77.21242667)"
MCP22700013,230018247,Montgomery County Police,Injury Crash,04/17/2023 09:00:00 AM,Maryland (State),WISCONSIN AVE,WILLARD AVE,,N/A,PEDESTRIAN,OTHER,CLEAR,DRY,DAYLIGHT,NO CONTROLS,NONE DETECTED,NONE DETECTED,09F6E76F-64DC-4F5B-A08C-EF53BA54AF47,PEDESTRIAN,Walking/Riding against Traffic,IN ROADWAY IMPROPERLY,ON ROADWAY NOT AT CROSSWALK,Yes,SUSPECTED MINOR INJURY,NONE,38.98991,-77.10287667,"(38.98991, -77.10287667)"
MCP291400DK,230020545,Montgomery County Police,Injury Crash,04/30/2023 11:46:00 PM,US (State),GEORGIA AVE,BLAIR RD,,N/A,BICYCLIST,OTHER,CLEAR,DRY,DARK LIGHTS ON,TRAFFIC SIGNAL,N/A,N/A,5342EDBA-2953-4663-B767-305C37DE2260,BICYCLIST,Cross/Enter at Intersection,NO IMPROPER ACTIONS,AT INTERSECTION MARKED CROSSWALK,No,SUSPECTED SERIOUS INJURY,MC/BIKE HELMET,38.98469765,-77.0264628,"(38.98469765, -77.0264628)"
DD5643000F,200009484,Rockville Police Departme,Injury Crash,02/26/2020 06:30:00 AM,Municipality,N STONESTREET AVE,WOODLAND RD,,ROCKVILLE,PEDESTRIAN,SAME DIRECTION LEFT TURN,RAINING,WET,DARK NO LIGHTS,NO CONTROLS,NONE DETECTED,NONE DETECTED,032525B6-3762-4EB7-BE44-CFE285EAFA24,PEDESTRIAN,Other,N/A,ON ROADWAY NOT AT CROSSWALK,No,POSSIBLE INJURY,NONE,39.08740547,-77.14781177,"(39.08740547, -77.14781177)"
MCP291400DY,230048159,Montgomery County Police,Injury Crash,08/07/2023 05:07:00 AM,County,FENTON ST,KING ST,,N/A,PEDESTRIAN,OTHER,CLEAR,WET,DARK LIGHTS ON,NO CONTROLS,N/A,ILLEGAL DRUG CONTRIBUTED,7B32573B-F9C9-40B5-8BD4-581DBD5F9FDF,PEDESTRIAN,Unknown,UNKNOWN,UNKNOWN,Yes,SUSPECTED SERIOUS INJURY,NONE,38.98759297,-77.02346754,"(38.98759297, -77.02346754)"
MCP2635007P,220053567,Montgomery County Police,Property Damage Crash,12/04/2022 07:11:00 PM,Maryland (State),OLNEY LAYTONSVILLE RD,OLNEY POST OFFICE,,N/A,OTHER CONVEYANCE,OTHER,CLEAR,DRY,DARK LIGHTS ON,STOP SIGN,N/A,N/A,3503640F-956E-4361-AF65-C3F25935FC81,OTHER CONVEYANCE,Walking/Cycling on Sidewalk,NO IMPROPER ACTIONS,SIDEWALK,No,NO APPARENT INJURY,NONE,39.15531333,-77.07060833,"(39.15531333, -77.07060833)"
MCP28140040,230054784,Montgomery County Police,Injury Crash,09/14/2023 09:11:00 AM,County,TUPELO DR,SHADY GROVE RD,,N/A,BICYCLIST,OTHER,N/A,DRY,DAYLIGHT,TRAFFIC SIGNAL,NONE DETECTED,NONE DETECTED,A4E76F88-7616-402A-ABF4-825DD21419F0,BICYCLIST,Cross/Enter at Intersection,UNKNOWN,ON ROADWAY AT CROSSWALK,No,SUSPECTED MINOR INJURY,MC/BIKE HELMET,39.13807017,-77.15316867,"(39.13807017, -77.15316867)"
MCP3019004M,220013413,Montgomery County Police,Injury Crash,03/29/2022 04:00:00 PM,County,GARFIELD ST,MCKINLEY ST,,N/A,PEDESTRIAN,OTHER,CLEAR,DRY,DAYLIGHT,NO CONTROLS,N/A,N/A,C84B277E-4569-4C6E-A576-57A568CD2611,PEDESTRIAN,Standing,NO IMPROPER ACTIONS,SIDEWALK,No,SUSPECTED MINOR INJURY,NONE,38.99629833,-77.11574,"(38.99629833, -77.11574)"
MCP2863001C,16057560,Montgomery County Police,Injury Crash,11/08/2016 08:23:00 AM,,,,"PARKING LOT OF 20300 PLEASANT RIDGE DR ,MCG (NORTHGATE CHURCH)",,PEDESTRIAN,SINGLE VEHICLE,CLEAR,,DAYLIGHT,NO CONTROLS,NONE DETECTED,NONE DETECTED,55E233D9-9E9E-452D-9418-05A4919132F8,PEDESTRIAN,Walking to/from school,NO IMPROPER ACTIONS,OTHER,No,POSSIBLE INJURY,N/A,39.19190167,-77.19156333,"(39.19190167, -77.19156333)"
MCP14750015,170517250,Montgomery County Police,Injury Crash,07/04/2017 12:12:00 PM,County,LOST KNIFE RD,CONTOUR RD,,N/A,BICYCLIST,OTHER,CLEAR,DRY,DAYLIGHT,STOP SIGN,NONE DETECTED,NONE DETECTED,FF64A3F5-CB6A-4362-AAE4-D894AE003BDD,BICYCLIST,Walking/Riding against Traffic,WRONG WAY RIDING OR WALKING,ON ROADWAY NOT AT CROSSWALK,Yes,SUSPECTED MINOR INJURY,NONE,39.15500675,-77.20109403,"(39.15500675, -77.20109403)"
MCP11480031,190037434,Montgomery County Police,Injury Crash,08/06/2019 08:51:00 AM,County,COMMERCE LA,WISCONSIN AVE,,N/A,PEDESTRIAN,SINGLE VEHICLE,CLEAR,DRY,DAYLIGHT,NO CONTROLS,NONE DETECTED,NONE DETECTED,353BA08B-4A14-4EF0-BD1B-ABCD976F0D0D,PEDESTRIAN,Cross/Enter at Intersection,NO IMPROPER ACTIONS,ON ROADWAY AT CROSSWALK,No,SUSPECTED MINOR INJURY,NONE,38.985995,-77.094765,"(38.985995, -77.094765)"
MCP29730060,220035517,Montgomery County Police,Property Damage Crash,08/17/2022 04:00:00 PM,County,WELLER RD,GEORGIA AVE,,N/A,BICYCLIST,OTHER,CLEAR,DRY,DAYLIGHT,NO CONTROLS,N/A,N/A,EDF2FAF1-0DA9-469F-B7B5-92D75ADA78E8,BICYCLIST,Cross/Enter at Intersection,NO IMPROPER ACTIONS,ON ROADWAY AT CROSSWALK,No,NO APPARENT INJURY,N/A,39.066515,-77.059687,"(39.066515, -77.059687)"
MCP2889001N,16046757,Montgomery County Police,Injury Crash,09/12/2016 03:40:00 PM,Maryland (State),GEORGIA AVE,UNIVERSITY BLVD W,,N/A,PEDESTRIAN,SINGLE VEHICLE,N/A,N/A,DAYLIGHT,N/A,NONE DETECTED,NONE DETECTED,B4B73ECE-AFEF-42BE-AC68-970D5ADC3F09,PEDESTRIAN,Cross/Enter not at Intersection,FAILURE TO YIELD RIGHT OF WAY,ON ROADWAY NOT AT CROSSWALK,Yes,POSSIBLE INJURY,NONE,39.04182333,-77.05241167,"(39.04182333, -77.05241167)"
MCP3198002T,210013549,Montgomery County Police,Injury Crash,04/11/2021 08:05:00 PM,Maryland (State),GEORGIA AVE,JONES LA,,N/A,PEDESTRIAN,OTHER,CLEAR,DRY,DARK LIGHTS ON,N/A,NONE DETECTED,ALCOHOL PRESENT,0DA3D146-A511-4D14-BFD5-172A52CA3214,PEDESTRIAN,Cross/Enter not at Intersection,DART DASH,ON ROADWAY NOT AT CROSSWALK,Yes,SUSPECTED MINOR INJURY,N/A,39.05393575,-77.05056254,"(39.05393575, -77.05056254)"
EJ7851007Z,220030691,Gaithersburg Police Depar,Injury Crash,07/17/2022 02:15:00 PM,Municipality,GIRARD ST,E DIAMOND AVE,,GAITHERSBURG,PEDESTRIAN,OTHER,CLEAR,DRY,DAYLIGHT,TRAFFIC SIGNAL,UNKNOWN,NONE DETECTED,36DE34F1-8A18-4378-A7FC-530770DBD4D1,PEDESTRIAN,Cross/Enter at Intersection,NO IMPROPER ACTIONS,ON ROADWAY AT CROSSWALK,No,SUSPECTED MINOR INJURY,NONE,39.15382756,-77.20230706,"(39.15382756, -77.20230706)"
MCP2761001N,17015808,Montgomery County Police,Property Damage Crash,03/28/2017 03:36:00 PM,County,LIBERTY MILL RD,CLOPPER RD,,N/A,PEDESTRIAN,OTHER,CLEAR,DRY,DAYLIGHT,NO CONTROLS,NONE DETECTED,NONE DETECTED,6E139837-1842-456C-9781-A8E8FF0FE2A5,PEDESTRIAN,Standing,NO IMPROPER ACTIONS,OTHER,No,NO APPARENT INJURY,NONE,39.16219969,-77.28107482,"(39.16219969, -77.28107482)"
MCP3130002F,200017902,Montgomery County Police,Injury Crash,05/02/2020 09:00:00 AM,,,,"GIANT FOOD PARKING LOT 13781 CONNECTICUT AVE.
SILVER SPRING MD 20906",,OTHER,SINGLE VEHICLE,CLEAR,,DAYLIGHT,NO CONTROLS,NONE DETECTED,NONE DETECTED,5E4820A0-5DA2-4939-BFF9-40AFB1202A8F,OTHER,Other Working,IMPROPER PASSING,OTHER,No,POSSIBLE INJURY,N/A,39.07968167,-77.079065,"(39.07968167, -77.079065)"
MCP3218003V,230012144,Montgomery County Police,Injury Crash,03/12/2023 08:00:00 PM,Maryland (State),VEIRS MILL RD,UNIVERSITY BLVD W,,N/A,PEDESTRIAN,OTHER,RAINING,WET,DARK LIGHTS ON,NO CONTROLS,NONE DETECTED,NONE DETECTED,0A1F157C-00B4-4E03-B052-400ACE642BAB,PEDESTRIAN,Cross/Enter not at Intersection,IN ROADWAY IMPROPERLY,ON ROADWAY NOT AT CROSSWALK,Yes,SUSPECTED MINOR INJURY,NONE,39.03957783,-77.05484,"(39.03957783, -77.05484)"
DM8465001F,190052769,Takoma Park Police Depart,Injury Crash,11/02/2019 09:45:00 AM,Maryland (State),ETHAN ALLEN AVE,JACKSON AVE,,TAKOMA PARK,PEDESTRIAN,OTHER,CLEAR,DRY,DAYLIGHT,STOP SIGN,UNKNOWN,NONE DETECTED,7024367A-426C-4217-99FD-B73B4A7B83F7,PEDESTRIAN,Cross/Enter at Intersection,NO IMPROPER ACTIONS,ON ROADWAY AT CROSSWALK,No,SUSPECTED MINOR INJURY,REFLECTIVE CLOTHING,38.97803183,-77.00134217,"(38.97803183, -77.00134217)"
EJ7871000M,180057539,Gaithersburg Police Depar,Injury Crash,11/16/2018 04:44:00 PM,Municipality,MAIN ST,MARKET ST E,,GAITHERSBURG,BICYCLIST,SINGLE VEHICLE,CLEAR,DRY,DAYLIGHT,STOP SIGN,NONE DETECTED,NONE DETECTED,62A9631E-50B4-440A-A585-A948F33C4872,BICYCLIST,Cross/Enter at Intersection,N/A,SIDEWALK,No,POSSIBLE INJURY,NONE,39.12098333,-77.23647167,"(39.12098333, -77.23647167)"
MCP2964001B,16010290,Montgomery County Police,Injury Crash,03/01/2016 04:47:00 PM,,,,PARKING LOT AT 19515 FREDERICK RD 20876,,BICYCLIST,STRAIGHT MOVEMENT ANGLE,CLEAR,,DAYLIGHT,STOP SIGN,NONE DETECTED,NONE DETECTED,E1BD3013-7228-42E9-A571-C0022985672B,BICYCLIST,Other,FAILURE TO OBEY TRAFFIC SIGNS SIGNALS OR OFFICER,OUTSIDE RIGHT OF WAY,Yes,POSSIBLE INJURY,NONE,39.17857631,-77.23516345,"(39.17857631, -77.23516345)"
MCP2832003G,170544784,Montgomery County Police,Injury Crash,11/25/2017 09:09:00 AM,Maryland (State),WISCONSIN AVE,ELM ST,,N/A,PEDESTRIAN,OTHER,CLEAR,DRY,DAYLIGHT,TRAFFIC SIGNAL,NONE DETECTED,NONE DETECTED,7FFA95D5-FB7F-4543-8369-1361B9C68D17,PEDESTRIAN,Cross/Enter at Intersection,DART DASH,AT INTERSECTION MARKED CROSSWALK,Yes,SUSPECTED MINOR INJURY,NONE,38.98257167,-77.09351833,"(38.98257167, -77.09351833)"
MCP29050062,230061217,Montgomery County Police,Injury Crash,10/18/2023 10:31:00 AM,County,MACARTHUR BLVD,WALHONDING RD,,N/A,BICYCLIST,SAME DIRECTION SIDESWIPE,CLEAR,DRY,DAYLIGHT,NO CONTROLS,N/A,N/A,487695FD-C37E-4E9E-B644-21A49482E3ED,BICYCLIST,Walking/Riding w/Traffic,N/A,ON ROADWAY NOT AT CROSSWALK,Unknown,SUSPECTED MINOR INJURY,MC/BIKE HELMET,38.95374833,-77.12781667,"(38.95374833, -77.12781667)"
MCP2298004G,15008014,Montgomery County Police,Injury Crash,02/18/2015 02:10:00 PM,,,,PARKING LOT OF 20600 SENECA MEADOWS PKW,,PEDESTRIAN,OTHER,N/A,,DAYLIGHT,N/A,N/A,NONE DETECTED,961767C6-9543-41F1-B146-1EE2AF459BA0,PEDESTRIAN,Other,NO IMPROPER ACTIONS,OTHER,,SUSPECTED MINOR INJURY,N/A,39.19981002,-77.25581646,"(39.19981002, -77.25581646)"
MCP2584000C,15014875,Montgomery County Police,Injury Crash,03/31/2015 08:00:00 AM,County,MIDDLEBROOK RD,CROSSRIDGE DR,,N/A,PEDESTRIAN,OTHER,N/A,N/A,DAYLIGHT,STOP SIGN,UNKNOWN,NONE DETECTED,A38B0CF0-C705-4849-B7F1-870FF6613746,PEDESTRIAN,Cross/Enter at Intersection,NOT VISIBLE,ON ROADWAY AT CROSSWALK,,POSSIBLE INJURY,NONE,39.17508833,-77.25742,"(39.17508833, -77.25742)"
MCP2625001B,220010801,Montgomery County Police,Injury Crash,03/13/2022 08:40:00 AM,County,WILLARD AVE,FRIENDSHIP BLVD,,N/A,PEDESTRIAN,N/A,CLEAR,DRY,DAYLIGHT,TRAFFIC SIGNAL,NONE DETECTED,NONE DETECTED,FA3CC034-D4C8-41D8-AC87-5005372C2403,PEDESTRIAN,Walking/Riding w/Traffic,NO IMPROPER ACTIONS,AT INTERSECTION MARKED CROSSWALK,No,SUSPECTED MINOR INJURY,N/A,38.96318833,-77.09128667,"(38.96318833, -77.09128667)"
MCP24640024,210016654,Montgomery County Police,Injury Crash,05/04/2021 05:26:00 AM,Maryland (State),NEW HAMPSHIRE AVE,OAKVIEW DR,,N/A,PEDESTRIAN,OTHER,N/A,N/A,DARK LIGHTS ON,TRAFFIC SIGNAL,UNKNOWN,N/A,4C93923C-7419-4F22-A22D-B031025DF672,PEDESTRIAN,Cross/Enter at Intersection,NO IMPROPER ACTIONS,ON ROADWAY AT CROSSWALK,No,SUSPECTED MINOR INJURY,N/A,39.01543877,-76.97780511,"(39.01543877, -76.97780511)"
MCP1417006T,17011079,Montgomery County Police,Injury Crash,03/02/2017 12:18:00 PM,County,LOST KNIFE RD,ODENDHAL AVE,,N/A,PEDESTRIAN,STRAIGHT MOVEMENT ANGLE,N/A,DRY,DAYLIGHT,N/A,NONE DETECTED,NONE DETECTED,E28BDDB1-8A5E-4935-B13E-3E2ABB9366AB,PEDESTRIAN,Cross/Enter at Intersection,NO IMPROPER ACTIONS,ON ROADWAY AT CROSSWALK,No,SUSPECTED MINOR INJURY,N/A,39.15303706,-77.19908103,"(39.15303706, -77.19908103)"
MCP30310010,170517158,Montgomery County Police,Injury Crash,07/03/2017 06:24:00 PM,Maryland (State),NEW HAMPSHIRE AVE,MIDLAND RD,,N/A,PEDESTRIAN,SINGLE VEHICLE,CLEAR,DRY,DAYLIGHT,TRAFFIC SIGNAL,NONE DETECTED,NONE DETECTED,7D961E90-B12C-49F5-A422-A5DE2272E3B9,PEDESTRIAN,Cross/Enter at Intersection,NO IMPROPER ACTIONS,ON ROADWAY AT CROSSWALK,No,SUSPECTED MINOR INJURY,NONE,39.077535,-77.00173333,"(39.077535, -77.00173333)"
MCP3125000W,180047087,Montgomery County Police,Injury Crash,09/20/2018 06:30:00 PM,County,GLEN RD,TRAVILAH RD,,N/A,PEDESTRIAN,SINGLE VEHICLE,N/A,DRY,DARK NO LIGHTS,NO CONTROLS,N/A,N/A,BDB4D437-222E-4A4D-B143-31AD3D09868A,PEDESTRIAN,Walking/Riding against Traffic,NO IMPROPER ACTIONS,ON ROADWAY NOT AT CROSSWALK,No,SUSPECTED SERIOUS INJURY,REFLECTIVE CLOTHING,39.07000667,-77.26550833,"(39.07000667, -77.26550833)"
MCP2683000T,15011609,Montgomery County Police,Injury Crash,03/13/2015 01:22:00 PM,County,OAKMONT AVE,STRUC #15152,,N/A,PEDESTRIAN,SINGLE VEHICLE,CLEAR,DRY,DAYLIGHT,NO CONTROLS,NONE DETECTED,NONE DETECTED,EC3DA0DA-9702-4307-86C1-EBCAAE1A9CF5,PEDESTRIAN,Cross/Enter not at Intersection,IN ROADWAY IMPROPERLY,ON ROADWAY NOT AT CROSSWALK,,POSSIBLE INJURY,NONE,39.13029333,-77.18919667,"(39.13029333, -77.18919667)"
MCP3294000C,210035384,Montgomery County Police,Injury Crash,09/09/2021 01:30:00 AM,County,NICHOLSON LA,ROCKVILLE PIKE,,N/A,PEDESTRIAN,SINGLE VEHICLE,RAINING,WET,DARK -- UNKNOWN LIGHTING,UNKNOWN,UNKNOWN,NONE DETECTED,CDDDD537-18D5-4DCF-A8B9-0B3E196433C7,PEDESTRIAN,Standing,UNKNOWN,ON ROADWAY NOT AT CROSSWALK,Unknown,SUSPECTED MINOR INJURY,UNKNOWN,39.15402667,-77.14169833,"(39.15402667, -77.14169833)"
MCP13230016,200041691,Montgomery County Police,Injury Crash,10/22/2020 12:58:00 PM,County,BONIFANT ST,GEORGIA AVE,,N/A,PEDESTRIAN,OTHER,CLEAR,DRY,DAYLIGHT,NO CONTROLS,NONE DETECTED,NONE DETECTED,4995E12F-3DC8-43B6-96A5-3D70214949DA,PEDESTRIAN,Cross/Enter not at Intersection,IN ROADWAY IMPROPERLY,ON ROADWAY NOT AT CROSSWALK,No,POSSIBLE INJURY,N/A,38.99343833,-77.02615167,"(38.99343833, -77.02615167)"
MCP1334007D,190003328,Montgomery County Police,Injury Crash,01/22/2019 08:50:00 AM,County,CONTOUR RD,HORIZON RUN RD,,N/A,PEDESTRIAN,SINGLE VEHICLE,CLEAR,DRY,DAYLIGHT,NO CONTROLS,NONE DETECTED,NONE DETECTED,A65C97FD-C685-46BE-9350-2E50CFBB59A8,PEDESTRIAN,Cross/Enter not at Intersection,DART DASH,ON ROADWAY NOT AT CROSSWALK,Yes,SUSPECTED MINOR INJURY,NONE,39.155385,-77.19765667,"(39.155385, -77.19765667)"
MCP29290034,180041210,Montgomery County Police,Injury Crash,08/19/2018 05:46:00 AM,Maryland (State),OLNEY SANDY SPRING RD,SPARTAN RD,,N/A,PEDESTRIAN,OTHER,N/A,DRY,DAWN,TRAFFIC SIGNAL,NONE DETECTED,NONE DETECTED,06D6A75B-FE09-499A-9CEE-4B20B96C439A,PEDESTRIAN,Walking/Riding w/Traffic,NO IMPROPER ACTIONS,ON ROADWAY AT CROSSWALK,No,SUSPECTED MINOR INJURY,NONE,39.15072667,-77.06254667,"(39.15072667, -77.06254667)"
DD55830016,16006686,Rockville Police Departme,Injury Crash,02/09/2016 09:15:00 AM,Municipality,N HORNERS LA,MCARTHUR DR,,ROCKVILLE,PEDESTRIAN,SINGLE VEHICLE,SNOW,WET,DAYLIGHT,NO CONTROLS,NONE DETECTED,NONE DETECTED,2451851D-0104-4F60-A485-794454595657,PEDESTRIAN,Approach/Leaving Schoolbus,NO IMPROPER ACTIONS,AT INTERSECTION MARKED CROSSWALK,No,SUSPECTED MINOR INJURY,N/A,39.08751827,-77.14330584,"(39.08751827, -77.14330584)"
MCP9301004Q,230055876,Montgomery County Police,Injury Crash,09/20/2023 09:15:00 AM,County,FIELDS RD,OMEGA DR (BACK),,N/A,OTHER,OTHER,N/A,DRY,DAYLIGHT,STOP SIGN,N/A,N/A,E0E21256-EAD5-4B3F-8B36-996C8ACB76EA,OTHER,Cross/Enter at Intersection,WRONG WAY RIDING OR WALKING,ON ROADWAY AT CROSSWALK,Yes,POSSIBLE INJURY,NONE,39.11237387,-77.18843302,"(39.11237387, -77.18843302)"
MCP1205001J,15056511,MONTGOMERY,Injury Crash,11/06/2015 08:58:00 AM,Maryland (State),CONNECTICUT AVE,CHEVY CHASE LAKE DR,,N/A,BICYCLIST,STRAIGHT MOVEMENT ANGLE,CLOUDY,WET,DAYLIGHT,TRAFFIC SIGNAL,NONE DETECTED,NONE DETECTED,2EBCE682-6916-4AC1-88D2-F16BD42BCF18,BICYCLIST,Cross/Enter at Intersection,N/A,AT INTERSECTION MARKED CROSSWALK,No,POSSIBLE INJURY,MC/BIKE HELMET,38.99387225,-77.07717061,"(38.99387225, -77.07717061)"
MCP2864002V,170532677,Montgomery County Police,Injury Crash,09/23/2017 03:13:00 PM,Maryland (State),ROCKVILLE PIKE,HUBBARD DR,,N/A,BICYCLIST,STRAIGHT MOVEMENT ANGLE,CLEAR,DRY,DAYLIGHT,NO CONTROLS,NONE DETECTED,NONE DETECTED,342AD119-F56A-4FDD-810F-D7C2A68C2323,BICYCLIST,Cross/Enter at Intersection,N/A,ON ROADWAY AT CROSSWALK,No,POSSIBLE INJURY,MC/BIKE HELMET,39.054415,-77.118385,"(39.054415, -77.118385)"
MCP24250064,16001880,Montgomery County Police,Injury Crash,01/11/2016 09:15:00 AM,County,CHERRY HILL RD,CALVERTON BLVD,,N/A,PEDESTRIAN,OTHER,CLEAR,DRY,DAYLIGHT,TRAFFIC SIGNAL,NONE DETECTED,NONE DETECTED,5962B4CF-6E5E-4B01-82CD-678AB3297C8B,PEDESTRIAN,Cross/Enter at Intersection,DART DASH,AT INTERSECTION MARKED CROSSWALK,Unknown,SUSPECTED MINOR INJURY,NONE,39.05605333,-76.95397167,"(39.05605333, -76.95397167)"
DD5540001Y,220031120,Rockville Police Departme,Injury Crash,07/19/2022 06:13:00 PM,Municipality,FALLSGROVE DR,ENT TO APARTMENTS,,N/A,PEDESTRIAN,SINGLE VEHICLE,CLEAR,DRY,DAYLIGHT,N/A,NONE DETECTED,NONE DETECTED,464C88EA-3110-4436-A1BF-F25EBB35A842,PEDESTRIAN,Cross/Enter at Intersection,NO IMPROPER ACTIONS,AT INTERSECTION MARKED CROSSWALK,No,SUSPECTED MINOR INJURY,NONE,39.07429441,-77.13723376,"(39.07429441, -77.13723376)"
MCP2785002W,170521593,Montgomery County Police,Injury Crash,07/27/2017 10:37:00 AM,Other Public Roadway,CALVERTON BLVD,CHERRY HILL RD,,N/A,BICYCLIST,OTHER,CLEAR,DRY,DARK LIGHTS ON,NO CONTROLS,N/A,N/A,C8CC9813-42D2-4B33-9B4F-7A6892E71F94,BICYCLIST,Walking/Cycling on Sidewalk,FAILURE TO YIELD RIGHT OF WAY,SIDEWALK,Yes,SUSPECTED MINOR INJURY,NONE,39.05627,-76.95309833,"(39.05627, -76.95309833)"
MCP285900D2,230018683,Montgomery County Police,Injury Crash,04/19/2023 12:20:00 PM,County,LONGDRAFT RD,GREAT SENECA HWY,,N/A,BICYCLIST,STRAIGHT MOVEMENT ANGLE,CLEAR,DRY,DAYLIGHT,TRAFFIC SIGNAL,NONE DETECTED,NONE DETECTED,1ED11F34-B71E-40E1-8328-B347CFD04660,BICYCLIST,Cross/Enter at Intersection,NO IMPROPER ACTIONS,ON ROADWAY AT CROSSWALK,No,SUSPECTED MINOR INJURY,NONE,39.13353467,-77.244827,"(39.13353467, -77.244827)"
MCP26830053,210000271,Montgomery County Police,Injury Crash,01/03/2021 03:08:00 PM,County,ODENDHAL AVE,LOST KNIFE RD,,N/A,PEDESTRIAN,OTHER,RAINING,WET,DAYLIGHT,TRAFFIC SIGNAL,NONE DETECTED,NONE DETECTED,53B8B3A0-6BF9-4E86-BD75-EBFB60BC0207,PEDESTRIAN,Cross/Enter at Intersection,NO IMPROPER ACTIONS,AT INTERSECTION MARKED CROSSWALK,No,POSSIBLE INJURY,NONE,39.15242833,-77.19883,"(39.15242833, -77.19883)"
MCP2565003N,16065503,Montgomery County Police,Property Damage Crash,12/21/2016 05:27:00 PM,Maryland (State),ROCKVILLE PIKE,MARINELLI RD,,N/A,PEDESTRIAN,SINGLE VEHICLE,N/A,DRY,DARK LIGHTS ON,TRAFFIC SIGNAL,UNKNOWN,NONE DETECTED,7F640698-8750-4A51-8A69-26A4EC493995,PEDESTRIAN,Cross/Enter at Intersection,NO IMPROPER ACTIONS,ON ROADWAY AT CROSSWALK,No,NO APPARENT INJURY,REFLECTIVE CLOTHING,39.0470806,-77.11269915,"(39.0470806, -77.11269915)"
MCP137800Z6,210045261,Montgomery County Police,Injury Crash,11/08/2021 05:55:00 PM,County,HEWITT AVE,GEORGIA AVE,,N/A,PEDESTRIAN,SINGLE VEHICLE,CLEAR,DRY,DARK LIGHTS ON,TRAFFIC SIGNAL,NONE DETECTED,NONE DETECTED,222AFC0D-3DC6-4465-8C71-3D5556EF22F5,PEDESTRIAN,Cross/Enter at Intersection,UNKNOWN,ON ROADWAY AT CROSSWALK,No,POSSIBLE INJURY,NONE,39.0775901,-77.07068374,"(39.0775901, -77.07068374)"
MCP2861001K,15063868,MONTGOMERY,Injury Crash,12/14/2015 03:30:00 PM,County,BULLS RUN PKWY,ADELAIDE DR,,N/A,"BICYCLIST, OTHER",STRAIGHT MOVEMENT ANGLE,CLEAR,DRY,DAYLIGHT,NO CONTROLS,NONE DETECTED,NONE DETECTED,2B50DEDF-457C-42C8-9A0D-779334516E20,BICYCLIST,Cross/Enter at Intersection,DART DASH,AT INTERSECTION BUT NO CROSSWALK,Yes,POSSIBLE INJURY,MC/BIKE HELMET,39.00966378,-77.12620139,"(39.00966378, -77.12620139)"
MCP3029003J,210038114,Montgomery County Police,Injury Crash,09/26/2021 05:10:00 PM,County,BRIGGS CHANEY RD,NEES LA,,N/A,BICYCLIST,SINGLE VEHICLE,CLEAR,DRY,DAYLIGHT,STOP SIGN,NONE DETECTED,NONE DETECTED,8463C453-1C86-4B63-92B4-E0036B2F59D8,BICYCLIST,Cross/Enter at Intersection,NO IMPROPER ACTIONS,SHOULDER,No,SUSPECTED MINOR INJURY,UNKNOWN,39.087185,-76.96059167,"(39.087185, -76.96059167)"
MCP32440021,220029316,Montgomery County Police,Injury Crash,07/08/2022 07:00:00 AM,County,BONIFANT ST,GEORGIA AVE,,N/A,PEDESTRIAN,SINGLE VEHICLE,CLEAR,DRY,DAYLIGHT,NO CONTROLS,UNKNOWN,NONE DETECTED,1C405AF2-B12D-404E-8015-56A461344CDC,PEDESTRIAN,Walking/Riding w/Traffic,INATTENTIVE,ON ROADWAY NOT AT CROSSWALK,Yes,SUSPECTED MINOR INJURY,NONE,38.9910875,-77.02782433,"(38.9910875, -77.02782433)"
MCP3377000R,230064246,Montgomery County Police,Injury Crash,11/03/2023 05:15:00 PM,Maryland (State),WISCONSIN AVE,BRADLEY LA,,N/A,PEDESTRIAN,OPPOSITE DIRECTION SIDESWIPE,CLEAR,DRY,DAYLIGHT,TRAFFIC SIGNAL,N/A,N/A,642A987E-5EE2-49C0-BCC0-F9EFDC5EBC9C,PEDESTRIAN,Standing,NO IMPROPER ACTIONS,SIDEWALK,No,SUSPECTED MINOR INJURY,N/A,38.976962,-77.09091333,"(38.976962, -77.09091333)"
MCP2881001D,16016087,Montgomery County Police,Injury Crash,04/02/2016 12:53:00 PM,County,CRYSTAL ROCK DR,GERMANTOWN RD,,N/A,PEDESTRIAN,OTHER,CLEAR,N/A,DAYLIGHT,TRAFFIC SIGNAL,N/A,N/A,9D260BB3-19D3-4DC4-B54C-A73097E68DC2,PEDESTRIAN,Cross/Enter at Intersection,NO IMPROPER ACTIONS,AT INTERSECTION MARKED CROSSWALK,No,POSSIBLE INJURY,NONE,39.17998167,-77.26487667,"(39.17998167, -77.26487667)"
MCP2717004R,16005393,Montgomery County Police,Injury Crash,02/02/2016 08:10:00 AM,County,MACARTHUR BLVD,SANGAMORE RD,,N/A,BICYCLIST,HEAD ON LEFT TURN,CLEAR,ICE,DAYLIGHT,TRAFFIC SIGNAL,NONE DETECTED,NONE DETECTED,11359E5A-E70B-405C-BD3D-0BA7A7F87F16,BICYCLIST,Cross/Enter at Intersection,NO IMPROPER ACTIONS,ON ROADWAY AT CROSSWALK,No,SUSPECTED MINOR INJURY,MC/BIKE HELMET,38.94427833,-77.11713,"(38.94427833, -77.11713)"