Report Number,Local Case Number,Agency Name,ACRS Report Type,Crash Date/Time,Route Type,Road Name,Cross-Street Name,Off-Road Description,Municipality,Related Non-Motorist,Collision Type,Weather,Surface Condition,Light,Traffic Control,Driver Substance Abuse,Non-Motorist Substance Abuse,Person ID,Pedestrian Type,Pedestrian Movement,Pedestrian Actions,Pedestrian Location,At Fault,Injury Severity,Safety Equipment,Latitude,Longitude,Location
MCP209400F9,190036249,Montgomery County Police,Injury Crash,07/30/2019 08:23:00 AM,Maryland (State),WISCONSIN AVE,DORSET AVE,,SOMERSET,BICYCLIST,OTHER,CLEAR,DRY,DAYLIGHT,TRAFFIC SIGNAL,NONE DETECTED,NONE DETECTED,EB1170C8-9C19-4367-8DF3-557755906399,BICYCLIST,Cross/Enter at Intersection,NO IMPROPER ACTIONS,ON ROADWAY AT CROSSWALK,No,POSSIBLE INJURY,MC/BIKE HELMET,38.96730333,-77.08861833,"(38.96730333, -77.08861833)"
MCP26710023,190045440,Montgomery County Police,Property Damage Crash,09/22/2019 03:20:00 PM,County,DEXTER AVE,GEORGIA AVE,,N/A,BICYCLIST,SINGLE VEHICLE,CLEAR,DRY,DAYLIGHT,STOP SIGN,NONE DETECTED,NONE DETECTED,C881FC78-E916-4F09-9245-9D55A61F7EEC,BICYCLIST,Cross/Enter at Intersection,NO IMPROPER ACTIONS,AT INTERSECTION BUT NO CROSSWALK,No,NO APPARENT INJURY,NONE,39.02221348,-77.04513091,"(39.02221348, -77.04513091)"
MCP2931002Z,180057149,Montgomery County Police,Injury Crash,11/14/2018 03:49:00 PM,Maryland (State),ROCKVILLE PIKE,ENT TO TOWNE PLAZA,,N/A,PEDESTRIAN,N/A,CLEAR,DRY,DAYLIGHT,TRAFFIC SIGNAL,UNKNOWN,N/A,505F4779-54F8-4D38-89D4-B18631185AD2,PEDESTRIAN,Cross/Enter at Intersection,NO IMPROPER ACTIONS,AT INTERSECTION MARKED CROSSWALK,No,SUSPECTED MINOR INJURY,N/A,39.05614739,-77.11919663,"(39.05614739, -77.11919663)"
DM8463000L,180009268,Takoma Park Police Depart,Injury Crash,02/22/2018 03:18:00 PM,,,,"PARKING LOT OF 6300 NEW HAMPSHIRE AVE, TAKOMA PARK, MD 20912",,PEDESTRIAN,SINGLE VEHICLE,RAINING,,DAYLIGHT,N/A,UNKNOWN,N/A,63F0D7A9-9EEC-47FC-B271-8A8ADD51072B,PEDESTRIAN,Standing,OTHER,OTHER,No,SUSPECTED SERIOUS INJURY,N/A,38.96627446,-77.00259447,"(38.96627446, -77.00259447)"
MCP32790020,230010608,Montgomery County Police,Injury Crash,03/03/2023 06:26:00 PM,County,LIVINGSTON ST,RANDOLPH RD,,N/A,PEDESTRIAN,SINGLE VEHICLE,RAINING,WET,DARK LIGHTS ON,TRAFFIC SIGNAL,N/A,N/A,1BD5E0DB-38D6-444E-87B3-275B3979B3BE,PEDESTRIAN,Cross/Enter at Intersection,NO IMPROPER ACTIONS,AT INTERSECTION MARKED CROSSWALK,No,SUSPECTED MINOR INJURY,NONE,39.05828415,-77.05535679,"(39.05828415, -77.05535679)"
MCP291400D4,220055602,Montgomery County Police,Injury Crash,12/15/2022 09:30:00 PM,US (State),COLESVILLE RD,FENTON ST,,N/A,PEDESTRIAN,OTHER,RAINING,WET,DARK LIGHTS ON,TRAFFIC SIGNAL,N/A,N/A,9F3F18FB-2AC5-40B5-B823-B0892E141FE5,PEDESTRIAN,Cross/Enter at Intersection,N/A,ON ROADWAY AT CROSSWALK,No,POSSIBLE INJURY,NONE,38.99772469,-77.02717788,"(38.99772469, -77.02717788)"
DD56640014,230065407,Rockville Police Departme,Injury Crash,11/09/2023 03:46:00 PM,Municipality,CHAPMAN AVE,TWINBROOK PKWY,,ROCKVILLE,PEDESTRIAN,OTHER,CLOUDY,DRY,DAYLIGHT,TRAFFIC SIGNAL,NONE DETECTED,NONE DETECTED,C19B837C-981C-4D84-9A36-DF89F0270431,PEDESTRIAN,Cross/Enter at Intersection,NO IMPROPER ACTIONS,ON ROADWAY AT CROSSWALK,No,SUSPECTED MINOR INJURY,N/A,39.05874396,-77.11882028,"(39.05874396, -77.11882028)"
MCP2411001G,170542300,Montgomery County Police,Injury Crash,11/11/2017 09:06:00 PM,,,,ON SIDEWALK OFF OF RANDOLPH ROAD INTO THE PRIVATE ENTRANCE TO RANDOLPH SQUARE APARTMENTS,,BICYCLIST,OTHER,CLEAR,,DARK NO LIGHTS,NO CONTROLS,N/A,NONE DETECTED,231F8423-F129-42CD-BF21-2859BA903A69,BICYCLIST,Walking/Cycling on Sidewalk,NOT VISIBLE,SIDEWALK,No,POSSIBLE INJURY,NONE,39.05364095,-77.10482687,"(39.05364095, -77.10482687)"
MCP24720018,15024793,Montgomery County Police,Injury Crash,05/23/2015 10:19:00 AM,County,TUCKERMAN LA,WESTLAKE DR,,N/A,BICYCLIST,SAME DIRECTION SIDESWIPE,CLEAR,DRY,DAYLIGHT,NO CONTROLS,NONE DETECTED,NONE DETECTED,45ABC87E-9297-424E-9C86-D5FE96DFB245,BICYCLIST,Walking/Riding w/Traffic,NO IMPROPER ACTIONS,ON ROADWAY NOT AT CROSSWALK,,SUSPECTED MINOR INJURY,MC/BIKE HELMET,39.03669667,-77.152205,"(39.03669667, -77.152205)"
MCP1305004B,200027821,Montgomery County Police,Injury Crash,07/17/2020 06:01:00 PM,Maryland (State),WOODFIELD RD,ENT TO SHOPPING CENTER,,N/A,BICYCLIST,STRAIGHT MOVEMENT ANGLE,CLEAR,DRY,DAYLIGHT,STOP SIGN,NONE DETECTED,NONE DETECTED,A2462571-FF8A-480D-AE5D-C2606F67205D,BICYCLIST,Walking/Cycling on Sidewalk,FAILURE TO YIELD RIGHT OF WAY,AT INTERSECTION MARKED CROSSWALK,Yes,SUSPECTED MINOR INJURY,NONE,39.15736573,-77.16321573,"(39.15736573, -77.16321573)"
MCP3197001K,200035078,Montgomery County Police,Injury Crash,09/07/2020 07:19:00 PM,,,,3592 GLENEAGLES DRIVE,,BICYCLIST,SAME DIRECTION SIDESWIPE,CLEAR,,DUSK,NO CONTROLS,NONE DETECTED,NONE DETECTED,64E79372-7BCC-4713-842A-6BE532CFB01C,BICYCLIST,Walking/Riding w/Traffic,NO IMPROPER ACTIONS,ON ROADWAY NOT AT CROSSWALK,No,SUSPECTED MINOR INJURY,MC/BIKE HELMET,39.10025817,-77.0722135,"(39.10025817, -77.0722135)"
DD56350029,190062964,Rockville Police Departme,Injury Crash,12/31/2019 06:07:00 PM,Maryland (State),ROCKVILLE PIKE,MONROE PL,,ROCKVILLE,PEDESTRIAN,OTHER,CLEAR,DRY,DARK LIGHTS ON,TRAFFIC SIGNAL,NONE DETECTED,NONE DETECTED,EAC98A4D-7BBA-4D43-8122-75F259055974,PEDESTRIAN,Cross/Enter at Intersection,UNKNOWN,AT INTERSECTION MARKED CROSSWALK,No,POSSIBLE INJURY,NONE,39.08339233,-77.14691433,"(39.08339233, -77.14691433)"
MCP2931004J,200035664,Montgomery County Police,Injury Crash,09/11/2020 04:07:00 PM,County,RANDOLPH RD,PARKLAWN DR,,N/A,BICYCLIST,OTHER,CLEAR,DRY,DAYLIGHT,OTHER,NONE DETECTED,NONE DETECTED,31716A19-5843-44C7-8107-4029696CDFD7,BICYCLIST,Cross/Enter at Intersection,N/A,ON ROADWAY AT CROSSWALK,No,SUSPECTED MINOR INJURY,NONE,39.05386333,-77.10594167,"(39.05386333, -77.10594167)"
MCP3199003F,210048294,Montgomery County Police,Property Damage Crash,11/28/2021 12:42:00 PM,Maryland (State),GEORGIA AVE,JONES LA,,N/A,PEDESTRIAN,OTHER,CLEAR,DRY,DAYLIGHT,N/A,NONE DETECTED,NONE DETECTED,12BE61DB-2460-4E6B-8C96-75A63E85CD83,PEDESTRIAN,Cross/Enter at Intersection,UNKNOWN,AT INTERSECTION BUT NO CROSSWALK,No,NO APPARENT INJURY,NONE,39.05342,-77.05069167,"(39.05342, -77.05069167)"
MCP2046009H,190004682,Montgomery County Police,Injury Crash,01/30/2019 06:44:00 AM,US (State),COLUMBIA PIKE,STEWART LA,,N/A,PEDESTRIAN,STRAIGHT MOVEMENT ANGLE,CLEAR,N/A,DARK LIGHTS ON,TRAFFIC SIGNAL,NONE DETECTED,NONE DETECTED,E0354840-7F4F-4FE8-84D4-9615BD7DE4FD,PEDESTRIAN,Cross/Enter at Intersection,NO IMPROPER ACTIONS,AT INTERSECTION BUT NO CROSSWALK,No,POSSIBLE INJURY,N/A,39.04634667,-76.98751833,"(39.04634667, -76.98751833)"
MCP11210044,180029562,Montgomery County Police,Injury Crash,06/15/2018 12:44:00 PM,Maryland (State),FREDERICK RD,TRAVIS AVE,,GAITHERSBURG,PEDESTRIAN,SINGLE VEHICLE,CLEAR,DRY,DAYLIGHT,TRAFFIC SIGNAL,NONE DETECTED,NONE DETECTED,A8C07775-0AF1-41FE-AE81-8666FACE4699,PEDESTRIAN,Cross/Enter at Intersection,NO IMPROPER ACTIONS,ON ROADWAY AT CROSSWALK,No,POSSIBLE INJURY,NONE,39.16151667,-77.22267667,"(39.16151667, -77.22267667)"
MCP3162000S,180048526,Montgomery County Police,Injury Crash,09/28/2018 04:15:00 PM,County,SOUTHWOOD AVE,COLESVILLE RD,,N/A,PEDESTRIAN,OTHER,CLEAR,DRY,DAYLIGHT,TRAFFIC SIGNAL,N/A,N/A,D5A861DF-072F-4E0D-B61B-609F14A9A610,PEDESTRIAN,Cross/Enter not at Intersection,UNKNOWN,ON ROADWAY NOT AT CROSSWALK,Yes,POSSIBLE INJURY,NONE,39.02616833,-77.010995,"(39.02616833, -77.010995)"
MCP30030047,190047192,Montgomery County Police,Injury Crash,10/02/2019 08:26:00 AM,Maryland (State),WISCONSIN AVE,BRADLEY LA,,N/A,BICYCLIST,OTHER,CLEAR,DRY,DAYLIGHT,TRAFFIC SIGNAL,NONE DETECTED,NONE DETECTED,0F8B5B6F-D2BE-4011-9FFF-F41CDF7C99D2,BICYCLIST,Cross/Enter at Intersection,UNKNOWN,ON ROADWAY AT CROSSWALK,Unknown,SUSPECTED MINOR INJURY,MC/BIKE HELMET,38.97714917,-77.0908033,"(38.97714917, -77.0908033)"
EJ785600BB,220028616,Gaithersburg Police Depar,Injury Crash,07/03/2022 09:44:00 PM,Maryland (State),FREDERICK RD,ODENDHAL AVE,,GAITHERSBURG,PEDESTRIAN,OTHER,CLEAR,DRY,DARK LIGHTS ON,N/A,N/A,N/A,8A898BCC-5918-49F3-B6DE-B4AE066014C8,PEDESTRIAN,Standing,DISABLED VEHICLE RELATED,OTHER,Yes,SUSPECTED SERIOUS INJURY,N/A,39.14758608,-77.20593278,"(39.14758608, -77.20593278)"
MCP0942002P,190056218,Montgomery County Police,Injury Crash,11/21/2019 10:11:00 AM,,,,"PARKING LOT-7400 ARLINGTON RD
BETHESDA LIBRARY",,PEDESTRIAN,SINGLE VEHICLE,CLEAR,,DAYLIGHT,NO CONTROLS,NONE DETECTED,NONE DETECTED,FDC19774-407F-4EAB-8B26-6005E0C707EF,PEDESTRIAN,Other,NO IMPROPER ACTIONS,OTHER,No,SUSPECTED MINOR INJURY,NONE,38.98435298,-77.09900493,"(38.98435298, -77.09900493)"
MCP0539001Y,15061690,MONTGOMERY,Injury Crash,12/03/2015 08:28:00 AM,County,BEL PRE RD,GRAND PRE RD,,N/A,PEDESTRIAN,SINGLE VEHICLE,CLEAR,DRY,DAYLIGHT,NO CONTROLS,NONE DETECTED,NONE DETECTED,992B7C72-4677-4D02-9E91-DFF48F738A56,PEDESTRIAN,Other,NO IMPROPER ACTIONS,ON ROADWAY AT CROSSWALK,No,SUSPECTED SERIOUS INJURY,NONE,39.09335667,-77.07518167,"(39.09335667, -77.07518167)"
MCP2992003F,210043579,Montgomery County Police,Injury Crash,10/28/2021 07:12:00 PM,Maryland (State),GEORGIA AVE,COLESVILLE RD,,N/A,PEDESTRIAN,OTHER,N/A,DRY,DARK LIGHTS ON,TRAFFIC SIGNAL,N/A,N/A,791F69D6-2A56-45C3-9729-883684FD5DE7,PEDESTRIAN,Cross/Enter at Intersection,NO IMPROPER ACTIONS,N/A,No,SUSPECTED MINOR INJURY,N/A,39.07758667,-77.07069269,"(39.07758667, -77.07069269)"
MCP1227001S,220056642,Montgomery County Police,Fatal Crash,12/21/2022 02:03:00 PM,County,MUDDY BRANCH RD,KING JAMES WAY,,N/A,PEDESTRIAN,SINGLE VEHICLE,CLEAR,DRY,DAYLIGHT,N/A,NONE DETECTED,NONE DETECTED,D3700EDC-0442-489F-AEFC-2F0905BC7B0E,PEDESTRIAN,Cross/Enter at Intersection,FAILURE TO OBEY TRAFFIC SIGNS SIGNALS OR OFFICER,AT INTERSECTION MARKED CROSSWALK,Yes,SUSPECTED SERIOUS INJURY,NONE,39.13657839,-77.20577586,"(39.13657839, -77.20577586)"
MCP2796002F,15058687,MONTGOMERY,Injury Crash,11/17/2015 01:47:00 PM,,,,"Parking lot of KMart store located at 14014 Connecticut Avenue, Silver Spring",,PEDESTRIAN,SINGLE VEHICLE,CLEAR,,DAYLIGHT,N/A,N/A,NONE DETECTED,D9E844C2-E353-41E5-827A-FD615D20BA7F,PEDESTRIAN,Other,NO IMPROPER ACTIONS,OTHER,No,SUSPECTED MINOR INJURY,N/A,39.08544,-77.07649167,"(39.08544, -77.07649167)"
MCP32790016,220019768,Montgomery County Police,Injury Crash,05/09/2022 05:30:00 PM,County,BLUHILL RD,RANDOLPH RD,,N/A,PEDESTRIAN,SINGLE VEHICLE,UNKNOWN,UNKNOWN,UNKNOWN,STOP SIGN,NONE DETECTED,N/A,3897BA3A-91A1-45C8-9117-09D8E5E97CF3,PEDESTRIAN,Cross/Enter at Intersection,NO IMPROPER ACTIONS,ON ROADWAY AT CROSSWALK,No,SUSPECTED MINOR INJURY,NONE,39.05898675,-77.06498015,"(39.05898675, -77.06498015)"
MCP297700BR,230007853,Montgomery County Police,Injury Crash,02/16/2023 12:06:00 PM,County,BURNT MILLS AVE,CHILDS ST,,N/A,PEDESTRIAN,OTHER,CLOUDY,WET,DAYLIGHT,STOP SIGN,N/A,NONE DETECTED,B12C7734-BB13-4100-B0D6-FF37340F2769,PEDESTRIAN,Walking/Riding against Traffic,NO IMPROPER ACTIONS,AT INTERSECTION BUT NO CROSSWALK,No,POSSIBLE INJURY,NONE,39.03697667,-77.00340167,"(39.03697667, -77.00340167)"
MCP2890000R,15052280,MONTGOMERY,Injury Crash,10/14/2015 11:33:00 PM,County,MIDDLEBROOK RD,FREDERICK RD,,N/A,PEDESTRIAN,SINGLE VEHICLE,CLEAR,DRY,DARK NO LIGHTS,NO CONTROLS,NONE DETECTED,NONE DETECTED,23AB7528-877F-4C01-B084-4299FD10B2AD,PEDESTRIAN,Cross/Enter not at Intersection,DART DASH,ON ROADWAY NOT AT CROSSWALK,Yes,SUSPECTED SERIOUS INJURY,N/A,39.18172167,-77.23669,"(39.18172167, -77.23669)"
MCP2475004J,200001536,Montgomery County Police,Injury Crash,01/09/2020 06:09:00 PM,County,ADELPHI RD,NEW HAMPSHIRE AVE,,N/A,PEDESTRIAN,STRAIGHT MOVEMENT ANGLE,N/A,DRY,DARK LIGHTS ON,TRAFFIC SIGNAL,NONE DETECTED,NONE DETECTED,4DBFF833-828F-47C7-BF30-8DF0FC3F9D94,PEDESTRIAN,Cross/Enter at Intersection,NO IMPROPER ACTIONS,ON ROADWAY AT CROSSWALK,No,SUSPECTED MINOR INJURY,NONE,39.01136,-76.97917333,"(39.01136, -76.97917333)"
MCP9390001N,200000483,Montgomery County Police,Injury Crash,01/03/2020 06:15:00 PM,,CROWN PARK AVE,ALCOTT PL,,N/A,PEDESTRIAN,SINGLE VEHICLE,RAINING,WET,DARK LIGHTS ON,NO CONTROLS,NONE DETECTED,NONE DETECTED,E3A1D632-E665-4B96-B9BC-399894EA7B5E,PEDESTRIAN,Walking/Cycling on Sidewalk,NO IMPROPER ACTIONS,ON ROADWAY AT CROSSWALK,No,SUSPECTED MINOR INJURY,N/A,39.11293833,-77.20372677,"(39.11293833, -77.20372677)"
MCP2611000Z,15062006,MONTGOMERY,Injury Crash,12/04/2015 05:00:00 PM,US (State),COLUMBIA PIKE,TECH RD,,N/A,BICYCLIST,STRAIGHT MOVEMENT ANGLE,CLEAR,DRY,DARK LIGHTS ON,TRAFFIC SIGNAL,NONE DETECTED,NONE DETECTED,A7BB529C-783B-499E-9D7A-35F48D93B653,BICYCLIST,Cross/Enter at Intersection,FAILURE TO OBEY TRAFFIC SIGNS SIGNALS OR OFFICER,ON ROADWAY NOT AT CROSSWALK,Yes,POSSIBLE INJURY,NONE,39.05772538,-76.96849823,"(39.05772538, -76.96849823)"
DM8430000Q,17015804,Takoma Park Police Depart,Injury Crash,03/28/2017 01:17:00 PM,Municipality,SHERIDAN ST,NEW HAMPSHIRE AVE,,N/A,PEDESTRIAN,OTHER,CLEAR,N/A,DAYLIGHT,NO CONTROLS,UNKNOWN,NONE DETECTED,F20CE920-27D7-43F3-B497-A9B5DDE31ABF,PEDESTRIAN,Other,OTHER,N/A,No,POSSIBLE INJURY,N/A,38.96673667,-77.00201833,"(38.96673667, -77.00201833)"
MCP1524000R,210037242,Montgomery County Police,Injury Crash,09/17/2021 11:00:00 AM,Maryland (State),CLOPPER RD,FIRSTFIELD RD,,GAITHERSBURG,PEDESTRIAN,SINGLE VEHICLE,CLEAR,DRY,DAYLIGHT,PERSON,NONE DETECTED,NONE DETECTED,7AF3EF79-AD5F-41D5-A7DE-8FD6E4318C12,PEDESTRIAN,Cross/Enter at Intersection,UNKNOWN,ON ROADWAY AT CROSSWALK,Unknown,SUSPECTED MINOR INJURY,NONE,39.1437061,-77.22386883,"(39.1437061, -77.22386883)"
MCP2016006D,220034152,Montgomery County Police,Injury Crash,08/09/2022 10:33:00 AM,Maryland (State),ROCKVILLE PIKE,HUBBARD DR,,N/A,PEDESTRIAN,SINGLE VEHICLE,CLEAR,DRY,DAYLIGHT,TRAFFIC SIGNAL,N/A,N/A,176F2EAC-AD6D-4A69-8AD0-4E5166E67CAA,PEDESTRIAN,Cross/Enter at Intersection,NO IMPROPER ACTIONS,ON ROADWAY AT CROSSWALK,No,SUSPECTED MINOR INJURY,N/A,39.07815,-77.13951167,"(39.07815, -77.13951167)"
MCP1575008Z,190031650,Montgomery County Police,Injury Crash,07/03/2019 06:26:00 AM,County,TWINBROOK PKWY,VEIRS MILL RD,,N/A,PEDESTRIAN,OTHER,CLEAR,DRY,DAWN,NO CONTROLS,UNKNOWN,UNKNOWN,A5EDB7B6-6E78-4D87-B29E-0E2FA808A05F,PEDESTRIAN,Cross/Enter not at Intersection,UNKNOWN,ON ROADWAY NOT AT CROSSWALK,Yes,SUSPECTED SERIOUS INJURY,NONE,39.07045167,-77.11396667,"(39.07045167, -77.11396667)"
MCP2927001F,16053824,Montgomery County Police,Injury Crash,10/19/2016 03:54:00 PM,Government,SLIGO CREEK PKWY,COLESVILLE RD,,N/A,BICYCLIST,SAME DIRECTION RIGHT TURN,CLEAR,DRY,DAYLIGHT,TRAFFIC SIGNAL,UNKNOWN,NONE DETECTED,4A895696-D1BD-4886-96CA-86133F1C66CD,BICYCLIST,Cross/Enter at Intersection,NO IMPROPER ACTIONS,ON ROADWAY AT CROSSWALK,No,POSSIBLE INJURY,MC/BIKE HELMET,39.00774318,-77.02019647,"(39.00774318, -77.02019647)"
MCP2048000L,15041762,MONTGOMERY,Injury Crash,08/21/2015 08:15:00 PM,County,OLD COLUMBIA PIKE,TREETOP LA,,N/A,PEDESTRIAN,OTHER,RAINING,WET,DARK LIGHTS ON,STOP SIGN,UNKNOWN,NONE DETECTED,869613E8-15D6-49FF-9972-32BDCB4A6DD8,PEDESTRIAN,Cross/Enter at Intersection,UNKNOWN,UNKNOWN,Unknown,SUSPECTED MINOR INJURY,N/A,39.0591,-76.96922833,"(39.0591, -76.96922833)"
MCP3156002P,230061367,Montgomery County Police,Injury Crash,10/19/2023 08:05:00 AM,,,,PARKING LOT AT 632 UNIVERSITY BLVD E,,PEDESTRIAN,N/A,CLEAR,,DAYLIGHT,N/A,NONE DETECTED,NONE DETECTED,387443AF-C1B3-4C52-9BB5-639D2BF64349,PEDESTRIAN,Other,NOT VISIBLE,OTHER,No,SUSPECTED SERIOUS INJURY,N/A,39.00036667,-76.99516,"(39.00036667, -76.99516)"
MCP2470000X,16000073,Montgomery County Police,Injury Crash,01/01/2016 05:28:00 AM,Maryland (State),MUNCASTER MILL RD,SNOW CREEK DR,,N/A,PEDESTRIAN,OTHER,CLEAR,DRY,DARK NO LIGHTS,NO CONTROLS,NONE DETECTED,ALCOHOL PRESENT,F87BCCCC-CDB9-4665-9641-CF544F3D492A,PEDESTRIAN,Standing,IN ROADWAY IMPROPERLY,ON ROADWAY NOT AT CROSSWALK,Yes,SUSPECTED SERIOUS INJURY,NONE,39.152605,-77.15181167,"(39.152605, -77.15181167)"
DD5631000L,180033680,Rockville Police Departme,Injury Crash,07/08/2018 09:46:00 AM,Municipality,KERSEY LA,FALLS RD,,N/A,OTHER PEDALCYCLIST,N/A,N/A,DRY,DAYLIGHT,TRAFFIC SIGNAL,NONE DETECTED,N/A,4B0A05AE-423B-44E5-865D-344E3C12D7C6,OTHER PEDALCYCLIST,Cross/Enter at Intersection,NO IMPROPER ACTIONS,ON ROADWAY AT CROSSWALK,No,POSSIBLE INJURY,MC/BIKE HELMET,39.06682,-77.17404833,"(39.06682, -77.17404833)"
MCP3113001N,190038188,Montgomery County Police,Injury Crash,08/10/2019 05:41:00 PM,,,,PARKING LOT OF BRIGGS CHANEY SHOPPING CENTER 13800 BLK OUTLET DRIVE,,PEDESTRIAN,OTHER,N/A,,DAYLIGHT,NO CONTROLS,N/A,N/A,AFF09474-000A-490A-BCC6-3574FB10015E,PEDESTRIAN,Walking/Riding w/Traffic,NO IMPROPER ACTIONS,OTHER,No,POSSIBLE INJURY,NONE,39.082427,-76.946807,"(39.082427, -76.946807)"
MCP28750014,15038530,MONTGOMERY,Injury Crash,08/03/2015 07:58:00 PM,,,,"Parking lot of 13097 Wisteria Dr., Germantown, MD 20874",,PEDESTRIAN,OTHER,CLEAR,,DAYLIGHT,NO CONTROLS,NONE DETECTED,NONE DETECTED,72806004-AFEA-436C-B6BE-9FA95D48BC66,PEDESTRIAN,Cross/Enter at Intersection,NO IMPROPER ACTIONS,SIDEWALK,No,POSSIBLE INJURY,NONE,39.17821,-77.27214,"(39.17821, -77.27214)"
MCP271700WW,220008165,Montgomery County Police,Injury Crash,02/24/2022 06:30:00 PM,Maryland (State),NEW HAMPSHIRE AVE,POWDER MILL RD,,N/A,PEDESTRIAN,OTHER,RAINING,WET,DARK LIGHTS ON,TRAFFIC SIGNAL,UNKNOWN,NONE DETECTED,20A7CE26-47AB-4C82-9E55-1E0AF67E4962,PEDESTRIAN,Cross/Enter at Intersection,FAILURE TO OBEY TRAFFIC SIGNS SIGNALS OR OFFICER,ON ROADWAY AT CROSSWALK,Yes,SUSPECTED MINOR INJURY,NONE,39.020268,-76.975427,"(39.020268, -76.975427)"
MCP3044006C,220057586,Montgomery County Police,Injury Crash,12/28/2022 05:44:00 PM,Maryland (State),PINEY BRANCH RD,UNIVERSITY BLVD E,,N/A,PEDESTRIAN,OTHER,CLEAR,DRY,DARK NO LIGHTS,TRAFFIC SIGNAL,NONE DETECTED,NONE DETECTED,17DE0E9F-2C80-4A2D-ABF0-1BBAD33B3939,PEDESTRIAN,Cross/Enter not at Intersection,FAILURE TO OBEY TRAFFIC SIGNS SIGNALS OR OFFICER,ON ROADWAY NOT AT CROSSWALK,Yes,SUSPECTED MINOR INJURY,NONE,38.99941732,-76.99638024,"(38.99941732, -76.99638024)"
MCP2291005S,220006216,Montgomery County Police,Injury Crash,02/12/2022 04:11:00 PM,Maryland (State),OLD GEORGETOWN RD,BEECH AVE,,N/A,BICYCLIST,HEAD ON LEFT TURN,CLEAR,DRY,DAYLIGHT,TRAFFIC SIGNAL,NONE DETECTED,NONE DETECTED,57FA5AF7-8B73-4632-B844-123A07A02E5D,BICYCLIST,Standing,NO IMPROPER ACTIONS,SIDEWALK,No,SUSPECTED SERIOUS INJURY,MC/BIKE HELMET,39.01002068,-77.11475414,"(39.01002068, -77.11475414)"
DM83360023,180065347,Takoma Park Police Depart,Injury Crash,12/31/2018 02:21:00 PM,Municipality,RITCHIE AVE,MAPLE AVE,,TAKOMA PARK,OTHER,OTHER,CLOUDY,DRY,DAYLIGHT,N/A,NONE DETECTED,N/A,AA26C537-4D37-4802-8946-46E5D21642AB,OTHER,Other,UNKNOWN,N/A,Unknown,NO APPARENT INJURY,N/A,38.98549667,-77.00757,"(38.98549667, -77.00757)"
MCP3106002L,200002191,Montgomery County Police,Injury Crash,01/13/2020 06:06:00 PM,,,,PARKING LOT DRIVEWAY OF 3610 UNIVERSITY BLVD W,,BICYCLIST,STRAIGHT MOVEMENT ANGLE,CLEAR,,DARK LIGHTS ON,NO CONTROLS,N/A,N/A,27963189-94A5-43CC-8BA9-9E5D881C09EB,BICYCLIST,Walking/Cycling on Sidewalk,N/A,SIDEWALK,No,SUSPECTED MINOR INJURY,MC/BIKE HELMET,39.03386667,-77.07214833,"(39.03386667, -77.07214833)"
MCP30040013,16062484,Montgomery County Police,Injury Crash,12/05/2016 05:27:00 PM,Maryland (State),MASSACHUSETTS AVE,WESTBARD AVE,,N/A,PEDESTRIAN,OTHER,CLEAR,DRY,DARK LIGHTS ON,TRAFFIC SIGNAL,NONE DETECTED,N/A,3EDD368A-107D-4B8D-856A-16F4D3617EDD,PEDESTRIAN,Cross/Enter at Intersection,NO IMPROPER ACTIONS,AT INTERSECTION MARKED CROSSWALK,No,SUSPECTED MINOR INJURY,N/A,38.95827523,-77.1097447,"(38.95827523, -77.1097447)"
MCP3255001L,210011905,Montgomery County Police,Injury Crash,03/30/2021 05:30:00 PM,County,STEWARTOWN RD,MONTGOMERY VILLAGE AVE,,N/A,BICYCLIST,OTHER,CLEAR,DRY,DAYLIGHT,STOP SIGN,N/A,N/A,E6F520C2-AFFD-4F2A-BAAB-42274B76B899,BICYCLIST,Cross/Enter at Intersection,N/A,AT INTERSECTION BUT NO CROSSWALK,No,SUSPECTED MINOR INJURY,NONE,39.17921667,-77.20104333,"(39.17921667, -77.20104333)"
MCP2859002B,16033271,Montgomery County Police,Injury Crash,07/01/2016 09:35:00 AM,,,,"PARKING SPACE OUTSIDE 23 FIRSTFIELD RD, GAITHERSBURG, MD, 20878",,PEDESTRIAN,OTHER,CLEAR,,DAYLIGHT,NO CONTROLS,UNKNOWN,NONE DETECTED,DF8850BB-139F-4262-A1C3-45B91219B950,PEDESTRIAN,Standing,OTHER,OTHER,No,SUSPECTED MINOR INJURY,NONE,39.13616871,-77.22656965,"(39.13616871, -77.22656965)"
MCP30050042,180037729,Montgomery County Police,Injury Crash,07/30/2018 12:20:00 PM,Maryland (State),LAYHILL RD,ENT TO SHOPPING CENTER,,N/A,BICYCLIST,OTHER,CLOUDY,DRY,DAYLIGHT,STOP SIGN,NONE DETECTED,NONE DETECTED,1286498B-A42D-4064-B323-B9164866ED9D,BICYCLIST,Cross/Enter at Intersection,UNKNOWN,SIDEWALK,Unknown,POSSIBLE INJURY,NONE,39.06089788,-77.05083735,"(39.06089788, -77.05083735)"
MCP2552001F,16064584,Montgomery County Police,Injury Crash,12/16/2016 06:17:00 PM,County,ARDENNES AVE,TWINBROOK PKWY,,N/A,PEDESTRIAN,OTHER,N/A,DRY,DARK LIGHTS ON,TRAFFIC SIGNAL,UNKNOWN,N/A,927B9850-1E15-472E-A060-E47B9D21DB65,PEDESTRIAN,Cross/Enter at Intersection,NO IMPROPER ACTIONS,ON ROADWAY AT CROSSWALK,No,SUSPECTED MINOR INJURY,NONE,39.06375577,-77.1162504,"(39.06375577, -77.1162504)"
MCP2546002N,190013501,Montgomery County Police,Fatal Crash,03/23/2019 09:30:00 PM,Municipality,BEALL AVE #2,MARYLAND AVE,,N/A,PEDESTRIAN,OTHER,CLEAR,DRY,DARK LIGHTS ON,OTHER,NONE DETECTED,NONE DETECTED,5B1EC8C1-6550-4256-89C7-2186946BBA54,PEDESTRIAN,Cross/Enter at Intersection,UNKNOWN,ON ROADWAY AT CROSSWALK,No,FATAL INJURY,NONE,39.087085,-77.151238,"(39.087085, -77.151238)"