Report Number,Local Case Number,Agency Name,ACRS Report Type,Crash Date/Time,Route Type,Road Name,Cross-Street Name,Off-Road Description,Municipality,Related Non-Motorist,Collision Type,Weather,Surface Condition,Light,Traffic Control,Driver Substance Abuse,Non-Motorist Substance Abuse,Person ID,Pedestrian Type,Pedestrian Movement,Pedestrian Actions,Pedestrian Location,At Fault,Injury Severity,Safety Equipment,Latitude,Longitude,Location
MCP2008009B,220033521,Montgomery County Police,Injury Crash,08/04/2022 05:00:00 PM,County,EXECUTIVE BLVD,ENT TO BUSINESS PARK,,N/A,OTHER CONVEYANCE,OTHER,CLOUDY,DRY,DAYLIGHT,NO CONTROLS,NONE DETECTED,NONE DETECTED,A6BB736D-2B38-4A19-B85F-9ACAAAA7B840,OTHER CONVEYANCE,Walking/Riding against Traffic,IN ROADWAY IMPROPERLY,SHOULDER,Yes,SUSPECTED MINOR INJURY,NONE,39.04904833,-77.12326333,"(39.04904833, -77.12326333)"
MCP9404002V,200043181,Montgomery County Police,Injury Crash,11/02/2020 08:39:00 AM,,,,PARKING LOT OF 16021 INDUSTRIAL DRIVE,,PEDESTRIAN,STRAIGHT MOVEMENT ANGLE,CLEAR,,DAYLIGHT,N/A,NONE DETECTED,NONE DETECTED,29020B58-0CEE-4797-80DB-42E4EEC63E37,PEDESTRIAN,Other,FAILURE TO YIELD RIGHT OF WAY,OTHER,Yes,SUSPECTED MINOR INJURY,NONE,39.12054,-77.18921167,"(39.12054, -77.18921167)"
MCP0973000W,180053691,Montgomery County Police,Injury Crash,10/26/2018 03:21:00 PM,County,MONTGOMERY LA,WOODMONT AVE,,N/A,PEDESTRIAN,SINGLE VEHICLE,CLOUDY,WET,DAYLIGHT,TRAFFIC SIGNAL,NONE DETECTED,NONE DETECTED,4AC3761A-675C-4429-BF62-9F8365587C84,PEDESTRIAN,Cross/Enter at Intersection,FAILURE TO OBEY TRAFFIC SIGNS SIGNALS OR OFFICER,ON ROADWAY AT CROSSWALK,Yes,SUSPECTED MINOR INJURY,N/A,38.98390667,-77.09543667,"(38.98390667, -77.09543667)"
MCP2984000C,16002920,Montgomery County Police,Injury Crash,01/15/2016 09:15:00 PM,,,,"PARKING LOT IN FRONT OF 10106 LITTLE POND PLACE, GAITHERSBURG, MD, 20886",,PEDESTRIAN,OTHER,RAINING,,DARK LIGHTS ON,N/A,UNKNOWN,NONE DETECTED,FACB24ED-2EB1-419A-A0FB-6C5DF6FD4A33,PEDESTRIAN,Getting off/on Vehicle,ENTERING EXITING PARKED STANDING VEHICLE,OTHER,No,SUSPECTED MINOR INJURY,N/A,39.16689333,-77.20801167,"(39.16689333, -77.20801167)"
MCP2298005D,15020223,Montgomery County Police,Injury Crash,04/29/2015 06:02:00 PM,County,TANNERY RIDGE DR,CLARKSBURG RD,,N/A,BICYCLIST,ANGLE MEETS LEFT TURN,CLEAR,DRY,DAYLIGHT,STOP SIGN,NONE DETECTED,NONE DETECTED,47CD84B7-B675-4811-BF01-5F45D11A6DBD,BICYCLIST,Other,IN ROADWAY IMPROPERLY,ON ROADWAY NOT AT CROSSWALK,,SUSPECTED MINOR INJURY,NONE,39.24287,-77.27976,"(39.24287, -77.27976)"
MCP1301000H,15061863,MONTGOMERY,Injury Crash,12/03/2015 09:47:00 PM,Maryland (State),ROCKVILLE PIKE,EDMONSTON DR,,ROCKVILLE,PEDESTRIAN,SAME DIRECTION SIDESWIPE,CLEAR,DRY,DARK LIGHTS ON,N/A,ALCOHOL PRESENT,N/A,86C13B3E-6898-4CC8-89A9-78CE341A4C49,PEDESTRIAN,Other Working,NO IMPROPER ACTIONS,OTHER,No,SUSPECTED SERIOUS INJURY,REFLECTIVE CLOTHING,39.0777754,-77.13333607,"(39.0777754, -77.13333607)"
MCP25460027,16066612,Montgomery County Police,Injury Crash,12/27/2016 03:15:00 PM,County,PARKLAND DR,INDEPENDENCE ST,,N/A,PEDESTRIAN,OTHER,CLEAR,DRY,DAYLIGHT,STOP SIGN,NONE DETECTED,N/A,05FA01EC-CE30-4AF6-9BD3-CAECF3CD30C4,PEDESTRIAN,Getting off/on Vehicle,NO IMPROPER ACTIONS,SHOULDER,No,POSSIBLE INJURY,N/A,39.07271167,-77.08702,"(39.07271167, -77.08702)"
DD5614002X,170514040,Rockville Police Departme,Injury Crash,06/16/2017 01:15:00 PM,Maryland (State),VEIRS MILL RD,ATLANTIC AVE,,ROCKVILLE,PEDESTRIAN,STRAIGHT MOVEMENT ANGLE,CLOUDY,DRY,DAYLIGHT,TRAFFIC SIGNAL,NONE DETECTED,NONE DETECTED,2C7E3393-B078-4EB5-BFD4-913D3DAD35BF,PEDESTRIAN,Cross/Enter at Intersection,NO IMPROPER ACTIONS,AT INTERSECTION MARKED CROSSWALK,No,SUSPECTED MINOR INJURY,NONE,39.07507685,-77.11564355,"(39.07507685, -77.11564355)"
MCP9422001K,180041354,Montgomery County Police,Injury Crash,08/20/2018 10:15:00 AM,County,ELLSWORTH DR,FENTON ST,,N/A,PEDESTRIAN,SINGLE VEHICLE,CLOUDY,DRY,DAYLIGHT,TRAFFIC SIGNAL,NONE DETECTED,NONE DETECTED,7E55D17C-71E7-4520-BA6A-9BD31CEB1EAD,PEDESTRIAN,Other,IN ROADWAY IMPROPERLY,CURB,Yes,POSSIBLE INJURY,N/A,38.99702167,-77.0253,"(38.99702167, -77.0253)"
MCP3003003C,190008966,Montgomery County Police,Injury Crash,02/25/2019 12:58:00 PM,County,EDSON LA,STRAND DR,,N/A,PEDESTRIAN,SINGLE VEHICLE,CLEAR,DRY,DAYLIGHT,STOP SIGN,NONE DETECTED,NONE DETECTED,C18914F9-82C4-4459-91D2-10B42D1EBF3A,PEDESTRIAN,Cross/Enter at Intersection,UNKNOWN,AT INTERSECTION BUT NO CROSSWALK,No,SUSPECTED MINOR INJURY,N/A,39.04055833,-77.11537333,"(39.04055833, -77.11537333)"
EJ7893000S,220019632,Gaithersburg Police Depar,Injury Crash,05/09/2022 09:12:00 AM,,FELLOWSHIP CIRCLE,RUSSELL AVE,,N/A,PEDESTRIAN,OTHER,CLEAR,DRY,DAYLIGHT,STOP SIGN,NONE DETECTED,NONE DETECTED,89E170D1-4B6B-4634-B445-53C54128308D,PEDESTRIAN,Cross/Enter at Intersection,N/A,ON ROADWAY AT CROSSWALK,No,SUSPECTED MINOR INJURY,NONE,39.14962532,-77.19932873,"(39.14962532, -77.19932873)"
MCP3075000C,170528512,Montgomery County Police,Injury Crash,09/03/2017 05:35:00 PM,County,FATHER HURLEY BLVD,WATERS LANDING DR,,N/A,PEDESTRIAN,SINGLE VEHICLE,CLEAR,DRY,DAYLIGHT,TRAFFIC SIGNAL,NONE DETECTED,NONE DETECTED,5EFA4A35-9957-45AC-ADF7-C57A03A8F7C3,PEDESTRIAN,Cross/Enter at Intersection,NO IMPROPER ACTIONS,AT INTERSECTION MARKED CROSSWALK,No,SUSPECTED MINOR INJURY,N/A,39.19143167,-77.27224833,"(39.19143167, -77.27224833)"
MCP22030074,230049162,Montgomery County Police,Injury Crash,08/12/2023 05:25:00 PM,Maryland (State),UNIVERSITY BLVD W,SLIGO CREEK PKWY,,N/A,OTHER,SAME DIR REAR END,CLEAR,DRY,DAYLIGHT,N/A,NONE DETECTED,NONE DETECTED,E282183A-10E3-4549-958D-40EED77809FE,OTHER,Push/Work on Vehicle,NO IMPROPER ACTIONS,OTHER,No,SUSPECTED MINOR INJURY,N/A,39.03648167,-77.03006467,"(39.03648167, -77.03006467)"
MCP3276000H,210007539,Montgomery County Police,Injury Crash,02/27/2021 05:30:00 PM,US (State),GEORGIA AVE,SLIGO AVE,,N/A,BICYCLIST,SINGLE VEHICLE,CLEAR,DRY,DARK LIGHTS ON,TRAFFIC SIGNAL,UNKNOWN,NONE DETECTED,F8A235CB-FE99-46C8-8392-556807CCDDC5,BICYCLIST,Cross/Enter at Intersection,UNKNOWN,ON ROADWAY AT CROSSWALK,Unknown,SUSPECTED MINOR INJURY,UNKNOWN,38.99020956,-77.0266066,"(38.99020956, -77.0266066)"
EJ78880056,230064018,Gaithersburg Police Depar,Injury Crash,11/02/2023 04:25:00 PM,,,,PARKING LOT OF 883 RUSSELL AVE,,"OTHER, PEDESTRIAN",OTHER,CLEAR,,DAYLIGHT,NO CONTROLS,NONE DETECTED,NONE DETECTED,51F4E634-0F26-4212-8DBC-D9300E6D9AC1,OTHER,Other,NO IMPROPER ACTIONS,OTHER,No,NO APPARENT INJURY,NONE,39.15722808,-77.21204947,"(39.15722808, -77.21204947)"
MCP2693003D,200038653,Montgomery County Police,Injury Crash,10/01/2020 04:12:00 PM,Maryland (State),GEORGIA AVE,BEL PRE RD,,N/A,PEDESTRIAN,OTHER,CLEAR,DRY,DAYLIGHT,TRAFFIC SIGNAL,NONE DETECTED,NONE DETECTED,9DEB0109-3E66-4BCC-8261-F511F15F4F9C,PEDESTRIAN,Cross/Enter at Intersection,NO IMPROPER ACTIONS,ON ROADWAY AT CROSSWALK,No,POSSIBLE INJURY,N/A,39.0930412,-77.07972456,"(39.0930412, -77.07972456)"
MCP1378012Q,220051521,Montgomery County Police,Injury Crash,11/21/2022 04:59:00 PM,County,FENTON ST,ELLSWORTH DR,,N/A,PEDESTRIAN,SINGLE VEHICLE,CLEAR,DRY,DARK LIGHTS ON,NO CONTROLS,NONE DETECTED,NONE DETECTED,38DB4DE4-6914-4A1F-BB11-C8009D24CEB8,PEDESTRIAN,Other,DART DASH,ON ROADWAY NOT AT CROSSWALK,Yes,POSSIBLE INJURY,NONE,38.996625,-77.02502167,"(38.996625, -77.02502167)"
MCP30060014,16039639,Montgomery County Police,Injury Crash,08/05/2016 01:00:00 PM,Maryland (State),UNIVERSITY BLVD W,DENNIS AVE,,N/A,BICYCLIST,HEAD ON LEFT TURN,N/A,DRY,DAYLIGHT,TRAFFIC SIGNAL,NONE DETECTED,NONE DETECTED,85CF0FC2-EAA6-4C20-A0B0-1738413B790E,BICYCLIST,Walking/Riding w/Traffic,NO IMPROPER ACTIONS,AT INTERSECTION BUT NO CROSSWALK,No,SUSPECTED MINOR INJURY,MC/BIKE HELMET,39.02615667,-77.02019333,"(39.02615667, -77.02019333)"
DD5631004Y,230022066,Rockville Police Departme,Property Damage Crash,05/08/2023 07:15:00 PM,Maryland (State),VEIRS MILL RD,ROCKVILLE PIKE,,N/A,MACHINE OPERATOR/RIDER,OTHER,CLEAR,DRY,DAYLIGHT,YIELD SIGN,NONE DETECTED,NONE DETECTED,4EA09B23-D7D4-4057-8FCC-A765E47A9358,MACHINE OPERATOR/RIDER,Cross/Enter at Intersection,DART DASH,ON ROADWAY NOT AT CROSSWALK,Yes,NO APPARENT INJURY,MC/BIKE HELMET,39.08179583,-77.146098,"(39.08179583, -77.146098)"
DD5652003S,230058682,Rockville Police Departme,Injury Crash,10/05/2023 10:15:00 AM,,,,PARKING LOT OF 725 ROCKVILLE PIKE,,PEDESTRIAN,OTHER,CLEAR,,DAYLIGHT,NO CONTROLS,UNKNOWN,NONE DETECTED,FCADE3E5-988B-4584-B934-DDF8F0BAC3D1,PEDESTRIAN,Other,NO IMPROPER ACTIONS,OTHER,No,POSSIBLE INJURY,N/A,39.07957119,-77.14403051,"(39.07957119, -77.14403051)"
MCP3161003V,220017123,Montgomery County Police,Injury Crash,04/22/2022 02:50:00 PM,,,,10821 CONNECTICUT AVE PARKING LOT,,PEDESTRIAN,SINGLE VEHICLE,CLEAR,,DAYLIGHT,NO CONTROLS,NONE DETECTED,NONE DETECTED,73C7F462-9691-48FF-8DA9-FDD3B41A4247,PEDESTRIAN,Other,NO IMPROPER ACTIONS,OTHER,No,POSSIBLE INJURY,NONE,39.03365333,-77.07431167,"(39.03365333, -77.07431167)"
MCP2825001D,210041025,Montgomery County Police,Property Damage Crash,10/13/2021 04:38:00 PM,County,MIDDLEBROOK RD,RIDGECREST DR,,N/A,BICYCLIST,OTHER,CLEAR,DRY,DAYLIGHT,OTHER,UNKNOWN,NONE DETECTED,304C3EE2-300B-4376-81CC-35BF07416785,BICYCLIST,Cross/Enter at Intersection,NO IMPROPER ACTIONS,ON ROADWAY AT CROSSWALK,No,NO APPARENT INJURY,N/A,39.17478167,-77.25741333,"(39.17478167, -77.25741333)"
EJ78580072,220028667,Gaithersburg Police Depar,Injury Crash,07/05/2022 11:35:00 AM,,,,SIDEWALK ON MUDDY BRANCH RD @ TIMBERBROOK DR,,BICYCLIST,N/A,CLEAR,,DAYLIGHT,NO CONTROLS,,NONE DETECTED,920AFD2C-D12B-4A26-8FC0-58C845C0F35F,BICYCLIST,Walking/Riding w/Traffic,INATTENTIVE,SIDEWALK,Yes,SUSPECTED MINOR INJURY,NONE,39.14109613,-77.21031637,"(39.14109613, -77.21031637)"
MCP20080071,190059574,Montgomery County Police,Injury Crash,12/10/2019 08:01:00 PM,Maryland (State),OLD GEORGETOWN RD,CENTER DR,,N/A,BICYCLIST,OTHER,RAINING,WET,DARK LIGHTS ON,TRAFFIC SIGNAL,NONE DETECTED,NONE DETECTED,47C5DE33-B3BA-456A-BDF7-B98528B44211,BICYCLIST,Cross/Enter at Intersection,NO IMPROPER ACTIONS,ON ROADWAY AT CROSSWALK,No,SUSPECTED SERIOUS INJURY,NONE,39.00282667,-77.11020167,"(39.00282667, -77.11020167)"
DD5595000V,15001558,Rockville Police Departme,Property Damage Crash,01/10/2015 01:03:00 PM,,,,THE REAR OF THE PARKING LOT AT 820 BALTIMORE RD,,OTHER,SINGLE VEHICLE,CLEAR,,DAYLIGHT,N/A,NONE DETECTED,N/A,8BACDC76-CE55-4369-A71F-2AA8325ADF0F,OTHER,N/A,N/A,OTHER,,NO APPARENT INJURY,N/A,39.08497103,-77.13515997,"(39.08497103, -77.13515997)"
DD55220024,15034857,ROCKVILLE,Injury Crash,07/15/2015 09:39:00 PM,Municipality,EDMONSTON DR,VEIRS MILL SERV RD,,ROCKVILLE,BICYCLIST,STRAIGHT MOVEMENT ANGLE,CLEAR,DRY,DARK LIGHTS ON,TRAFFIC SIGNAL,ALCOHOL CONTRIBUTED,NONE DETECTED,BEB68C76-406B-4D45-A441-41F606725691,BICYCLIST,Cross/Enter at Intersection,UNKNOWN,MIDBLOCK MARKED CROSSWALK,No,SUSPECTED MINOR INJURY,NONE,39.07821833,-77.13039667,"(39.07821833, -77.13039667)"
MCP2107004B,230056045,Montgomery County Police,Injury Crash,09/21/2023 07:58:00 AM,,MD355,DOWDENS STATION WAY,,N/A,PEDESTRIAN,SINGLE VEHICLE,CLEAR,DRY,DAYLIGHT,STOP SIGN,NONE DETECTED,NONE DETECTED,35972A87-92E5-4065-9DA0-BB8F8A7115DB,PEDESTRIAN,Cross/Enter at Intersection,NO IMPROPER ACTIONS,ON ROADWAY AT CROSSWALK,No,POSSIBLE INJURY,NONE,39.23344183,-77.27232867,"(39.23344183, -77.27232867)"
MCP2717003Z,15059859,MONTGOMERY,Injury Crash,11/23/2015 12:45:00 PM,Maryland (State),EAST WEST HWY,SUNDALE DR,,N/A,PEDESTRIAN,OTHER,CLEAR,DRY,DAYLIGHT,TRAFFIC SIGNAL,NONE DETECTED,NONE DETECTED,6EFC3D70-55A5-4906-BC3F-7912DAF922F4,PEDESTRIAN,Cross/Enter at Intersection,NO IMPROPER ACTIONS,ON ROADWAY AT CROSSWALK,No,SUSPECTED MINOR INJURY,N/A,38.99438667,-77.04426667,"(38.99438667, -77.04426667)"
MCP3117001Z,190024624,Montgomery County Police,Injury Crash,05/23/2019 09:20:00 PM,Maryland (State),FREDERICK RD,SHADY GROVE RD,,N/A,PEDESTRIAN,OTHER,CLEAR,DRY,DARK LIGHTS ON,TRAFFIC SIGNAL,N/A,NONE DETECTED,BAB38DC3-F007-4D60-B1F4-63607B7440E1,PEDESTRIAN,Cross/Enter not at Intersection,FAILURE TO OBEY TRAFFIC SIGNS SIGNALS OR OFFICER,ON ROADWAY AT CROSSWALK,Yes,SUSPECTED MINOR INJURY,NONE,39.12294833,-77.17762,"(39.12294833, -77.17762)"
MCP2556001Y,180029461,Montgomery County Police,Injury Crash,06/14/2018 08:23:00 PM,Maryland (State),KEY WEST AVE,ENT TO BUSINESS,,N/A,BICYCLIST,STRAIGHT MOVEMENT ANGLE,CLEAR,DRY,DAYLIGHT,STOP SIGN,NONE DETECTED,NONE DETECTED,A71BA1EF-B9C9-471B-B470-53EE6206809A,BICYCLIST,Walking/Cycling on Sidewalk,NO IMPROPER ACTIONS,AT INTERSECTION MARKED CROSSWALK,No,POSSIBLE INJURY,NONE,39.10525667,-77.19488167,"(39.10525667, -77.19488167)"
MCP2923004F,180043454,Montgomery County Police,Injury Crash,08/31/2018 01:17:00 PM,Maryland (State),VEIRS MILL RD,GALT AVE,,N/A,PEDESTRIAN,OTHER,RAINING,WET,DAYLIGHT,NO CONTROLS,NONE DETECTED,UNKNOWN,1F050FE1-BA39-4FC4-AF2A-720229A62BEA,PEDESTRIAN,Cross/Enter not at Intersection,IN ROADWAY IMPROPERLY,ON ROADWAY NOT AT CROSSWALK,Yes,SUSPECTED SERIOUS INJURY,NONE,39.04122534,-77.05762066,"(39.04122534, -77.05762066)"
MCP24960037,220010506,Montgomery County Police,Injury Crash,03/11/2022 11:23:00 AM,Maryland (State),DARNESTOWN RD,MUDDY BRANCH RD,,N/A,BICYCLIST,SAME DIRECTION RIGHT TURN,CLEAR,DRY,DAYLIGHT,TRAFFIC SIGNAL,NONE DETECTED,NONE DETECTED,75B921E9-41CC-4E79-A2CB-1B12E8BBEB29,BICYCLIST,Walking/Riding w/Traffic,NO IMPROPER ACTIONS,SHOULDER,No,POSSIBLE INJURY,MC/BIKE HELMET,39.10272863,-77.22059213,"(39.10272863, -77.22059213)"
EJ7881001B,210031546,Gaithersburg Police Depar,Property Damage Crash,08/13/2021 09:55:00 PM,,,,132 ELLINGTON BLVD PARKING GARAGE,,PEDESTRIAN,SINGLE VEHICLE,CLEAR,,OTHER,NO CONTROLS,UNKNOWN,NONE DETECTED,2A9F2A31-1398-4DA5-9AEA-6CF170FA8081,PEDESTRIAN,Other,NO IMPROPER ACTIONS,OTHER,No,NO APPARENT INJURY,NONE,39.11479907,-77.20379432,"(39.11479907, -77.20379432)"
MCP27450028,190022858,Montgomery County Police,Injury Crash,05/15/2019 04:49:00 AM,County,WATKINS MILL RD,STEDWICK RD,,N/A,PEDESTRIAN,OTHER,CLEAR,DRY,DARK LIGHTS ON,FLASHING TRAFFIC SIGNAL,NONE DETECTED,N/A,6C6960B6-EF3B-4858-BAF1-54D4FD881133,PEDESTRIAN,Cross/Enter at Intersection,NO IMPROPER ACTIONS,ON ROADWAY AT CROSSWALK,No,POSSIBLE INJURY,N/A,39.17042,-77.20894833,"(39.17042, -77.20894833)"
DD5633006J,220004821,Rockville Police Departme,Injury Crash,02/04/2022 07:20:00 AM,County,ROTHGEB DR,ROTHGEB DR (BACK),,ROCKVILLE,PEDESTRIAN,SINGLE VEHICLE,N/A,DRY,DAYLIGHT,N/A,UNKNOWN,NONE DETECTED,B172C407-17F8-4E18-9D37-8D9A2AB8E0AA,PEDESTRIAN,Walking/Cycling on Sidewalk,NO IMPROPER ACTIONS,SIDEWALK,No,POSSIBLE INJURY,NONE,39.09748875,-77.13356118,"(39.09748875, -77.13356118)"
MCP2971000S,15052325,MONTGOMERY,Injury Crash,10/15/2015 10:23:00 AM,County,FENTON ST,COLESVILLE RD,,N/A,PEDESTRIAN,OTHER,CLEAR,DRY,DAYLIGHT,TRAFFIC SIGNAL,NONE DETECTED,NONE DETECTED,15C955AD-3201-4CC1-93F7-A5D34B7B0D8C,PEDESTRIAN,Cross/Enter at Intersection,NO IMPROPER ACTIONS,ON ROADWAY AT CROSSWALK,No,SUSPECTED MINOR INJURY,NONE,38.99747,-77.02671833,"(38.99747, -77.02671833)"
MCP2108000N,180063847,Montgomery County Police,Injury Crash,12/21/2018 04:15:00 PM,County,VICTORY LA,GAINSBOROUGH RD,,N/A,PEDESTRIAN,SINGLE VEHICLE,CLOUDY,WET,DAYLIGHT,STOP SIGN,,NONE DETECTED,CCDE8A05-8D11-4EBB-B534-86B0DF4E4750,PEDESTRIAN,Cross/Enter at Intersection,NO IMPROPER ACTIONS,ON ROADWAY AT CROSSWALK,No,SUSPECTED MINOR INJURY,NONE,39.0445,-77.17115833,"(39.0445, -77.17115833)"
MCP2450002L,190027276,Montgomery County Police,Injury Crash,06/06/2019 08:50:00 AM,,,,PARKING LOT OF 8720 CARROLL AVE,,PEDESTRIAN,OTHER,UNKNOWN,,DAYLIGHT,NO CONTROLS,N/A,N/A,3843ABC5-0954-46F8-B7E7-0A52E9532133,PEDESTRIAN,Walking to/from school,UNKNOWN,OTHER,No,POSSIBLE INJURY,N/A,38.997,-76.99190833,"(38.997, -76.99190833)"
MCP27530018,16039020,Montgomery County Police,Injury Crash,08/02/2016 09:15:00 AM,,,,"PARKING LOT OF 3876 INTERNATIONAL DRIVE, SILVER SPRING MD 20906",,OTHER,OTHER,CLEAR,,DAYLIGHT,NO CONTROLS,NONE DETECTED,NONE DETECTED,E0EDD0A5-0C05-43CB-B008-55D4469CEED6,OTHER,N/A,N/A,OTHER,No,NO APPARENT INJURY,N/A,39.103295,-77.07598,"(39.103295, -77.07598)"
MCP2686004S,210014141,Montgomery County Police,Injury Crash,04/15/2021 07:00:00 PM,Maryland (State),CLOPPER RD,LITTLE STAR DR (PROP),,N/A,BICYCLIST,STRAIGHT MOVEMENT ANGLE,CLEAR,DRY,DAYLIGHT,NO CONTROLS,NONE DETECTED,NONE DETECTED,6ED38EC8-E81A-4D20-B92B-FD000001D0F8,BICYCLIST,Walking/Cycling on Sidewalk,UNKNOWN,SIDEWALK,Unknown,SUSPECTED MINOR INJURY,MC/BIKE HELMET,39.15998316,-77.27747689,"(39.15998316, -77.27747689)"
MCP2564000V,15067154,MONTGOMERY,Injury Crash,12/31/2015 04:48:00 PM,,,,PARKING LOT OF 20044 GOSHEN RD,,PEDESTRIAN,STRAIGHT MOVEMENT ANGLE,CLEAR,,DARK LIGHTS ON,NO CONTROLS,NONE DETECTED,NONE DETECTED,84975DFB-E201-4B7B-A240-71C88E2B0DD2,PEDESTRIAN,Other,FAILURE TO YIELD RIGHT OF WAY,OTHER,Yes,SUSPECTED MINOR INJURY,NONE,39.18651008,-77.18803033,"(39.18651008, -77.18803033)"
MCP24110078,210034007,Montgomery County Police,Injury Crash,08/31/2021 12:08:00 PM,County,E JEFFERSON ST,ENT TO FEDERAL PLAZA SC,,N/A,PEDESTRIAN,SINGLE VEHICLE,CLEAR,DRY,DAYLIGHT,NO CONTROLS,NONE DETECTED,UNKNOWN,36B8D533-11DB-4758-89E6-0A855A77ABFA,PEDESTRIAN,Cross/Enter not at Intersection,DART DASH,ON ROADWAY NOT AT CROSSWALK,Yes,SUSPECTED MINOR INJURY,UNKNOWN,39.05808713,-77.12637551,"(39.05808713, -77.12637551)"
MCP27170078,16044459,Montgomery County Police,Injury Crash,08/31/2016 04:14:00 PM,County,WESTLAKE TERR,WESTLAKE DR,,N/A,PEDESTRIAN,OTHER,CLEAR,DRY,DAYLIGHT,TRAFFIC SIGNAL,NONE DETECTED,NONE DETECTED,79A27A94-4A14-45C9-9825-B744A4F24BA9,PEDESTRIAN,Cross/Enter at Intersection,NO IMPROPER ACTIONS,ON ROADWAY AT CROSSWALK,No,POSSIBLE INJURY,NONE,39.02707167,-77.14729667,"(39.02707167, -77.14729667)"
MCP2963001Q,180031057,Montgomery County Police,Injury Crash,06/24/2018 12:13:00 AM,US (State),GEORGIA AVE,SILVER SPRING AVE,,N/A,PEDESTRIAN,SINGLE VEHICLE,N/A,DRY,DARK LIGHTS ON,TRAFFIC SIGNAL,NONE DETECTED,NONE DETECTED,AE0921DB-C87B-417E-B037-F2862CBF90F1,PEDESTRIAN,Cross/Enter at Intersection,NO IMPROPER ACTIONS,ON ROADWAY AT CROSSWALK,No,NO APPARENT INJURY,NONE,38.99150833,-77.02672833,"(38.99150833, -77.02672833)"
DD5603004V,170541834,Rockville Police Departme,Injury Crash,11/09/2017 11:35:00 AM,Municipality,MT VERNON PL,BLANDFORD ST,,ROCKVILLE,PEDESTRIAN,OTHER,RAINING,WET,DAYLIGHT,NO CONTROLS,NONE DETECTED,NONE DETECTED,73ABBABA-085C-45DA-8C38-0E3515533E46,PEDESTRIAN,Standing,NO IMPROPER ACTIONS,SIDEWALK,No,SUSPECTED MINOR INJURY,NONE,38.99753833,-77.10968667,"(38.99753833, -77.10968667)"
MCP25940040,180030195,Montgomery County Police,Injury Crash,06/14/2018 08:00:00 PM,County,PEACEFUL LA,MORNINGSIDE DR,,N/A,PEDESTRIAN,N/A,CLEAR,DRY,DAYLIGHT,NO CONTROLS,UNKNOWN,NONE DETECTED,F9F33A53-7E7C-4D76-802A-60E8F21767AA,PEDESTRIAN,N/A,OTHER,OTHER,No,SUSPECTED MINOR INJURY,NONE,39.1491525,-77.06667567,"(39.1491525, -77.06667567)"
MCP2601001D,230022004,Montgomery County Police,Injury Crash,05/08/2023 03:37:00 PM,County,FENTON ST,GIST AVE,,N/A,BICYCLIST,STRAIGHT MOVEMENT ANGLE,CLEAR,DRY,DAYLIGHT,STOP SIGN,NONE DETECTED,N/A,046184FC-BAFF-4E74-9716-7053B620D854,BICYCLIST,Cross/Enter at Intersection,NO IMPROPER ACTIONS,ON ROADWAY AT CROSSWALK,No,POSSIBLE INJURY,MC/BIKE HELMET,38.98881588,-77.02395068,"(38.98881588, -77.02395068)"
DD5630002S,200016957,Rockville Police Departme,Injury Crash,04/23/2020 02:58:00 PM,Maryland (State),ROCKVILLE PIKE,MONROE PL,,ROCKVILLE,OTHER,OTHER,RAINING,WET,DAYLIGHT,TRAFFIC SIGNAL,NONE DETECTED,NONE DETECTED,73032430-F706-476B-9D64-76B6785E82C1,OTHER,Cross/Enter at Intersection,FAILURE TO OBEY TRAFFIC SIGNS SIGNALS OR OFFICER,ON ROADWAY AT CROSSWALK,Yes,SUSPECTED MINOR INJURY,NONE,39.08357859,-77.14725333,"(39.08357859, -77.14725333)"
EJ7879002G,220041794,Gaithersburg Police Depar,Injury Crash,09/25/2022 08:00:00 PM,,,,15740 PARKING LOT,,PEDESTRIAN,SINGLE VEHICLE,CLEAR,,DARK LIGHTS ON,NO CONTROLS,NONE DETECTED,NONE DETECTED,48AE8C70-ECFA-4046-B1EA-E89C11240723,PEDESTRIAN,Walking/Riding against Traffic,NO IMPROPER ACTIONS,OTHER,No,POSSIBLE INJURY,NONE,39.1158314,-77.18728895,"(39.1158314, -77.18728895)"
MCP22780040,220048945,Montgomery County Police,Injury Crash,11/06/2022 10:59:00 AM,County,DEMOCRACY LA,BELLS MILL TERR,,N/A,PEDESTRIAN,OTHER,CLEAR,DRY,DAYLIGHT,NO CONTROLS,NONE DETECTED,NONE DETECTED,926E5792-E187-49CA-9766-C32313A345A5,PEDESTRIAN,Cross/Enter not at Intersection,DART DASH,ON ROADWAY NOT AT CROSSWALK,Yes,POSSIBLE INJURY,N/A,39.23423667,-77.28175833,"(39.23423667, -77.28175833)"
MCP1512001J,180031316,Montgomery County Police,Injury Crash,06/25/2018 05:25:00 PM,Municipality,SIOUX LA,GREAT SENECA HWY,,N/A,BICYCLIST,OTHER,N/A,DRY,DAYLIGHT,NO CONTROLS,NONE DETECTED,NONE DETECTED,0355CB62-C9F6-449A-A3F4-BB8E2E56943F,BICYCLIST,Cross/Enter at Intersection,FAILURE TO YIELD RIGHT OF WAY,SIDEWALK,Yes,SUSPECTED MINOR INJURY,MC/BIKE HELMET,39.13089667,-77.23984833,"(39.13089667, -77.23984833)"
MCP2771001Z,230017984,Montgomery County Police,Injury Crash,04/15/2023 01:30:00 PM,,,,PARKING LOT IN FRONT OF 3166 HEWITT AVENUE,,OTHER PEDALCYCLIST,OTHER,CLOUDY,,DAYLIGHT,N/A,N/A,N/A,FCD3E55D-C239-4984-A8F0-968187DB5E59,OTHER PEDALCYCLIST,Playing,DART DASH,OTHER,No,SUSPECTED SERIOUS INJURY,NONE,39.07925908,-77.06372679,"(39.07925908, -77.06372679)"
MCP2730000M,15059015,MONTGOMERY,Injury Crash,11/19/2015 05:30:00 AM,Maryland (State),GERMANTOWN RD,CRYSTAL ROCK DR,,N/A,PEDESTRIAN,OTHER,RAINING,WET,DARK LIGHTS ON,NO CONTROLS,N/A,N/A,4A201E9E-E1D0-4CE4-ACB8-0E8454E57D12,PEDESTRIAN,Walking/Cycling on Sidewalk,NO IMPROPER ACTIONS,SIDEWALK,No,SUSPECTED MINOR INJURY,N/A,39.18418,-77.26321,"(39.18418, -77.26321)"