Report Number,Local Case Number,Agency Name,ACRS Report Type,Crash Date/Time,Route Type,Road Name,Cross-Street Name,Off-Road Description,Municipality,Related Non-Motorist,Collision Type,Weather,Surface Condition,Light,Traffic Control,Driver Substance Abuse,Non-Motorist Substance Abuse,Person ID,Pedestrian Type,Pedestrian Movement,Pedestrian Actions,Pedestrian Location,At Fault,Injury Severity,Safety Equipment,Latitude,Longitude,Location
MCP3270000B,200033405,Montgomery County Police,Injury Crash,08/26/2020 08:28:00 PM,County,HAWKESBURY LA,RANDOLPH RD,,N/A,PEDESTRIAN,OTHER,CLEAR,DRY,DARK LIGHTS ON,N/A,NONE DETECTED,NONE DETECTED,2B1181F9-D4E8-47F7-8E53-C616272F43CB,PEDESTRIAN,Cross/Enter not at Intersection,IN ROADWAY IMPROPERLY,ON ROADWAY NOT AT CROSSWALK,Yes,SUSPECTED MINOR INJURY,NONE,39.06686167,-77.01981467,"(39.06686167, -77.01981467)"
MCP2563001P,230053355,Montgomery County Police,Fatal Crash,09/05/2023 09:24:00 PM,Maryland (State),NEW HAMPSHIRE AVE,CROSSOVER,,N/A,PEDESTRIAN,SINGLE VEHICLE,CLEAR,DRY,DARK NO LIGHTS,NO CONTROLS,NONE DETECTED,ALCOHOL CONTRIBUTED,305224B2-3BC3-4E9F-9E7A-9CF394FB9333,PEDESTRIAN,Standing,IN ROADWAY IMPROPERLY,ON ROADWAY NOT AT CROSSWALK,Yes,FATAL INJURY,NONE,39.0932821,-77.00101758,"(39.0932821, -77.00101758)"
MCP1291002X,200027688,Montgomery County Police,Injury Crash,07/16/2020 06:30:00 PM,,,,PARKINGLOT OF 404 RIDGEPOINTLA,,PEDESTRIAN,OTHER,CLEAR,,DAYLIGHT,NO CONTROLS,NONE DETECTED,NONE DETECTED,2CCF3647-84F9-4A88-A987-293828CCFC6F,PEDESTRIAN,Other,NO IMPROPER ACTIONS,OTHER,Unknown,POSSIBLE INJURY,NONE,39.12335833,-77.24761333,"(39.12335833, -77.24761333)"
MCP2552006S,230070457,Montgomery County Police,Injury Crash,12/07/2023 05:40:00 PM,County,SHADY GROVE RD,BRIARDALE RD,,N/A,PEDESTRIAN,OTHER,CLEAR,DRY,DARK LIGHTS ON,TRAFFIC SIGNAL,N/A,N/A,08B86F63-3808-4112-813B-2194DD4434F7,PEDESTRIAN,Cross/Enter at Intersection,NO IMPROPER ACTIONS,ON ROADWAY AT CROSSWALK,No,SUSPECTED MINOR INJURY,NONE,39.13371167,-77.15808833,"(39.13371167, -77.15808833)"
MCP2739004B,220037088,Montgomery County Police,Injury Crash,08/27/2022 04:00:00 PM,,,,PARKING LOT OF 13615 GEORGIA AVE SILVER SPRING MD 20906,,OTHER CONVEYANCE,STRAIGHT MOVEMENT ANGLE,CLEAR,,DAYLIGHT,NO CONTROLS,NONE DETECTED,NONE DETECTED,83B56F7C-0F95-4DB3-9DDC-13B8A50DB723,OTHER CONVEYANCE,Cross/Enter at Intersection,NO IMPROPER ACTIONS,DRIVEWAY ACCESS MARKED CROSSWALK,No,POSSIBLE INJURY,NONE,39.04453194,-76.9900027,"(39.04453194, -76.9900027)"
MCP289200FQ,230071957,Montgomery County Police,Injury Crash,12/15/2023 05:24:00 PM,,,,"825 WAYNE AVENUE
PARKING LOT",,PEDESTRIAN,HEAD ON,CLEAR,,DARK LIGHTS ON,NO CONTROLS,"ALCOHOL PRESENT, NONE DETECTED",NONE DETECTED,26AE007B-E21E-4A63-BB26-B5DD9AE7BBCA,PEDESTRIAN,Other,NO IMPROPER ACTIONS,OTHER,No,POSSIBLE INJURY,NONE,38.99686779,-77.02382004,"(38.99686779, -77.02382004)"
MCP2658001D,16061111,Montgomery County Police,Injury Crash,11/28/2016 06:45:00 PM,US (State),COLUMBIA PIKE,TECH RD,,N/A,PEDESTRIAN,SINGLE VEHICLE,CLEAR,DRY,DARK LIGHTS ON,TRAFFIC SIGNAL,NONE DETECTED,NONE DETECTED,C2DF6BC1-E0BD-4D05-B49D-8A9B726628A6,PEDESTRIAN,Walking/Cycling on Sidewalk,FAILURE TO OBEY TRAFFIC SIGNS SIGNALS OR OFFICER,AT INTERSECTION MARKED CROSSWALK,Yes,POSSIBLE INJURY,NONE,39.05784618,-76.96839496,"(39.05784618, -76.96839496)"
MCP2563000P,170548914,Montgomery County Police,Fatal Crash,12/16/2017 01:07:00 AM,Maryland (State),PINEY BRANCH RD,GARLAND AVE,,N/A,PEDESTRIAN,SINGLE VEHICLE,CLEAR,WET,DARK LIGHTS ON,NO CONTROLS,NONE DETECTED,UNKNOWN,D901E559-A7A5-4352-8023-841AF70373FA,PEDESTRIAN,Other,UNKNOWN,ON ROADWAY NOT AT CROSSWALK,Unknown,FATAL INJURY,NONE,38.99854692,-76.99953273,"(38.99854692, -76.99953273)"
MCP2686004V,210015714,Montgomery County Police,Injury Crash,04/27/2021 05:30:00 PM,,,,"PARKING LOT OF DSW WAREHOUSE, 12922 MIDDLEBROOK RD, GERMANTOWN MD 20874",,OTHER CONVEYANCE,SINGLE VEHICLE,CLEAR,,DAYLIGHT,N/A,N/A,NONE DETECTED,FAA3AF3C-11C0-4CE0-994A-EB164B7CA86C,OTHER CONVEYANCE,Unknown,UNKNOWN,OTHER,Unknown,SUSPECTED MINOR INJURY,NONE,39.18009466,-77.27085497,"(39.18009466, -77.27085497)"
MCP12210020,16007046,Montgomery County Police,Injury Crash,02/11/2016 07:52:00 AM,County,N SUMMIT AVE,PARK AVE,,GAITHERSBURG,PEDESTRIAN,SINGLE VEHICLE,CLEAR,DRY,DAYLIGHT,STOP SIGN,NONE DETECTED,NONE DETECTED,362D9FC4-66E0-400D-B969-68BE861B6655,PEDESTRIAN,Cross/Enter at Intersection,NO IMPROPER ACTIONS,ON ROADWAY AT CROSSWALK,No,SUSPECTED MINOR INJURY,NONE,39.14581167,-77.192245,"(39.14581167, -77.192245)"
MCP2986000K,16015043,Montgomery County Police,Injury Crash,03/27/2016 06:00:00 PM,County,E WAYNE AVE,FLOWER AVE,,N/A,OTHER,SINGLE VEHICLE,N/A,DRY,DUSK,NO CONTROLS,NONE DETECTED,NONE DETECTED,AD76393A-831F-4E8B-B70E-F7FBE63144CE,OTHER,N/A,NO IMPROPER ACTIONS,INSIDE BUILDING,No,NO APPARENT INJURY,NONE,39.00237833,-77.00699167,"(39.00237833, -77.00699167)"
MCP2740001X,16024977,Montgomery County Police,Injury Crash,05/19/2016 09:40:00 PM,Maryland (State),PINEY BRANCH RD,UNIVERSITY BLVD E,,N/A,PEDESTRIAN,SINGLE VEHICLE,CLEAR,DRY,DARK LIGHTS ON,TRAFFIC SIGNAL,NONE DETECTED,NONE DETECTED,501AE1CA-F78D-4753-91DE-50893635737E,PEDESTRIAN,Cross/Enter at Intersection,NO IMPROPER ACTIONS,ON ROADWAY AT CROSSWALK,No,SUSPECTED MINOR INJURY,N/A,38.9996788,-76.99525595,"(38.9996788, -76.99525595)"
MCP2832006C,210024021,Montgomery County Police,Property Damage Crash,06/23/2021 12:45:00 PM,Maryland (State),EAST WEST HWY,MEADOWBROOK LA,,N/A,BICYCLIST,SAME DIR REAR END,CLEAR,DRY,DAYLIGHT,PERSON,NONE DETECTED,NONE DETECTED,1C21A60B-569A-4655-9AE0-D005E5B58278,BICYCLIST,Cross/Enter at Intersection,FAILURE TO OBEY TRAFFIC SIGNS SIGNALS OR OFFICER,AT INTERSECTION MARKED CROSSWALK,Yes,NO APPARENT INJURY,MC/BIKE HELMET,38.99280667,-77.06045333,"(38.99280667, -77.06045333)"
DD5604002L,190005952,Rockville Police Departme,Injury Crash,02/06/2019 06:04:00 PM,Municipality,NELSON ST,AZALEA DR,,ROCKVILLE,PEDESTRIAN,OTHER,RAINING,WET,DARK LIGHTS ON,N/A,NONE DETECTED,NONE DETECTED,43FBAC98-C589-4446-8F7C-D3E7006EBD1B,PEDESTRIAN,N/A,DART DASH,ON ROADWAY AT CROSSWALK,No,SUSPECTED MINOR INJURY,N/A,39.09211,-77.17369,"(39.09211, -77.17369)"
MCP3132001W,190058472,Montgomery County Police,Injury Crash,12/04/2019 05:16:00 PM,County,WESTBARD AVE,CROWN ST,,N/A,PEDESTRIAN,OTHER,CLOUDY,DRY,DARK NO LIGHTS,N/A,N/A,N/A,2EE10F02-5D61-46DC-A608-93A98B0B6BEA,PEDESTRIAN,Cross/Enter not at Intersection,NO IMPROPER ACTIONS,ON ROADWAY AT CROSSWALK,No,SUSPECTED SERIOUS INJURY,NONE,38.959845,-77.10820667,"(38.959845, -77.10820667)"
MCP2767005X,190010497,Montgomery County Police,Injury Crash,03/06/2019 05:33:00 PM,,,,"PARKING LOT OF 11160 VEIRS MILL ROAD, WHEATON MD",,PEDESTRIAN,SINGLE VEHICLE,CLEAR,,DAYLIGHT,NO CONTROLS,NONE DETECTED,NONE DETECTED,123ACEA3-5B45-4E94-9503-E92C1D9D91B6,PEDESTRIAN,Cross/Enter not at Intersection,DART DASH,OUTSIDE RIGHT OF WAY,Yes,SUSPECTED MINOR INJURY,NONE,39.03570333,-77.05573833,"(39.03570333, -77.05573833)"
MCP28890028,17003697,Montgomery County Police,Injury Crash,01/21/2017 08:28:00 PM,,,,"PARKING LOT OF 11310 GEORGIA AVE SILVER SPRING, MD 20902",,PEDESTRIAN,OTHER,CLOUDY,,DARK LIGHTS ON,NO CONTROLS,NONE DETECTED,NONE DETECTED,C59F2E40-F93F-4AF8-861D-DA9C215B6A5C,PEDESTRIAN,Other,NO IMPROPER ACTIONS,SIDEWALK,No,POSSIBLE INJURY,NONE,39.0412,-77.05229833,"(39.0412, -77.05229833)"
MCP29910049,200029417,Montgomery County Police,Injury Crash,07/29/2020 10:45:00 AM,Maryland (State),NEW HAMPSHIRE AVE,MILLGROVE PL,,N/A,BICYCLIST,SINGLE VEHICLE,CLEAR,DRY,DAYLIGHT,NO CONTROLS,NONE DETECTED,NONE DETECTED,390771D3-FE01-42F2-B9EA-4E577A148D12,BICYCLIST,N/A,IMPROPER TURN MERGE,OTHER,Yes,POSSIBLE INJURY,N/A,39.14924967,-77.06642983,"(39.14924967, -77.06642983)"
MCP1433002K,190039187,Montgomery County Police,Injury Crash,08/16/2019 04:55:00 PM,Maryland (State),ROCKVILLE PIKE,ENT TO FEDERAL PLAZA S.C.,,N/A,BICYCLIST,SAME DIRECTION RIGHT TURN,CLEAR,DRY,DAYLIGHT,TRAFFIC SIGNAL,NONE DETECTED,NONE DETECTED,1FA8ED14-9438-4D63-88DF-EAB5EB3C102A,BICYCLIST,Cross/Enter at Intersection,NO IMPROPER ACTIONS,AT INTERSECTION MARKED CROSSWALK,No,SUSPECTED MINOR INJURY,NONE,39.057515,-77.120605,"(39.057515, -77.120605)"
MCP2094008J,170509552,Montgomery County Police,Injury Crash,05/24/2017 07:44:00 AM,County,WESTBARD AVE,WESTBARD CIR,,N/A,PEDESTRIAN,OTHER,CLOUDY,WET,DAYLIGHT,NO CONTROLS,NONE DETECTED,NONE DETECTED,48D59A83-9A90-40BF-894A-2B602162B679,PEDESTRIAN,Approach/Leaving Schoolbus,NO IMPROPER ACTIONS,ON ROADWAY AT CROSSWALK,No,SUSPECTED SERIOUS INJURY,N/A,38.96474476,-77.10705176,"(38.96474476, -77.10705176)"
MCP2363000J,15045070,Montgomery County Police,Fatal Crash,09/07/2015 05:54:00 AM,Maryland (State),FREDERICK RD,S WESTLAND DR,,GAITHERSBURG,PEDESTRIAN,SINGLE VEHICLE,CLEAR,DRY,DARK LIGHTS ON,TRAFFIC SIGNAL,N/A,NONE DETECTED,D911FD4C-C1B7-447F-ADD2-0E591A0E51BB,PEDESTRIAN,Cross/Enter at Intersection,UNKNOWN,ON ROADWAY AT CROSSWALK,Yes,FATAL INJURY,NONE,39.12599041,-77.18295693,"(39.12599041, -77.18295693)"
MCP3031004K,220047872,Montgomery County Police,Injury Crash,10/31/2022 06:00:00 PM,Maryland (State),LAYHILL RD,GLENALLAN AVE,,N/A,PEDESTRIAN,SINGLE VEHICLE,RAINING,WET,DARK LIGHTS ON,TRAFFIC SIGNAL,NONE DETECTED,NONE DETECTED,0617CD6B-F434-4059-99E9-65BC8B70EC09,PEDESTRIAN,Cross/Enter at Intersection,NO IMPROPER ACTIONS,AT INTERSECTION MARKED CROSSWALK,No,POSSIBLE INJURY,NONE,39.06333667,-77.050015,"(39.06333667, -77.050015)"
MCP2909000W,15065349,Montgomery County Police,Injury Crash,12/21/2015 06:46:00 PM,County,EDGEMOOR LA,ARLINGTON RD,,N/A,PEDESTRIAN,OTHER,CLEAR,DRY,DARK LIGHTS ON,TRAFFIC SIGNAL,NONE DETECTED,NONE DETECTED,68DA21B4-2489-47F9-A979-B92196F4E3D0,PEDESTRIAN,Cross/Enter at Intersection,NO IMPROPER ACTIONS,AT INTERSECTION MARKED CROSSWALK,No,SUSPECTED MINOR INJURY,NONE,38.98720167,-77.09895667,"(38.98720167, -77.09895667)"
MCP2686003D,190031559,Montgomery County Police,Injury Crash,07/02/2019 10:50:00 AM,Maryland (State),FIRST ST,GRANDIN AVE,,ROCKVILLE,BICYCLIST,STRAIGHT MOVEMENT ANGLE,CLEAR,DRY,DAYLIGHT,WARNING SIGN,N/A,N/A,F8954C6B-CC4F-4DAD-AE34-5927CED96C8F,BICYCLIST,Cross/Enter at Intersection,NO IMPROPER ACTIONS,AT INTERSECTION MARKED CROSSWALK,No,SUSPECTED MINOR INJURY,MC/BIKE HELMET,39.08103879,-77.13736851,"(39.08103879, -77.13736851)"
EJ7866007J,200002979,Gaithersburg Police Depar,Injury Crash,01/18/2020 09:51:00 AM,,,,501 N FREDERICK AVE,,PEDESTRIAN,SINGLE VEHICLE,CLOUDY,,DAYLIGHT,NO CONTROLS,NONE DETECTED,NONE DETECTED,44137629-04B0-464D-BE6B-94CEE5211907,PEDESTRIAN,Walking/Cycling on Sidewalk,NO IMPROPER ACTIONS,SIDEWALK,No,SUSPECTED MINOR INJURY,NONE,39.15100667,-77.209775,"(39.15100667, -77.209775)"
MCP2356002R,230013949,Montgomery County Police,Injury Crash,03/22/2023 10:15:00 AM,Maryland (State),HUNGERFORD DR,COLLEGE PKWY,,ROCKVILLE,PEDESTRIAN,SINGLE VEHICLE,CLEAR,DRY,DAYLIGHT,NO CONTROLS,N/A,N/A,917FCF9A-592B-4CD6-8A6E-23A2B90BF97F,PEDESTRIAN,Cross/Enter not at Intersection,IN ROADWAY IMPROPERLY,OUTSIDE RIGHT OF WAY,Yes,POSSIBLE INJURY,N/A,39.1010152,-77.15471508,"(39.1010152, -77.15471508)"
MCP20990004,180004560,Montgomery County Police,Injury Crash,01/26/2018 10:37:00 PM,Maryland (State),GEORGIA AVE,PRICE AVE,,N/A,PEDESTRIAN,SINGLE VEHICLE,CLEAR,DRY,DARK LIGHTS ON,N/A,ALCOHOL PRESENT,N/A,D6E30DE0-BA38-426F-97C4-1232D7F5A03E,PEDESTRIAN,Cross/Enter at Intersection,NO IMPROPER ACTIONS,ON ROADWAY AT CROSSWALK,No,SUSPECTED SERIOUS INJURY,N/A,39.04011833,-77.05133833,"(39.04011833, -77.05133833)"
EJ7873006G,220053209,Gaithersburg Police Depar,Injury Crash,10/12/2022 04:13:00 PM,Maryland (State),FREDERICK RD,MONTGOMERY AVE,,GAITHERSBURG,BICYCLIST,OTHER,CLEAR,DRY,DAYLIGHT,NO CONTROLS,UNKNOWN,NONE DETECTED,ACAA98AF-BD33-41D2-9F3E-C87FAA2A7502,BICYCLIST,Walking/Cycling on Sidewalk,NO IMPROPER ACTIONS,DRIVEWAY ACCESS MARKED CROSSWALK,No,SUSPECTED MINOR INJURY,UNKNOWN,39.1461514,-77.20414629,"(39.1461514, -77.20414629)"
DD5633006G,220001677,Rockville Police Departme,Injury Crash,01/14/2022 11:00:00 AM,Municipality,THOMPSON AVE,ROCKVILLE PIKE,,N/A,PEDESTRIAN,SINGLE VEHICLE,CLOUDY,DRY,DAYLIGHT,STOP SIGN,NONE DETECTED,NONE DETECTED,9F7A5A60-05FF-4068-A764-F67CDC282FEB,PEDESTRIAN,Cross/Enter at Intersection,NO IMPROPER ACTIONS,ON ROADWAY AT CROSSWALK,No,POSSIBLE INJURY,N/A,39.05937798,-77.12165963,"(39.05937798, -77.12165963)"
MCP32800029,220028685,Montgomery County Police,Injury Crash,07/04/2022 02:12:00 PM,Maryland (State),SANDY SPRING RD,DINO DR,,N/A,"BICYCLIST, OTHER",ANGLE MEETS RIGHT TURN,CLEAR,DRY,DAYLIGHT,TRAFFIC SIGNAL,NONE DETECTED,N/A,136559C1-479F-4C07-9B4F-B3F13512E6F1,OTHER,N/A,N/A,N/A,No,NO APPARENT INJURY,N/A,39.10874,-76.92343667,"(39.10874, -76.92343667)"
MCP2919008Z,220001171,Montgomery County Police,Injury Crash,01/10/2022 06:40:00 PM,Maryland (State),PINEY BRANCH RD,ARLISS ST,,N/A,PEDESTRIAN,STRAIGHT MOVEMENT ANGLE,CLEAR,DRY,DARK LIGHTS ON,N/A,NONE DETECTED,NONE DETECTED,36EE2F6F-03DC-4B0A-8BB3-70D5039FB81B,PEDESTRIAN,Cross/Enter not at Intersection,FAILURE TO YIELD RIGHT OF WAY,ON ROADWAY NOT AT CROSSWALK,Yes,POSSIBLE INJURY,NONE,38.998555,-77.00186167,"(38.998555, -77.00186167)"
HA2372000X,18001064,Maryland-National Capital,Injury Crash,08/13/2018 11:19:00 AM,Government,LITTLE FALLS PKWY,ARLINGTON RD,,N/A,PEDESTRIAN,OTHER,CLEAR,DRY,DAYLIGHT,STOP SIGN,NONE DETECTED,UNKNOWN,8710EFF5-E9A4-4944-AE39-A9333039E9F4,PEDESTRIAN,Cross/Enter at Intersection,DART DASH,ON ROADWAY AT CROSSWALK,Yes,SUSPECTED MINOR INJURY,UNKNOWN,38.97334695,-77.10107312,"(38.97334695, -77.10107312)"
MCP2278000N,15029053,Montgomery County Police,Injury Crash,06/15/2015 06:06:00 AM,Maryland (State),OLD GEORGETOWN RD,OAKMONT AVE,,N/A,BICYCLIST,OTHER,CLEAR,DRY,DAYLIGHT,TRAFFIC SIGNAL,NONE DETECTED,NONE DETECTED,FFBDDF2B-C193-4646-8E34-EC578C16A089,BICYCLIST,Walking/Riding against Traffic,IN ROADWAY IMPROPERLY,ON ROADWAY NOT AT CROSSWALK,,SUSPECTED SERIOUS INJURY,MC/BIKE HELMET,39.0042447,-77.11063385,"(39.0042447, -77.11063385)"
MCP09420038,210027625,Montgomery County Police,Injury Crash,07/17/2021 12:58:00 PM,County,WOODMONT AVE,NORFOLK AVE,,N/A,"OTHER CONVEYANCE, PEDESTRIAN",OTHER,CLEAR,DRY,DAYLIGHT,NO CONTROLS,,NONE DETECTED,E3BCF622-96B9-42F2-9B86-08F1A3494D30,OTHER CONVEYANCE,N/A,NO IMPROPER ACTIONS,ON ROADWAY NOT AT CROSSWALK,No,NO APPARENT INJURY,NONE,38.98796734,-77.09609225,"(38.98796734, -77.09609225)"
MCP3230003Z,230001120,Montgomery County Police,Injury Crash,01/07/2023 08:26:00 PM,County,VEIRS MILL RD,CLEARFIELD RD,,N/A,PEDESTRIAN,SINGLE VEHICLE,CLEAR,DRY,DARK LIGHTS ON,NO CONTROLS,UNKNOWN,NONE DETECTED,2EBB1BE3-9627-4EAD-9C54-52F22D7DCECD,PEDESTRIAN,Cross/Enter not at Intersection,DART DASH,ON ROADWAY NOT AT CROSSWALK,Yes,SUSPECTED MINOR INJURY,N/A,39.05858248,-77.08732751,"(39.05858248, -77.08732751)"
MCP31650046,220048786,Montgomery County Police,Property Damage Crash,11/05/2022 10:00:00 AM,Maryland (State),SANDY SPRING RD,ENT TO BUSINESS,,N/A,BICYCLIST,OTHER,CLEAR,DRY,DAYLIGHT,NO CONTROLS,NONE DETECTED,NONE DETECTED,E3114F65-9718-4ED7-BED6-3018E17BD6A5,BICYCLIST,Walking/Riding w/Traffic,NO IMPROPER ACTIONS,SHOULDER,No,NO APPARENT INJURY,N/A,39.110698,-76.93398367,"(39.110698, -76.93398367)"
MCP1378005C,15015058,Montgomery County Police,Injury Crash,04/01/2015 07:01:00 PM,County,LOST KNIFE RD,ODENDHAL AVE,,N/A,PEDESTRIAN,SINGLE VEHICLE,CLEAR,DRY,DAYLIGHT,N/A,NONE DETECTED,NONE DETECTED,48845237-1F02-4002-BF15-B745B4B1E811,PEDESTRIAN,Cross/Enter at Intersection,NO IMPROPER ACTIONS,ON ROADWAY AT CROSSWALK,,SUSPECTED SERIOUS INJURY,N/A,39.15316333,-77.19888,"(39.15316333, -77.19888)"
MCP3274001D,220033845,Montgomery County Police,Injury Crash,08/06/2022 09:31:00 PM,,,,PARKING GARAGE (1ST LEVEL) AT 5225 POOKS HILL RD,,PEDESTRIAN,N/A,CLEAR,,DARK LIGHTS ON,NO CONTROLS,NONE DETECTED,NONE DETECTED,A98D06DE-2973-4ED4-9911-048F65242CDA,PEDESTRIAN,Other,OTHER,OTHER,Yes,SUSPECTED SERIOUS INJURY,NONE,39.01609833,-77.10572333,"(39.01609833, -77.10572333)"
MCP32200035,220044009,Montgomery County Police,Injury Crash,10/08/2022 02:10:00 PM,,,,INSIDE EXTRA SPACE STORAGE FACILITY LOCATED AT 18920 EARHART CT.,,PEDESTRIAN,SINGLE VEHICLE,CLEAR,,DAYLIGHT,NO CONTROLS,,NONE DETECTED,5C66CFE9-BE92-4DE3-99EC-19AD694B9D1A,PEDESTRIAN,Standing,INATTENTIVE,OTHER,Unknown,POSSIBLE INJURY,NONE,39.16866679,-77.17357839,"(39.16866679, -77.17357839)"
MCP3129006M,230013407,Montgomery County Police,Injury Crash,03/20/2023 08:14:00 AM,County,NORTH GATE DR,BEL PRE RD,,N/A,PEDESTRIAN,OTHER,CLEAR,DRY,DAYLIGHT,NO CONTROLS,NONE DETECTED,NONE DETECTED,76A10D2C-E932-46D8-87A6-6DDEACFBDB18,PEDESTRIAN,Cross/Enter at Intersection,NO IMPROPER ACTIONS,ON ROADWAY AT CROSSWALK,No,SUSPECTED MINOR INJURY,NONE,39.09040688,-77.05123322,"(39.09040688, -77.05123322)"
MCP2516003C,210009574,Montgomery County Police,Injury Crash,03/14/2021 02:12:00 PM,Maryland (State),GREAT SENECA HWY,QUEENSTOWN LA,,N/A,PEDESTRIAN,N/A,CLEAR,DRY,DAYLIGHT,TRAFFIC SIGNAL,N/A,N/A,E1B761BD-7151-4165-9CE7-08D3E08BCAD8,PEDESTRIAN,Cross/Enter at Intersection,NO IMPROPER ACTIONS,AT INTERSECTION MARKED CROSSWALK,No,POSSIBLE INJURY,N/A,39.15341511,-77.27825728,"(39.15341511, -77.27825728)"
MCP26890010,15041061,MONTGOMERY,Injury Crash,08/17/2015 10:25:00 AM,Maryland (State),ROCKVILLE PIKE,TALBOTT ST,,ROCKVILLE,BICYCLIST,STRAIGHT MOVEMENT ANGLE,CLEAR,DRY,DAYLIGHT,NO CONTROLS,NONE DETECTED,NONE DETECTED,BAFFA8C7-DF9F-4639-8BDF-7B8CBFCF422B,BICYCLIST,Walking/Cycling on Sidewalk,NO IMPROPER ACTIONS,SIDEWALK,No,SUSPECTED MINOR INJURY,NONE,39.07171185,-77.13299274,"(39.07171185, -77.13299274)"
DD5502004Y,190010874,Rockville Police Departme,Injury Crash,03/08/2019 07:26:00 AM,Municipality,E MIDDLE LA,CROSSOVER,,N/A,PEDESTRIAN,OTHER,SNOW,WET,DUSK,YIELD SIGN,NONE DETECTED,NONE DETECTED,FFD1EA75-592F-47E3-B284-0CDABA679B1B,PEDESTRIAN,Cross/Enter at Intersection,NO IMPROPER ACTIONS,ON ROADWAY AT CROSSWALK,No,SUSPECTED MINOR INJURY,N/A,39.08514158,-77.15002358,"(39.08514158, -77.15002358)"
MCP2813002R,17004807,Montgomery County Police,Injury Crash,01/27/2017 07:23:00 PM,County,EISNER ST,EDGEWOOD AVE,,N/A,PEDESTRIAN,SINGLE VEHICLE,CLEAR,DRY,DARK NO LIGHTS,NO CONTROLS,N/A,N/A,43F46101-0A07-4A54-85F7-1D6880D0F899,PEDESTRIAN,Cross/Enter at Intersection,NO IMPROPER ACTIONS,AT INTERSECTION BUT NO CROSSWALK,No,POSSIBLE INJURY,N/A,39.03024167,-77.02002833,"(39.03024167, -77.02002833)"
MCP13780040,15003250,Montgomery County Police,Injury Crash,01/20/2015 06:53:00 PM,,,,PARKING LOT OF 9235 HUMMINGBIRD TERR,,PEDESTRIAN,SINGLE VEHICLE,CLOUDY,,DARK LIGHTS ON,N/A,NONE DETECTED,NONE DETECTED,9D01B1C8-C8CC-4243-AD66-28049C4CC06E,PEDESTRIAN,Other,NO IMPROPER ACTIONS,OTHER,,SUSPECTED MINOR INJURY,N/A,39.16101167,-77.190915,"(39.16101167, -77.190915)"
MCP2420002Q,170538598,Montgomery County Police,Injury Crash,10/24/2017 06:24:00 PM,,,,PARKING LOT OF 14014  CONNECTICUT AVE,,PEDESTRIAN,SINGLE VEHICLE,CLEAR,,DARK LIGHTS ON,NO CONTROLS,NONE DETECTED,NONE DETECTED,B06AC43D-68BC-43D5-8C72-A60D807EF3F7,PEDESTRIAN,Other,UNKNOWN,UNKNOWN,Unknown,SUSPECTED MINOR INJURY,NONE,39.08593706,-77.07625866,"(39.08593706, -77.07625866)"
MCP2339006T,220007845,Montgomery County Police,Injury Crash,03/02/2022 04:30:00 PM,County,E GUDE DR,CRABBS BRANCH WAY,,N/A,BICYCLIST,OTHER,CLEAR,DRY,DAYLIGHT,TRAFFIC SIGNAL,N/A,N/A,63A84251-B207-4021-B8E3-EEF1B5D82544,BICYCLIST,Cross/Enter at Intersection,NO IMPROPER ACTIONS,ON ROADWAY AT CROSSWALK,No,SUSPECTED MINOR INJURY,UNKNOWN,39.10646067,-77.15212727,"(39.10646067, -77.15212727)"
MCP2682002F,200050689,Montgomery County Police,Injury Crash,12/24/2020 05:51:00 PM,,,,PARKING LOT OF 300 N FREDERICK AVE GAITHERSBURG MD 20877,,PEDESTRIAN,OTHER,CLOUDY,,DARK LIGHTS ON,STOP SIGN,UNKNOWN,NONE DETECTED,CD3F386B-83FB-46F4-AA0F-B2F335415E16,PEDESTRIAN,Walking/Cycling on Sidewalk,NO IMPROPER ACTIONS,DRIVEWAY ACCESS MARKED CROSSWALK,No,POSSIBLE INJURY,NONE,39.14492,-77.20322,"(39.14492, -77.20322)"
DD5606003J,16033858,Rockville Police Departme,Property Damage Crash,07/04/2016 07:21:00 PM,Municipality,BRADLEY AVE,BRADLEY CT,,ROCKVILLE,OTHER,OTHER,RAINING,WET,DUSK,NO CONTROLS,NONE DETECTED,N/A,0803FF75-B862-44F4-A455-F90D349CE0EB,OTHER,N/A,NO IMPROPER ACTIONS,N/A,No,NO APPARENT INJURY,N/A,39.07888311,-77.11747885,"(39.07888311, -77.11747885)"
MCP1205008K,220055351,Montgomery County Police,Injury Crash,12/14/2022 01:53:00 PM,Maryland (State),CONNECTICUT AVE,CHEVY CHASE COMMUNITY LIBRARY,,N/A,BICYCLIST,STRAIGHT MOVEMENT ANGLE,CLOUDY,DRY,DAYLIGHT,NO CONTROLS,NONE DETECTED,NONE DETECTED,3D06FF20-5022-4EFF-A2AE-88D2C4BE1576,BICYCLIST,Other,NO IMPROPER ACTIONS,DRIVEWAY ACCESS MARKED CROSSWALK,No,SUSPECTED MINOR INJURY,NONE,38.991215,-77.07686333,"(38.991215, -77.07686333)"
MCP2908001L,16018081,Montgomery County Police,Injury Crash,04/13/2016 02:42:00 PM,,,,"2 UNIVERSITY BLVD W SILVER SPRING, MD 20901

7-11 PARKING LOT",,PEDESTRIAN,SINGLE VEHICLE,CLEAR,,DAYLIGHT,NO CONTROLS,N/A,NONE DETECTED,A96B15FE-9B64-4A8E-9A1B-03ACD13254A9,PEDESTRIAN,Cross/Enter at Intersection,NO IMPROPER ACTIONS,SIDEWALK,No,POSSIBLE INJURY,NONE,39.02034,-77.01328667,"(39.02034, -77.01328667)"
MCP32760020,220025299,Montgomery County Police,Injury Crash,06/12/2022 11:59:00 PM,US (State),COLESVILLE RD,FENTON ST,,N/A,PEDESTRIAN,OTHER,CLEAR,DRY,DARK LIGHTS ON,TRAFFIC SIGNAL,NONE DETECTED,NONE DETECTED,74539BFA-5049-488D-9799-99C81790A8C4,PEDESTRIAN,Cross/Enter at Intersection,FAILURE TO YIELD RIGHT OF WAY,ON ROADWAY NOT AT CROSSWALK,Yes,SUSPECTED MINOR INJURY,N/A,38.99748321,-77.02703596,"(38.99748321, -77.02703596)"