Report Number,Local Case Number,Agency Name,ACRS Report Type,Crash Date/Time,Route Type,Road Name,Cross-Street Name,Off-Road Description,Municipality,Related Non-Motorist,Collision Type,Weather,Surface Condition,Light,Traffic Control,Driver Substance Abuse,Non-Motorist Substance Abuse,Person ID,Pedestrian Type,Pedestrian Movement,Pedestrian Actions,Pedestrian Location,At Fault,Injury Severity,Safety Equipment,Latitude,Longitude,Location
MCP3031002D,180021142,Montgomery County Police,Property Damage Crash,04/30/2018 12:00:00 AM,County,TIVOLI LAKE BLVD,TIVOLI LAKE CT,,N/A,OTHER,HEAD ON LEFT TURN,CLEAR,DRY,UNKNOWN,NO CONTROLS,UNKNOWN,N/A,68C64E06-4E80-4DCB-806F-B234C0E61B82,OTHER,N/A,NO IMPROPER ACTIONS,OTHER,No,NO APPARENT INJURY,N/A,39.06948833,-77.03499167,"(39.06948833, -77.03499167)"
DD56440029,220003614,Rockville Police Departme,Injury Crash,01/27/2022 04:10:00 PM,Municipality,CHAPMAN AVE,BOUIC AVE,,ROCKVILLE,PEDESTRIAN,OTHER,CLEAR,DRY,DAYLIGHT,STOP SIGN,NONE DETECTED,NONE DETECTED,5E40EFB2-828F-4AD3-BC11-84649440F2DE,PEDESTRIAN,Cross/Enter at Intersection,NO IMPROPER ACTIONS,ON ROADWAY AT CROSSWALK,No,SUSPECTED MINOR INJURY,NONE,39.06108889,-77.12089636,"(39.06108889, -77.12089636)"
MCP2866005S,190049843,Montgomery County Police,Injury Crash,10/17/2019 04:19:00 PM,County,MONTROSE AVE,WEYMOUTH ST,,N/A,PEDESTRIAN,SINGLE VEHICLE,CLEAR,DRY,DAYLIGHT,NO CONTROLS,NONE DETECTED,NONE DETECTED,4620236A-EB75-4841-BA12-0EC10A11833C,PEDESTRIAN,Cross/Enter not at Intersection,DART DASH,ON ROADWAY NOT AT CROSSWALK,Yes,SUSPECTED MINOR INJURY,NONE,39.02835348,-77.09771704,"(39.02835348, -77.09771704)"
MCP2353002Z,16050932,Montgomery County Police,Injury Crash,10/04/2016 11:40:00 AM,Maryland (State),RIVER RD,CAPITOL CRESCENT TRAIL BRIDGE,,N/A,PEDESTRIAN,SINGLE VEHICLE,CLEAR,DRY,DAYLIGHT,OTHER,NONE DETECTED,NONE DETECTED,00DC94D2-5F27-499D-85DD-D39EC5E150DB,PEDESTRIAN,Cross/Enter not at Intersection,NO IMPROPER ACTIONS,ON ROADWAY AT CROSSWALK,No,SUSPECTED SERIOUS INJURY,NONE,38.96444833,-77.10323833,"(38.96444833, -77.10323833)"
EJ7873005M,2200012634,Gaithersburg Police Depar,Injury Crash,03/24/2022 08:49:00 AM,,,,"PARKING LOT OF 220 GIRARD STREET GAITHERSBURG, MD 20877",,PEDESTRIAN,OTHER,CLOUDY,,DAYLIGHT,NO CONTROLS,UNKNOWN,NONE DETECTED,FEEB918E-01A9-49FE-BDDF-0105D5E559E0,PEDESTRIAN,Other,DART DASH,OTHER,Yes,POSSIBLE INJURY,N/A,39.14171512,-77.18314614,"(39.14171512, -77.18314614)"
MCP27660016,15014009,Montgomery County Police,Injury Crash,03/26/2015 07:49:00 PM,Maryland (State),GEORGIA AVE,CONNECTICUT AVE,,N/A,PEDESTRIAN,STRAIGHT MOVEMENT ANGLE,RAINING,WET,DARK NO LIGHTS,NO CONTROLS,NONE DETECTED,NONE DETECTED,2EFC3F8E-01FE-4223-A942-F2CB88CD40F2,PEDESTRIAN,Cross/Enter not at Intersection,NOT VISIBLE,ON ROADWAY AT CROSSWALK,,POSSIBLE INJURY,NONE,39.08396833,-77.07845,"(39.08396833, -77.07845)"
MCP2871006H,190058878,Montgomery County Police,Injury Crash,12/06/2019 04:57:00 PM,,,,PARKING LOT OF 10901 WESTLAKE DR,,PEDESTRIAN,SINGLE VEHICLE,CLEAR,,DARK NO LIGHTS,STOP SIGN,NONE DETECTED,NONE DETECTED,425DDD14-3245-4770-A714-CCD9B7B53D5C,PEDESTRIAN,Cross/Enter at Intersection,FAILURE TO YIELD RIGHT OF WAY,AT INTERSECTION BUT NO CROSSWALK,Yes,SUSPECTED MINOR INJURY,NONE,39.035335,-77.14590667,"(39.035335, -77.14590667)"
MCP21210015,170537380,Montgomery County Police,Property Damage Crash,10/19/2017 01:55:00 PM,,,,"PARKING LOT OF 18911 PEACH TREE RD DICKERSON, MD 20842",,OTHER,OTHER,CLEAR,,DAYLIGHT,N/A,NONE DETECTED,NONE DETECTED,060AA460-5030-4CC7-9BAF-5E9F0AC24576,OTHER,Other,N/A,INSIDE BUILDING,No,NO APPARENT INJURY,N/A,39.16642236,-77.38878429,"(39.16642236, -77.38878429)"
MCP2398000J,15044798,MONTGOMERY,Injury Crash,09/06/2015 03:45:00 PM,County,SNOUFFERS SCHOOL RD,WOODFIELD RD,,N/A,PEDESTRIAN,STRAIGHT MOVEMENT ANGLE,CLEAR,DRY,DAYLIGHT,OTHER,UNKNOWN,NONE DETECTED,C96288A6-A168-48FE-A4BD-A144889E8201,PEDESTRIAN,Cross/Enter at Intersection,NO IMPROPER ACTIONS,ON ROADWAY AT CROSSWALK,No,SUSPECTED MINOR INJURY,NONE,39.1608978,-77.16340899,"(39.1608978, -77.16340899)"
MCP28460064,200028872,Montgomery County Police,Injury Crash,07/25/2020 12:24:00 PM,,,,12041 GEORGIA AVE (M&T BANK PARKING LOT),,BICYCLIST,SINGLE VEHICLE,CLEAR,,DAYLIGHT,NO CONTROLS,UNKNOWN,NONE DETECTED,15A645A6-516A-48F4-A27E-468D122B72C1,BICYCLIST,Walking/Cycling on Sidewalk,NO IMPROPER ACTIONS,SIDEWALK,No,SUSPECTED MINOR INJURY,NONE,39.05258193,-77.05031596,"(39.05258193, -77.05031596)"
DD5594001C,15050873,ROCKVILLE,Injury Crash,10/07/2015 05:07:00 PM,Municipality,FOREST AVE,HARRISON ST,,ROCKVILLE,BICYCLIST,OTHER,CLEAR,DRY,DAYLIGHT,NO CONTROLS,N/A,N/A,79DC17E3-F763-4BAB-9E5A-B547D91CE0E1,BICYCLIST,Cross/Enter not at Intersection,FAILURE TO YIELD RIGHT OF WAY,ON ROADWAY NOT AT CROSSWALK,Yes,POSSIBLE INJURY,MC/BIKE HELMET,39.08396833,-77.15315667,"(39.08396833, -77.15315667)"
EJ7864000F,16051641,Gaithersburg Police Depar,Injury Crash,10/07/2016 06:10:00 AM,Municipality,FIRSTFIELD RD,CLOPPER RD,,N/A,PEDESTRIAN,SINGLE VEHICLE,CLEAR,DRY,N/A,TRAFFIC SIGNAL,NONE DETECTED,NONE DETECTED,4AFB7ABF-0328-452B-9979-3A4FE79D3D4B,PEDESTRIAN,Cross/Enter at Intersection,DART DASH,ON ROADWAY NOT AT CROSSWALK,Yes,SUSPECTED MINOR INJURY,NONE,39.1437661,-77.22377881,"(39.1437661, -77.22377881)"
MCP2198008F,200047701,Montgomery County Police,Injury Crash,12/03/2020 07:06:00 PM,County,SHADY GROVE RD,CROSSOVER,,N/A,PEDESTRIAN,SINGLE VEHICLE,CLEAR,DRY,DARK LIGHTS ON,NO CONTROLS,N/A,N/A,4B1A33EB-885A-432A-A5AC-AACAE87A8757,PEDESTRIAN,Cross/Enter at Intersection,NO IMPROPER ACTIONS,AT INTERSECTION BUT NO CROSSWALK,No,POSSIBLE INJURY,N/A,39.120055,-77.18045216,"(39.120055, -77.18045216)"
MCP2546002K,180050432,Montgomery County Police,Injury Crash,10/09/2018 06:56:00 AM,Maryland (State),GEORGIA AVE,WENDY LA,,N/A,PEDESTRIAN,ANGLE MEETS RIGHT TURN,CLEAR,DRY,DAWN,NO CONTROLS,NONE DETECTED,NONE DETECTED,FB6D6D1B-BB93-45B8-B6FB-829294B67442,PEDESTRIAN,Standing,NO IMPROPER ACTIONS,SIDEWALK,No,POSSIBLE INJURY,N/A,39.078979,-77.07256,"(39.078979, -77.07256)"
EJ7854002Q,180064002,Gaithersburg Police Depar,Injury Crash,12/22/2018 12:27:00 PM,,,,880 RUSSELL AVE GAITHERSBURG MD PARKING LOT( COSTCO),,PEDESTRIAN,OTHER,N/A,,DAYLIGHT,NO CONTROLS,N/A,NONE DETECTED,E515D529-A666-4209-BF16-A6CCBF55D7F8,PEDESTRIAN,Getting off/on Vehicle,NO IMPROPER ACTIONS,OTHER,No,SUSPECTED MINOR INJURY,N/A,39.15531,-77.21383667,"(39.15531, -77.21383667)"
MCP27650015,15000583,Montgomery County Police,Injury Crash,01/04/2015 02:55:00 PM,,,,Parking lot of Giant Food (12051 Rockville Pike),,PEDESTRIAN,SINGLE VEHICLE,RAINING,,DAYLIGHT,NO CONTROLS,NONE DETECTED,NONE DETECTED,B0192567-A332-44AA-B745-26DEC4046E9B,PEDESTRIAN,Cross/Enter at Intersection,NO IMPROPER ACTIONS,ON ROADWAY AT CROSSWALK,,POSSIBLE INJURY,NONE,38.96282667,-77.08798333,"(38.96282667, -77.08798333)"
MCP2330000T,17012076,Montgomery County Police,Injury Crash,03/07/2017 07:18:00 PM,Maryland (State),GEORGIA AVE,PLYERS MILL RD,,N/A,PEDESTRIAN,OTHER,RAINING,WET,DARK NO LIGHTS,TRAFFIC SIGNAL,NONE DETECTED,NONE DETECTED,60712B9A-34E7-4F24-90C4-6F25ED6750E1,PEDESTRIAN,Cross/Enter at Intersection,NO IMPROPER ACTIONS,ON ROADWAY AT CROSSWALK,No,POSSIBLE INJURY,NONE,39.03002749,-77.04771996,"(39.03002749, -77.04771996)"
MCP2675001N,180011131,Montgomery County Police,Injury Crash,03/05/2018 05:34:00 AM,Maryland (State),UNIVERSITY BLVD W,AMHERST AVE,,N/A,PEDESTRIAN,STRAIGHT MOVEMENT ANGLE,N/A,DRY,DARK LIGHTS ON,FLASHING TRAFFIC SIGNAL,NONE DETECTED,NONE DETECTED,26F28AE7-2B58-4FA8-B741-D05E7EEC807C,PEDESTRIAN,Cross/Enter at Intersection,DART DASH,ON ROADWAY AT CROSSWALK,Yes,SUSPECTED SERIOUS INJURY,N/A,39.04130667,-77.04821833,"(39.04130667, -77.04821833)"
MCP2765001D,15022170,Montgomery County Police,Injury Crash,05/09/2015 08:42:00 PM,Maryland (State),DARNESTOWN RD,CROSSOVER,,N/A,PEDESTRIAN,SINGLE VEHICLE,CLEAR,DRY,DARK LIGHTS ON,TRAFFIC SIGNAL,NONE DETECTED,UNKNOWN,1238DAB5-A6B1-420B-B31D-6E0C5B55B552,PEDESTRIAN,Cross/Enter at Intersection,DART DASH,ON ROADWAY AT CROSSWALK,,POSSIBLE INJURY,NONE,39.11727152,-77.25116551,"(39.11727152, -77.25116551)"
MCP3111001P,190048267,Montgomery County Police,Property Damage Crash,10/08/2019 10:11:00 AM,Maryland (State),ROCKVILLE PIKE,CENTER DR,,N/A,PEDESTRIAN,SAME DIR REAR END,CLEAR,DRY,DAYLIGHT,TRAFFIC SIGNAL,NONE DETECTED,NONE DETECTED,1562C393-14B9-44AA-BB7B-6C8309B641FB,PEDESTRIAN,Cross/Enter at Intersection,NO IMPROPER ACTIONS,AT INTERSECTION MARKED CROSSWALK,No,NO APPARENT INJURY,NONE,38.99693893,-77.09671783,"(38.99693893, -77.09671783)"
MCP3111000G,180021653,Montgomery County Police,Injury Crash,05/01/2018 11:45:00 PM,,,,"PARKING LOT IN FRONT OF 1923 ROSEMARY HILLS DR, SILVER SPRING, MD 20910",,PEDESTRIAN,OTHER,CLEAR,,DARK LIGHTS ON,N/A,,NONE DETECTED,33E1B0A1-FE46-4292-8F74-4FC91B095329,PEDESTRIAN,Getting off/on Vehicle,NO IMPROPER ACTIONS,OTHER,No,POSSIBLE INJURY,NONE,38.99896333,-77.04298,"(38.99896333, -77.04298)"
MCP29540032,17010663,Montgomery County Police,Injury Crash,02/28/2017 09:31:00 AM,US (State),COLESVILLE RD,UNIVERSITY BLVD E,,N/A,PEDESTRIAN,SINGLE VEHICLE,CLEAR,DRY,DAYLIGHT,TRAFFIC SIGNAL,UNKNOWN,NONE DETECTED,F8689B85-1B5E-49F6-B20C-1A45D7D0BED1,PEDESTRIAN,Cross/Enter at Intersection,NO IMPROPER ACTIONS,ON ROADWAY AT CROSSWALK,No,POSSIBLE INJURY,N/A,39.01980052,-77.01337695,"(39.01980052, -77.01337695)"
MCP3303001S,230073589,Montgomery County Police,Injury Crash,12/25/2023 09:27:00 PM,County,GUNNERS BRANCH RD,FREDERICK RD,,N/A,PEDESTRIAN,SINGLE VEHICLE,CLEAR,DRY,DARK LIGHTS ON,NO CONTROLS,NONE DETECTED,NONE DETECTED,58FA60E1-F52A-4D43-AD67-3BC1BCA40242,PEDESTRIAN,Cross/Enter at Intersection,NO IMPROPER ACTIONS,ON ROADWAY AT CROSSWALK,No,NO APPARENT INJURY,NONE,39.17799305,-77.24060511,"(39.17799305, -77.24060511)"
DD561500F8,230014198,Rockville Police Departme,Injury Crash,03/24/2023 07:45:00 AM,Municipality,FLEET ST,PARK AVE,,ROCKVILLE,PEDESTRIAN,SINGLE VEHICLE,RAINING,WET,DAWN,NO CONTROLS,NONE DETECTED,NONE DETECTED,979A3F00-9E54-4D87-872C-69CCA738F786,PEDESTRIAN,Walking to/from school,NO IMPROPER ACTIONS,ON ROADWAY AT CROSSWALK,No,POSSIBLE INJURY,NONE,39.0800635,-77.14846033,"(39.0800635, -77.14846033)"
DD5641000Y,200021098,Rockville Police Departme,Injury Crash,05/28/2020 06:38:00 AM,Municipality,FALLSGROVE BLVD,PRETTYMAN DR,,ROCKVILLE,PEDESTRIAN,SINGLE VEHICLE,RAINING,WET,DUSK,STOP SIGN,NONE DETECTED,NONE DETECTED,FCE0D3BD-7D73-4FB1-9DE4-0E9B5D4E04AE,PEDESTRIAN,Cross/Enter at Intersection,NO IMPROPER ACTIONS,ON ROADWAY AT CROSSWALK,No,SUSPECTED MINOR INJURY,NONE,39.09632978,-77.19286117,"(39.09632978, -77.19286117)"
MCP289200FK,230066526,Montgomery County Police,Injury Crash,11/15/2023 04:05:00 PM,County,MANCHESTER RD,SCHUYLER RD,,N/A,PEDESTRIAN,SINGLE VEHICLE,CLEAR,DRY,DAYLIGHT,NO CONTROLS,NONE DETECTED,NONE DETECTED,259C7011-C181-4718-B7F8-5CC2069603C6,PEDESTRIAN,Playing,OTHER,ON ROADWAY NOT AT CROSSWALK,Unknown,SUSPECTED MINOR INJURY,NONE,39.00338,-77.01125667,"(39.00338, -77.01125667)"
DD5611004W,180027001,Rockville Police Departme,Injury Crash,06/01/2018 06:00:00 PM,Maryland (State),ROCKVILLE PIKE,TEMPLETON PL,,ROCKVILLE,PEDESTRIAN,SINGLE VEHICLE,CLEAR,DRY,DAYLIGHT,TRAFFIC SIGNAL,NONE DETECTED,NONE DETECTED,0721C381-9125-438C-938F-36784D329BE3,PEDESTRIAN,Cross/Enter at Intersection,IN ROADWAY IMPROPERLY,ON ROADWAY AT CROSSWALK,Yes,SUSPECTED SERIOUS INJURY,N/A,39.06671833,-77.12826333,"(39.06671833, -77.12826333)"
MCP2008000Y,15014625,Montgomery County Police,Injury Crash,03/30/2015 04:25:00 PM,Maryland (State),WISCONSIN AVE,LELAND ST,,N/A,PEDESTRIAN,OTHER,CLEAR,DRY,DAYLIGHT,N/A,N/A,NONE DETECTED,6D516516-1268-452B-822D-9BB1AB1CABF5,PEDESTRIAN,Standing,OTHER,ON ROADWAY NOT AT CROSSWALK,,POSSIBLE INJURY,N/A,38.97980167,-77.09194667,"(38.97980167, -77.09194667)"
DM8388003W,220013424,Takoma Park Police Depart,Injury Crash,03/29/2022 04:24:00 PM,Maryland (State),UNIVERSITY BLVD E,PRINCE GEORGES CO/L,,N/A,PEDESTRIAN,OTHER,N/A,DRY,DAYLIGHT,TRAFFIC SIGNAL,NONE DETECTED,NONE DETECTED,CDA2F307-4FE4-4A8D-AD8F-AB1118A2FC65,PEDESTRIAN,Cross/Enter at Intersection,NO IMPROPER ACTIONS,ON ROADWAY AT CROSSWALK,No,POSSIBLE INJURY,NONE,38.98797353,-76.9864275,"(38.98797353, -76.9864275)"
MCP9113002P,170517604,Montgomery County Police,Injury Crash,07/06/2017 11:58:00 AM,County,ASPEN HILL RD,VEIRS MILL RD,,N/A,PEDESTRIAN,OTHER,CLOUDY,DRY,DAYLIGHT,TRAFFIC SIGNAL,NONE DETECTED,NONE DETECTED,8C184ACE-14C6-44F4-9401-27B4CCDB6892,PEDESTRIAN,Cross/Enter at Intersection,NO IMPROPER ACTIONS,ON ROADWAY AT CROSSWALK,No,SUSPECTED SERIOUS INJURY,NONE,39.06949,-77.10465667,"(39.06949, -77.10465667)"
MCP285900BH,210042466,Montgomery County Police,Injury Crash,10/22/2021 10:50:00 AM,,,,"PARKING LOT 297 MUDDY BRANCH RD, GAITHERSBURG, MD 20878",,PEDESTRIAN,OTHER,CLEAR,,DAYLIGHT,NO CONTROLS,NONE DETECTED,NONE DETECTED,EDE3D255-AAA9-4CB5-9605-82166253EF9E,PEDESTRIAN,Other,NO IMPROPER ACTIONS,OTHER,No,POSSIBLE INJURY,NONE,39.12745,-77.20826167,"(39.12745, -77.20826167)"
MCP1048000Z,15050991,MONTGOMERY,Injury Crash,10/08/2015 10:30:00 AM,County,E GUDE DR,CRABBS BRANCH WAY,,N/A,OTHER,SAME DIR REAR END,CLEAR,DRY,DAYLIGHT,OTHER,N/A,N/A,96A8B40E-E918-4F95-AD35-52297F912725,OTHER,Other Working,NO IMPROPER ACTIONS,INSIDE BUILDING,No,POSSIBLE INJURY,N/A,39.10644667,-77.14993167,"(39.10644667, -77.14993167)"
DD56050073,190049295,Rockville Police Departme,Injury Crash,10/14/2019 02:00:00 PM,Maryland (State),ROCKVILLE PIKE,EDMONSTON DR,,ROCKVILLE,PEDESTRIAN,STRAIGHT MOVEMENT ANGLE,CLEAR,DRY,DAYLIGHT,TRAFFIC SIGNAL,NONE DETECTED,NONE DETECTED,13DF6548-8ACA-48EA-8075-35A1F3D056B2,PEDESTRIAN,Standing,NO IMPROPER ACTIONS,SIDEWALK,No,SUSPECTED SERIOUS INJURY,N/A,39.07450917,-77.13577483,"(39.07450917, -77.13577483)"
MCP10220054,16033362,Montgomery County Police,Injury Crash,07/01/2016 05:24:00 PM,County,LEAMAN FARM RD,ENT TO SHOPPING CTR,,N/A,PEDESTRIAN,SINGLE VEHICLE,CLEAR,DRY,DAYLIGHT,NO CONTROLS,NONE DETECTED,NONE DETECTED,5EB759FB-DD38-486B-BC09-844912E1B459,PEDESTRIAN,Cross/Enter not at Intersection,DART DASH,ON ROADWAY NOT AT CROSSWALK,Yes,SUSPECTED MINOR INJURY,N/A,39.15874667,-77.27947333,"(39.15874667, -77.27947333)"
MCP2687001M,16033547,Montgomery County Police,Injury Crash,07/02/2016 04:33:00 PM,Maryland (State),WILSON LA,CORDELL AVE,,N/A,PEDESTRIAN,OTHER,N/A,DRY,DAYLIGHT,NO CONTROLS,NONE DETECTED,NONE DETECTED,DA1C00DD-B9D8-4E50-990C-605EB5B98465,PEDESTRIAN,Cross/Enter not at Intersection,IN ROADWAY IMPROPERLY,ON ROADWAY NOT AT CROSSWALK,Yes,POSSIBLE INJURY,NONE,38.98731781,-77.0994705,"(38.98731781, -77.0994705)"
MCP32570052,220026008,Montgomery County Police,Injury Crash,06/16/2022 09:25:00 PM,,,,PARKING LOT OF 11601 BOILING BROOK PL,,PEDESTRIAN,SINGLE VEHICLE,CLEAR,,DARK LIGHTS ON,NO CONTROLS,NONE DETECTED,NONE DETECTED,B6FF466E-EC54-4B1A-A96E-D58DC1015322,PEDESTRIAN,Other,OTHER,OTHER,No,SUSPECTED MINOR INJURY,NONE,39.04673924,-77.09930908,"(39.04673924, -77.09930908)"
MCP3143000H,180050750,Montgomery County Police,Injury Crash,10/10/2018 04:51:00 PM,Maryland (State),ROCKVILLE PIKE,WILSON DR,,N/A,BICYCLIST,STRAIGHT MOVEMENT ANGLE,CLEAR,N/A,DAYLIGHT,TRAFFIC SIGNAL,NONE DETECTED,NONE DETECTED,2D98DA36-0581-49C7-A9F6-78BFD6B0CD35,BICYCLIST,Walking/Cycling on Sidewalk,NO IMPROPER ACTIONS,AT INTERSECTION MARKED CROSSWALK,No,SUSPECTED MINOR INJURY,MC/BIKE HELMET,39.002625,-77.097675,"(39.002625, -77.097675)"
MCP3030005J,230052692,Montgomery County Police,Injury Crash,09/01/2023 06:30:00 PM,County,SANGAMORE RD,BROOKES LA,,N/A,PEDESTRIAN,OTHER,CLEAR,DRY,DAYLIGHT,STOP SIGN,N/A,N/A,14FFAD0B-8EA0-4579-94A0-D4DF3F028D20,PEDESTRIAN,Cross/Enter at Intersection,NO IMPROPER ACTIONS,AT INTERSECTION MARKED CROSSWALK,No,SUSPECTED MINOR INJURY,N/A,38.94859333,-77.11984833,"(38.94859333, -77.11984833)"
MCP3206001Q,200010739,Montgomery County Police,Injury Crash,03/04/2020 08:05:00 AM,Maryland (State),PINEY BRANCH RD,POTOMAC AVE,,N/A,PEDESTRIAN,SINGLE VEHICLE,CLEAR,DRY,DAYLIGHT,OTHER,UNKNOWN,N/A,735F95E1-F824-4BE1-801D-33BB7C1613B6,PEDESTRIAN,Walking to/from school,N/A,ON ROADWAY AT CROSSWALK,No,POSSIBLE INJURY,N/A,38.98662524,-77.01347558,"(38.98662524, -77.01347558)"
MCP2970001Q,16033110,Montgomery County Police,Injury Crash,06/30/2016 01:34:00 PM,Maryland (State),UNIVERSITY BLVD W,DRUMM AVE,,N/A,PEDESTRIAN,SINGLE VEHICLE,CLEAR,DRY,DAYLIGHT,YIELD SIGN,N/A,N/A,27E55E3F-BAFE-410B-B967-D5CD24AC1A1A,PEDESTRIAN,Cross/Enter at Intersection,NO IMPROPER ACTIONS,ON ROADWAY AT CROSSWALK,No,NO APPARENT INJURY,N/A,39.03668,-77.06152,"(39.03668, -77.06152)"
MCP2212002F,170522534,Montgomery County Police,Injury Crash,08/02/2017 02:36:00 PM,County,PLUM ORCHARD DR,BROADBIRCH DR,,N/A,PEDESTRIAN,OTHER,CLEAR,DRY,DAYLIGHT,STOP SIGN,NONE DETECTED,NONE DETECTED,A035EDE6-ADB7-48DB-B7B4-9E8EB30792D5,PEDESTRIAN,Cross/Enter at Intersection,NO IMPROPER ACTIONS,MIDBLOCK MARKED CROSSWALK,No,SUSPECTED MINOR INJURY,N/A,39.05551761,-76.95732951,"(39.05551761, -76.95732951)"
MCP2031000H,15028940,Montgomery County Police,Injury Crash,06/14/2015 11:35:00 AM,Maryland (State),WOODFIELD RD,FIELDCREST RD,,N/A,BICYCLIST,STRAIGHT MOVEMENT ANGLE,CLEAR,DRY,DAYLIGHT,TRAFFIC SIGNAL,NONE DETECTED,NONE DETECTED,56F8661A-97DA-4C7B-932F-E0160E0FB303,BICYCLIST,Cross/Enter at Intersection,NO IMPROPER ACTIONS,MIDBLOCK MARKED CROSSWALK,,POSSIBLE INJURY,NONE,39.18533667,-77.151085,"(39.18533667, -77.151085)"
EJ78470011,15035006,GAITHERSBURG,Injury Crash,07/17/2015 12:33:00 AM,Maryland (State),S FREDERICK RD,W DEER PARK RD,,GAITHERSBURG,PEDESTRIAN,SINGLE VEHICLE,CLEAR,DRY,DARK LIGHTS ON,TRAFFIC SIGNAL,N/A,ILLEGAL DRUG PRESENT,450EFED1-3AE8-4E49-8CEA-AD5B037B0B44,PEDESTRIAN,Cross/Enter at Intersection,IN ROADWAY IMPROPERLY,ON ROADWAY NOT AT CROSSWALK,Yes,POSSIBLE INJURY,NONE,39.13183333,-77.188705,"(39.13183333, -77.188705)"
MCP2351001G,170534931,Montgomery County Police,Injury Crash,10/05/2017 02:38:00 PM,County,PARKLAWN DR,RANDOLPH RD,,N/A,PEDESTRIAN,OTHER,CLEAR,DRY,DAYLIGHT,TRAFFIC SIGNAL,NONE DETECTED,NONE DETECTED,07E5E1EA-91CC-4558-AC07-EFDB787CFB45,PEDESTRIAN,Cross/Enter at Intersection,UNKNOWN,AT INTERSECTION MARKED CROSSWALK,Unknown,POSSIBLE INJURY,N/A,39.06397,-77.117405,"(39.06397, -77.117405)"
MCP3125003G,220003457,Montgomery County Police,Injury Crash,01/26/2022 04:40:00 PM,Maryland (State),DARNESTOWN RD,MUDDY BRANCH RD,,N/A,PEDESTRIAN,SINGLE VEHICLE,CLEAR,DRY,DAYLIGHT,TRAFFIC SIGNAL,N/A,N/A,9FF9D603-5681-4BA8-A0E3-BED6D00D4183,PEDESTRIAN,Cross/Enter at Intersection,NO IMPROPER ACTIONS,ON ROADWAY AT CROSSWALK,No,POSSIBLE INJURY,NONE,39.10288,-77.220805,"(39.10288, -77.220805)"
MCP3039004Y,200023798,Montgomery County Police,Property Damage Crash,06/17/2020 06:00:00 PM,US (State),GEORGIA AVE,NW EASTERN AVE (DC MAINT),,N/A,PEDESTRIAN,OTHER,RAINING,WET,DAYLIGHT,TRAFFIC SIGNAL,UNKNOWN,NONE DETECTED,B7BD4AA3-489E-4D20-90B6-226F4C70048A,PEDESTRIAN,Cross/Enter at Intersection,NO IMPROPER ACTIONS,AT INTERSECTION BUT NO CROSSWALK,No,NO APPARENT INJURY,N/A,38.99099,-77.028035,"(38.99099, -77.028035)"
MCP0942000T,16036684,Montgomery County Police,Injury Crash,07/20/2016 09:48:00 AM,Government,CENTER DR,ROCKVILLE PIKE,,N/A,BICYCLIST,SINGLE VEHICLE,CLEAR,DRY,DAYLIGHT,TRAFFIC SIGNAL,NONE DETECTED,NONE DETECTED,D3823BF6-9827-4C54-AA46-998866E62264,BICYCLIST,Cross/Enter at Intersection,NO IMPROPER ACTIONS,ON ROADWAY AT CROSSWALK,No,SUSPECTED MINOR INJURY,MC/BIKE HELMET,38.996685,-77.096815,"(38.996685, -77.096815)"
MCP3227004G,230023344,Montgomery County Police,Property Damage Crash,05/15/2023 06:02:00 PM,US (State),COLUMBIA PIKE,ENT TO BURNT MILLS SHOPPING CENTER,,N/A,PEDESTRIAN,SINGLE VEHICLE,CLEAR,DRY,DAYLIGHT,TRAFFIC SIGNAL,NONE DETECTED,NONE DETECTED,08CFA77B-C5C0-4BF9-8EEE-0544BF352E8D,PEDESTRIAN,Cross/Enter at Intersection,NO IMPROPER ACTIONS,ON ROADWAY AT CROSSWALK,No,NO APPARENT INJURY,N/A,39.03123795,-77.00460695,"(39.03123795, -77.00460695)"
MCP2492000V,170541937,Montgomery County Police,Fatal Crash,11/09/2017 06:40:00 PM,US (State),COLUMBIA PIKE,HILLWOOD DR,,N/A,PEDESTRIAN,OTHER,RAINING,WET,DARK LIGHTS ON,NO CONTROLS,NONE DETECTED,UNKNOWN,6C326AE8-EF66-4D76-8785-0A8ADB303CD9,PEDESTRIAN,Unknown,UNKNOWN,ON ROADWAY NOT AT CROSSWALK,Unknown,FATAL INJURY,NONE,39.03231522,-77.00382024,"(39.03231522, -77.00382024)"
MCP2639009T,200039284,Montgomery County Police,Injury Crash,10/06/2020 07:30:00 AM,Maryland (State),LAYHILL RD,BRIGGS RD,,N/A,PEDESTRIAN,STRAIGHT MOVEMENT ANGLE,CLEAR,DRY,DAYLIGHT,TRAFFIC SIGNAL,NONE DETECTED,NONE DETECTED,E3E61B0E-2248-4358-8D5C-27193EB97CC6,PEDESTRIAN,Cross/Enter at Intersection,NO IMPROPER ACTIONS,SIDEWALK,No,POSSIBLE INJURY,NONE,39.06889333,-77.045155,"(39.06889333, -77.045155)"
MCP3372001M,230061088,Montgomery County Police,Injury Crash,10/17/2023 03:21:00 PM,County,VEIRS MILL RD,GAYNOR RD,,N/A,PEDESTRIAN,N/A,CLEAR,DRY,DAYLIGHT,WARNING SIGN,NONE DETECTED,NONE DETECTED,9A0AC4C4-B095-4526-A74E-B1DD159B1562,PEDESTRIAN,Cross/Enter at Intersection,N/A,ON ROADWAY AT CROSSWALK,No,SUSPECTED MINOR INJURY,N/A,39.06165063,-77.09202394,"(39.06165063, -77.09202394)"
MCP1168000G,16005415,Montgomery County Police,Injury Crash,02/02/2016 10:01:00 AM,Maryland (State),GEORGIA AVE,CONNECTICUT AVE,,N/A,PEDESTRIAN,OTHER,CLEAR,WET,DAYLIGHT,NO CONTROLS,NONE DETECTED,ALCOHOL PRESENT,04B97FBF-6168-468E-B920-D06C512B47E1,PEDESTRIAN,Other,IN ROADWAY IMPROPERLY,ON ROADWAY NOT AT CROSSWALK,Yes,SUSPECTED MINOR INJURY,N/A,39.08397741,-77.07787201,"(39.08397741, -77.07787201)"