Report Number,Local Case Number,Agency Name,ACRS Report Type,Crash Date/Time,Route Type,Road Name,Cross-Street Name,Off-Road Description,Municipality,Related Non-Motorist,Collision Type,Weather,Surface Condition,Light,Traffic Control,Driver Substance Abuse,Non-Motorist Substance Abuse,Person ID,Pedestrian Type,Pedestrian Movement,Pedestrian Actions,Pedestrian Location,At Fault,Injury Severity,Safety Equipment,Latitude,Longitude,Location
MCP28710034,16031610,Montgomery County Police,Injury Crash,06/22/2016 06:13:00 PM,County,WESTLAKE DR,WESTLAKE TERR,,N/A,BICYCLIST,OTHER,CLEAR,DRY,DAYLIGHT,STOP SIGN,NONE DETECTED,NONE DETECTED,0C80022B-DBBE-4944-B706-83F0F81E2A7F,BICYCLIST,Walking/Cycling on Sidewalk,NO IMPROPER ACTIONS,SIDEWALK,No,SUSPECTED MINOR INJURY,NONE,39.02851,-77.14758667,"(39.02851, -77.14758667)"
MCP3077001L,200024313,Montgomery County Police,Injury Crash,06/21/2020 07:02:00 PM,,,,PARKING LOT OF KITCHEN HOUSE WAY,,PEDESTRIAN,SINGLE VEHICLE,CLEAR,,DAYLIGHT,NO CONTROLS,N/A,N/A,5E0F3BBF-7B9F-436E-B1C0-047E8B6BA8D3,PEDESTRIAN,Playing,NO IMPROPER ACTIONS,CURB,Yes,SUSPECTED MINOR INJURY,N/A,39.15206333,-77.26689667,"(39.15206333, -77.26689667)"
MCP28460026,16039995,Montgomery County Police,Injury Crash,08/07/2016 09:45:00 AM,County,RANDOLPH RD,GEORGIA AVE,,N/A,PEDESTRIAN,SINGLE VEHICLE,CLEAR,DRY,DAYLIGHT,TRAFFIC SIGNAL,NONE DETECTED,NONE DETECTED,7F67E126-A3FD-4CAA-ADD8-CEF13C77ED51,PEDESTRIAN,Cross/Enter at Intersection,NO IMPROPER ACTIONS,ON ROADWAY AT CROSSWALK,No,SUSPECTED MINOR INJURY,NONE,39.05859333,-77.04772833,"(39.05859333, -77.04772833)"
MCP14170076,170505369,Montgomery County Police,Injury Crash,05/02/2017 07:36:00 AM,County,STEDWICK RD,MONTGOMERY VILLAGE AVE,,N/A,BICYCLIST,SINGLE VEHICLE,N/A,DRY,DAYLIGHT,TRAFFIC SIGNAL,NONE DETECTED,NONE DETECTED,38AB2F4E-D93D-4B3E-A6D3-D1B8F7123954,BICYCLIST,Cross/Enter at Intersection,OTHER,ON ROADWAY AT CROSSWALK,No,SUSPECTED MINOR INJURY,NONE,39.1697111,-77.20451251,"(39.1697111, -77.20451251)"
MCP3045000J,170515506,Montgomery County Police,Injury Crash,06/24/2017 06:46:00 AM,Maryland (State),BRADLEY BLVD,EWING DR,,N/A,BICYCLIST,HEAD ON LEFT TURN,CLEAR,WET,DAYLIGHT,NO CONTROLS,NONE DETECTED,NONE DETECTED,A98C05F9-6D3E-4AF1-A1A0-65728F8551E3,BICYCLIST,Cross/Enter at Intersection,N/A,SHARED USE PATH OR TRAILS,No,SUSPECTED SERIOUS INJURY,MC/BIKE HELMET,38.99439758,-77.12325096,"(38.99439758, -77.12325096)"
MCP1575003M,16009252,Montgomery County Police,Injury Crash,02/24/2016 02:59:00 PM,,,,PARKING LOT 1580 ROCKVILLE PIKE,,PEDESTRIAN,SINGLE VEHICLE,RAINING,,DAYLIGHT,NO CONTROLS,NONE DETECTED,NONE DETECTED,18974F40-4452-4387-BAB3-1B93ADA01229,PEDESTRIAN,Other,OTHER,OTHER,No,POSSIBLE INJURY,NONE,39.06457167,-77.12540667,"(39.06457167, -77.12540667)"
MCP11480023,180006406,Montgomery County Police,Injury Crash,01/12/2018 07:00:00 AM,County,WAVERLY ST,EAST WEST HWY (W/B COUPLET),,N/A,PEDESTRIAN,SINGLE VEHICLE,RAINING,WET,DARK LIGHTS ON,TRAFFIC SIGNAL,NONE DETECTED,NONE DETECTED,261C4681-5B7D-4DEA-B513-075167C53861,PEDESTRIAN,Cross/Enter at Intersection,NO IMPROPER ACTIONS,ON ROADWAY AT CROSSWALK,No,SUSPECTED MINOR INJURY,N/A,38.98368833,-77.09304667,"(38.98368833, -77.09304667)"
MCP3184002Y,230014378,Montgomery County Police,Injury Crash,03/24/2023 11:17:00 PM,Maryland (State),UNIVERSITY BLVD E,CARROLL AVE,,N/A,PEDESTRIAN,OTHER,RAINING,WET,UNKNOWN,UNKNOWN,UNKNOWN,ALCOHOL PRESENT,48D4171C-3019-4D2A-9262-BAA2930F18AC,PEDESTRIAN,Unknown,UNKNOWN,UNKNOWN,Unknown,SUSPECTED MINOR INJURY,UNKNOWN,38.99420635,-76.9925921,"(38.99420635, -76.9925921)"
MCP1227001Q,220046432,Montgomery County Police,Fatal Crash,10/22/2022 08:42:00 PM,County,MIDCOUNTY HWY,MILLER FALL RD,,N/A,PEDESTRIAN,SINGLE VEHICLE,CLEAR,DRY,DARK LIGHTS ON,NO CONTROLS,NONE DETECTED,ALCOHOL CONTRIBUTED,2E57EF8B-0C02-429D-AF23-902D2A093BE5,PEDESTRIAN,Other,UNKNOWN,ON ROADWAY NOT AT CROSSWALK,Yes,FATAL INJURY,N/A,39.14332532,-77.15997388,"(39.14332532, -77.15997388)"
MCP271700RC,19005871,Montgomery County Police,Injury Crash,12/05/2019 06:17:00 PM,County,TRAVILAH RD,MOLECULAR DR,,N/A,PEDESTRIAN,SINGLE VEHICLE,CLEAR,DRY,DARK LIGHTS ON,NO CONTROLS,NONE DETECTED,NONE DETECTED,05A1580D-F8A4-4C7C-B1AA-2BC3C72379E3,PEDESTRIAN,Cross/Enter not at Intersection,IN ROADWAY IMPROPERLY,ON ROADWAY NOT AT CROSSWALK,Yes,SUSPECTED SERIOUS INJURY,NONE,39.09233867,-77.21042967,"(39.09233867, -77.21042967)"
MCP2399002F,190011319,Montgomery County Police,Injury Crash,03/11/2019 07:55:00 PM,County,QUAIL VALLEY BLVD,SANDPIPER LA,,N/A,PEDESTRIAN,SINGLE VEHICLE,CLEAR,DRY,UNKNOWN,N/A,NONE DETECTED,NONE DETECTED,C2A6B53C-57A4-4328-8E76-5587C653367D,PEDESTRIAN,Cross/Enter at Intersection,UNKNOWN,AT INTERSECTION MARKED CROSSWALK,Yes,SUSPECTED MINOR INJURY,NONE,39.16097333,-77.18926167,"(39.16097333, -77.18926167)"
MCP13340027,15016083,Montgomery County Police,Injury Crash,04/07/2015 03:53:00 PM,County,LOST KNIFE RD,CONTOUR RD,,N/A,OTHER,SINGLE VEHICLE,CLOUDY,DRY,DAYLIGHT,N/A,NONE DETECTED,NONE DETECTED,08E06C38-3BF7-4F0E-82DB-8D2DCEB6C581,OTHER,Standing,NO IMPROPER ACTIONS,CURB,,SUSPECTED MINOR INJURY,N/A,39.15427462,-77.2002089,"(39.15427462, -77.2002089)"
MCP2492001R,220002081,Montgomery County Police,Fatal Crash,01/17/2022 05:37:00 PM,Maryland (State),NEW HAMPSHIRE AVE,ELTON RD,,N/A,PEDESTRIAN,OTHER,N/A,DRY,DARK LIGHTS ON,TRAFFIC SIGNAL,NONE DETECTED,UNKNOWN,3022BF97-E091-41CC-804C-94F74CB8B12E,PEDESTRIAN,Cross/Enter at Intersection,DART DASH,ON ROADWAY AT CROSSWALK,Yes,FATAL INJURY,N/A,39.01972333,-76.97678667,"(39.01972333, -76.97678667)"
MCP1301000R,17002582,Montgomery County Police,Fatal Crash,01/15/2017 11:49:00 AM,Maryland (State),GEORGIA AVE,REEDIE DR,,N/A,PEDESTRIAN,SINGLE VEHICLE,CLEAR,DRY,DAYLIGHT,TRAFFIC SIGNAL,NONE DETECTED,UNKNOWN,27BE6DE6-1CE3-4F0C-9771-CB5A71C43983,PEDESTRIAN,Cross/Enter at Intersection,UNKNOWN,ON ROADWAY AT CROSSWALK,Unknown,FATAL INJURY,N/A,39.03868633,-77.05080584,"(39.03868633, -77.05080584)"
MCP2845002Y,170518812,Montgomery County Police,Injury Crash,07/13/2017 08:20:00 AM,County,LORAIN AVE,UNIVERSITY BLVD W,,N/A,BICYCLIST,STRAIGHT MOVEMENT ANGLE,CLEAR,DRY,DAYLIGHT,STOP SIGN,NONE DETECTED,NONE DETECTED,C9B522B3-9DD6-46C2-A517-0AFF5BCF3C02,BICYCLIST,Cross/Enter at Intersection,DART DASH,SIDEWALK,Yes,SUSPECTED MINOR INJURY,NONE,39.02186833,-77.01506333,"(39.02186833, -77.01506333)"
DM8453000C,15030651,Takoma Park Police Depart,Injury Crash,06/23/2015 03:54:00 PM,,,,Entrance of Parking Lot,,BICYCLIST,HEAD ON,CLEAR,,DAYLIGHT,NO CONTROLS,NONE DETECTED,NONE DETECTED,AF3148B9-D69D-4824-A1CB-8B415C4250F0,BICYCLIST,Walking/Cycling on Sidewalk,FAILURE TO YIELD RIGHT OF WAY,SIDEWALK,,SUSPECTED MINOR INJURY,N/A,38.98126317,-77.01094151,"(38.98126317, -77.01094151)"
MCP93110013,170514222,Montgomery County Police,Injury Crash,06/17/2017 12:20:00 PM,Maryland (State),BRADLEY BLVD,DURBIN RD,,N/A,BICYCLIST,SAME DIRECTION SIDESWIPE,CLEAR,DRY,DAYLIGHT,NO CONTROLS,NONE DETECTED,NONE DETECTED,5582CD7C-D9A5-4866-A341-0DA5FAD19D9D,BICYCLIST,Walking/Riding w/Traffic,NO IMPROPER ACTIONS,SHOULDER,No,SUSPECTED MINOR INJURY,MC/BIKE HELMET,38.98351808,-77.11447477,"(38.98351808, -77.11447477)"
MCP2867003X,170503568,Montgomery County Police,Injury Crash,04/22/2017 02:13:00 PM,,,,"PARKING LOT IN FRONT OF 10107 COLESVILLE ROAD, SILVER SPRING, MARYLAND 20901",,PEDESTRIAN,SINGLE VEHICLE,CLOUDY,,DAYLIGHT,N/A,NONE DETECTED,NONE DETECTED,AD697FF1-F461-4C79-9F95-5238047D3334,PEDESTRIAN,Other,INATTENTIVE,OTHER,Yes,POSSIBLE INJURY,NONE,39.02032045,-77.01206267,"(39.02032045, -77.01206267)"
MCP14330044,220027715,Montgomery County Police,Injury Crash,06/27/2022 07:25:00 PM,,,,FEDERAL PLAZA SHOPPING CENTER 12266-E ROCKVILLE PIKE (TIGER SUGAR),,OTHER,SINGLE VEHICLE,CLEAR,,DAYLIGHT,N/A,NONE DETECTED,NONE DETECTED,0164D6D2-2BAD-44A6-8DA5-57715C379D02,OTHER,N/A,NO IMPROPER ACTIONS,INSIDE BUILDING,No,POSSIBLE INJURY,N/A,39.057375,-77.12152333,"(39.057375, -77.12152333)"
MCP235300CS,230073776,Montgomery County Police,Injury Crash,12/27/2023 06:38:00 AM,Maryland (State),ROCKVILLE PIKE,SOUTH DR,,N/A,PEDESTRIAN,SINGLE VEHICLE,CLEAR,WET,DARK LIGHTS ON,PERSON,NONE DETECTED,NONE DETECTED,C97E06AE-E6DF-41F5-ACED-98E045DFEB8C,PEDESTRIAN,Cross/Enter at Intersection,NO IMPROPER ACTIONS,ON ROADWAY AT CROSSWALK,No,POSSIBLE INJURY,NONE,38.99933367,-77.09701467,"(38.99933367, -77.09701467)"
MCP13780041,15003408,Montgomery County Police,Injury Crash,01/21/2015 02:56:00 PM,County,PLUM CREEK DR,WHIRLWIND CT,,N/A,PEDESTRIAN,SINGLE VEHICLE,CLOUDY,SNOW,DAYLIGHT,N/A,NONE DETECTED,NONE DETECTED,06E7FF4D-1018-4C92-AF64-25B1B56BA345,PEDESTRIAN,Walking/Riding w/Traffic,NO IMPROPER ACTIONS,ON ROADWAY NOT AT CROSSWALK,,POSSIBLE INJURY,N/A,39.19406667,-77.16626167,"(39.19406667, -77.16626167)"
MCP32320023,210027194,Montgomery County Police,Injury Crash,07/12/2021 07:52:00 PM,Maryland (State),OLNEY SANDY SPRING RD,BENTLEY RD,,N/A,BICYCLIST,STRAIGHT MOVEMENT ANGLE,CLEAR,DRY,DAYLIGHT,NO CONTROLS,UNKNOWN,NONE DETECTED,8FC592CC-0A0C-45A7-9E1E-97F6DA0499FD,BICYCLIST,Cross/Enter at Intersection,NO IMPROPER ACTIONS,SIDEWALK,No,POSSIBLE INJURY,UNKNOWN,39.14894587,-77.01859144,"(39.14894587, -77.01859144)"
MCP29860029,180005611,Montgomery County Police,Injury Crash,02/01/2018 09:41:00 PM,Maryland (State),NEW HAMPSHIRE AVE,ADELPHI RD,,N/A,BICYCLIST,SINGLE VEHICLE,RAINING,WET,DARK LIGHTS ON,TRAFFIC SIGNAL,UNKNOWN,NONE DETECTED,C2497D17-7716-4475-A38E-22A9ACE67013,BICYCLIST,Cross/Enter at Intersection,NO IMPROPER ACTIONS,ON ROADWAY AT CROSSWALK,No,SUSPECTED MINOR INJURY,NONE,39.01122333,-76.978115,"(39.01122333, -76.978115)"
MCP2845000X,15018338,Montgomery County Police,Injury Crash,04/19/2015 11:54:00 AM,County,LARISTON LA,LA GRANDE RD,,N/A,PEDESTRIAN,SINGLE VEHICLE,CLEAR,DRY,DAYLIGHT,NO CONTROLS,NONE DETECTED,NONE DETECTED,79CD1293-01BC-4835-BC78-099F288F3DF8,PEDESTRIAN,Walking/Riding against Traffic,NOT VISIBLE,ON ROADWAY NOT AT CROSSWALK,,POSSIBLE INJURY,N/A,39.02471833,-76.989235,"(39.02471833, -76.989235)"
DD5595008Z,200037063,Rockville Police Departme,Injury Crash,09/20/2020 07:15:00 PM,Municipality,FLEET ST,MONROE ST,,ROCKVILLE,PEDESTRIAN,SINGLE VEHICLE,CLEAR,DRY,DARK LIGHTS ON,TRAFFIC SIGNAL,UNKNOWN,N/A,BC45B69F-9A7A-4C3F-BE61-B0B86CAEEFBC,PEDESTRIAN,Cross/Enter not at Intersection,NO IMPROPER ACTIONS,ON ROADWAY AT CROSSWALK,No,SUSPECTED MINOR INJURY,N/A,39.07908603,-77.15081067,"(39.07908603, -77.15081067)"
MCP26590015,16041846,Montgomery County Police,Property Damage Crash,08/18/2016 12:45:00 AM,Maryland (State),GEORGIA AVE,COLESVILLE RD,,N/A,PEDESTRIAN,OTHER,RAINING,WET,DARK LIGHTS ON,TRAFFIC SIGNAL,NONE DETECTED,NONE DETECTED,4A6FBC7D-FBC7-49E1-8B03-84AA830ADBB4,PEDESTRIAN,Cross/Enter at Intersection,NO IMPROPER ACTIONS,ON ROADWAY AT CROSSWALK,No,NO APPARENT INJURY,NONE,38.99596167,-77.02816167,"(38.99596167, -77.02816167)"
MCP3226000R,200031559,Montgomery County Police,Property Damage Crash,08/13/2020 04:33:00 PM,County,EDNOR RD,HAW LA,,N/A,OTHER,SINGLE VEHICLE,CLEAR,DRY,DAYLIGHT,NO CONTROLS,NONE DETECTED,UNKNOWN,23B2A962-E62B-4CA3-A14D-05B51BE946B5,OTHER,Unknown,UNKNOWN,OTHER,No,NO APPARENT INJURY,N/A,39.13754267,-76.980728,"(39.13754267, -76.980728)"
DD5611003Z,170545096,Rockville Police Departme,Injury Crash,11/27/2017 07:30:00 AM,Maryland (State),ROCKVILLE PIKE,HALPINE RD,,ROCKVILLE,PEDESTRIAN,SINGLE VEHICLE,CLEAR,DRY,DAYLIGHT,TRAFFIC SIGNAL,NONE DETECTED,NONE DETECTED,A3A5BFFA-75CE-4542-85F7-5E720AFF961D,PEDESTRIAN,Cross/Enter at Intersection,NO IMPROPER ACTIONS,ON ROADWAY AT CROSSWALK,No,SUSPECTED MINOR INJURY,NONE,39.06155667,-77.1239,"(39.06155667, -77.1239)"
MCP23530048,170525299,Montgomery County Police,Injury Crash,08/17/2017 09:35:00 AM,,,,SEARS PARKINGLOT OF 7101 DEMOCRACY BLVD,,PEDESTRIAN,SINGLE VEHICLE,CLOUDY,,DAYLIGHT,N/A,NONE DETECTED,NONE DETECTED,38C31FB1-E8A4-4D46-9321-3811B410CB39,PEDESTRIAN,Standing,NO IMPROPER ACTIONS,OTHER,No,SUSPECTED MINOR INJURY,NONE,39.02520667,-77.14488,"(39.02520667, -77.14488)"
MCP3021003Y,190002414,Montgomery County Police,Injury Crash,01/16/2019 06:20:00 AM,Maryland (State),NEW HAMPSHIRE AVE,VENICE DR,,N/A,PEDESTRIAN,SINGLE VEHICLE,CLEAR,DRY,DARK LIGHTS ON,TRAFFIC SIGNAL,NONE DETECTED,NONE DETECTED,50D37285-9A55-4B86-89EA-124F38F85ACD,PEDESTRIAN,Cross/Enter at Intersection,FAILURE TO OBEY TRAFFIC SIGNS SIGNALS OR OFFICER,ON ROADWAY AT CROSSWALK,Yes,SUSPECTED MINOR INJURY,NONE,39.061495,-76.998745,"(39.061495, -76.998745)"
MCP2534001D,16034448,Montgomery County Police,Injury Crash,07/07/2016 06:32:00 PM,,,,PARKING LOT OF 13468 NEW HAMPSHIRE AVE,,PEDESTRIAN,SINGLE VEHICLE,CLEAR,,DAYLIGHT,N/A,NONE DETECTED,NONE DETECTED,9D410AAF-FD99-43AE-9E3B-FCD35B75495E,PEDESTRIAN,Other Working,INATTENTIVE,OTHER,Yes,SUSPECTED MINOR INJURY,NONE,39.07723,-77.00289,"(39.07723, -77.00289)"
MCP242500FG,190046147,Montgomery County Police,Injury Crash,09/26/2019 11:34:00 AM,Maryland (State),COLESVILLE RD,SECOND AVE,,N/A,PEDESTRIAN,SINGLE VEHICLE,N/A,DRY,DAYLIGHT,TRAFFIC SIGNAL,NONE DETECTED,NONE DETECTED,3A26A2EE-2B62-488E-8BF2-A6AD83C4A6C9,PEDESTRIAN,Cross/Enter at Intersection,NO IMPROPER ACTIONS,AT INTERSECTION MARKED CROSSWALK,No,SUSPECTED MINOR INJURY,NONE,38.99455167,-77.03069833,"(38.99455167, -77.03069833)"
MCP2686003Y,190060319,Montgomery County Police,Injury Crash,12/14/2019 05:08:00 PM,Maryland (State),GERMANTOWN RD,WISTERIA DR,,N/A,PEDESTRIAN,SINGLE VEHICLE,RAINING,WET,DARK LIGHTS ON,TRAFFIC SIGNAL,NONE DETECTED,NONE DETECTED,2EA3BFC9-EEF2-4453-A0E8-A4DD699484E5,PEDESTRIAN,Cross/Enter at Intersection,NO IMPROPER ACTIONS,ON ROADWAY AT CROSSWALK,No,SUSPECTED MINOR INJURY,NONE,39.17688167,-77.26978167,"(39.17688167, -77.26978167)"
MCP2981003T,210028122,Montgomery County Police,Property Damage Crash,07/20/2021 09:36:00 PM,County,ARCOLA AVE,HOYT ST,,N/A,BICYCLIST,STRAIGHT MOVEMENT ANGLE,CLEAR,DRY,DARK LIGHTS ON,OTHER,NONE DETECTED,NONE DETECTED,84587377-007E-4997-B89B-D5379DD937F1,BICYCLIST,Cross/Enter not at Intersection,NO IMPROPER ACTIONS,ON ROADWAY AT CROSSWALK,No,NO APPARENT INJURY,MC/BIKE HELMET,39.03658667,-77.02696333,"(39.03658667, -77.02696333)"
MCP26230025,15060091,MONTGOMERY,Injury Crash,11/24/2015 02:52:00 PM,County,CEDAR ST,WAYNE AVE,,N/A,BICYCLIST,OTHER,CLEAR,DRY,DAYLIGHT,TRAFFIC SIGNAL,NONE DETECTED,NONE DETECTED,F2AA8D51-0211-4F11-B6BE-9D35C009967A,BICYCLIST,Cross/Enter at Intersection,N/A,ON ROADWAY AT CROSSWALK,No,SUSPECTED MINOR INJURY,MC/BIKE HELMET,38.99713833,-77.02170833,"(38.99713833, -77.02170833)"
MCP30160018,170517188,Montgomery County Police,Injury Crash,07/03/2017 10:13:00 PM,Maryland (State),GREAT SENECA HWY,CLOPPER RD,,N/A,PEDESTRIAN,SINGLE VEHICLE,CLEAR,DRY,DARK LIGHTS ON,TRAFFIC SIGNAL,NONE DETECTED,NONE DETECTED,3262DC3E-59C0-4D01-BA21-E47EC366FDA3,PEDESTRIAN,Cross/Enter at Intersection,NO IMPROPER ACTIONS,AT INTERSECTION MARKED CROSSWALK,No,SUSPECTED SERIOUS INJURY,N/A,39.15955467,-77.27509717,"(39.15955467, -77.27509717)"
MCP2798004Y,220017143,Montgomery County Police,Injury Crash,04/22/2022 03:33:00 PM,,,,PARKING LOT OF 12204 EAGLES NEST DRIVE,,PEDESTRIAN,SINGLE VEHICLE,CLEAR,,DAYLIGHT,NO CONTROLS,UNKNOWN,NONE DETECTED,6ACCC548-8556-412D-B57E-3D5B59144D3A,PEDESTRIAN,Cross/Enter at Intersection,DART DASH,ON ROADWAY NOT AT CROSSWALK,Yes,SUSPECTED MINOR INJURY,NONE,39.16414831,-77.25150531,"(39.16414831, -77.25150531)"
MCP1227001M,220023880,Montgomery County Police,Injury Crash,06/03/2022 09:25:00 PM,County,MONTGOMERY VILLAGE AVE,WALKERS CHOICE RD,,N/A,PEDESTRIAN,SINGLE VEHICLE,CLEAR,DRY,DARK NO LIGHTS,TRAFFIC SIGNAL,NONE DETECTED,UNKNOWN,19CF2B07-9CD8-4EB0-A0E5-9F04F27C3697,PEDESTRIAN,Cross/Enter at Intersection,FAILURE TO OBEY TRAFFIC SIGNS SIGNALS OR OFFICER,ON ROADWAY NOT AT CROSSWALK,Yes,SUSPECTED SERIOUS INJURY,NONE,39.16146231,-77.20207556,"(39.16146231, -77.20207556)"
MCP2966001Q,16013189,MONTGOMERY,Injury Crash,03/17/2016 03:45:00 PM,,,,2921 N LEISURE WORLD BLVD,,PEDESTRIAN,SINGLE VEHICLE,CLEAR,,DAYLIGHT,NO CONTROLS,N/A,NONE DETECTED,59DF52AE-8FED-45DB-86B1-BEF5586E0C95,PEDESTRIAN,Getting off/on Vehicle,OTHER,OTHER,No,SUSPECTED MINOR INJURY,NONE,39.05828333,-77.04810667,"(39.05828333, -77.04810667)"
MCP25080009,15040442,MONTGOMERY,Injury Crash,08/13/2015 07:53:00 PM,County,PINNACLE DR,CENTURY BLVD,,N/A,PEDESTRIAN,SINGLE VEHICLE,CLEAR,DRY,DAWN,NO CONTROLS,NONE DETECTED,NONE DETECTED,B6976A40-914F-4E06-87DB-5500577B0E23,PEDESTRIAN,N/A,NOT VISIBLE,ON ROADWAY NOT AT CROSSWALK,No,SUSPECTED MINOR INJURY,NONE,39.183015,-77.266275,"(39.183015, -77.266275)"
MCP3080000Q,180026986,Montgomery County Police,Injury Crash,06/01/2018 04:43:00 PM,County,AIRCRAFT DR,GERMANTOWN RD,,N/A,PEDESTRIAN,N/A,CLEAR,DRY,DAYLIGHT,N/A,N/A,N/A,48865228-24E8-48DC-B130-70E72AC49FC6,PEDESTRIAN,Unknown,UNKNOWN,ON ROADWAY NOT AT CROSSWALK,No,SUSPECTED MINOR INJURY,N/A,39.18276369,-77.26078391,"(39.18276369, -77.26078391)"
MCP2082000Z,170513136,Montgomery County Police,Injury Crash,06/11/2017 11:59:00 PM,Maryland (State),GEORGIA AVE,ENNALLS AVE,,N/A,PEDESTRIAN,SINGLE VEHICLE,CLEAR,DRY,DARK LIGHTS ON,NO CONTROLS,NONE DETECTED,ALCOHOL CONTRIBUTED,2139C4CD-C7A0-46EE-AF1B-8CEDC1432845,PEDESTRIAN,Cross/Enter not at Intersection,UNKNOWN,ON ROADWAY NOT AT CROSSWALK,Yes,SUSPECTED SERIOUS INJURY,NONE,39.07991333,-77.080315,"(39.07991333, -77.080315)"
MCP2659001H,17010628,Montgomery County Police,Injury Crash,02/28/2017 05:13:00 AM,County,BELVEDERE BLVD,FOREST GROVE DR,,N/A,PEDESTRIAN,OTHER,CLEAR,DRY,DARK LIGHTS ON,NO CONTROLS,ALCOHOL PRESENT,NONE DETECTED,20D0B011-BB19-4AB3-B53D-2735AE7EF83E,PEDESTRIAN,Cross/Enter at Intersection,NO IMPROPER ACTIONS,ON ROADWAY AT CROSSWALK,No,SUSPECTED MINOR INJURY,REFLECTIVE CLOTHING,39.01979,-77.03893833,"(39.01979, -77.03893833)"
MCP29910012,16045765,Montgomery County Police,Injury Crash,09/07/2016 12:06:00 PM,,,,IN SHOPPING CENTER INFRONT OF OLNEY GRILLE RESTAURANT,,PEDESTRIAN,SINGLE VEHICLE,N/A,,DAYLIGHT,NO CONTROLS,NONE DETECTED,NONE DETECTED,A7D14029-D1ED-4DC8-99F5-A696B07B4A9B,PEDESTRIAN,Cross/Enter not at Intersection,NO IMPROPER ACTIONS,OTHER,No,POSSIBLE INJURY,N/A,39.1530121,-77.06876725,"(39.1530121, -77.06876725)"
EJ7852007R,230024916,Gaithersburg Police Depar,Injury Crash,05/24/2023 03:44:00 PM,,,,842 MUDDY BRANCH ROAD - GIANT GROCERY STORE PARKING LOT,,PEDESTRIAN,OTHER,N/A,,DAYLIGHT,NO CONTROLS,NONE DETECTED,NONE DETECTED,1BE017FC-71A8-4A10-B859-7AFB6056117A,PEDESTRIAN,Cross/Enter at Intersection,NO IMPROPER ACTIONS,AT INTERSECTION MARKED CROSSWALK,No,SUSPECTED MINOR INJURY,N/A,39.114845,-77.2166299,"(39.114845, -77.2166299)"
MCP2853001V,16029275,Montgomery County Police,Injury Crash,06/10/2016 03:50:00 PM,County,LANGLEY DR,GLENVILLE RD,,N/A,PEDESTRIAN,SINGLE VEHICLE,CLEAR,DRY,DAYLIGHT,NO CONTROLS,UNKNOWN,N/A,CDCBC5E3-F7A9-49AA-917D-8BD1DDECCC99,PEDESTRIAN,Walking to/from school,NO IMPROPER ACTIONS,N/A,No,SUSPECTED MINOR INJURY,N/A,39.00149957,-76.99610353,"(39.00149957, -76.99610353)"
MCP2683005X,220023650,Montgomery County Police,Injury Crash,06/02/2022 04:07:00 PM,,,,"PARKING LOT OF 18200 BLK OF LOST KNIFE CIRCLE, GAITHERSBURG, MD 20886",,PEDESTRIAN,OTHER,RAINING,,DAYLIGHT,NO CONTROLS,UNKNOWN,NONE DETECTED,E70C77E2-8571-4CFF-B34A-EACA3E271947,PEDESTRIAN,Other,NO IMPROPER ACTIONS,OTHER,No,SUSPECTED MINOR INJURY,NONE,39.15674245,-77.20225061,"(39.15674245, -77.20225061)"
MCP3312002W,230010987,Montgomery County Police,Injury Crash,03/06/2023 10:48:00 AM,,,,12028 CHERRY HILL RD PARKING LOT,,PEDESTRIAN,OTHER,CLEAR,,DAYLIGHT,NO CONTROLS,"NONE DETECTED, UNKNOWN",NONE DETECTED,8E60D51E-AE56-4BB4-930E-099A9ED25F77,PEDESTRIAN,Standing,NO IMPROPER ACTIONS,OTHER,No,POSSIBLE INJURY,NONE,39.05456667,-76.95594333,"(39.05456667, -76.95594333)"
MCP3192002F,210042406,Montgomery County Police,Injury Crash,10/21/2021 09:09:00 PM,,,,IN PARKING LOT OF 2102 RANDOLPH RD,,PEDESTRIAN,SINGLE VEHICLE,CLEAR,,DARK LIGHTS ON,NO CONTROLS,UNKNOWN,NONE DETECTED,F7A14958-D0DB-4DDE-B352-AA2472488F2C,PEDESTRIAN,Other,NO IMPROPER ACTIONS,OTHER,No,POSSIBLE INJURY,NONE,39.05974367,-77.04569667,"(39.05974367, -77.04569667)"
MCP1202003F,180039760,Montgomery County Police,Injury Crash,08/10/2018 12:28:00 PM,Maryland (State),BRADLEY LA,WISCONSIN AVE,,N/A,BICYCLIST,SAME DIRECTION SIDESWIPE,CLEAR,DRY,DAYLIGHT,NO CONTROLS,UNKNOWN,NONE DETECTED,F5BF5B4A-D9DD-470A-B492-DAA08152B257,BICYCLIST,Walking/Riding w/Traffic,NO IMPROPER ACTIONS,IN BIKEWAY,No,SUSPECTED SERIOUS INJURY,MC/BIKE HELMET,38.97709667,-77.08568667,"(38.97709667, -77.08568667)"
MCP2969001P,16011970,MONTGOMERY,Injury Crash,03/10/2016 06:46:00 PM,,,,"4701 SANGAMORE RD, CVS PARKING LOT",,PEDESTRIAN,OTHER,CLEAR,,DARK LIGHTS ON,NO CONTROLS,NONE DETECTED,NONE DETECTED,259D9CC1-9FF8-4388-AD58-5AAD6821F29D,PEDESTRIAN,Cross/Enter at Intersection,NO IMPROPER ACTIONS,OTHER,No,SUSPECTED MINOR INJURY,NONE,38.94955543,-77.11827278,"(38.94955543, -77.11827278)"
MCP1213007Y,230032407,Montgomery County Police,Injury Crash,07/07/2023 04:45:00 PM,County,CRYSTAL LA,MIDDLEVALE LA,,N/A,PEDESTRIAN,STRAIGHT MOVEMENT ANGLE,CLEAR,DRY,DAYLIGHT,STOP SIGN,NONE DETECTED,NONE DETECTED,EF18707F-CBCB-4F53-AC95-8A230B58A91C,PEDESTRIAN,Cross/Enter at Intersection,NO IMPROPER ACTIONS,AT INTERSECTION BUT NO CROSSWALK,No,SUSPECTED MINOR INJURY,NONE,39.07833333,-77.040145,"(39.07833333, -77.040145)"
MCP1121003L,180003360,Montgomery County Police,Injury Crash,01/20/2018 07:25:00 PM,Maryland (State),MUNCASTER MILL RD,REDLAND RD,,N/A,PEDESTRIAN,SINGLE VEHICLE,CLEAR,DRY,DARK LIGHTS ON,TRAFFIC SIGNAL,NONE DETECTED,NONE DETECTED,022045FD-765B-488E-B0B8-20ADAE64215B,PEDESTRIAN,Cross/Enter at Intersection,DART DASH,AT INTERSECTION MARKED CROSSWALK,Yes,POSSIBLE INJURY,NONE,39.14544,-77.14410167,"(39.14544, -77.14410167)"