Report Number,Local Case Number,Agency Name,ACRS Report Type,Crash Date/Time,Route Type,Road Name,Cross-Street Name,Off-Road Description,Municipality,Related Non-Motorist,Collision Type,Weather,Surface Condition,Light,Traffic Control,Driver Substance Abuse,Non-Motorist Substance Abuse,Person ID,Pedestrian Type,Pedestrian Movement,Pedestrian Actions,Pedestrian Location,At Fault,Injury Severity,Safety Equipment,Latitude,Longitude,Location
MCP1064004G,16027759,Montgomery County Police,Injury Crash,06/03/2016 11:54:00 AM,Maryland (State),NEW HAMPSHIRE AVE,ADELPHI RD,,N/A,PEDESTRIAN,OTHER,CLOUDY,DRY,DAYLIGHT,TRAFFIC SIGNAL,N/A,N/A,E3D38397-C5B2-470B-A663-73FF13713661,PEDESTRIAN,Cross/Enter at Intersection,NO IMPROPER ACTIONS,ON ROADWAY AT CROSSWALK,No,SUSPECTED SERIOUS INJURY,N/A,39.01147833,-76.97918,"(39.01147833, -76.97918)"
MCP06850018,15036248,MONTGOMERY,Injury Crash,07/23/2015 07:54:00 AM,Municipality,KING FARM BLVD,ENT TO SHADY GROVE METRO STATION (BACK),,N/A,BICYCLIST,SINGLE VEHICLE,CLEAR,DRY,DAYLIGHT,TRAFFIC SIGNAL,NONE DETECTED,NONE DETECTED,83E40E06-354E-4256-9853-793F52DB5101,BICYCLIST,Walking/Cycling on Sidewalk,DART DASH,AT INTERSECTION MARKED CROSSWALK,Yes,SUSPECTED SERIOUS INJURY,NONE,39.117225,-77.16869667,"(39.117225, -77.16869667)"
MCP1378014Q,230029454,Montgomery County Police,Injury Crash,06/19/2023 04:17:00 PM,County,ARROWHEAD RD,MONTGOMERY VILLAGE AVE,,N/A,PEDESTRIAN,SINGLE VEHICLE,CLOUDY,DRY,DAYLIGHT,NO CONTROLS,NONE DETECTED,NONE DETECTED,AA183F4B-DEE3-4B7D-BEA3-5CF7B546BA9F,PEDESTRIAN,Cross/Enter not at Intersection,IN ROADWAY IMPROPERLY,ON ROADWAY NOT AT CROSSWALK,Yes,SUSPECTED SERIOUS INJURY,NONE,39.1876465,-77.196827,"(39.1876465, -77.196827)"
MCP28130075,190038885,Montgomery County Police,Injury Crash,08/14/2019 07:25:00 PM,County,BRIGHTVIEW ST,DALEWOOD DR,,N/A,BICYCLIST,SINGLE VEHICLE,CLEAR,DRY,DAYLIGHT,STOP SIGN,N/A,N/A,9A8D8BC1-B7E7-4B1E-89ED-66FA79FB6EC8,BICYCLIST,Cross/Enter at Intersection,NO IMPROPER ACTIONS,ON ROADWAY AT CROSSWALK,No,SUSPECTED MINOR INJURY,NONE,39.052905,-77.07298833,"(39.052905, -77.07298833)"
MCP2008001R,15063186,MONTGOMERY,Injury Crash,12/10/2015 06:35:00 PM,Maryland (State),ROCKVILLE PIKE,SPUR TO MD 547,,N/A,PEDESTRIAN,OTHER,CLEAR,DRY,DARK LIGHTS ON,N/A,NONE DETECTED,NONE DETECTED,5C2F5472-3D85-4BB0-B469-DDAA20769EB9,PEDESTRIAN,Cross/Enter at Intersection,NO IMPROPER ACTIONS,AT INTERSECTION MARKED CROSSWALK,No,POSSIBLE INJURY,N/A,39.03442667,-77.106525,"(39.03442667, -77.106525)"
MCP2978000D,15021984,Montgomery County Police,Injury Crash,05/08/2015 04:55:00 PM,Maryland (State),DARNESTOWN RD,VICARS WAY,,N/A,BICYCLIST,SINGLE VEHICLE,CLEAR,DRY,DAYLIGHT,N/A,NONE DETECTED,NONE DETECTED,DB6A4BA6-A65A-4D5F-8905-D970F38F864A,BICYCLIST,Walking/Riding w/Traffic,NO IMPROPER ACTIONS,SHOULDER,,SUSPECTED SERIOUS INJURY,UNKNOWN,39.10357,-77.28741,"(39.10357, -77.28741)"
MCP3242000K,190054461,Montgomery County Police,Injury Crash,11/12/2019 06:58:00 AM,County,OAKVIEW DR,MT PISGAH RD,,N/A,PEDESTRIAN,HEAD ON LEFT TURN,RAINING,WET,DAYLIGHT,STOP SIGN,NONE DETECTED,NONE DETECTED,1F3EEC1F-5B89-489C-A4DA-F13E24A9BC70,PEDESTRIAN,Cross/Enter at Intersection,NO IMPROPER ACTIONS,AT INTERSECTION MARKED CROSSWALK,No,SUSPECTED MINOR INJURY,NONE,39.015115,-76.97665,"(39.015115, -76.97665)"
MCP2857001Y,170526713,Montgomery County Police,Injury Crash,08/24/2017 11:28:00 PM,Maryland (State),WOODFIELD RD,MUNCASTER MILL RD,,N/A,PEDESTRIAN,SINGLE VEHICLE,RAINING,WET,DARK LIGHTS ON,TRAFFIC SIGNAL,NONE DETECTED,NONE DETECTED,4A333358-6408-4862-9967-B9D8FA615193,PEDESTRIAN,Cross/Enter at Intersection,IN ROADWAY IMPROPERLY,ON ROADWAY AT CROSSWALK,Yes,SUSPECTED MINOR INJURY,NONE,39.15921167,-77.16006333,"(39.15921167, -77.16006333)"
MCP25590013,16035610,Montgomery County Police,Injury Crash,07/14/2016 09:34:00 AM,County,DECOVERLY DR,GREAT SENECA HWY,,N/A,BICYCLIST,HEAD ON LEFT TURN,CLEAR,DRY,DAYLIGHT,STOP SIGN,N/A,N/A,EB8FD3E7-22EA-4B85-9E23-4AA67E5D035F,BICYCLIST,Cross/Enter at Intersection,NO IMPROPER ACTIONS,ON ROADWAY AT CROSSWALK,No,SUSPECTED SERIOUS INJURY,UNKNOWN,39.10608105,-77.20796987,"(39.10608105, -77.20796987)"
DD56120006,17007723,Rockville Police Departme,Injury Crash,02/12/2017 06:21:00 PM,Maryland (State),E JEFFERSON ST,MONROE ST,,ROCKVILLE,PEDESTRIAN,SINGLE VEHICLE,CLEAR,DRY,DARK LIGHTS ON,TRAFFIC SIGNAL,NONE DETECTED,UNKNOWN,BB91F50E-3442-4584-ABAD-87AEE51CB93F,PEDESTRIAN,Cross/Enter at Intersection,FAILURE TO OBEY TRAFFIC SIGNS SIGNALS OR OFFICER,AT INTERSECTION MARKED CROSSWALK,Yes,SUSPECTED MINOR INJURY,NONE,39.08196045,-77.14913964,"(39.08196045, -77.14913964)"
MCP2667002H,16003974,Montgomery County Police,Injury Crash,01/22/2016 11:40:00 AM,,,,PARKING LOT OF 19294 MONTGOMERY VILLAGE AVE,,PEDESTRIAN,SINGLE VEHICLE,CLOUDY,,DAYLIGHT,N/A,UNKNOWN,NONE DETECTED,0A3573D1-5E2A-4918-A101-B62C3F4A837A,PEDESTRIAN,Other,NO IMPROPER ACTIONS,OTHER,No,SUSPECTED MINOR INJURY,NONE,39.1703,-77.19467667,"(39.1703, -77.19467667)"
MCP2931003B,190012716,Montgomery County Police,Injury Crash,03/19/2019 06:25:00 PM,,,,PARKING LOT OF 12266 ROCKVILLE PIKE,,PEDESTRIAN,OTHER,CLEAR,,DAYLIGHT,N/A,N/A,N/A,A3428237-E38D-4AA2-AB15-45843DAE64F8,PEDESTRIAN,Other,DART DASH,SIDEWALK,No,POSSIBLE INJURY,N/A,39.05720833,-77.12202833,"(39.05720833, -77.12202833)"
MCP137800FH,16062806,Montgomery County Police,Injury Crash,12/07/2016 12:58:00 PM,Maryland (State),GREAT SENECA HWY,LAKELANDS DR,,GAITHERSBURG,PEDESTRIAN,SINGLE VEHICLE,CLEAR,DRY,DAYLIGHT,TRAFFIC SIGNAL,NONE DETECTED,NONE DETECTED,8EBECC2C-71D7-4BBD-AE69-CA92CB8DFFD5,PEDESTRIAN,Cross/Enter at Intersection,FAILURE TO OBEY TRAFFIC SIGNS SIGNALS OR OFFICER,ON ROADWAY AT CROSSWALK,Yes,POSSIBLE INJURY,NONE,39.12099,-77.225535,"(39.12099, -77.225535)"
EJ78840035,210044861,Gaithersburg Police Depar,Injury Crash,11/05/2021 05:12:00 PM,Maryland (State),CLOPPER RD,SPUR FR MD 124,,N/A,PEDESTRIAN,SINGLE VEHICLE,CLEAR,DRY,DAYLIGHT,TRAFFIC SIGNAL,NONE DETECTED,NONE DETECTED,57CB4AB7-A89A-4A08-9A74-27F8006D76E6,PEDESTRIAN,Cross/Enter at Intersection,UNKNOWN,ON ROADWAY AT CROSSWALK,Unknown,POSSIBLE INJURY,NONE,39.14250693,-77.22108205,"(39.14250693, -77.22108205)"
MCP2899005Q,220027447,Montgomery County Police,Injury Crash,06/25/2022 10:57:00 PM,Maryland (State),NEW HAMPSHIRE AVE,POWDER MILL RD,,N/A,PEDESTRIAN,OTHER,CLEAR,DRY,DARK LIGHTS ON,NO CONTROLS,UNKNOWN,UNKNOWN,42275784-1562-4C3E-949C-509C52AFBE4A,PEDESTRIAN,Cross/Enter not at Intersection,UNKNOWN,ON ROADWAY NOT AT CROSSWALK,Yes,SUSPECTED SERIOUS INJURY,NONE,39.02297333,-76.97816167,"(39.02297333, -76.97816167)"
MCP209400JG,220012123,Montgomery County Police,Injury Crash,03/21/2022 11:05:00 AM,County,QUINTANA DR,DWIGHT DR,,N/A,OTHER,OTHER,CLEAR,DRY,DAYLIGHT,NO CONTROLS,NONE DETECTED,NONE DETECTED,29DCC8DA-985E-4E6C-B4B0-72D20932A9AE,OTHER,Other,OTHER,ON ROADWAY NOT AT CROSSWALK,No,SUSPECTED SERIOUS INJURY,REFLECTIVE CLOTHING,39.00416,-77.15812833,"(39.00416, -77.15812833)"
MCP271700HL,180025508,Montgomery County Police,Injury Crash,05/24/2018 02:20:00 PM,County,LOCKWOOD DR,ENT TO SHOPPING CENTER,,N/A,PEDESTRIAN,OTHER,CLEAR,DRY,DAYLIGHT,NO CONTROLS,NONE DETECTED,NONE DETECTED,634EAB85-443E-4CC1-AB9D-55D819F8D437,PEDESTRIAN,Unknown,UNKNOWN,SHOULDER,No,SUSPECTED SERIOUS INJURY,NONE,39.04137567,-76.98476633,"(39.04137567, -76.98476633)"
MCP2348002Z,170529727,Montgomery County Police,Injury Crash,09/10/2017 02:46:00 PM,,,,PARKING LOT OF 2201 RANDOLPH RD,,PEDESTRIAN,SINGLE VEHICLE,CLEAR,,DAYLIGHT,NO CONTROLS,NONE DETECTED,NONE DETECTED,80B97B78-5A47-49EE-8DBF-D46FFA064ABF,PEDESTRIAN,Other,NO IMPROPER ACTIONS,OTHER,No,SUSPECTED MINOR INJURY,N/A,39.05990167,-77.04767167,"(39.05990167, -77.04767167)"
MCP2927003Z,210042678,Montgomery County Police,Injury Crash,10/23/2021 12:00:00 PM,,,,PARKING LOT OF 104 SCHUYLER ROAD,,PEDESTRIAN,OTHER,N/A,,DAYLIGHT,NO CONTROLS,UNKNOWN,NONE DETECTED,50D3FB8F-4CF5-464D-8B41-8DBC6C3F5830,PEDESTRIAN,Cross/Enter at Intersection,UNKNOWN,AT INTERSECTION BUT NO CROSSWALK,Unknown,SUSPECTED MINOR INJURY,N/A,39.00277261,-77.01248136,"(39.00277261, -77.01248136)"
DD5595004D,170151767,Rockville Police Departme,Injury Crash,07/06/2017 05:25:00 PM,Other Public Roadway,IVY LEAGUE LA,HUNGERFORD DR,,N/A,BICYCLIST,OTHER,CLOUDY,DRY,DAYLIGHT,STOP SIGN,NONE DETECTED,NONE DETECTED,43C50EF8-D9D7-41DD-B213-A62527CC8150,BICYCLIST,Cross/Enter at Intersection,NO IMPROPER ACTIONS,ON ROADWAY AT CROSSWALK,No,SUSPECTED MINOR INJURY,NONE,39.09494133,-77.15344183,"(39.09494133, -77.15344183)"
MCP3277002D,230004189,Montgomery County Police,Injury Crash,01/25/2023 09:00:00 PM,Maryland (State),MONTGOMERY VILLAGE AVE,LOST KNIFE RD,,N/A,PEDESTRIAN,N/A,RAINING,WET,DARK -- UNKNOWN LIGHTING,TRAFFIC SIGNAL,UNKNOWN,NONE DETECTED,46E96783-9163-4681-A9E5-057A159C0DD8,PEDESTRIAN,Cross/Enter at Intersection,UNKNOWN,ON ROADWAY AT CROSSWALK,No,SUSPECTED MINOR INJURY,NONE,39.15806039,-77.20414207,"(39.15806039, -77.20414207)"
MCP20940064,16015934,Montgomery County Police,Injury Crash,04/01/2016 03:28:00 PM,County,WESTLAKE DR,LAKEVIEW DR,,N/A,PEDESTRIAN,OTHER,CLEAR,DRY,DAYLIGHT,OTHER,N/A,NONE DETECTED,83B01788-4F40-442E-9EB4-65FA6570F22D,PEDESTRIAN,Other,NO IMPROPER ACTIONS,ON ROADWAY AT CROSSWALK,No,SUSPECTED MINOR INJURY,NONE,39.02545833,-77.14909333,"(39.02545833, -77.14909333)"
MCP24690019,16047129,Montgomery County Police,Injury Crash,09/14/2016 01:59:00 PM,,,,PARKING LOT OF 2505 PROSPERITY TER,,PEDESTRIAN,SAME DIR REAR END,CLEAR,,DAYLIGHT,NO CONTROLS,NONE DETECTED,NONE DETECTED,B5E8805F-7A0E-40FE-86FA-7F57858DE029,PEDESTRIAN,Standing,NO IMPROPER ACTIONS,OTHER,No,SUSPECTED SERIOUS INJURY,NONE,39.05997333,-76.960945,"(39.05997333, -76.960945)"
MCP9381001Q,15047073,MONTGOMERY,Injury Crash,09/17/2015 11:29:00 AM,County,ELM ST,WOODMONT AVE,,N/A,BICYCLIST,OTHER,N/A,DRY,DAYLIGHT,TRAFFIC SIGNAL,NONE DETECTED,N/A,06CC8820-0CD0-46D5-8D85-62F8A93107B1,BICYCLIST,Cross/Enter at Intersection,NO IMPROPER ACTIONS,AT INTERSECTION BUT NO CROSSWALK,No,POSSIBLE INJURY,NONE,38.99564167,-77.07490333,"(38.99564167, -77.07490333)"
MCP30850046,230060572,Montgomery County Police,Injury Crash,10/14/2023 09:09:00 PM,County,CORDELL AVE,WISCONSIN AVE,,N/A,PEDESTRIAN,OTHER,RAINING,WET,DARK LIGHTS ON,TRAFFIC SIGNAL,NONE DETECTED,NONE DETECTED,78A5D670-9115-42D1-AF3D-0246F3745445,PEDESTRIAN,Cross/Enter at Intersection,NO IMPROPER ACTIONS,ON ROADWAY AT CROSSWALK,No,POSSIBLE INJURY,NONE,38.99114833,-77.09603667,"(38.99114833, -77.09603667)"
MCP2351001G,170534931,Montgomery County Police,Injury Crash,10/05/2017 02:38:00 PM,County,PARKLAWN DR,RANDOLPH RD,,N/A,PEDESTRIAN,OTHER,CLEAR,DRY,DAYLIGHT,TRAFFIC SIGNAL,NONE DETECTED,N/A,56D8D182-0807-42B3-96CD-69B3A9B11A3D,PEDESTRIAN,Cross/Enter at Intersection,N/A,AT INTERSECTION MARKED CROSSWALK,No,POSSIBLE INJURY,OTHER,39.06397,-77.117405,"(39.06397, -77.117405)"
MCP2556004B,220032375,Montgomery County Police,Property Damage Crash,07/27/2022 08:23:00 PM,Other Public Roadway,TOPFIELD DR,PEPPERWOOD LA,,N/A,OTHER,SINGLE VEHICLE,N/A,DRY,DUSK,NO CONTROLS,ALCOHOL PRESENT,N/A,BE558C17-7280-421C-A866-E78A6EB6C21E,OTHER,N/A,NO IMPROPER ACTIONS,OTHER,No,NO APPARENT INJURY,N/A,39.15203667,-77.23350833,"(39.15203667, -77.23350833)"
MCP137800BR,16042097,Montgomery County Police,Injury Crash,08/19/2016 10:40:00 AM,County,DECOVERLY DR,DIAMONDBACK DR,,N/A,BICYCLIST,STRAIGHT MOVEMENT ANGLE,CLEAR,DRY,DAYLIGHT,STOP SIGN,NONE DETECTED,NONE DETECTED,EF06A045-9AD2-4F41-BA7F-C6663A1CBF61,BICYCLIST,Cross/Enter at Intersection,NO IMPROPER ACTIONS,ON ROADWAY AT CROSSWALK,No,SUSPECTED MINOR INJURY,NONE,39.10734025,-77.20289916,"(39.10734025, -77.20289916)"
MCP30030022,180032541,Montgomery County Police,Injury Crash,07/02/2018 09:33:00 AM,Maryland (State),WISCONSIN AVE,BRADLEY LA,,N/A,BICYCLIST,OTHER,CLEAR,DRY,DAYLIGHT,TRAFFIC SIGNAL,NONE DETECTED,NONE DETECTED,364A0FD6-6D32-41F9-99F6-CAFA0E34BE14,BICYCLIST,Cross/Enter at Intersection,NO IMPROPER ACTIONS,ON ROADWAY AT CROSSWALK,No,NO APPARENT INJURY,N/A,38.97706799,-77.09062457,"(38.97706799, -77.09062457)"
MCP1563001J,15043293,MONTGOMERY,Injury Crash,08/28/2015 08:31:00 PM,,,,parking lot of 9601 Cedar Ln,,BICYCLIST,OTHER,CLEAR,,DARK LIGHTS ON,N/A,NONE DETECTED,NONE DETECTED,D5E49F9C-070C-4F83-B617-3DFC364AD8B0,BICYCLIST,Other,UNKNOWN,N/A,Unknown,SUSPECTED MINOR INJURY,MC/BIKE HELMET,39.01379167,-77.08903167,"(39.01379167, -77.08903167)"
MCP2767000L,15003795,Montgomery County Police,Injury Crash,01/23/2015 05:30:00 PM,County,AMHERST AVE,BLUERIDGE AVE,,N/A,PEDESTRIAN,SINGLE VEHICLE,SLEET,WET,DARK LIGHTS ON,YIELD SIGN,NONE DETECTED,NONE DETECTED,384DE869-2028-4682-B18A-DCB2E130AE4A,PEDESTRIAN,Cross/Enter at Intersection,DART DASH,AT INTERSECTION MARKED CROSSWALK,,SUSPECTED SERIOUS INJURY,N/A,39.04335333,-77.047845,"(39.04335333, -77.047845)"
MCP2192003M,200034762,Montgomery County Police,Injury Crash,09/05/2020 06:15:00 AM,Maryland (State),GEORGIA AVE,OLNEY SANDY SPRING RD,,N/A,PEDESTRIAN,OTHER,N/A,DRY,DARK LIGHTS ON,N/A,UNKNOWN,N/A,494C65FD-7CA3-4707-AC14-84795D07DAEA,PEDESTRIAN,Cross/Enter not at Intersection,NO IMPROPER ACTIONS,ON ROADWAY NOT AT CROSSWALK,No,SUSPECTED MINOR INJURY,N/A,39.1536124,-77.06752065,"(39.1536124, -77.06752065)"
MCP2966005K,200004681,Montgomery County Police,Injury Crash,01/28/2020 06:00:00 PM,County,WISTERIA DR,WARING STATION RD,,N/A,PEDESTRIAN,OTHER,CLEAR,N/A,DUSK,NO CONTROLS,NONE DETECTED,N/A,A3624EFC-6250-4153-AE04-1AB871F971BC,PEDESTRIAN,Standing,INATTENTIVE,CURB,Unknown,POSSIBLE INJURY,NONE,39.16219554,-77.2508941,"(39.16219554, -77.2508941)"
MCP2766004Z,190036594,Montgomery County Police,Injury Crash,07/31/2019 09:35:00 AM,,,,PARKING LOT OF 3323 BEAVERWOOD LA,,PEDESTRIAN,SINGLE VEHICLE,CLEAR,,DARK NO LIGHTS,N/A,NONE DETECTED,NONE DETECTED,192C8072-CB2B-47D7-9005-426D860CD9CF,PEDESTRIAN,Other,NOT VISIBLE,OTHER,Yes,POSSIBLE INJURY,NONE,39.08741388,-77.06588645,"(39.08741388, -77.06588645)"
MCP12210020,16007046,Montgomery County Police,Injury Crash,02/11/2016 07:52:00 AM,County,N SUMMIT AVE,PARK AVE,,GAITHERSBURG,PEDESTRIAN,SINGLE VEHICLE,CLEAR,DRY,DAYLIGHT,STOP SIGN,NONE DETECTED,NONE DETECTED,5D37368C-7A52-4AB4-8D4C-C494A08BC557,PEDESTRIAN,Cross/Enter at Intersection,NO IMPROPER ACTIONS,ON ROADWAY AT CROSSWALK,No,SUSPECTED MINOR INJURY,NONE,39.14581167,-77.192245,"(39.14581167, -77.192245)"
MCP1233004X,220049708,Montgomery County Police,Injury Crash,11/10/2022 05:04:00 PM,County,JONES MILL RD,WOODHOLLOW DR,,N/A,BICYCLIST,SAME DIRECTION LEFT TURN,CLOUDY,DRY,DARK NO LIGHTS,NO CONTROLS,NONE DETECTED,NONE DETECTED,DC76EE71-165D-48E1-A4E3-AE76958BE667,BICYCLIST,Other,IMPROPER PASSING,ON ROADWAY NOT AT CROSSWALK,Yes,SUSPECTED MINOR INJURY,MC/BIKE HELMET,39.00559333,-77.06322833,"(39.00559333, -77.06322833)"
MCP26100011,170546586,Montgomery County Police,Injury Crash,12/04/2017 05:59:00 AM,Maryland (State),KEY WEST AVE,ENT TO BUSINESS,,N/A,PEDESTRIAN,OTHER,CLEAR,DRY,DARK NO LIGHTS,STOP SIGN,NONE DETECTED,NONE DETECTED,619E1A47-3350-4175-8604-1F7CA9B056D1,PEDESTRIAN,Cross/Enter at Intersection,FAILURE TO YIELD RIGHT OF WAY,AT INTERSECTION BUT NO CROSSWALK,Yes,POSSIBLE INJURY,N/A,39.10569,-77.19907833,"(39.10569, -77.19907833)"
MCP30380053,210020082,Montgomery County Police,Injury Crash,05/27/2021 03:23:00 PM,County,FENTON ST,WAYNE AVE,,N/A,PEDESTRIAN,OTHER,CLEAR,DRY,DAYLIGHT,TRAFFIC SIGNAL,N/A,NONE DETECTED,985C0FA5-9AC3-4F4D-99CC-A530FA31CD23,PEDESTRIAN,Cross/Enter at Intersection,NO IMPROPER ACTIONS,ON ROADWAY AT CROSSWALK,No,SUSPECTED MINOR INJURY,N/A,38.99552664,-77.02445613,"(38.99552664, -77.02445613)"
DD5603004L,170532638,Rockville Police Departme,Injury Crash,09/23/2017 10:45:00 AM,Municipality,WOOTTON PKWY,FALLS RD,,N/A,PEDESTRIAN,OTHER,CLEAR,DRY,DAYLIGHT,TRAFFIC SIGNAL,NONE DETECTED,NONE DETECTED,DCA187D2-6CD0-4C67-96B1-1BC56FF2984A,PEDESTRIAN,Cross/Enter at Intersection,NO IMPROPER ACTIONS,ON ROADWAY AT CROSSWALK,No,SUSPECTED MINOR INJURY,REFLECTIVE CLOTHING,39.06992673,-77.169967,"(39.06992673, -77.169967)"
MCP2556004N,230007596,Montgomery County Police,Injury Crash,02/14/2023 08:36:00 PM,Municipality,S SUMMIT AVE,E DIAMOND AVE,,GAITHERSBURG,PEDESTRIAN,STRAIGHT MOVEMENT ANGLE,CLEAR,DRY,DARK LIGHTS ON,TRAFFIC SIGNAL,NONE DETECTED,ALCOHOL PRESENT,3B2C0893-73D3-4720-8D03-4EF3C47C41A0,PEDESTRIAN,Cross/Enter at Intersection,FAILURE TO OBEY TRAFFIC SIGNS SIGNALS OR OFFICER,AT INTERSECTION BUT NO CROSSWALK,Yes,POSSIBLE INJURY,N/A,39.14194667,-77.19340167,"(39.14194667, -77.19340167)"
MCP3112002Z,190039192,Montgomery County Police,Injury Crash,08/16/2019 05:54:00 PM,Maryland (State),WISCONSIN AVE,MIDDLETON LA,,N/A,PEDESTRIAN,OTHER,N/A,DRY,DAYLIGHT,NO CONTROLS,NONE DETECTED,NONE DETECTED,FA7EDD0F-F3B0-40A1-B656-2E6B78FD6463,PEDESTRIAN,Cross/Enter at Intersection,NO IMPROPER ACTIONS,ON ROADWAY AT CROSSWALK,No,SUSPECTED SERIOUS INJURY,N/A,38.98683767,-77.09462283,"(38.98683767, -77.09462283)"
MCP2843000G,15055270,MONTGOMERY,Injury Crash,10/30/2015 07:43:00 PM,Municipality,GIRARD ST,VICTORY FARM DR,,GAITHERSBURG,BICYCLIST,STRAIGHT MOVEMENT ANGLE,CLEAR,DRY,DARK LIGHTS ON,NO CONTROLS,NONE DETECTED,NONE DETECTED,D61892CA-144D-452B-AA3F-4D42E184157C,BICYCLIST,Cross/Enter at Intersection,FAILURE TO YIELD RIGHT OF WAY,AT INTERSECTION MARKED CROSSWALK,Yes,POSSIBLE INJURY,NONE,39.14664092,-77.18492568,"(39.14664092, -77.18492568)"
MCP137800SJ,190048178,Montgomery County Police,Injury Crash,10/07/2019 06:51:00 PM,County,SNOUFFERS SCHOOL RD,WOODFIELD RD,,N/A,PEDESTRIAN,SINGLE VEHICLE,CLOUDY,DRY,DARK LIGHTS ON,WARNING SIGN,NONE DETECTED,ALCOHOL PRESENT,A571EEEA-6D0C-4E05-9971-F9CCFE06EE58,PEDESTRIAN,Cross/Enter not at Intersection,DART DASH,ISLAND,Yes,SUSPECTED SERIOUS INJURY,NONE,39.16084,-77.16312333,"(39.16084, -77.16312333)"
MCP2588002W,170519407,Montgomery County Police,Property Damage Crash,07/16/2017 01:15:00 PM,County,RUSSETT RD,BAUER DR,,N/A,BICYCLIST,OTHER,CLEAR,DRY,DAYLIGHT,STOP SIGN,NONE DETECTED,NONE DETECTED,CF5AF66F-5316-442F-994E-4ECF7BBD4596,BICYCLIST,Cross/Enter at Intersection,FAILURE TO YIELD RIGHT OF WAY,ON ROADWAY AT CROSSWALK,Yes,NO APPARENT INJURY,NONE,39.05841167,-77.04803833,"(39.05841167, -77.04803833)"
MCP30000014,16043707,Montgomery County Police,Injury Crash,08/27/2016 05:28:00 PM,,,,"PARKING LOT OF 19700 N FREDERICK ROAD, GERMANTOWN, MARYLAND 20874",,BICYCLIST,STRAIGHT MOVEMENT ANGLE,CLEAR,,DAYLIGHT,STOP SIGN,NONE DETECTED,NONE DETECTED,8E0FD06A-8F3F-4138-A101-4B97936C719D,BICYCLIST,Cross/Enter at Intersection,INATTENTIVE,ON ROADWAY AT CROSSWALK,Yes,SUSPECTED SERIOUS INJURY,NONE,39.17861167,-77.23893167,"(39.17861167, -77.23893167)"
MCP9419003X,220049126,Montgomery County Police,Injury Crash,11/07/2022 02:36:00 PM,Maryland (State),HUNGERFORD DR,FREDERICK AVE #2,,ROCKVILLE,PEDESTRIAN,OTHER,CLEAR,DRY,DAYLIGHT,TRAFFIC SIGNAL,NONE DETECTED,NONE DETECTED,C26F947A-D243-45DC-9536-5F5267044ED4,PEDESTRIAN,Cross/Enter at Intersection,NO IMPROPER ACTIONS,ON ROADWAY AT CROSSWALK,No,SUSPECTED MINOR INJURY,NONE,39.09434167,-77.15334167,"(39.09434167, -77.15334167)"
DD56120035,220053012,Rockville Police Departme,Injury Crash,12/01/2022 12:13:00 PM,Maryland (State),E JEFFERSON ST,MARYLAND AVE,,ROCKVILLE,PEDESTRIAN,SINGLE VEHICLE,CLEAR,DRY,DAYLIGHT,TRAFFIC SIGNAL,NONE DETECTED,NONE DETECTED,203FE24F-E86C-4F1F-99F1-CE6C2F4AB793,PEDESTRIAN,Cross/Enter at Intersection,NO IMPROPER ACTIONS,ON ROADWAY AT CROSSWALK,No,POSSIBLE INJURY,NONE,39.08273505,-77.15121389,"(39.08273505, -77.15121389)"
MCP1174004J,200031668,Montgomery County Police,Injury Crash,08/14/2020 11:11:00 AM,,,,PARKING LOT OF 2015 EAST WEST HWY.,,PEDESTRIAN,SINGLE VEHICLE,CLEAR,,DAYLIGHT,N/A,,NONE DETECTED,8519E1A8-E780-47C0-9B49-C03CC83E73B5,PEDESTRIAN,Getting off/on Vehicle,ENTERING EXITING PARKED STANDING VEHICLE,OTHER,Yes,SUSPECTED MINOR INJURY,N/A,38.99509287,-77.04511842,"(38.99509287, -77.04511842)"
MCP3010008K,230049242,Montgomery County Police,Injury Crash,08/13/2023 12:07:00 PM,,,,PARKING LOT OF 4860 BOILING BROOK PKWY,,BICYCLIST,STRAIGHT MOVEMENT ANGLE,CLEAR,,DAYLIGHT,NO CONTROLS,N/A,N/A,19E2FCBE-B374-48A1-8B01-B631EE5765B1,BICYCLIST,Cross/Enter at Intersection,NO IMPROPER ACTIONS,OTHER,No,NO APPARENT INJURY,MC/BIKE HELMET,39.04679333,-77.099845,"(39.04679333, -77.099845)"
MCP0251000T,15061391,MONTGOMERY,Injury Crash,12/01/2015 11:00:00 AM,,,,"parking lot of 951 N. Frederick Rd. Gaithersburg,  Md. 20879",,PEDESTRIAN,SINGLE VEHICLE,UNKNOWN,,DAYLIGHT,N/A,UNKNOWN,UNKNOWN,BD53182E-F203-48A7-8CFA-5DE6D71820BD,PEDESTRIAN,Standing,NO IMPROPER ACTIONS,OTHER,No,POSSIBLE INJURY,NONE,39.155988,-77.215948,"(39.155988, -77.215948)"
MCP3141001J,190052601,Montgomery County Police,Injury Crash,10/31/2019 06:00:00 PM,County,13TH ST,GEORGIA AVE,,N/A,MACHINE OPERATOR/RIDER,STRAIGHT MOVEMENT ANGLE,N/A,DRY,UNKNOWN,NO CONTROLS,UNKNOWN,UNKNOWN,BA4D7D7C-DCDC-48FB-BD09-6CB44DC0A145,MACHINE OPERATOR/RIDER,Other,UNKNOWN,SIDEWALK,Unknown,SUSPECTED MINOR INJURY,NONE,38.98718952,-77.02727766,"(38.98718952, -77.02727766)"
MCP21590017,230052658,Montgomery County Police,Injury Crash,09/01/2023 03:23:00 PM,,,,"P-LOT OF 12988 MIDDLEBROOK RD GERMANTOWN, MD 20874",,PEDESTRIAN,OTHER,CLEAR,,DAYLIGHT,N/A,NONE DETECTED,NONE DETECTED,499BD280-B3F6-4554-9504-D795C3400FC5,PEDESTRIAN,Other,DART DASH,OTHER,Yes,SUSPECTED MINOR INJURY,NONE,39.18098967,-77.2701215,"(39.18098967, -77.2701215)"