Report Number,Local Case Number,Agency Name,ACRS Report Type,Crash Date/Time,Route Type,Road Name,Cross-Street Name,Off-Road Description,Municipality,Related Non-Motorist,Collision Type,Weather,Surface Condition,Light,Traffic Control,Driver Substance Abuse,Non-Motorist Substance Abuse,Person ID,Pedestrian Type,Pedestrian Movement,Pedestrian Actions,Pedestrian Location,At Fault,Injury Severity,Safety Equipment,Latitude,Longitude,Location
MCP3039000N,170515413,Montgomery County Police,Injury Crash,06/23/2017 07:50:00 PM,Maryland (State),OLD GEORGETOWN RD,RAMP 4 FR MD 187 NB TO IS 495 EB,,N/A,BICYCLIST,SAME DIR REAR END,CLEAR,DRY,DAYLIGHT,TRAFFIC SIGNAL,NONE DETECTED,NONE DETECTED,1D97FA12-9737-4990-823B-AC984C47B1BB,BICYCLIST,Walking/Riding w/Traffic,NO IMPROPER ACTIONS,ON ROADWAY NOT AT CROSSWALK,No,SUSPECTED MINOR INJURY,MC/BIKE HELMET,39.01477089,-77.11841695,"(39.01477089, -77.11841695)"
MCP271700QC,190043472,Montgomery County Police,Injury Crash,09/11/2019 09:30:00 AM,County,NEBEL ST,MARINELLI RD,,N/A,PEDESTRIAN,SINGLE VEHICLE,CLEAR,DRY,DAYLIGHT,STOP SIGN,NONE DETECTED,NONE DETECTED,00F98930-4730-40C9-AFBE-FF87469D822F,PEDESTRIAN,Cross/Enter at Intersection,NO IMPROPER ACTIONS,ON ROADWAY AT CROSSWALK,No,SUSPECTED MINOR INJURY,N/A,39.04783133,-77.1055885,"(39.04783133, -77.1055885)"
MCP3224000G,200016841,Montgomery County Police,Injury Crash,04/22/2020 08:28:00 PM,County,OLD COLUMBIA PIKE,AMBERSTONE CT,,N/A,PEDESTRIAN,HEAD ON LEFT TURN,CLEAR,DRY,DARK LIGHTS ON,NO CONTROLS,NONE DETECTED,NONE DETECTED,647504E2-FE2D-4604-960C-631CDA04BE38,PEDESTRIAN,Cross/Enter at Intersection,NO IMPROPER ACTIONS,AT INTERSECTION BUT NO CROSSWALK,No,POSSIBLE INJURY,N/A,39.05413699,-76.97366375,"(39.05413699, -76.97366375)"
MCP2386001D,170505158,Montgomery County Police,Injury Crash,04/30/2017 03:30:00 PM,Maryland (State),UNIVERSITY BLVD E,MERRIMAC DR,,TAKOMA PARK,BICYCLIST,STRAIGHT MOVEMENT ANGLE,CLEAR,DRY,DAYLIGHT,STOP SIGN,UNKNOWN,OTHER,2DD37BAF-282B-4EBA-A612-59116939DDE7,BICYCLIST,Cross/Enter at Intersection,NO IMPROPER ACTIONS,ON ROADWAY AT CROSSWALK,No,SUSPECTED MINOR INJURY,NONE,38.99255474,-76.99164033,"(38.99255474, -76.99164033)"
MCP29670022,170507915,Montgomery County Police,Injury Crash,05/15/2017 04:52:00 PM,County,FALLS RD,RIVER RD,,N/A,PEDESTRIAN,OTHER,CLEAR,DRY,DAYLIGHT,TRAFFIC SIGNAL,N/A,N/A,90E909D4-3E0C-4CEB-B18F-CE99C62BA612,PEDESTRIAN,Cross/Enter at Intersection,NO IMPROPER ACTIONS,ON ROADWAY AT CROSSWALK,No,SUSPECTED MINOR INJURY,NONE,39.01734833,-77.21019167,"(39.01734833, -77.21019167)"
MCP2008006M,190042212,Montgomery County Police,Injury Crash,09/03/2019 06:20:00 PM,County,BRICKYARD RD,HACKAMORE DR,,N/A,BICYCLIST,HEAD ON LEFT TURN,CLEAR,DRY,DAYLIGHT,N/A,NONE DETECTED,NONE DETECTED,37F40DEC-268B-4B14-95FE-C934DC179F93,BICYCLIST,Cross/Enter at Intersection,NO IMPROPER ACTIONS,AT INTERSECTION BUT NO CROSSWALK,No,SUSPECTED MINOR INJURY,MC/BIKE HELMET,38.98569667,-77.21285667,"(38.98569667, -77.21285667)"
MCP2492000G,15059115,MONTGOMERY,Property Damage Crash,11/19/2015 03:08:00 PM,Municipality,MAIN ST,DARNESTOWN RD,,N/A,BICYCLIST,OTHER,RAINING,WET,DAYLIGHT,TRAFFIC SIGNAL,N/A,N/A,F3A1A7CA-1D8E-4486-AB4D-0316DB3BBD8D,BICYCLIST,Cross/Enter at Intersection,FAILURE TO OBEY TRAFFIC SIGNS SIGNALS OR OFFICER,ON ROADWAY AT CROSSWALK,Yes,NO APPARENT INJURY,NONE,39.11228577,-77.24056005,"(39.11228577, -77.24056005)"
DD5637000L,190052661,Rockville Police Departme,Injury Crash,11/01/2019 04:28:00 PM,Municipality,LEWIS AVE,CLAGETT DR,,ROCKVILLE,PEDESTRIAN,OTHER,CLEAR,DRY,DAYLIGHT,NO CONTROLS,NONE DETECTED,NONE DETECTED,EB098C60-0EA2-4280-AFA9-D9E9DD795F12,PEDESTRIAN,Cross/Enter at Intersection,FAILURE TO YIELD RIGHT OF WAY,ON ROADWAY NOT AT CROSSWALK,Yes,SUSPECTED MINOR INJURY,NONE,39.0741145,-77.13326383,"(39.0741145, -77.13326383)"
DD5646002F,220047443,Rockville Police Departme,Fatal Crash,10/28/2022 08:59:00 PM,Maryland (State),ROCKVILLE PIKE,TALBOTT ST,,ROCKVILLE,PEDESTRIAN,OTHER,CLEAR,DRY,DARK LIGHTS ON,NO CONTROLS,NONE DETECTED,NONE DETECTED,F41CB861-1540-46CA-BEDD-809867250E61,PEDESTRIAN,Cross/Enter not at Intersection,IN ROADWAY IMPROPERLY,ON ROADWAY NOT AT CROSSWALK,Unknown,FATAL INJURY,NONE,39.07306591,-77.13410315,"(39.07306591, -77.13410315)"
MCP1251000T,16021786,Montgomery County Police,Injury Crash,05/03/2016 09:04:00 AM,County,MACARTHUR BLVD,CLARA BARTON PKWY,,N/A,BICYCLIST,SINGLE VEHICLE,CLOUDY,WET,DAYLIGHT,TRAFFIC SIGNAL,NONE DETECTED,NONE DETECTED,8ACB5DDB-41E2-4659-ACE1-89E7E4D4281D,BICYCLIST,Cross/Enter at Intersection,NO IMPROPER ACTIONS,IN BIKEWAY,No,SUSPECTED MINOR INJURY,MC/BIKE HELMET,38.96449763,-77.13603973,"(38.96449763, -77.13603973)"
MCP2603003M,210025244,Montgomery County Police,Injury Crash,07/01/2021 12:29:00 PM,,,,PARKING LOT 803 RUSSELL AVENUE,,PEDESTRIAN,OTHER,CLEAR,,DAYLIGHT,N/A,N/A,N/A,38841B20-30C5-4B39-9CF7-C09E99C11D8D,PEDESTRIAN,Other,UNKNOWN,OTHER,No,POSSIBLE INJURY,N/A,39.15552667,-77.20957667,"(39.15552667, -77.20957667)"
MCP3153001W,190060807,Montgomery County Police,Injury Crash,12/17/2019 06:04:00 PM,Maryland (State),GEORGIA AVE,PLYERS MILL RD,,N/A,PEDESTRIAN,STRAIGHT MOVEMENT ANGLE,N/A,WET,DARK LIGHTS ON,TRAFFIC SIGNAL,NONE DETECTED,NONE DETECTED,6C1B503D-9E0E-4011-9D5F-1C9FC8B0AF9B,PEDESTRIAN,Walking/Riding w/Traffic,NO IMPROPER ACTIONS,ON ROADWAY AT CROSSWALK,No,POSSIBLE INJURY,N/A,39.02998149,-77.04775969,"(39.02998149, -77.04775969)"
MCP2861005Z,230034963,Montgomery County Police,Injury Crash,07/22/2023 06:58:00 PM,,,,PARKING LOT OF 7101 DEMOCRACY BLVD,,PEDESTRIAN,SINGLE VEHICLE,CLEAR,,DAYLIGHT,NO CONTROLS,NONE DETECTED,NONE DETECTED,6EED454B-5A6E-487D-8544-F969F2F21350,PEDESTRIAN,Other,IN ROADWAY IMPROPERLY,ON ROADWAY NOT AT CROSSWALK,No,SUSPECTED MINOR INJURY,NONE,39.02406091,-77.14761954,"(39.02406091, -77.14761954)"
DD5653000T,220002694,Rockville Police Departme,Injury Crash,01/21/2022 03:31:00 PM,Municipality,WOOTTON PKWY,GREENPLACE TERR,,ROCKVILLE,PEDESTRIAN,SINGLE VEHICLE,CLOUDY,DRY,DAYLIGHT,TRAFFIC SIGNAL,N/A,NONE DETECTED,62EB08C2-AF52-4A35-BDA7-424B5A6A73AD,PEDESTRIAN,Walking/Cycling on Sidewalk,NO IMPROPER ACTIONS,SIDEWALK,Unknown,SUSPECTED MINOR INJURY,N/A,39.07451865,-77.18219412,"(39.07451865, -77.18219412)"
MCP24450052,230047596,Montgomery County Police,Injury Crash,08/03/2023 10:34:00 AM,Maryland (State),FREDERICK RD,OXBRIDGE DR,,N/A,PEDESTRIAN,STRAIGHT MOVEMENT ANGLE,CLEAR,DRY,DAYLIGHT,NO CONTROLS,UNKNOWN,NONE DETECTED,D6FAD665-F025-42F7-AB70-BA2FA44B2330,PEDESTRIAN,Cross/Enter at Intersection,NO IMPROPER ACTIONS,ON ROADWAY AT CROSSWALK,No,SUSPECTED MINOR INJURY,NONE,39.190056,-77.24168117,"(39.190056, -77.24168117)"
MCP2871003S,16066438,Montgomery County Police,Injury Crash,12/26/2016 05:00:00 PM,County,DEMOCRACY BLVD,ENT TO MALL,,N/A,OTHER,SINGLE VEHICLE,N/A,DRY,DUSK,PERSON,N/A,NONE DETECTED,C59FD9CF-5C4D-4E78-BF8C-3D5C07DCC187,OTHER,Other Working,NO IMPROPER ACTIONS,AT INTERSECTION BUT NO CROSSWALK,No,SUSPECTED MINOR INJURY,NONE,39.02402,-77.144265,"(39.02402, -77.144265)"
EJ78510043,190030023,Gaithersburg Police Depar,Injury Crash,06/23/2019 05:25:00 PM,Maryland (State),QUINCE ORCHARD RD,FIRSTFIELD RD,,GAITHERSBURG,PEDESTRIAN,OTHER,CLEAR,DRY,DAYLIGHT,TRAFFIC SIGNAL,NONE DETECTED,NONE DETECTED,006FEBFC-A5E1-4AA7-A3C3-74D832A925F5,PEDESTRIAN,Cross/Enter at Intersection,DART DASH,AT INTERSECTION BUT NO CROSSWALK,Yes,POSSIBLE INJURY,NONE,39.14519136,-77.22002609,"(39.14519136, -77.22002609)"
DD56230020,190016062,Rockville Police Departme,Injury Crash,04/06/2019 09:26:00 PM,Municipality,BEALL AVE #2,MARYLAND AVE,,N/A,PEDESTRIAN,SINGLE VEHICLE,CLEAR,DRY,DARK LIGHTS ON,WARNING SIGN,NONE DETECTED,NONE DETECTED,6DFF71B6-2561-42ED-BED7-AF83F7E8693E,PEDESTRIAN,Cross/Enter at Intersection,NO IMPROPER ACTIONS,AT INTERSECTION MARKED CROSSWALK,No,POSSIBLE INJURY,NONE,39.08691583,-77.151425,"(39.08691583, -77.151425)"
EJ7829001T,54142,GAITHERSBURG,Injury Crash,12/18/2015 03:54:00 PM,,,,PARKING LOT OF GAITHERSURG ELEMENTARY SCHOOL 35 N. SUMMIT AVE,,PEDESTRIAN,SINGLE VEHICLE,CLOUDY,,DAYLIGHT,N/A,NONE DETECTED,N/A,E3792BD0-C4E3-4659-81E4-3AA303C4012E,PEDESTRIAN,Cross/Enter not at Intersection,DART DASH,ON ROADWAY NOT AT CROSSWALK,Yes,POSSIBLE INJURY,NONE,39.14419047,-77.19281673,"(39.14419047, -77.19281673)"
MCP2859005F,180039488,Montgomery County Police,Injury Crash,08/09/2018 05:40:00 AM,Maryland (State),GREAT SENECA HWY,QUINCE ORCHARD RD,,N/A,PEDESTRIAN,SAME DIR REAR END,CLEAR,DRY,DARK NO LIGHTS,NO CONTROLS,NONE DETECTED,NONE DETECTED,2259B21D-B6CB-4793-B41C-5D8234EAC9EA,PEDESTRIAN,Standing,NO IMPROPER ACTIONS,OTHER,No,POSSIBLE INJURY,NONE,39.13033333,-77.23971833,"(39.13033333, -77.23971833)"
MCP2708003C,180025911,Montgomery County Police,Injury Crash,05/26/2018 06:54:00 PM,,,,PARKING LOT FOR 649 UNIVERSITY BOULEVARD EAST.,,PEDESTRIAN,OTHER,CLEAR,,DAYLIGHT,NO CONTROLS,NONE DETECTED,NONE DETECTED,8D659320-DE64-47B7-BCAF-9AE67A1C170F,PEDESTRIAN,Standing,INATTENTIVE,OTHER,No,POSSIBLE INJURY,NONE,38.99969,-76.996085,"(38.99969, -76.996085)"
MCP13660064,170502538,Montgomery County Police,Injury Crash,04/17/2017 07:25:00 AM,County,CRABBS BRANCH WAY,REDLAND RD,,N/A,PEDESTRIAN,SINGLE VEHICLE,CLOUDY,DRY,DAYLIGHT,TRAFFIC SIGNAL,NONE DETECTED,NONE DETECTED,4D153426-C241-422C-93D9-121652736A22,PEDESTRIAN,Cross/Enter at Intersection,NO IMPROPER ACTIONS,ON ROADWAY AT CROSSWALK,No,SUSPECTED MINOR INJURY,N/A,39.12081,-77.158815,"(39.12081, -77.158815)"
MCP15120024,190041410,Montgomery County Police,Injury Crash,08/29/2019 05:36:00 PM,Maryland (State),GREAT SENECA HWY,ENT TO BUSINESS,,N/A,BICYCLIST,STRAIGHT MOVEMENT ANGLE,N/A,DRY,DAYLIGHT,NO CONTROLS,NONE DETECTED,NONE DETECTED,E4CFEE8E-E91C-4834-974B-D997A5D287ED,BICYCLIST,Walking/Cycling on Sidewalk,NO IMPROPER ACTIONS,SIDEWALK,No,SUSPECTED MINOR INJURY,MC/BIKE HELMET,39.12532833,-77.23349167,"(39.12532833, -77.23349167)"
MCP3126001W,200006220,Montgomery County Police,Injury Crash,02/06/2020 06:30:00 PM,Maryland (State),RIDGE RD,OAK DR,,N/A,PEDESTRIAN,OTHER,RAINING,WET,DARK LIGHTS ON,TRAFFIC SIGNAL,NONE DETECTED,NONE DETECTED,0F87E570-9F0D-48B8-BF32-E436ED4FA1D2,PEDESTRIAN,Cross/Enter at Intersection,NO IMPROPER ACTIONS,ON ROADWAY AT CROSSWALK,Yes,SUSPECTED SERIOUS INJURY,NONE,39.27527333,-77.21474,"(39.27527333, -77.21474)"
MCP271700X4,220024969,Montgomery County Police,Injury Crash,06/10/2022 05:45:00 PM,Maryland (State),ROCKVILLE PIKE,WOOTTON PKWY,,ROCKVILLE,PEDESTRIAN,OTHER,CLEAR,DRY,DAYLIGHT,NO CONTROLS,NONE DETECTED,NONE DETECTED,80F0E87C-AAC1-4EB4-B26E-842B1FF3FB10,PEDESTRIAN,Cross/Enter at Intersection,NO IMPROPER ACTIONS,AT INTERSECTION BUT NO CROSSWALK,No,SUSPECTED MINOR INJURY,NONE,39.0756735,-77.13801,"(39.0756735, -77.13801)"
MCP2564001F,170521313,Montgomery County Police,Injury Crash,07/26/2017 04:10:00 PM,County,LOST KNIFE RD,ODENDHAL AVE,,N/A,PEDESTRIAN,STRAIGHT MOVEMENT ANGLE,N/A,DRY,DAYLIGHT,NO CONTROLS,UNKNOWN,NONE DETECTED,224A575E-83CF-4BDE-8A4D-2237DB1B857C,PEDESTRIAN,Cross/Enter at Intersection,NO IMPROPER ACTIONS,AT INTERSECTION BUT NO CROSSWALK,No,SUSPECTED MINOR INJURY,NONE,39.15363673,-77.19987094,"(39.15363673, -77.19987094)"
MCP1563004J,180002560,Montgomery County Police,Injury Crash,01/16/2018 06:46:00 PM,Municipality,ASPEN ST,CONNECTICUT AVE,,N/A,PEDESTRIAN,OTHER,CLEAR,DRY,DARK LIGHTS ON,NO CONTROLS,NONE DETECTED,NONE DETECTED,7EC7D670-8885-478D-87B2-2B6A229534F9,PEDESTRIAN,Cross/Enter at Intersection,NO IMPROPER ACTIONS,ON ROADWAY AT CROSSWALK,No,SUSPECTED SERIOUS INJURY,NONE,38.986285,-77.07734333,"(38.986285, -77.07734333)"
MCP2512001K,15056825,MONTGOMERY,Injury Crash,11/07/2015 06:40:00 PM,,,,Parking lot of 16541 S Frederick Ave,,PEDESTRIAN,OTHER,CLOUDY,,DARK LIGHTS ON,NO CONTROLS,NONE DETECTED,NONE DETECTED,9EE90D6C-AEB3-4B8D-A508-C48E4C105136,PEDESTRIAN,Other,NO IMPROPER ACTIONS,OTHER,No,SUSPECTED MINOR INJURY,N/A,39.12707,-77.18435,"(39.12707, -77.18435)"
MCP1522001F,170504061,Montgomery County Police,Injury Crash,04/25/2017 09:17:00 AM,,,,PARKING LOT OF 24001 RIDGE RD,,PEDESTRIAN,OTHER,CLOUDY,,DAYLIGHT,NO CONTROLS,N/A,N/A,FACF7CEB-B599-4B59-97ED-DC06D9E7A26D,PEDESTRIAN,Standing,IN ROADWAY IMPROPERLY,ON ROADWAY NOT AT CROSSWALK,No,SUSPECTED MINOR INJURY,N/A,39.24937055,-77.23324299,"(39.24937055, -77.23324299)"
MCP3138002N,200044466,Montgomery County Police,Property Damage Crash,11/11/2020 07:50:00 PM,County,CONTINENTAL DR,GEORGE WASHINGTON DR,,N/A,BICYCLIST,OTHER,CLEAR,DRY,DARK NO LIGHTS,N/A,N/A,N/A,E8E93BE5-BF3F-4D5B-B9DA-B013F121B9A3,BICYCLIST,Walking/Riding w/Traffic,OTHER,ON ROADWAY NOT AT CROSSWALK,No,NO APPARENT INJURY,MC/BIKE HELMET,39.13061875,-77.08827079,"(39.13061875, -77.08827079)"
MCP3209001T,200042007,Montgomery County Police,Injury Crash,10/30/2020 06:14:00 PM,County,BLAIR RD,JUNIPER ST,,N/A,BICYCLIST,STRAIGHT MOVEMENT ANGLE,CLEAR,DRY,DUSK,STOP SIGN,UNKNOWN,NONE DETECTED,A046A21D-8CB8-4161-8EC8-7B62431A41D8,BICYCLIST,Cross/Enter at Intersection,FAILURE TO YIELD RIGHT OF WAY,AT INTERSECTION BUT NO CROSSWALK,No,POSSIBLE INJURY,NONE,38.98272912,-77.02240396,"(38.98272912, -77.02240396)"
MCP2654000V,15057183,MONTGOMERY,Injury Crash,11/21/2015 06:22:00 PM,County,SILVER SPRING AVE,FENTON ST,,N/A,PEDESTRIAN,SINGLE VEHICLE,RAINING,WET,DARK LIGHTS ON,TRAFFIC SIGNAL,UNKNOWN,NONE DETECTED,5418369F-8951-446F-BE21-1B3AEA94CDB8,PEDESTRIAN,Cross/Enter at Intersection,NO IMPROPER ACTIONS,ON ROADWAY AT CROSSWALK,No,SUSPECTED MINOR INJURY,NONE,38.99169584,-77.02401996,"(38.99169584, -77.02401996)"
MCP29310055,210026292,Montgomery County Police,Injury Crash,07/08/2021 05:17:00 PM,Maryland (State),ROCKVILLE PIKE,BOU AVE,,N/A,PEDESTRIAN,OTHER,CLEAR,DRY,DAYLIGHT,TRAFFIC SIGNAL,UNKNOWN,NONE DETECTED,C9EDB24A-7EFE-4D33-859F-6E5CB828EFD2,PEDESTRIAN,Cross/Enter at Intersection,NO IMPROPER ACTIONS,ON ROADWAY AT CROSSWALK,No,SUSPECTED MINOR INJURY,NONE,39.05611333,-77.11922907,"(39.05611333, -77.11922907)"
MCP9432002X,200048406,Montgomery County Police,Injury Crash,12/08/2020 05:40:00 PM,,JAEGER ROAD,WOODCOCK WAY,,N/A,PEDESTRIAN,STRAIGHT MOVEMENT ANGLE,CLEAR,DRY,DARK NO LIGHTS,STOP SIGN,NONE DETECTED,NONE DETECTED,6F9FAB8A-6094-4F2C-A6B5-4E69973EE4FE,PEDESTRIAN,Cross/Enter at Intersection,NOT VISIBLE,AT INTERSECTION BUT NO CROSSWALK,No,POSSIBLE INJURY,NONE,39.21697667,-77.29607667,"(39.21697667, -77.29607667)"
MCP3228005F,230062197,Montgomery County Police,Injury Crash,10/23/2023 06:59:00 PM,,,,"PARKING LOT OF 833 WAYNE AVE, SILVER SPRING, MARYLAND 20910",,PEDESTRIAN,OTHER,CLEAR,,DARK LIGHTS ON,NO CONTROLS,NONE DETECTED,NONE DETECTED,88B28BBC-3658-4517-9BC8-7D7059DD8E22,PEDESTRIAN,Standing,NO IMPROPER ACTIONS,OTHER,No,SUSPECTED MINOR INJURY,NONE,38.99646417,-77.023829,"(38.99646417, -77.023829)"
MCP26500016,230050435,Montgomery County Police,Injury Crash,08/20/2023 09:26:00 PM,County,HILLANDALE RD,BRADLEY BLVD,,N/A,PEDESTRIAN,SINGLE VEHICLE,CLEAR,DRY,DARK LIGHTS ON,TRAFFIC SIGNAL,NONE DETECTED,NONE DETECTED,A5F0342C-BD90-4ECF-9364-A892B7ED4FAD,PEDESTRIAN,Cross/Enter at Intersection,NO IMPROPER ACTIONS,AT INTERSECTION MARKED CROSSWALK,No,SUSPECTED MINOR INJURY,N/A,38.9778,-77.09670833,"(38.9778, -77.09670833)"
MCP28630010,15046309,MONTGOMERY,Injury Crash,09/13/2015 11:50:00 AM,County,ARROWHEAD RD,MONTGOMERY VILLAGE AVE,,N/A,PEDESTRIAN,HEAD ON LEFT TURN,CLEAR,DRY,DAYLIGHT,NO CONTROLS,NONE DETECTED,NONE DETECTED,06597BA2-13B4-438E-A4BB-F4C8E3E7F3CB,PEDESTRIAN,Other Working,N/A,OTHER,No,POSSIBLE INJURY,REFLECTIVE CLOTHING,39.186455,-77.19535167,"(39.186455, -77.19535167)"
MCP304800BL,230057465,Montgomery County Police,Property Damage Crash,09/29/2023 12:00:00 PM,Maryland (State),CONNECTICUT AVE,TAYLOR ST,,CHEVY CHASE #3,OTHER,SAME DIRECTION SIDESWIPE,CLOUDY,DRY,DAYLIGHT,NO CONTROLS,N/A,N/A,35759F61-1EED-4D2C-A09C-339597767B6C,OTHER,Other,N/A,N/A,No,NO APPARENT INJURY,N/A,38.97973783,-77.077215,"(38.97973783, -77.077215)"
MCP3164001W,190029845,Montgomery County Police,Injury Crash,06/22/2019 12:16:00 PM,,,,CVS PARKING LOT,,PEDESTRIAN,HEAD ON,CLEAR,,DAYLIGHT,NO CONTROLS,N/A,N/A,C35DB446-0382-4C41-8952-DD9BDBBC8E1B,PEDESTRIAN,Standing,NO IMPROPER ACTIONS,SIDEWALK,No,SUSPECTED MINOR INJURY,N/A,39.039275,-77.054065,"(39.039275, -77.054065)"
MCP2948000G,15037928,MONTGOMERY,Injury Crash,07/31/2015 04:21:00 PM,County,CHANNING DR,ALMA ST,,N/A,PEDESTRIAN,N/A,CLEAR,DRY,DAYLIGHT,NO CONTROLS,NONE DETECTED,NONE DETECTED,9D2FCDFE-A59C-47C3-BE6D-F12968F48287,PEDESTRIAN,Standing,NO IMPROPER ACTIONS,SHOULDER,No,SUSPECTED MINOR INJURY,NONE,39.04446333,-77.04058667,"(39.04446333, -77.04058667)"
MCP29730017,16015925,Montgomery County Police,Injury Crash,04/01/2016 02:47:00 PM,Maryland (State),VEIRS MILL RD,UNIVERSITY BLVD W,,N/A,PEDESTRIAN,SINGLE VEHICLE,CLEAR,DRY,DAYLIGHT,NO CONTROLS,NONE DETECTED,NONE DETECTED,ADDBFD5E-AABA-4B00-8E4A-AD3474884ACC,PEDESTRIAN,Cross/Enter not at Intersection,FAILURE TO YIELD RIGHT OF WAY,ON ROADWAY NOT AT CROSSWALK,Yes,POSSIBLE INJURY,NONE,39.04029881,-77.05611527,"(39.04029881, -77.05611527)"
DM8374000Q,16023271,Takoma Park Police Depart,Injury Crash,05/10/2016 08:19:00 PM,Municipality,MAPLE AVE,PHILADELPHIA AVE,,N/A,PEDESTRIAN,OTHER,CLOUDY,DRY,DARK LIGHTS ON,TRAFFIC SIGNAL,N/A,N/A,36CD0868-4E7C-4A49-B677-0957FDFDC313,PEDESTRIAN,Cross/Enter at Intersection,UNKNOWN,ON ROADWAY AT CROSSWALK,No,SUSPECTED MINOR INJURY,N/A,38.981335,-77.01154,"(38.981335, -77.01154)"
MCP263900CZ,210040772,Montgomery County Police,Injury Crash,10/12/2021 10:07:00 AM,,,,PARKING LOT OF 22700 SWEET SHRUB DR,,PEDESTRIAN,HEAD ON LEFT TURN,CLOUDY,,DAYLIGHT,NO CONTROLS,NONE DETECTED,NONE DETECTED,F50050BA-4456-41D8-AF37-01679824429A,PEDESTRIAN,Other,NO IMPROPER ACTIONS,ON ROADWAY AT CROSSWALK,No,POSSIBLE INJURY,NONE,39.23042167,-77.250285,"(39.23042167, -77.250285)"
MCP292300B2,230059118,Montgomery County Police,Injury Crash,10/07/2023 01:52:00 PM,County,PARKER AVE,GEORGIA AVE,,N/A,BICYCLIST,OTHER,CLEAR,DRY,DAYLIGHT,STOP SIGN,NONE DETECTED,NONE DETECTED,F92F5DD5-FBCE-49A1-BFA4-ED74E9558BA0,BICYCLIST,Cross/Enter at Intersection,NO IMPROPER ACTIONS,AT INTERSECTION BUT NO CROSSWALK,No,SUSPECTED MINOR INJURY,NONE,39.04950383,-77.05174269,"(39.04950383, -77.05174269)"
MCP235300CN,230070177,Montgomery County Police,Injury Crash,12/06/2023 10:56:00 AM,County,ARLINGTON RD,BETHESDA AVE,,N/A,PEDESTRIAN,STRAIGHT MOVEMENT ANGLE,CLOUDY,DRY,DAYLIGHT,TRAFFIC SIGNAL,NONE DETECTED,NONE DETECTED,153BE158-9638-4246-8B14-EF19E79492CC,PEDESTRIAN,Standing,NO IMPROPER ACTIONS,SIDEWALK,No,SUSPECTED SERIOUS INJURY,N/A,38.98077833,-77.09855,"(38.98077833, -77.09855)"
DD5643002V,230030322,Rockville Police Departme,Injury Crash,06/24/2023 10:50:00 PM,Municipality,MONROE ST,E JEFFERSON ST,,N/A,"OTHER, PEDESTRIAN",OTHER,CLEAR,DRY,DARK LIGHTS ON,TRAFFIC SIGNAL,NONE DETECTED,UNKNOWN,AC61CBD1-47DE-464C-AA34-3E7FEE83AA50,PEDESTRIAN,Cross/Enter at Intersection,DART DASH,OUTSIDE RIGHT OF WAY,Yes,SUSPECTED MINOR INJURY,N/A,39.08198033,-77.14913469,"(39.08198033, -77.14913469)"
MCP3059003G,180063871,Montgomery County Police,Injury Crash,12/21/2018 07:00:00 PM,,,,PARKING LOT OF 13615 GEORGIA AVE,,PEDESTRIAN,OTHER,CLEAR,,DUSK,N/A,UNKNOWN,NONE DETECTED,59981897-F4E5-4159-8077-39D87DDEC1BD,PEDESTRIAN,Walking/Cycling on Sidewalk,NO IMPROPER ACTIONS,SIDEWALK,No,POSSIBLE INJURY,N/A,39.07891152,-77.07230682,"(39.07891152, -77.07230682)"
MCP2496002M,210017307,Montgomery County Police,Injury Crash,05/08/2021 02:32:00 PM,County,FOREST GLEN RD,LORAIN AVE,,N/A,BICYCLIST,STRAIGHT MOVEMENT ANGLE,CLOUDY,DRY,DAYLIGHT,STOP SIGN,NONE DETECTED,NONE DETECTED,9A4373B8-1772-4D9A-BFA9-54380D64D78D,BICYCLIST,Cross/Enter at Intersection,FAILURE TO YIELD RIGHT OF WAY,AT INTERSECTION BUT NO CROSSWALK,Yes,POSSIBLE INJURY,MC/BIKE HELMET,39.01717453,-77.02162894,"(39.01717453, -77.02162894)"
MCP9432002S,200034713,Montgomery County Police,Injury Crash,09/04/2020 07:00:00 PM,,GODWIT STREET,MERLIN AVENUE,,N/A,BICYCLIST,STRAIGHT MOVEMENT ANGLE,CLEAR,DRY,DUSK,NO CONTROLS,UNKNOWN,NONE DETECTED,B35B0E44-5B7D-468B-88B9-F2647DC5DE27,BICYCLIST,Cross/Enter at Intersection,NO IMPROPER ACTIONS,ON ROADWAY NOT AT CROSSWALK,No,SUSPECTED MINOR INJURY,MC/BIKE HELMET,39.21974833,-77.29039,"(39.21974833, -77.29039)"
MCP25980021,180053745,Montgomery County Police,Injury Crash,10/26/2018 09:08:00 PM,Maryland (State),PINEY BRANCH RD,SILVER SPRING AVE,,N/A,PEDESTRIAN,STRAIGHT MOVEMENT ANGLE,RAINING,WET,DARK LIGHTS ON,NO CONTROLS,N/A,N/A,DB2F230C-3323-45C8-A118-8A0E5E4F793A,PEDESTRIAN,Cross/Enter not at Intersection,IN ROADWAY IMPROPERLY,OUTSIDE RIGHT OF WAY,Yes,SUSPECTED MINOR INJURY,NONE,38.99349176,-77.00914788,"(38.99349176, -77.00914788)"
MCP28510019,15048076,MONTGOMERY,Injury Crash,09/22/2015 06:44:00 PM,Maryland (State),GERMANTOWN RD,AIRCRAFT DR,,N/A,PEDESTRIAN,SINGLE VEHICLE,CLEAR,DRY,DAYLIGHT,TRAFFIC SIGNAL,NONE DETECTED,NONE DETECTED,8CD3880B-7884-49A3-A47D-665B594167C2,PEDESTRIAN,Cross/Enter at Intersection,FAILURE TO YIELD RIGHT OF WAY,ON ROADWAY AT CROSSWALK,Yes,SUSPECTED MINOR INJURY,N/A,39.18203333,-77.26057833,"(39.18203333, -77.26057833)"
MCP2871008D,220054106,Montgomery County Police,Injury Crash,12/07/2022 04:17:00 PM,,,,PARKING LOT OF 4860 BOILING BROOK PKWY,,MACHINE OPERATOR/RIDER,STRAIGHT MOVEMENT ANGLE,CLEAR,,DARK LIGHTS ON,NO CONTROLS,NONE DETECTED,NONE DETECTED,4A718F1A-AEEF-4F66-BDFB-3C997E5EE01B,MACHINE OPERATOR/RIDER,Cross/Enter at Intersection,FAILURE TO YIELD RIGHT OF WAY,OTHER,Yes,SUSPECTED MINOR INJURY,NONE,39.04691333,-77.09962833,"(39.04691333, -77.09962833)"
MCP2764000G,15007772,Montgomery County Police,Injury Crash,02/16/2015 06:43:00 PM,,,,Parking Lot at 12015 georgia avenue,,PEDESTRIAN,OTHER,SNOW,,DARK LIGHTS ON,NO CONTROLS,NONE DETECTED,NONE DETECTED,7913F637-2878-451C-BD0B-AD477C0C7933,PEDESTRIAN,Other,UNKNOWN,OTHER,,POSSIBLE INJURY,NONE,39.05967167,-77.04533333,"(39.05967167, -77.04533333)"