Report Number,Local Case Number,Agency Name,ACRS Report Type,Crash Date/Time,Route Type,Road Name,Cross-Street Name,Off-Road Description,Municipality,Related Non-Motorist,Collision Type,Weather,Surface Condition,Light,Traffic Control,Driver Substance Abuse,Non-Motorist Substance Abuse,Person ID,Pedestrian Type,Pedestrian Movement,Pedestrian Actions,Pedestrian Location,At Fault,Injury Severity,Safety Equipment,Latitude,Longitude,Location
MCP27500058,200049520,Montgomery County Police,Injury Crash,12/16/2020 12:30:00 PM,Maryland (State),GEORGIA AVE,DAMASCUS RD,,N/A,PEDESTRIAN,OTHER,SNOW,SNOW,DAYLIGHT,NO CONTROLS,NONE DETECTED,NONE DETECTED,7EF02BDC-47F8-4881-A75D-CA5AD056AFDA,PEDESTRIAN,Standing,NO IMPROPER ACTIONS,SHOULDER,No,POSSIBLE INJURY,NONE,39.21163667,-77.06197,"(39.21163667, -77.06197)"
MCP2008007X,200027535,Montgomery County Police,Injury Crash,07/15/2020 07:04:00 PM,County,FRANKLIN ST,PARKWOOD DR,,N/A,"BICYCLIST, PEDESTRIAN",OTHER,CLEAR,DRY,DAYLIGHT,STOP SIGN,NONE DETECTED,NONE DETECTED,38334CFC-EA02-4636-B402-28278CFB89A0,PEDESTRIAN,Cross/Enter at Intersection,NO IMPROPER ACTIONS,AT INTERSECTION MARKED CROSSWALK,No,SUSPECTED MINOR INJURY,NONE,39.01972667,-77.09671,"(39.01972667, -77.09671)"
DD5583001K,16035940,Rockville Police Departme,Injury Crash,07/15/2016 07:13:00 PM,Municipality,TEMPLETON PL,CUL DE SAC,,N/A,PEDESTRIAN,SINGLE VEHICLE,CLEAR,DRY,DAYLIGHT,N/A,NONE DETECTED,NONE DETECTED,6486D483-3508-4664-B27D-ABE4457270A8,PEDESTRIAN,Standing,NO IMPROPER ACTIONS,SIDEWALK,No,POSSIBLE INJURY,NONE,39.06651619,-77.12910488,"(39.06651619, -77.12910488)"
MCP21820030,220019289,Montgomery County Police,Property Damage Crash,05/06/2022 07:20:00 AM,,,,FRONT PARKING LOT OF WALT WHITMAN HIGH SCHOOL,,PEDESTRIAN,OTHER,RAINING,,DAYLIGHT,NO CONTROLS,N/A,N/A,A5D26242-86EF-4A39-8996-9371877AEB60,PEDESTRIAN,Walking/Riding w/Traffic,NO IMPROPER ACTIONS,OTHER,No,NO APPARENT INJURY,N/A,38.9814697,-77.12575206,"(38.9814697, -77.12575206)"
DD56190005,16019567,Rockville Police Departme,Injury Crash,04/21/2016 07:51:00 AM,Municipality,MARTINS LA,N WASHINGTON ST,,ROCKVILLE,BICYCLIST,SINGLE VEHICLE,CLEAR,DRY,DAYLIGHT,TRAFFIC SIGNAL,NONE DETECTED,NONE DETECTED,ADAE4B91-826C-49E4-B037-81E3C6BC6F88,BICYCLIST,Cross/Enter at Intersection,NO IMPROPER ACTIONS,AT INTERSECTION MARKED CROSSWALK,No,POSSIBLE INJURY,NONE,39.09064,-77.15372833,"(39.09064, -77.15372833)"
MCP3271002H,220040006,Montgomery County Police,Injury Crash,09/14/2022 04:15:00 PM,Maryland (State),GOLDSBORO RD,MILLWOOD RD,,N/A,BICYCLIST,OPPOSITE DIR BOTH LEFT TURN,CLEAR,DRY,DAYLIGHT,STOP SIGN,NONE DETECTED,NONE DETECTED,91193DA0-41D2-4512-ADAC-7F797B9BFC0E,BICYCLIST,Cross/Enter at Intersection,NO IMPROPER ACTIONS,AT INTERSECTION BUT NO CROSSWALK,No,SUSPECTED MINOR INJURY,MC/BIKE HELMET,38.97408943,-77.1199701,"(38.97408943, -77.1199701)"
MCP2682003G,220010526,Montgomery County Police,Injury Crash,03/11/2022 01:28:00 PM,,,,PARKING LOT OF 19150 MONTGOMERY VILLAGE AVE MONTGOMERY VILLAGE MD 20886,,PEDESTRIAN,N/A,CLEAR,,DAYLIGHT,OTHER,UNKNOWN,NONE DETECTED,6BC17D9A-CFF2-4C17-BE65-502452BD6F58,PEDESTRIAN,Other,NO IMPROPER ACTIONS,OTHER,No,POSSIBLE INJURY,NONE,39.17118644,-77.20506481,"(39.17118644, -77.20506481)"
MCP2195003R,190058596,Montgomery County Police,Injury Crash,12/05/2019 11:32:00 AM,,,,PARKING LOT OF 850 E GUDE DR,,PEDESTRIAN,OTHER,CLEAR,,DAYLIGHT,NO CONTROLS,NONE DETECTED,NONE DETECTED,B9AA6A78-DB2D-4349-9A8B-FF1D8377A7A1,PEDESTRIAN,Getting off/on Vehicle,ENTERING EXITING PARKED STANDING VEHICLE,N/A,No,SUSPECTED MINOR INJURY,NONE,39.100655,-77.13931167,"(39.100655, -77.13931167)"
MCP1170002J,190054027,Montgomery County Police,Injury Crash,11/09/2019 12:59:00 PM,County,GREENCASTLE RD,BROWNSTONE DR,,N/A,PEDESTRIAN,SINGLE VEHICLE,CLEAR,DRY,DAYLIGHT,N/A,NONE DETECTED,N/A,1724C550-4B69-4C7C-9B92-95718739E804,PEDESTRIAN,Other,OTHER,OTHER,Yes,SUSPECTED SERIOUS INJURY,NONE,39.11322833,-76.93093333,"(39.11322833, -76.93093333)"
MCP2689003J,170523840,Montgomery County Police,Injury Crash,08/09/2017 10:24:00 AM,Maryland (State),VEIRS MILL RD,ATLANTIC AVE,,ROCKVILLE,PEDESTRIAN,SINGLE VEHICLE,CLEAR,DRY,DAYLIGHT,TRAFFIC SIGNAL,NONE DETECTED,NONE DETECTED,63C2D5ED-5B17-4DAC-B4ED-2D72DFF813F0,PEDESTRIAN,Cross/Enter at Intersection,NO IMPROPER ACTIONS,ON ROADWAY AT CROSSWALK,No,SUSPECTED MINOR INJURY,NONE,39.07487539,-77.11544976,"(39.07487539, -77.11544976)"
MCP137800NF,180056286,Montgomery County Police,Injury Crash,11/09/2018 12:27:00 PM,Maryland (State),CLOPPER RD,METROPOLITAN GROVE RD,,GAITHERSBURG,PEDESTRIAN,SINGLE VEHICLE,RAINING,WET,DAYLIGHT,TRAFFIC SIGNAL,NONE DETECTED,NONE DETECTED,CF670503-CE2D-45A1-9E07-9F046A46B23B,PEDESTRIAN,Cross/Enter at Intersection,NO IMPROPER ACTIONS,ON ROADWAY AT CROSSWALK,No,SUSPECTED MINOR INJURY,NONE,39.146305,-77.22842667,"(39.146305, -77.22842667)"
MCP271700SK,200036675,Montgomery County Police,Injury Crash,09/18/2020 08:10:00 PM,Ramp,RAMP 2 FR DEMOCRACY BLVD TO IS 270Y NB,DEMOCRACY BLVD,,N/A,PEDESTRIAN,OTHER,CLEAR,DRY,DARK LIGHTS ON,NO CONTROLS,UNKNOWN,NONE DETECTED,39170AD6-A938-4829-9396-8DE6B8C99774,PEDESTRIAN,Cross/Enter at Intersection,NO IMPROPER ACTIONS,ON ROADWAY AT CROSSWALK,No,SUSPECTED MINOR INJURY,NONE,39.02155533,-77.13798733,"(39.02155533, -77.13798733)"
MCP3264002B,220001928,Montgomery County Police,Property Damage Crash,01/16/2022 07:51:00 AM,County,FENTON ST,BONIFANT ST,,N/A,OTHER,SINGLE VEHICLE,CLEAR,DRY,DARK -- UNKNOWN LIGHTING,NO CONTROLS,N/A,NONE DETECTED,AF274216-1AD5-454F-9D97-9431A8904F78,OTHER,Other,N/A,N/A,No,NO APPARENT INJURY,N/A,38.99471551,-77.02362731,"(38.99471551, -77.02362731)"
MCP2351001D,170533176,Montgomery County Police,Injury Crash,09/26/2017 08:56:00 AM,County,TWINBROOK PKWY,HALPINE RD,,N/A,PEDESTRIAN,OTHER,CLEAR,DRY,DAYLIGHT,OTHER,NONE DETECTED,NONE DETECTED,55AD17AA-288B-4A05-BB87-F96CC7BA9F8B,PEDESTRIAN,Cross/Enter at Intersection,NO IMPROPER ACTIONS,AT INTERSECTION MARKED CROSSWALK,No,SUSPECTED MINOR INJURY,NONE,39.06642872,-77.11469203,"(39.06642872, -77.11469203)"
MCP2720001P,15060836,MONTGOMERY,Injury Crash,11/28/2015 07:18:00 PM,County,CONNECTICUT AVE,GRAND PRE RD,,N/A,PEDESTRIAN,SINGLE VEHICLE,CLEAR,DRY,DARK -- UNKNOWN LIGHTING,NO CONTROLS,NONE DETECTED,UNKNOWN,020DC8F9-B4C5-43A3-8152-19B4A1E47C93,PEDESTRIAN,Cross/Enter not at Intersection,IN ROADWAY IMPROPERLY,ON ROADWAY NOT AT CROSSWALK,Yes,POSSIBLE INJURY,NONE,39.08699167,-77.07413333,"(39.08699167, -77.07413333)"
MCP26990016,180057058,Montgomery County Police,Injury Crash,11/14/2018 04:30:00 AM,County,PARKLAWN DR,WILKINS AVE,,N/A,PEDESTRIAN,SINGLE VEHICLE,CLEAR,DRY,DARK LIGHTS ON,FLASHING TRAFFIC SIGNAL,UNKNOWN,NONE DETECTED,2090ECE2-A50E-4BFF-A212-AE9D7EDBA328,PEDESTRIAN,Cross/Enter at Intersection,NO IMPROPER ACTIONS,ON ROADWAY AT CROSSWALK,No,POSSIBLE INJURY,NONE,39.06124833,-77.11213667,"(39.06124833, -77.11213667)"
MCP3212003W,220048827,Montgomery County Police,Injury Crash,11/05/2022 03:51:00 PM,Maryland (State),GEORGIA AVE,FOREST GLEN RD,,N/A,PEDESTRIAN,OTHER,CLEAR,DRY,DAYLIGHT,TRAFFIC SIGNAL,NONE DETECTED,NONE DETECTED,D59FB553-4A34-4F8B-A317-F7D1A51C5B78,PEDESTRIAN,Cross/Enter at Intersection,FAILURE TO YIELD RIGHT OF WAY,AT INTERSECTION MARKED CROSSWALK,Yes,SUSPECTED MINOR INJURY,NONE,39.01520562,-77.04259605,"(39.01520562, -77.04259605)"
MCP2693001B,16004084,Montgomery County Police,Injury Crash,01/24/2016 04:04:00 PM,County,BAUER DR,BURNSIDE DR,,N/A,PEDESTRIAN,SINGLE VEHICLE,CLEAR,SNOW,DAYLIGHT,NO CONTROLS,NONE DETECTED,NONE DETECTED,83697246-4D6A-45E5-879A-83A6A13CFBE4,PEDESTRIAN,Walking/Riding w/Traffic,NO IMPROPER ACTIONS,SHOULDER,No,POSSIBLE INJURY,N/A,39.094385,-77.10942667,"(39.094385, -77.10942667)"
MCP1519003B,210016388,Montgomery County Police,Injury Crash,05/02/2021 01:20:00 PM,Maryland (State),GERMANTOWN RD,BEGIN BRIDGE,,N/A,BICYCLIST,HEAD ON,CLEAR,DRY,DAYLIGHT,NO CONTROLS,ALCOHOL PRESENT,NONE DETECTED,DDE8A20A-A765-4201-9B68-A2D0ED4E4D7B,BICYCLIST,Walking/Riding w/Traffic,NO IMPROPER ACTIONS,SHOULDER,No,SUSPECTED MINOR INJURY,MC/BIKE HELMET,39.126543,-77.296455,"(39.126543, -77.296455)"
MCP9422001P,190015766,Montgomery County Police,Injury Crash,04/04/2019 11:27:00 PM,Maryland (State),NEW HAMPSHIRE AVE,THOMAS DR,,N/A,OTHER CONVEYANCE,SINGLE VEHICLE,CLEAR,DRY,DARK NO LIGHTS,NO CONTROLS,NONE DETECTED,NONE DETECTED,546B6DF9-4924-4D3A-A878-BED81F927D7A,OTHER CONVEYANCE,Walking/Riding w/Traffic,IN ROADWAY IMPROPERLY,ON ROADWAY NOT AT CROSSWALK,Yes,SUSPECTED SERIOUS INJURY,NONE,39.066735,-77.00138667,"(39.066735, -77.00138667)"
MCP3131000D,180044796,Montgomery County Police,Injury Crash,09/07/2018 07:55:00 PM,Government,GARRETT PARK RD,SCHUYLKILL RD,,N/A,PEDESTRIAN,SINGLE VEHICLE,RAINING,WET,DARK NO LIGHTS,NO CONTROLS,NONE DETECTED,N/A,4FA6D670-9508-4379-AAF3-EDDA905234B4,PEDESTRIAN,Cross/Enter not at Intersection,DART DASH,ON ROADWAY NOT AT CROSSWALK,Yes,SUSPECTED MINOR INJURY,NONE,39.04004878,-77.09115348,"(39.04004878, -77.09115348)"
MCP32740019,220018295,Montgomery County Police,Injury Crash,04/29/2022 09:45:00 PM,Maryland (State),RIVER RD,LANDY LA,,N/A,PEDESTRIAN,STRAIGHT MOVEMENT ANGLE,CLEAR,DRY,DARK LIGHTS ON,NO CONTROLS,NONE DETECTED,ALCOHOL CONTRIBUTED,21A4737C-7222-447F-83D2-946A3DB54578,PEDESTRIAN,Other,IN ROADWAY IMPROPERLY,OUTSIDE RIGHT OF WAY,Yes,SUSPECTED SERIOUS INJURY,N/A,38.96501333,-77.10390833,"(38.96501333, -77.10390833)"
MCP24750011,16029229,Montgomery County Police,Injury Crash,06/10/2016 03:50:00 PM,US (State),COLESVILLE RD,TIMBERWOOD AVE,,N/A,BICYCLIST,STRAIGHT MOVEMENT ANGLE,CLEAR,DRY,DAYLIGHT,STOP SIGN,N/A,N/A,AB616E78-5F3C-416C-B0C0-77821EC272EC,BICYCLIST,Cross/Enter at Intersection,FAILURE TO YIELD RIGHT OF WAY,OUTSIDE RIGHT OF WAY,Yes,SUSPECTED MINOR INJURY,MC/BIKE HELMET,39.02163432,-77.01216459,"(39.02163432, -77.01216459)"
MCP2733000T,16052948,Montgomery County Police,Injury Crash,10/14/2016 10:29:00 PM,County,BETHESDA AVE,CLARENDON RD,,N/A,PEDESTRIAN,OTHER,CLEAR,DRY,DARK NO LIGHTS,NO CONTROLS,NONE DETECTED,NONE DETECTED,46C97C92-A879-492D-8F8F-8F5FBE247904,PEDESTRIAN,Cross/Enter not at Intersection,IN ROADWAY IMPROPERLY,ON ROADWAY NOT AT CROSSWALK,Yes,SUSPECTED SERIOUS INJURY,NONE,38.98078333,-77.09970333,"(38.98078333, -77.09970333)"
MCP1366005N,17004075,Montgomery County Police,Injury Crash,01/24/2017 06:47:00 AM,Municipality,PLEASANT DR,CROOKED CREEK DR,,ROCKVILLE,PEDESTRIAN,SINGLE VEHICLE,RAINING,WET,DARK LIGHTS ON,STOP SIGN,NONE DETECTED,NONE DETECTED,25601E8A-8A63-4818-9EF7-773CB2E72A9C,PEDESTRIAN,Cross/Enter at Intersection,FAILURE TO YIELD RIGHT OF WAY,AT INTERSECTION BUT NO CROSSWALK,Yes,SUSPECTED SERIOUS INJURY,NONE,39.11268,-77.16970167,"(39.11268, -77.16970167)"
MCP2676002B,16065067,Montgomery County Police,Property Damage Crash,12/19/2016 01:30:00 PM,Municipality,GAME PRESERVE RD,TRAVIS AVE,,GAITHERSBURG,PEDESTRIAN,OTHER,CLEAR,N/A,DAYLIGHT,NO CONTROLS,N/A,N/A,88192B0E-D524-4F0D-AF02-D1E4B59136FB,PEDESTRIAN,Walking/Riding w/Traffic,UNKNOWN,SHOULDER,Unknown,NO APPARENT INJURY,N/A,39.1625106,-77.22187042,"(39.1625106, -77.22187042)"
EJ78560079,190035303,Gaithersburg Police Depar,Injury Crash,07/25/2019 05:00:00 AM,Municipality,TRAVIS VIEW CT,CROSS TIE CT,,GAITHERSBURG,PEDESTRIAN,OTHER,CLEAR,DRY,DARK LIGHTS ON,N/A,UNKNOWN,N/A,89E4DC75-2300-4861-8340-C81BCC993B17,PEDESTRIAN,Standing,IN ROADWAY IMPROPERLY,OTHER,Yes,POSSIBLE INJURY,N/A,39.16477819,-77.22101077,"(39.16477819, -77.22101077)"
DD5620004P,190049453,Rockville Police Departme,Property Damage Crash,10/15/2019 01:50:00 PM,Municipality,ANDERSON AVE,MANNAKEE ST,,ROCKVILLE,OTHER,STRAIGHT MOVEMENT ANGLE,CLEAR,DRY,DAYLIGHT,STOP SIGN,NONE DETECTED,N/A,0AF2C8E9-A24F-4BC4-B42A-913071C6B817,OTHER,N/A,N/A,INSIDE BUILDING,No,NO APPARENT INJURY,N/A,39.08694417,-77.1672065,"(39.08694417, -77.1672065)"
MCP9301000M,15026639,Montgomery County Police,Injury Crash,06/02/2015 02:16:00 PM,,,,parking lot of 610 N. Frederick Ave,,PEDESTRIAN,SINGLE VEHICLE,RAINING,,DAYLIGHT,NO CONTROLS,NONE DETECTED,NONE DETECTED,93765BF6-9A08-4BC3-9556-6D0795745664,PEDESTRIAN,Other,NO IMPROPER ACTIONS,OTHER,,SUSPECTED SERIOUS INJURY,N/A,39.15043667,-77.21318667,"(39.15043667, -77.21318667)"
MCP29310036,180061594,Montgomery County Police,Injury Crash,12/09/2018 08:24:00 PM,,,,PARKING LOT OF 2210 VEIRS MILL RD,,PEDESTRIAN,N/A,CLEAR,,DARK NO LIGHTS,N/A,UNKNOWN,N/A,D8C135A1-3072-400F-BC4D-3375C2CE11F1,PEDESTRIAN,Other,IN ROADWAY IMPROPERLY,OTHER,Yes,POSSIBLE INJURY,N/A,39.07514162,-77.11436649,"(39.07514162, -77.11436649)"
EJ78330040,170536537,Gaithersburg Police Depar,Injury Crash,10/13/2017 08:58:00 PM,Municipality,HILLSTONE RD,QUINCE ORCHARD RD,,N/A,PEDESTRIAN,OTHER,CLOUDY,DRY,DARK LIGHTS ON,TRAFFIC SIGNAL,NONE DETECTED,NONE DETECTED,68D77B82-F7F4-46C3-9F34-8128D0CFEF70,PEDESTRIAN,Cross/Enter not at Intersection,NOT VISIBLE,ON ROADWAY NOT AT CROSSWALK,Unknown,SUSPECTED MINOR INJURY,NONE,39.11969794,-77.25060225,"(39.11969794, -77.25060225)"
MCP2437005B,230057365,Montgomery County Police,Injury Crash,09/28/2023 06:31:00 PM,Maryland (State),FREDERICK RD,REDLAND RD,,N/A,BICYCLIST,SAME DIRECTION RIGHT TURN,CLOUDY,DRY,DAYLIGHT,TRAFFIC SIGNAL,UNKNOWN,NONE DETECTED,5AB1045E-075E-4925-8630-565EE9C868A2,BICYCLIST,Cross/Enter at Intersection,NO IMPROPER ACTIONS,ON ROADWAY AT CROSSWALK,No,POSSIBLE INJURY,NONE,39.11570264,-77.16608486,"(39.11570264, -77.16608486)"
MCP1210004M,200026547,Montgomery County Police,Injury Crash,07/08/2020 05:23:00 PM,Maryland (State),S FREDERICK RD,E DEER PARK DR,,GAITHERSBURG,BICYCLIST,OTHER,CLEAR,DRY,DAYLIGHT,TRAFFIC SIGNAL,NONE DETECTED,NONE DETECTED,3FA737A2-B04F-46A8-87FE-FF239A7B3B49,BICYCLIST,Cross/Enter at Intersection,NO IMPROPER ACTIONS,AT INTERSECTION MARKED CROSSWALK,No,SUSPECTED MINOR INJURY,NONE,39.132455,-77.18863333,"(39.132455, -77.18863333)"
DD5633001M,190023736,Rockville Police Departme,Injury Crash,05/19/2019 05:49:00 PM,,,,2100 CHAPMAN AVE (FLAGSHIP CARWASH PARKING LOT),,PEDESTRIAN,SAME DIR REAR END,CLEAR,,DAYLIGHT,N/A,NONE DETECTED,NONE DETECTED,20A7C632-83E7-414D-BF5E-BA4C56361706,PEDESTRIAN,Standing,NO IMPROPER ACTIONS,OTHER,No,POSSIBLE INJURY,N/A,39.05721333,-77.11673333,"(39.05721333, -77.11673333)"
MCP28910022,16012593,MONTGOMERY,Injury Crash,03/14/2016 01:24:00 PM,,,,"PARKING LOT OF 1939 SEMINARY RD, SILVER SPRING, MD 20910",,PEDESTRIAN,SINGLE VEHICLE,CLEAR,,DAYLIGHT,N/A,NONE DETECTED,NONE DETECTED,06A91E98-553E-4571-92EF-B15540BC355C,PEDESTRIAN,Getting off/on Vehicle,NO IMPROPER ACTIONS,OTHER,No,POSSIBLE INJURY,N/A,39.00904269,-77.04148382,"(39.00904269, -77.04148382)"
DD5610001J,15066436,Rockville Police Departme,Injury Crash,12/27/2015 05:43:00 PM,County,TWINBROOK PKWY,HALPINE RD,,N/A,PEDESTRIAN,SINGLE VEHICLE,CLEAR,DRY,DARK LIGHTS ON,N/A,N/A,N/A,9E896C50-590E-4936-B3FA-5FE42084B688,PEDESTRIAN,Cross/Enter at Intersection,NO IMPROPER ACTIONS,ON ROADWAY AT CROSSWALK,No,SUSPECTED MINOR INJURY,NONE,39.069593,-77.114073,"(39.069593, -77.114073)"
MCP24110056,200020420,Montgomery County Police,Injury Crash,05/22/2020 11:16:00 AM,Maryland (State),VEIRS MILL RD,ATLANTIC AVE,,ROCKVILLE,BICYCLIST,SINGLE VEHICLE,RAINING,WET,DAYLIGHT,TRAFFIC SIGNAL,NONE DETECTED,NONE DETECTED,5A0DF53F-3CEB-421F-8904-10D1767F36CB,BICYCLIST,Cross/Enter at Intersection,NO IMPROPER ACTIONS,AT INTERSECTION MARKED CROSSWALK,No,SUSPECTED MINOR INJURY,MC/BIKE HELMET,39.07491597,-77.11555038,"(39.07491597, -77.11555038)"
HA22800007,15001176,MCPARK,Injury Crash,10/20/2015 08:46:00 AM,Government,LITTLE FALLS PKWY,ARLINGTON RD,,N/A,BICYCLIST,STRAIGHT MOVEMENT ANGLE,CLEAR,DRY,DAYLIGHT,STOP SIGN,NONE DETECTED,NONE DETECTED,A0BE7736-BAC3-484B-81C2-EF547E091878,BICYCLIST,Cross/Enter at Intersection,FAILURE TO OBEY TRAFFIC SIGNS SIGNALS OR OFFICER,AT INTERSECTION MARKED CROSSWALK,Yes,SUSPECTED MINOR INJURY,MC/BIKE HELMET,38.97343975,-77.10134268,"(38.97343975, -77.10134268)"
MCP2539001S,210033537,Montgomery County Police,Property Damage Crash,08/27/2021 09:15:00 PM,County,BATTERY LA,KEYSTONE AVE,,N/A,PEDESTRIAN,OTHER,CLOUDY,DRY,DARK LIGHTS ON,NO CONTROLS,UNKNOWN,NONE DETECTED,E730705F-83D1-49EA-A592-5961363A2E53,PEDESTRIAN,Cross/Enter not at Intersection,N/A,ON ROADWAY AT CROSSWALK,No,NO APPARENT INJURY,N/A,38.99194433,-77.09801817,"(38.99194433, -77.09801817)"
MCP1433004T,230003616,Montgomery County Police,Injury Crash,01/22/2023 08:20:00 PM,Maryland (State),ROCKVILLE PIKE,HALPINE RD,,ROCKVILLE,PEDESTRIAN,OTHER,RAINING,WET,DARK LIGHTS ON,TRAFFIC SIGNAL,NONE DETECTED,NONE DETECTED,BDEE0E86-C6A6-4DF0-ABD9-7E39F955A647,PEDESTRIAN,Cross/Enter at Intersection,NO IMPROPER ACTIONS,AT INTERSECTION MARKED CROSSWALK,No,SUSPECTED MINOR INJURY,NONE,39.06137667,-77.12393,"(39.06137667, -77.12393)"
MCP2832005W,200033029,Montgomery County Police,Injury Crash,08/24/2020 11:52:00 AM,Maryland (State),ROCKVILLE PIKE,LOCUST HILL RD,,N/A,BICYCLIST,SAME DIRECTION SIDESWIPE,CLEAR,DRY,DAYLIGHT,NO CONTROLS,UNKNOWN,NONE DETECTED,562E6F34-1269-479A-925F-2D6F3F61A41D,BICYCLIST,Walking/Riding w/Traffic,NO IMPROPER ACTIONS,ON ROADWAY NOT AT CROSSWALK,No,SUSPECTED MINOR INJURY,MC/BIKE HELMET,39.009205,-77.09755833,"(39.009205, -77.09755833)"
MCP20610005,15061920,Montgomery County Police,Injury Crash,11/12/2015 07:30:00 AM,Municipality,NORRIS RD,FISHER AVE,,N/A,PEDESTRIAN,STRAIGHT MOVEMENT ANGLE,CLEAR,DRY,DAWN,STOP SIGN,N/A,N/A,0B3B1321-2B1E-46E3-84B4-FA167BB1684F,PEDESTRIAN,Cross/Enter at Intersection,NO IMPROPER ACTIONS,ON ROADWAY AT CROSSWALK,Unknown,SUSPECTED MINOR INJURY,NONE,39.14544691,-77.41474271,"(39.14544691, -77.41474271)"
MCP2203007V,230072598,Montgomery County Police,Property Damage Crash,12/19/2023 03:40:00 PM,County,EDWIN ST,CENTERHILL ST,,N/A,OTHER,SAME DIRECTION SIDESWIPE,CLEAR,DRY,DAYLIGHT,NO CONTROLS,NONE DETECTED,N/A,6AFCE8D8-B306-40C8-A773-AABC4D2FE0A4,OTHER,N/A,NO IMPROPER ACTIONS,OTHER,No,NO APPARENT INJURY,N/A,39.053241,-77.07055383,"(39.053241, -77.07055383)"
HA2449001H,22002092,Maryland-National Capital,Injury Crash,12/01/2022 07:37:00 AM,,,,CAPITAL CRESCENT TRAIL AND LITTLE FALLS PARKWAY,,PEDESTRIAN,SINGLE VEHICLE,CLEAR,,DAYLIGHT,N/A,UNKNOWN,N/A,ED0035A9-3897-4954-8C1D-2D2F544A74C8,PEDESTRIAN,Walking/Cycling on Sidewalk,NO IMPROPER ACTIONS,SHARED USE PATH OR TRAILS,No,POSSIBLE INJURY,N/A,38.97323742,-77.10135903,"(38.97323742, -77.10135903)"
DM8388003C,200004793,Takoma Park Police Depart,Injury Crash,01/29/2020 02:12:00 PM,,,,PARKING LOT BEHIND 7600 FLOWER AVE.,,PEDESTRIAN,OTHER,N/A,,DAYLIGHT,NO CONTROLS,NONE DETECTED,NONE DETECTED,CAA14BD0-47DF-474F-BFBE-4AC8E7A44F44,PEDESTRIAN,Walking to/from school,NO IMPROPER ACTIONS,OTHER,No,SUSPECTED MINOR INJURY,NONE,38.985739,-76.9983205,"(38.985739, -76.9983205)"
EJ78370031,180049248,Gaithersburg Police Depar,Injury Crash,10/02/2018 02:39:00 PM,Municipality,FIRSTFIELD RD,FIRSTFIELD RD (AHEAD),,N/A,PEDESTRIAN,SINGLE VEHICLE,CLEAR,N/A,DAYLIGHT,NO CONTROLS,N/A,N/A,6C1B01B9-BB08-4EE8-A421-D3ED6FEA8CC5,PEDESTRIAN,Cross/Enter at Intersection,NO IMPROPER ACTIONS,AT INTERSECTION BUT NO CROSSWALK,No,POSSIBLE INJURY,NONE,39.144765,-77.21921667,"(39.144765, -77.21921667)"
MCP3010008M,230051440,Montgomery County Police,Injury Crash,08/26/2023 09:23:00 AM,County,NICHOLSON LA,WOODGLEN DR,,N/A,PEDESTRIAN,HEAD ON LEFT TURN,CLEAR,DRY,DAYLIGHT,TRAFFIC SIGNAL,N/A,N/A,6085C969-122F-4BDB-AD94-40CC6B8D4B26,PEDESTRIAN,Cross/Enter at Intersection,NO IMPROPER ACTIONS,ON ROADWAY AT CROSSWALK,Unknown,SUSPECTED MINOR INJURY,NONE,39.04479,-77.11328333,"(39.04479, -77.11328333)"
MCP2789005K,190006883,Montgomery County Police,Injury Crash,02/12/2019 04:50:00 PM,US (State),GEORGIA AVE,THAYER AVE,,N/A,PEDESTRIAN,SINGLE VEHICLE,RAINING,WET,DAWN,TRAFFIC SIGNAL,N/A,N/A,5D33E64D-5C08-4CB9-8AB1-7F3E18922101,PEDESTRIAN,Cross/Enter at Intersection,FAILURE TO OBEY TRAFFIC SIGNS SIGNALS OR OFFICER,AT INTERSECTION MARKED CROSSWALK,Yes,POSSIBLE INJURY,N/A,38.99114333,-77.026995,"(38.99114333, -77.026995)"
MCP1151009M,190028384,Montgomery County Police,Injury Crash,06/14/2019 08:10:00 AM,Maryland (State),WOODFIELD RD,BETHESDA CHURCH RD,,N/A,PEDESTRIAN,OTHER,CLEAR,DRY,DAYLIGHT,NO CONTROLS,NONE DETECTED,NONE DETECTED,FF821DCA-77A1-492E-A2FD-83CDC87001C9,PEDESTRIAN,Cross/Enter at Intersection,NO IMPROPER ACTIONS,AT INTERSECTION BUT NO CROSSWALK,No,SUSPECTED MINOR INJURY,N/A,39.284304,-77.2021715,"(39.284304, -77.2021715)"
MCP21910023,180029917,Montgomery County Police,Injury Crash,06/17/2018 01:09:00 PM,Maryland (State),CONNECTICUT AVE,UNIVERSITY BLVD W,,N/A,BICYCLIST,SAME DIR REAR END,N/A,DRY,N/A,N/A,NONE DETECTED,NONE DETECTED,92B4FF49-0829-44F4-890C-23F754EA4AA7,BICYCLIST,Walking/Riding w/Traffic,NO IMPROPER ACTIONS,OTHER,No,POSSIBLE INJURY,MC/BIKE HELMET,39.03075433,-77.07500633,"(39.03075433, -77.07500633)"
MCP26080058,230052260,Montgomery County Police,Property Damage Crash,08/30/2023 03:30:00 PM,County,COLONY RD,NORTHAMPTON DR,,N/A,PEDESTRIAN,STRAIGHT MOVEMENT ANGLE,CLEAR,DRY,DAYLIGHT,NO CONTROLS,N/A,N/A,0713FCF3-3EEF-4179-938E-4D0D372A96BE,PEDESTRIAN,Cross/Enter at Intersection,DART DASH,AT INTERSECTION BUT NO CROSSWALK,Unknown,NO APPARENT INJURY,NONE,39.0075552,-76.98384145,"(39.0075552, -76.98384145)"
MCP2962000J,15048948,MONTGOMERY,Injury Crash,09/26/2015 11:41:00 PM,Maryland (State),CLOPPER RD,GREAT SENECA HWY,,N/A,PEDESTRIAN,OTHER,CLOUDY,DRY,DARK LIGHTS ON,TRAFFIC SIGNAL,NONE DETECTED,NONE DETECTED,A98CC98F-DA33-48BF-8CDA-E04D4AB159E8,PEDESTRIAN,Cross/Enter at Intersection,FAILURE TO OBEY TRAFFIC SIGNS SIGNALS OR OFFICER,AT INTERSECTION MARKED CROSSWALK,Yes,SUSPECTED SERIOUS INJURY,N/A,39.15917,-77.27534333,"(39.15917, -77.27534333)"