Report Number,Local Case Number,Agency Name,ACRS Report Type,Crash Date/Time,Route Type,Road Name,Cross-Street Name,Off-Road Description,Municipality,Related Non-Motorist,Collision Type,Weather,Surface Condition,Light,Traffic Control,Driver Substance Abuse,Non-Motorist Substance Abuse,Person ID,Pedestrian Type,Pedestrian Movement,Pedestrian Actions,Pedestrian Location,At Fault,Injury Severity,Safety Equipment,Latitude,Longitude,Location
MCP1334008M,190049413,Montgomery County Police,Injury Crash,10/15/2019 10:05:00 AM,County,STEDWICK RD,WATKINS MILL RD,,N/A,BICYCLIST,SINGLE VEHICLE,CLEAR,DRY,DAYLIGHT,TRAFFIC SIGNAL,NONE DETECTED,NONE DETECTED,1B58421D-F511-457B-A8AF-FE04EDF0561C,BICYCLIST,Cross/Enter at Intersection,FAILURE TO OBEY TRAFFIC SIGNS SIGNALS OR OFFICER,ON ROADWAY AT CROSSWALK,Yes,SUSPECTED MINOR INJURY,NONE,39.17055666,-77.20888418,"(39.17055666, -77.20888418)"
EJ78880056,230064018,Gaithersburg Police Depar,Injury Crash,11/02/2023 04:25:00 PM,,,,PARKING LOT OF 883 RUSSELL AVE,,"OTHER, PEDESTRIAN",OTHER,CLEAR,,DAYLIGHT,NO CONTROLS,NONE DETECTED,NONE DETECTED,135F3282-2D12-4B8D-B43C-32BF7305874E,PEDESTRIAN,Other,NO IMPROPER ACTIONS,OTHER,No,POSSIBLE INJURY,NONE,39.15722808,-77.21204947,"(39.15722808, -77.21204947)"
MCP94300004,190024234,Montgomery County Police,Injury Crash,05/22/2019 07:45:00 AM,,,,DRIVEWAY EXITING GIANT AT 10400 OLD GEORGETOWN ROAD ONTO ROCKSPRING DRIVE,,BICYCLIST,STRAIGHT MOVEMENT ANGLE,N/A,,DAYLIGHT,STOP SIGN,NONE DETECTED,NONE DETECTED,8744454F-9220-4952-BAE4-460C1B3E27CC,BICYCLIST,Walking/Cycling on Sidewalk,NO IMPROPER ACTIONS,OTHER,No,SUSPECTED MINOR INJURY,NONE,39.02669789,-77.12765073,"(39.02669789, -77.12765073)"
MCP27080038,180025168,Montgomery County Police,Injury Crash,05/22/2018 07:19:00 PM,Maryland (State),PINEY BRANCH RD,GREENWOOD AVE,,N/A,PEDESTRIAN,STRAIGHT MOVEMENT ANGLE,CLOUDY,WET,DAYLIGHT,TRAFFIC SIGNAL,NONE DETECTED,NONE DETECTED,C3D28BDC-6029-4E79-952A-701FFB10EE0B,PEDESTRIAN,Cross/Enter at Intersection,DART DASH,ON ROADWAY AT CROSSWALK,Yes,POSSIBLE INJURY,NONE,38.99812,-77.00241833,"(38.99812, -77.00241833)"
MCP3037003X,220003437,Montgomery County Police,Injury Crash,01/26/2022 03:18:00 PM,,,,PARKING LOT OF 20908 FREDERICK RD,,PEDESTRIAN,SINGLE VEHICLE,CLEAR,,DAYLIGHT,NO CONTROLS,NONE DETECTED,NONE DETECTED,50D96C23-539E-457E-B264-A280C3760D70,PEDESTRIAN,Cross/Enter at Intersection,INATTENTIVE,ON ROADWAY NOT AT CROSSWALK,No,SUSPECTED SERIOUS INJURY,N/A,39.19909167,-77.24821667,"(39.19909167, -77.24821667)"
MCP1453008J,200022504,Montgomery County Police,Injury Crash,06/08/2020 08:54:00 AM,County,WYNNFIELD DR,FATHER HURLEY BLVD,,N/A,PEDESTRIAN,SINGLE VEHICLE,CLEAR,DRY,DAYLIGHT,TRAFFIC SIGNAL,NONE DETECTED,NONE DETECTED,D5940F54-DAB2-41DB-A385-9801DD910F7A,PEDESTRIAN,Cross/Enter at Intersection,NO IMPROPER ACTIONS,ON ROADWAY AT CROSSWALK,No,SUSPECTED SERIOUS INJURY,NONE,39.18655833,-77.27381,"(39.18655833, -77.27381)"
DM84230017,16063766,Takoma Park Police Depart,Injury Crash,12/12/2016 03:20:00 PM,Maryland (State),PHILADELPHIA AVE,CHICAGO AVE,,TAKOMA PARK,PEDESTRIAN,OTHER,CLEAR,DRY,DAYLIGHT,NO CONTROLS,NONE DETECTED,NONE DETECTED,A3381A24-7657-43F1-9485-9E25874ECF92,PEDESTRIAN,Cross/Enter at Intersection,INATTENTIVE,AT INTERSECTION MARKED CROSSWALK,Unknown,SUSPECTED MINOR INJURY,N/A,38.98651333,-77.02152333,"(38.98651333, -77.02152333)"
MCP2773001T,16026276,Montgomery County Police,Injury Crash,05/26/2016 07:08:00 PM,,,,SIDE WALK IN FRONT OF PARKING LOT OF 420 UNIVERSITY BLVD E,,PEDESTRIAN,OTHER,CLEAR,,DAYLIGHT,NO CONTROLS,NONE DETECTED,N/A,8C3617C0-C5A6-483D-A450-A2A72F006B40,PEDESTRIAN,Other,NO IMPROPER ACTIONS,SIDEWALK,No,POSSIBLE INJURY,OTHER,39.008748,-76.99865,"(39.008748, -76.99865)"
MCP9318000N,180039836,Montgomery County Police,Property Damage Crash,08/10/2018 08:45:00 PM,,,,"VEH CRASH INTO 3952 ANGELTON CT, BURTONSVILLE MD",,OTHER,SINGLE VEHICLE,CLEAR,,DARK LIGHTS ON,N/A,NONE DETECTED,NONE DETECTED,152CEA60-DC49-4E53-A996-A84107E8899E,OTHER,N/A,N/A,OTHER,No,NO APPARENT INJURY,N/A,39.08890333,-76.93335,"(39.08890333, -76.93335)"
DD56130001,15024434,Rockville Police Departme,Injury Crash,05/21/2015 03:07:00 PM,Municipality,ROLLINS AVE,E JEFFERSON ST,,ROCKVILLE,PEDESTRIAN,STRAIGHT MOVEMENT ANGLE,CLOUDY,WET,DAYLIGHT,TRAFFIC SIGNAL,NONE DETECTED,NONE DETECTED,56B49EAB-114D-4594-96E9-32A468511BA4,PEDESTRIAN,Cross/Enter not at Intersection,IN ROADWAY IMPROPERLY,OUTSIDE RIGHT OF WAY,,SUSPECTED MINOR INJURY,N/A,39.08372833,-77.153265,"(39.08372833, -77.153265)"
MCP3050003M,190031726,Montgomery County Police,Injury Crash,07/03/2019 02:58:00 PM,,,,"DRIVE THRU OF MCDONALDS 13701 CONNECTICUT AVE SILVER SPRING, MD 20906",,PEDESTRIAN,OTHER,CLEAR,,DAYLIGHT,NO CONTROLS,NONE DETECTED,NONE DETECTED,F62BBE7F-9537-4635-B1A8-6CCDC76235E4,PEDESTRIAN,Other,OTHER,OTHER,Yes,SUSPECTED MINOR INJURY,NONE,39.07884667,-77.07989833,"(39.07884667, -77.07989833)"
MCP29370047,220016211,Montgomery County Police,Injury Crash,04/16/2022 09:45:00 PM,County,GREENCASTLE RD,OLD COLUMBIA PIKE,,N/A,PEDESTRIAN,SINGLE VEHICLE,CLEAR,DRY,DARK LIGHTS ON,TRAFFIC SIGNAL,NONE DETECTED,NONE DETECTED,83A637B8-93DF-4E81-8A97-3E6E5BFFA445,PEDESTRIAN,Cross/Enter at Intersection,NO IMPROPER ACTIONS,AT INTERSECTION MARKED CROSSWALK,No,SUSPECTED MINOR INJURY,N/A,39.09836809,-76.9442578,"(39.09836809, -76.9442578)"
MCP2617006G,180057456,Montgomery County Police,Property Damage Crash,11/16/2018 09:35:00 AM,Maryland (State),NORBECK RD,GEORGIA AVE,,N/A,PEDESTRIAN,OTHER,CLEAR,WET,DAYLIGHT,TRAFFIC SIGNAL,NONE DETECTED,ALCOHOL CONTRIBUTED,B44B9881-D99F-4D22-B420-7A7A4ACB9ED9,PEDESTRIAN,Cross/Enter at Intersection,DART DASH,ON ROADWAY NOT AT CROSSWALK,Yes,NO APPARENT INJURY,NONE,39.10963667,-77.07645833,"(39.10963667, -77.07645833)"
MCP2356001R,200029346,Montgomery County Police,Injury Crash,07/28/2020 05:35:00 PM,Maryland (State),FREDERICK RD,REDLAND BLVD,,ROCKVILLE,PEDESTRIAN,SINGLE VEHICLE,N/A,DRY,DAYLIGHT,TRAFFIC SIGNAL,NONE DETECTED,NONE DETECTED,70635A87-93F9-4F5B-BCFB-EBCF116FFF57,PEDESTRIAN,Standing,NO IMPROPER ACTIONS,SIDEWALK,No,SUSPECTED SERIOUS INJURY,N/A,39.11570361,-77.16614143,"(39.11570361, -77.16614143)"
MCP2492001M,210015917,Montgomery County Police,Fatal Crash,04/28/2021 11:02:00 PM,Maryland (State),GEORGIA AVE,RIPPLING BROOK DR,,N/A,PEDESTRIAN,OTHER,CLEAR,DRY,DARK LIGHTS ON,NO CONTROLS,NONE DETECTED,MEDICATION PRESENT,4A8EF8F3-B579-4AC5-942B-4471F0C71574,PEDESTRIAN,Cross/Enter not at Intersection,NO IMPROPER ACTIONS,ON ROADWAY NOT AT CROSSWALK,No,FATAL INJURY,NONE,39.07258,-77.06476,"(39.07258, -77.06476)"
MCP2425004L,15012204,Montgomery County Police,Injury Crash,03/17/2015 06:42:00 AM,,,,TO THE REAR OF 13807 OUTLET DR- PARKING LOT CUT THRU,,PEDESTRIAN,OTHER,CLEAR,,DARK LIGHTS ON,NO CONTROLS,NONE DETECTED,NONE DETECTED,0198244D-AF2B-4045-BFE0-254439ADEAC0,PEDESTRIAN,Approach/Leaving Schoolbus,DART DASH,OTHER,,SUSPECTED MINOR INJURY,N/A,39.08250333,-76.94382667,"(39.08250333, -76.94382667)"
MCP2912000P,15010313,Montgomery County Police,Injury Crash,03/05/2015 10:41:00 AM,,,,parking garage @ 5454 The Hills plz,,PEDESTRIAN,N/A,SNOW,,DAYLIGHT,NO CONTROLS,NONE DETECTED,NONE DETECTED,9AF7ED17-3A87-4F41-A456-5CCEC472D3AD,PEDESTRIAN,Unknown,UNKNOWN,OTHER,,POSSIBLE INJURY,N/A,38.96288833,-77.08758,"(38.96288833, -77.08758)"
MCP20430017,180005960,Montgomery County Police,Injury Crash,02/03/2018 11:34:00 PM,County,SHADY GROVE RD,FREDERICK RD,,N/A,PEDESTRIAN,OTHER,CLOUDY,DRY,DARK LIGHTS ON,TRAFFIC SIGNAL,UNKNOWN,ALCOHOL CONTRIBUTED,FD84F367-82AD-4B10-9448-F20CE56572FA,PEDESTRIAN,Cross/Enter at Intersection,FAILURE TO OBEY TRAFFIC SIGNS SIGNALS OR OFFICER,ON ROADWAY AT CROSSWALK,Yes,SUSPECTED MINOR INJURY,NONE,39.12214167,-77.17762833,"(39.12214167, -77.17762833)"
MCP3289000D,210003353,Montgomery County Police,Injury Crash,01/27/2021 09:20:00 AM,County,CANNON RD,KARA LA,,N/A,PEDESTRIAN,SINGLE VEHICLE,CLOUDY,DRY,DAYLIGHT,NO CONTROLS,NONE DETECTED,NONE DETECTED,B009D9AE-F0C0-402A-97F0-D00212835755,PEDESTRIAN,Cross/Enter at Intersection,NO IMPROPER ACTIONS,ON ROADWAY AT CROSSWALK,No,SUSPECTED MINOR INJURY,N/A,39.0702475,-77.0019805,"(39.0702475, -77.0019805)"
MCP2934001P,16030855,Montgomery County Police,Injury Crash,06/18/2016 01:05:00 PM,County,SANGAMORE RD,SENTINEL RD,,N/A,PEDESTRIAN,OTHER,CLEAR,DRY,DAYLIGHT,STOP SIGN,NONE DETECTED,NONE DETECTED,DF869967-4F30-4159-A165-8B5B8D02C13E,PEDESTRIAN,Cross/Enter at Intersection,NO IMPROPER ACTIONS,AT INTERSECTION MARKED CROSSWALK,No,POSSIBLE INJURY,NONE,38.95043049,-77.12047085,"(38.95043049, -77.12047085)"
MCP3193004Y,230065833,Montgomery County Police,Injury Crash,11/11/2023 07:38:00 PM,,,,PARKING LOT OF 11160 VEIRS MILL RD,,PEDESTRIAN,OTHER,CLEAR,,DARK LIGHTS ON,NO CONTROLS,UNKNOWN,NONE DETECTED,CFB34E8A-1756-412B-A9F7-1469D691F174,PEDESTRIAN,Cross/Enter at Intersection,NO IMPROPER ACTIONS,ON ROADWAY AT CROSSWALK,No,POSSIBLE INJURY,NONE,39.03507833,-77.05312667,"(39.03507833, -77.05312667)"
MCP3160003T,220038488,Montgomery County Police,Injury Crash,09/06/2022 02:30:00 PM,County,SEVEN LOCKS RD,TUCKERMAN LA,,N/A,BICYCLIST,STRAIGHT MOVEMENT ANGLE,CLEAR,DRY,DAYLIGHT,STOP SIGN,NONE DETECTED,NONE DETECTED,BEEFB8A9-A1A4-41BC-B3F5-FBDD11EC24FC,BICYCLIST,N/A,NO IMPROPER ACTIONS,SHOULDER,No,POSSIBLE INJURY,MC/BIKE HELMET,38.994555,-77.10861333,"(38.994555, -77.10861333)"
MCP9113000Z,15056420,MONTGOMERY,Injury Crash,11/05/2015 05:23:00 PM,Maryland (State),OLNEY SANDY SPRING RD,VILLAGE CENTER DR,,N/A,BICYCLIST,SINGLE VEHICLE,CLEAR,DRY,DARK LIGHTS ON,STOP SIGN,NONE DETECTED,NONE DETECTED,3FA7741B-CCD5-48AB-977A-C94C8C74CF5D,BICYCLIST,Cross/Enter at Intersection,N/A,ON ROADWAY AT CROSSWALK,No,SUSPECTED MINOR INJURY,N/A,39.151609,-77.063577,"(39.151609, -77.063577)"
MCP3232001X,210018058,Montgomery County Police,Injury Crash,05/13/2021 06:56:00 PM,County,BRIGGS CHANEY RD,GOOD HOPE RD,,N/A,BICYCLIST,STRAIGHT MOVEMENT ANGLE,CLEAR,DRY,DAYLIGHT,TRAFFIC SIGNAL,NONE DETECTED,NONE DETECTED,01E48790-3C97-4E48-B26B-9D36BDF92B79,BICYCLIST,Cross/Enter at Intersection,NO IMPROPER ACTIONS,AT INTERSECTION MARKED CROSSWALK,No,SUSPECTED MINOR INJURY,MC/BIKE HELMET,39.10190367,-76.98206517,"(39.10190367, -76.98206517)"
MCP0942001N,180020364,Montgomery County Police,Injury Crash,04/26/2018 07:30:00 AM,County,BATTERY LA,WOODMONT AVE,,N/A,BICYCLIST,HEAD ON LEFT TURN,CLEAR,DRY,DAYLIGHT,NO CONTROLS,NONE DETECTED,NONE DETECTED,E83C04C8-648B-459D-8CF3-5E147CC7A6A9,BICYCLIST,Walking/Riding w/Traffic,NO IMPROPER ACTIONS,SHOULDER,No,SUSPECTED MINOR INJURY,MC/BIKE HELMET,38.99264217,-77.099658,"(38.99264217, -77.099658)"
MCP2857003C,210027614,Montgomery County Police,Injury Crash,07/17/2021 11:09:00 AM,Maryland (State),QUINCE ORCHARD RD,GREAT SENECA HWY,,N/A,BICYCLIST,SAME DIRECTION SIDESWIPE,CLEAR,DRY,DAYLIGHT,TRAFFIC SIGNAL,NONE DETECTED,NONE DETECTED,1B83EACC-6EF9-49F7-8847-534064A2C30F,BICYCLIST,Walking/Riding w/Traffic,NO IMPROPER ACTIONS,ON ROADWAY NOT AT CROSSWALK,No,SUSPECTED MINOR INJURY,MC/BIKE HELMET,39.12875113,-77.23630311,"(39.12875113, -77.23630311)"
MCP3012005Z,200003610,Montgomery County Police,Injury Crash,01/22/2020 03:03:00 PM,Maryland (State),GEORGIA AVE,HATHAWAY DR,,N/A,PEDESTRIAN,OTHER,CLEAR,DRY,DAYLIGHT,TRAFFIC SIGNAL,N/A,NONE DETECTED,15B5ACA3-53FD-4E9C-86FF-FA151EDDB88B,PEDESTRIAN,Walking/Riding against Traffic,IN ROADWAY IMPROPERLY,ON ROADWAY AT CROSSWALK,Yes,POSSIBLE INJURY,N/A,39.06811736,-77.0608396,"(39.06811736, -77.0608396)"
MCP15650043,210021667,Montgomery County Police,Injury Crash,06/07/2021 04:46:00 PM,,,,"PARKING LOT OF 13490 NEW HAMPSHIRE AVE, GIANT FOODS",,PEDESTRIAN,OTHER,CLEAR,,DAYLIGHT,NO CONTROLS,NONE DETECTED,NONE DETECTED,09EB89CE-53A7-4927-971B-ECB35D0A5620,PEDESTRIAN,Other,NO IMPROPER ACTIONS,ON ROADWAY AT CROSSWALK,No,SUSPECTED MINOR INJURY,N/A,39.07677167,-77.00365167,"(39.07677167, -77.00365167)"
MCP29640025,170517510,Montgomery County Police,Injury Crash,07/05/2017 08:11:00 PM,County,FATHER HURLEY BLVD,TRIMFIELD LA,,N/A,BICYCLIST,STRAIGHT MOVEMENT ANGLE,RAINING,WET,DAWN,TRAFFIC SIGNAL,NONE DETECTED,NONE DETECTED,A63BFFB4-B388-428F-ABA9-AF55BF2D05D8,BICYCLIST,Walking/Cycling on Sidewalk,NOT VISIBLE,AT INTERSECTION MARKED CROSSWALK,Yes,SUSPECTED MINOR INJURY,NONE,39.18630738,-77.2735633,"(39.18630738, -77.2735633)"
MCP2689008N,220028763,Montgomery County Police,Injury Crash,07/05/2022 09:02:00 AM,County,PINEY MEETINGHOUSE RD,DEERBROOK DR,,N/A,BICYCLIST,SAME DIRECTION SIDESWIPE,CLOUDY,DRY,DAYLIGHT,NO CONTROLS,NONE DETECTED,NONE DETECTED,E0718BFC-ECD3-433F-B090-83E469C1DE91,BICYCLIST,Walking/Riding w/Traffic,NO IMPROPER ACTIONS,ON ROADWAY NOT AT CROSSWALK,No,SUSPECTED SERIOUS INJURY,MC/BIKE HELMET,39.07564833,-77.22235333,"(39.07564833, -77.22235333)"
EJ7870002W,200040056,Gaithersburg Police Depar,Injury Crash,10/11/2020 05:29:00 PM,,,,"PARKING LOT, 316 KENTLANDS BLVD",,PEDESTRIAN,SINGLE VEHICLE,RAINING,,DAYLIGHT,NO CONTROLS,UNKNOWN,NONE DETECTED,8B8F78D6-7AA4-4337-A841-70C17FAAE534,PEDESTRIAN,Other,NO IMPROPER ACTIONS,OTHER,No,POSSIBLE INJURY,NONE,39.12272129,-77.2374274,"(39.12272129, -77.2374274)"
MCP2559004B,200050857,Montgomery County Police,Injury Crash,12/26/2020 05:33:00 PM,County,E GUDE DR,FREDERICK RD,,N/A,BICYCLIST,OTHER,CLOUDY,DRY,DARK LIGHTS ON,TRAFFIC SIGNAL,N/A,N/A,B9352E24-D07A-4EEF-9AD9-A9860F3CC728,BICYCLIST,Cross/Enter at Intersection,NO IMPROPER ACTIONS,ON ROADWAY AT CROSSWALK,No,SUSPECTED MINOR INJURY,MC/BIKE HELMET,39.10643383,-77.15816517,"(39.10643383, -77.15816517)"
MCP3026001C,170527011,Montgomery County Police,Injury Crash,08/26/2017 12:47:00 PM,County,CEDAR LA,ROCKVILLE PIKE,,N/A,BICYCLIST,OTHER,CLEAR,DRY,DAYLIGHT,TRAFFIC SIGNAL,NONE DETECTED,NONE DETECTED,9D40D505-53C0-4661-8B8C-6E91B3E6BFB0,BICYCLIST,Walking/Riding against Traffic,FAILURE TO OBEY TRAFFIC SIGNS SIGNALS OR OFFICER,ON ROADWAY AT CROSSWALK,Yes,SUSPECTED MINOR INJURY,MC/BIKE HELMET,39.00646918,-77.09745012,"(39.00646918, -77.09745012)"
MCP3115003L,200003980,Montgomery County Police,Property Damage Crash,01/24/2020 01:00:00 PM,Maryland (State),NEW HAMPSHIRE AVE,VALLEY BROOK DR,,N/A,OTHER,SINGLE VEHICLE,CLEAR,DRY,DAYLIGHT,N/A,N/A,N/A,5D2352BF-D4ED-4F69-95EC-4BA6F871C473,OTHER,N/A,N/A,N/A,No,NO APPARENT INJURY,N/A,39.05773667,-76.99753667,"(39.05773667, -76.99753667)"
MCP20550035,210025522,Montgomery County Police,Injury Crash,07/03/2021 08:30:00 AM,Municipality,WATKINS MILL RD,FREDERICK RD,,N/A,PEDESTRIAN,OTHER,CLEAR,DRY,DAYLIGHT,TRAFFIC SIGNAL,NONE DETECTED,NONE DETECTED,A97DD103-02BC-44AA-90DA-50C4D5E41BAC,PEDESTRIAN,Cross/Enter at Intersection,NO IMPROPER ACTIONS,ON ROADWAY AT CROSSWALK,No,SUSPECTED MINOR INJURY,N/A,39.159595,-77.21917333,"(39.159595, -77.21917333)"
MCP2087000K,16061603,Montgomery County Police,Injury Crash,12/01/2016 06:51:00 AM,Maryland (State),VEIRS MILL RD,CENTERHILL ST,,N/A,PEDESTRIAN,OTHER,CLEAR,DRY,DARK LIGHTS ON,NO CONTROLS,NONE DETECTED,NONE DETECTED,5273D124-E7F5-43BF-A965-7A906CC16AF2,PEDESTRIAN,Cross/Enter at Intersection,DART DASH,ON ROADWAY NOT AT CROSSWALK,Yes,SUSPECTED SERIOUS INJURY,NONE,39.05046833,-77.07252167,"(39.05046833, -77.07252167)"
MCP3239002T,230012730,Montgomery County Police,Injury Crash,03/16/2023 06:32:00 AM,County,TECH RD,TECH RD,,N/A,PEDESTRIAN,OTHER,CLEAR,DRY,DARK LIGHTS ON,TRAFFIC SIGNAL,NONE DETECTED,NONE DETECTED,D8D28776-4064-4200-B0C1-818C0136ADDD,PEDESTRIAN,Cross/Enter at Intersection,NO IMPROPER ACTIONS,ON ROADWAY AT CROSSWALK,No,POSSIBLE INJURY,NONE,39.05830545,-76.96872152,"(39.05830545, -76.96872152)"
MCP24110024,180029087,Montgomery County Police,Injury Crash,06/12/2018 08:39:00 PM,Maryland (State),ROCKVILLE PIKE,ENT TO MONTROSE CROSSING S.C.,,N/A,BICYCLIST,STRAIGHT MOVEMENT ANGLE,CLEAR,DRY,DARK -- UNKNOWN LIGHTING,TRAFFIC SIGNAL,UNKNOWN,NONE DETECTED,502CD2FF-05A3-4127-B356-84E543FCE677,BICYCLIST,Cross/Enter at Intersection,NO IMPROPER ACTIONS,ON ROADWAY AT CROSSWALK,No,SUSPECTED MINOR INJURY,UNKNOWN,39.05505939,-77.11832643,"(39.05505939, -77.11832643)"
MCP3052000D,170529640,Montgomery County Police,Injury Crash,09/09/2017 11:11:00 PM,County,CONTOUR RD,LOST KNIFE RD,,N/A,PEDESTRIAN,SINGLE VEHICLE,N/A,DRY,DARK NO LIGHTS,WARNING SIGN,NONE DETECTED,NONE DETECTED,CA1DCA77-1D4A-4D13-BA0E-DCAA232A1086,PEDESTRIAN,Cross/Enter at Intersection,INATTENTIVE,ON ROADWAY AT CROSSWALK,No,POSSIBLE INJURY,NONE,39.15557976,-77.20001914,"(39.15557976, -77.20001914)"
MCP3290001G,220023403,Montgomery County Police,Property Damage Crash,06/01/2022 10:20:00 AM,,,,"PARKING LOT OF DAYS INN LOCATED AT 8040 13TH ST SILVER SPRING, MD 20910",,OTHER,SINGLE VEHICLE,CLEAR,,DAYLIGHT,N/A,NONE DETECTED,N/A,DC557953-1CC1-4466-B603-FD17FCDE7FD6,OTHER,Other,UNKNOWN,INSIDE BUILDING,No,NO APPARENT INJURY,N/A,38.98745833,-77.028725,"(38.98745833, -77.028725)"
MCP2951001W,16055567,Montgomery County Police,Injury Crash,10/28/2016 05:04:00 PM,,,,PARKING LOT OF GIANT FOODS,,PEDESTRIAN,N/A,CLEAR,,DAYLIGHT,NO CONTROLS,NONE DETECTED,NONE DETECTED,D945F8C0-C5D4-4B3E-A765-FD71A80F03FE,PEDESTRIAN,Cross/Enter at Intersection,N/A,ON ROADWAY AT CROSSWALK,No,POSSIBLE INJURY,N/A,39.10181938,-77.07583889,"(39.10181938, -77.07583889)"
MCP271700BS,170505237,Montgomery County Police,Injury Crash,05/01/2017 01:05:00 PM,County,ALTA VISTA RD,OLD GEORGETOWN RD,,N/A,BICYCLIST,OTHER,CLEAR,DRY,DAYLIGHT,STOP SIGN,NONE DETECTED,NONE DETECTED,FF365E85-24CF-4BEE-AEC2-77F9AFE964DB,BICYCLIST,Cross/Enter at Intersection,FAILURE TO YIELD RIGHT OF WAY,ON ROADWAY AT CROSSWALK,Yes,SUSPECTED MINOR INJURY,MC/BIKE HELMET,39.00650933,-77.11167067,"(39.00650933, -77.11167067)"
MCP1389002J,190049063,Montgomery County Police,Injury Crash,10/12/2019 04:30:00 PM,County,LOST KNIFE RD,ODENDHAL AVE,,N/A,OTHER CONVEYANCE,STRAIGHT MOVEMENT ANGLE,CLEAR,DRY,DAYLIGHT,OTHER,NONE DETECTED,NONE DETECTED,14B5B731-26B4-4E57-800C-50E3D84E4131,OTHER CONVEYANCE,Other,NO IMPROPER ACTIONS,MIDBLOCK MARKED CROSSWALK,No,SUSPECTED SERIOUS INJURY,N/A,39.15281153,-77.1985404,"(39.15281153, -77.1985404)"
MCP24370013,15053081,MONTGOMERY,Property Damage Crash,10/19/2015 05:48:00 PM,County,BEL PRE RD,RIPPLING BROOK DR,,N/A,PEDESTRIAN,SINGLE VEHICLE,CLEAR,DRY,DAYLIGHT,STOP SIGN,NONE DETECTED,NONE DETECTED,626955FB-588D-4A38-AC32-B17A8B621C2F,PEDESTRIAN,Cross/Enter at Intersection,NO IMPROPER ACTIONS,ON ROADWAY AT CROSSWALK,No,NO APPARENT INJURY,NONE,39.0901,-77.05367833,"(39.0901, -77.05367833)"
MCP2772001M,210029640,Montgomery County Police,Injury Crash,07/30/2021 10:09:00 PM,,,,"DRIVEWAY OF 4 HARTMAN CT, POTOMAC MD 20854",,PEDESTRIAN,SINGLE VEHICLE,CLEAR,,DARK NO LIGHTS,NO CONTROLS,,NONE DETECTED,9D98FABC-E961-4893-AFDF-F1CFB3DACABA,PEDESTRIAN,Getting off/on Vehicle,NO IMPROPER ACTIONS,OTHER,Yes,SUSPECTED MINOR INJURY,N/A,39.01940783,-77.175077,"(39.01940783, -77.175077)"
MCP2950001L,180038639,Montgomery County Police,Injury Crash,08/04/2018 05:00:00 AM,County,STRINGTOWN RD,ST CLAIR RD,,N/A,BICYCLIST,SAME DIR REAR END,CLOUDY,WET,DARK LIGHTS ON,NO CONTROLS,UNKNOWN,NONE DETECTED,B9890DD4-4327-4034-8A78-CF39133F4F71,BICYCLIST,Walking/Riding w/Traffic,NO IMPROPER ACTIONS,SHOULDER,No,SUSPECTED SERIOUS INJURY,MC/BIKE HELMET,39.240335,-77.270135,"(39.240335, -77.270135)"
MCP2968000M,15029204,Montgomery County Police,Injury Crash,06/15/2015 07:48:00 PM,Municipality,COLLEGE PKWY,YALE PL,,ROCKVILLE,BICYCLIST,OTHER,CLEAR,DRY,DAYLIGHT,NO CONTROLS,N/A,N/A,697EF1FF-45B4-4515-A180-85F8D404C0E4,BICYCLIST,Cross/Enter at Intersection,IN ROADWAY IMPROPERLY,ON ROADWAY NOT AT CROSSWALK,,SUSPECTED MINOR INJURY,UNKNOWN,39.10149155,-77.16103792,"(39.10149155, -77.16103792)"
MCP2192003N,200039452,Montgomery County Police,Injury Crash,10/07/2020 09:21:00 AM,Maryland (State),NEW HAMPSHIRE AVE,MIDLAND RD,,N/A,PEDESTRIAN,OTHER,CLEAR,DRY,DAYLIGHT,TRAFFIC SIGNAL,NONE DETECTED,NONE DETECTED,1EF952B4-A2AE-4399-9596-D5318B1BA455,PEDESTRIAN,Other Working,NO IMPROPER ACTIONS,ON ROADWAY NOT AT CROSSWALK,No,SUSPECTED MINOR INJURY,REFLECTIVE CLOTHING,39.07765333,-77.001465,"(39.07765333, -77.001465)"
MCP2450002X,190049073,Montgomery County Police,Injury Crash,10/12/2019 05:49:00 PM,US (State),GEORGIA AVE,13TH ST,,N/A,PEDESTRIAN,OTHER,N/A,N/A,DAYLIGHT,OTHER,NONE DETECTED,NONE DETECTED,3C03F820-6078-41AA-9F35-5CA3B2B52AA3,PEDESTRIAN,Getting off/on Vehicle,NO IMPROPER ACTIONS,SIDEWALK,No,POSSIBLE INJURY,N/A,38.98692833,-77.02664,"(38.98692833, -77.02664)"
MCP1563006X,210035869,Montgomery County Police,Injury Crash,09/12/2021 11:40:00 AM,,,,PARKING LOT OF 8542 CONNECTICUT AVE.,,PEDESTRIAN,SINGLE VEHICLE,CLEAR,,DAYLIGHT,N/A,NONE DETECTED,NONE DETECTED,C0932DF5-9C3B-44BD-AE1A-57FC24D748C2,PEDESTRIAN,Standing,NO IMPROPER ACTIONS,OTHER,No,SUSPECTED MINOR INJURY,N/A,38.995515,-77.07769,"(38.995515, -77.07769)"
MCP3054000Y,170545428,Montgomery County Police,Injury Crash,11/28/2017 05:29:00 PM,County,REDLAND RD,SOMERVILLE DR,,N/A,PEDESTRIAN,SINGLE VEHICLE,CLEAR,DRY,DARK LIGHTS ON,TRAFFIC SIGNAL,NONE DETECTED,NONE DETECTED,0787032A-0216-4282-BE86-A0B5C7A6F7FE,PEDESTRIAN,Cross/Enter at Intersection,UNKNOWN,AT INTERSECTION MARKED CROSSWALK,Unknown,POSSIBLE INJURY,NONE,39.11684333,-77.16529667,"(39.11684333, -77.16529667)"
MCP263900B0,200042762,Montgomery County Police,Injury Crash,10/30/2020 06:53:00 AM,Maryland (State),GEORGIA AVE,HEATHFIELD RD,,N/A,PEDESTRIAN,STRAIGHT MOVEMENT ANGLE,RAINING,WET,DARK LIGHTS ON,TRAFFIC SIGNAL,NONE DETECTED,NONE DETECTED,EDCAE54E-EDED-4728-A622-6A20E44E3FC5,PEDESTRIAN,Cross/Enter at Intersection,DART DASH,ON ROADWAY AT CROSSWALK,Yes,POSSIBLE INJURY,NONE,39.08771167,-77.07952667,"(39.08771167, -77.07952667)"